kind,hero_a,hero_b,role_a,role_b,n_cooccur,effect_pp,se_pp,z,p_raw,is_teamup,q
counter,Ultron,Black Widow,Support,Damage,3256,-4.822042125946854,1.011742829991983,-4.766074918450436,1.8784943436581785e-06,False,0.0001959351274102596
counter,Ultron,White Fox,Support,Support,4228,4.683119426284852,0.9916813488638232,4.722403453135765,2.330737413698676e-06,False,0.00022365756221852495
counter,Deadpool (Duelist),Deadpool (Strategist),Damage,Support,3133,3.866118362998837,1.0718962777579546,3.606802675987878,0.0003099932149639474,False,0.01219137250325426
counter,Squirrel Girl,Venom,Damage,Tank,3421,-3.7773309863172075,0.9728093635892433,-3.882909774203344,0.00010321387425440489,False,0.004855099692868967
counter,Black Panther,Thor,Damage,Tank,5728,-3.6679323455821007,0.816100122657067,-4.494463661688973,6.974551180191789e-06,False,0.0005420081704810899
counter,Storm,Iron Fist,Damage,Damage,3986,3.5674774080707508,0.8965759955696232,3.9790016972339517,6.920524697982109e-05,False,0.0035324125000976763
counter,Phoenix,Elsa Bloodstone,Damage,Damage,3859,3.341100472628114,0.905893268096815,3.688183354808905,0.00022586087419168053,False,0.009505969073435818
counter,Iron Man,Spider-man,Damage,Damage,6082,-3.3081907190087607,0.7399130711778336,-4.47105321945807,7.783532440626548e-06,False,0.0005658392219716087
counter,Moon Knight,Psylocke,Damage,Damage,2567,-3.1759465002573184,1.0589368005429305,-2.999184180424148,0.002707036096067624,False,0.050342477476482406
counter,Black Widow,Iron Man,Damage,Damage,4090,3.175082007105196,0.8770365885562943,3.6202389370456665,0.0002943310893767447,False,0.01176833805691351
counter,Psylocke,Black Cat,Damage,Damage,2764,-3.090634067698013,1.0396591522187448,-2.9727378065227117,0.002951564659039698,False,0.053239124940122076
counter,Thor,Peni Parker,Tank,Tank,3726,-3.082740630410862,0.9835246051895576,-3.1343807914360373,0.0017221721188425737,False,0.035311888146182344
counter,Ultron,Daredevil,Support,Damage,3035,-3.069490572789195,1.0483577322521045,-2.927903785471443,0.0034125562932140795,False,0.057249808023920115
counter,Wolverine,White Fox,Damage,Support,3959,-2.9665194721647627,0.9316745588286481,-3.1840726400154495,0.0014521856567415918,False,0.03346703319803184
counter,Hulk,Peni Parker,Tank,Tank,3484,-2.9471429792792923,1.0016022443244925,-2.9424284899310753,0.0032564898722417745,False,0.05540651917381573
counter,Magik,Devil Dinosaur,Damage,Tank,11037,2.9321698552816895,0.6416069999334426,4.5700403137525925,4.876304035173466e-06,False,0.00040338804759934983
counter,Angela,Gambit,Tank,Support,9187,-2.9113961986903854,0.7879468967368701,-3.6949142267675277,0.00021996102833903765,False,0.009422973339024131
counter,Hela,Ultron,Damage,Support,4310,2.841564983308416,0.9041749122934626,3.1427160217271615,0.0016738814842143822,False,0.03491862330982872
counter,Hawkeye,Black Panther,Damage,Damage,2613,-2.827702475042288,1.0504935743362098,-2.6917846468780815,0.007107082076497445,False,0.09687437444043961
counter,Moon Knight,Peni Parker,Damage,Tank,2706,2.8233325086751178,1.0745917871290176,2.6273535146013014,0.008605188315344145,False,0.10814200805181895
counter,Human Torch,Black Cat,Damage,Damage,3175,-2.807500765780085,0.9803564077556112,-2.8637552053211595,0.00418651415222421,False,0.06740568759185155
counter,Iron Man,Blade,Damage,Damage,2619,2.7843424396153793,1.048247241929693,2.6561886626000084,0.007902938738695025,False,0.10248189207637495
counter,Mister Fantastic,Black Cat,Damage,Damage,3082,2.7794725019742716,0.9920818633228125,2.80165640027416,0.005084099075064844,False,0.07643270916989148
counter,Star-lord,Blade,Damage,Damage,2519,2.776388057201325,1.095587465026957,2.534154639249192,0.011271897653455152,False,0.1306342148340044
counter,Hawkeye,Iron Fist,Damage,Damage,3518,2.7639396605887043,0.9375916795023469,2.9479140237845787,0.003199260280625221,False,0.05521601016704968
counter,Human Torch,Star-lord,Damage,Damage,2990,-2.7563762414162816,1.0280445177427833,-2.681183736545081,0.007336222326057373,False,0.09832177296207618
counter,The Thing,Rogue,Tank,Tank,6170,2.7118437015537253,0.8278463101012717,3.2757815894860745,0.0010537001377223492,False,0.027266436991922657
counter,Daredevil,Black Cat,Damage,Damage,4640,2.7030485543513048,0.8503211600217149,3.178856038678699,0.001478575064353665,False,0.03346703319803184
counter,Spider-man,Namor,Damage,Damage,9237,-2.680285846742788,0.626843671055743,-4.275844154617682,1.904143966709525e-05,False,0.001114156433203939
counter,Storm,Devil Dinosaur,Damage,Tank,3176,-2.6744904958523685,1.0175179648348975,-2.6284454803570285,0.00857761038430232,False,0.10814200805181895
counter,Black Widow,Mister Fantastic,Damage,Damage,3153,-2.6355221372615216,0.9733293154381494,-2.7077394006931015,0.006774319263662933,False,0.09286623950587071
counter,Black Panther,Moon Knight,Damage,Damage,3192,2.6250706141545157,0.962721441808209,2.726718758049097,0.0063967535124920295,False,0.08974158875127708
counter,Mantis,Black Panther,Support,Damage,10240,-2.5771794731047586,0.7453707328163892,-3.4575807174060422,0.0005450489362229776,False,0.017077795371667988
counter,The Thing,Deadpool (Duelist),Tank,Damage,6657,2.5770814546050738,0.7799827531325683,3.3040236393112465,0.0009530779534592716,False,0.025690269779199915
counter,Cloak & Dagger,Cyclops,Support,Damage,36351,2.5454371755730456,0.5664619590057995,4.493571254176637,7.003857142523463e-06,False,0.0005420081704810899
counter,Rocket Raccoon,Squirrel Girl,Support,Damage,6380,2.5339558842930425,0.8055379768666986,3.145669052313799,0.001657073975049645,True,0.03487123215915876
counter,Wolverine,Gambit,Damage,Support,9067,-2.5140884819726947,0.7356199231559625,-3.4176459919502076,0.0006316520721496806,True,0.018941666513588546
counter,Ultron,Jeff The Land Shark,Support,Support,2931,2.433618342262876,1.1148446461347141,2.1829214955648677,0.02904159175570005,False,0.21618049522363475
counter,Magneto,Devil Dinosaur,Tank,Tank,26012,-2.4142553691008954,0.5698927885698215,-4.236332548021195,2.272002143835214e-05,False,0.0012977459864430187
counter,Ultron,Winter Soldier,Support,Damage,9083,-2.4076442451338043,0.6869699153581988,-3.504730252821063,0.00045707013617113883,False,0.015229323009368918
counter,Invisible Woman,Deadpool (Duelist),Support,Damage,13683,-2.392256645860335,0.7116559322044751,-3.361535452181104,0.0007751040572439248,False,0.022403308835279225
counter,Iron Man,The Thing,Damage,Tank,6517,2.3846477424540087,0.7729246304417572,3.085226745964982,0.0020339702573457965,False,0.04032640204440137
counter,Human Torch,Elsa Bloodstone,Damage,Damage,4862,-2.3768363924199103,0.8341084997725706,-2.849553017464733,0.00437807083807334,False,0.06955623801680758
counter,Moon Knight,Blade,Damage,Damage,2939,-2.30896553666726,1.0018045140766831,-2.304806480928394,0.021177413981356953,True,0.17868338559427355
counter,Storm,Thor,Damage,Tank,3755,-2.2913832061410075,0.9407764176641437,-2.4356299362076794,0.014865884395807438,True,0.15363530310981444
counter,Human Torch,Jubilee,Damage,Support,16056,2.280574535518729,0.684849918941436,3.330035490175402,0.0008683491532822414,True,0.024278106135879246
counter,Storm,The Hood,Damage,Tank,18350,-2.2760025603329037,0.5981604498191543,-3.8050034251195015,0.0001418022284897257,False,0.006421391089893065
counter,Angela,Rogue,Tank,Tank,2528,-2.2641758041567153,1.1353314043614406,-1.9942862458122397,0.046120781484013815,False,0.2758660637660437
counter,Ultron,Luna Snow,Support,Support,7931,2.2583982002289544,0.8072519997009026,2.797637170382632,0.005147790362779606,False,0.07643270916989148
counter,Moon Knight,The Thing,Damage,Tank,6962,2.2552335040250293,0.7507216290251185,3.004087556333842,0.0026637865414096693,False,0.050318298526313365
counter,Human Torch,Deadpool (Strategist),Damage,Support,3142,2.2543672861781503,1.0785569163376842,2.090169978078684,0.03660253336185719,False,0.24189938714902312
counter,Magneto,Angela,Tank,Tank,18811,-2.2541215567795923,0.6164493489866198,-3.6566208732074084,0.00025556193066551933,False,0.010570570201147947
counter,Black Panther,Jeff The Land Shark,Damage,Support,4662,2.239701999838951,0.9376992454760357,2.3885078404877422,0.016916947358880427,False,0.16104665362680215
counter,Black Panther,The Thing,Damage,Tank,7099,-2.2329671967984766,0.7525483395872367,-2.9672076587441962,0.003005179151539761,False,0.053801677496596166
counter,Captain America,Spider-man,Tank,Damage,4916,2.2269404652121816,0.8410998762369418,2.6476528271237574,0.008105271497270361,False,0.10412885227328571
counter,Black Widow,Wolverine,Damage,Damage,3848,-2.2215314068910033,0.8953782209937073,-2.4811094963037035,0.0130974132811206,False,0.14411933506084684
counter,Groot,Jeff The Land Shark,Tank,Support,4348,2.2163178949245026,1.0060361628046646,2.2030201068973208,0.02759333149594478,True,0.20948228562902382
counter,Hulk,Wolverine,Tank,Damage,3810,2.2105265132801657,0.9290580511535288,2.3793201194861306,0.017344606031934072,True,0.16317533282592095
counter,Magik,The Thing,Damage,Tank,17714,-2.2087810541857147,0.5320693577627809,-4.151302874258891,3.305879329836186e-05,False,0.0018024555709720475
counter,Human Torch,White Fox,Damage,Support,5194,2.1883574685929847,0.8982749929063172,2.4361776581497385,0.01484339232569495,False,0.15363530310981444
counter,Squirrel Girl,Elsa Bloodstone,Damage,Damage,3038,2.1672085134836427,1.003800736919907,2.159002712165337,0.03084995652219433,False,0.22359228307173473
counter,Iron Man,Peni Parker,Damage,Tank,2511,2.166252354916012,1.1017302601272765,1.9662275180367268,0.04927233512252868,False,0.28397091659196977
counter,Mantis,Deadpool (Duelist),Support,Damage,8645,-2.1654337245081345,0.7720155981601866,-2.8049092915591918,0.005033074171433833,False,0.07643270916989148
counter,Groot,Magik,Tank,Damage,9054,-2.1614344670991197,0.6805309447352282,-3.17610019620792,0.0014926938525174685,False,0.03346703319803184
counter,Human Torch,Spider-man,Damage,Damage,7976,-2.1489760564174265,0.6722368606777458,-3.196754272371854,0.0013898326997660653,False,0.03337095151222305
counter,Jubilee,Rogue,Support,Tank,15238,2.139837391386907,0.6998979500877976,3.0573562776094407,0.0022329869494316554,False,0.04355232269663854
counter,The Punisher,The Thing,Damage,Tank,9454,2.134632947102888,0.6866195022690456,3.1089022960295285,0.0018778380506161018,False,0.03817740240193244
counter,Angela,Deadpool (Strategist),Tank,Support,2663,-2.131425718462996,1.1336692983558474,-1.8801124115773336,0.06009275928965992,False,0.30957493287673477
counter,Magik,Elsa Bloodstone,Damage,Damage,12454,-2.1166331787402397,0.5641291784959671,-3.752036341008678,0.0001754040302504406,False,0.0076508048831055815
counter,Storm,Moon Knight,Damage,Damage,2532,2.082316161117522,1.0726782801322563,1.9412308421689886,0.05223028370349275,False,0.2934436782310986
counter,Peni Parker,Jubilee,Tank,Support,13340,-2.0706759172817697,0.7101946525379185,-2.915645604880435,0.003549534377685416,False,0.0587264342901194
counter,Storm,Venom,Damage,Tank,4598,-2.049934798601686,0.8651972852901813,-2.3693264339290567,0.01782051717492004,False,0.16381821027304833
counter,Hulk,Black Panther,Tank,Damage,5932,2.042323257756681,0.8036150573687695,2.5414198490054956,0.011040325613731328,False,0.1299157544728247
counter,Star-lord,Namor,Damage,Damage,4125,-2.040489089565339,0.8957894681572737,-2.2778668002905014,0.02273451485702212,False,0.18700548872105863
counter,Invisible Woman,Cyclops,Support,Damage,24279,2.038221202663898,0.5902524126198696,3.453134894641319,0.0005541118357281366,False,0.017077795371667988
counter,Groot,Moon Knight,Tank,Damage,3264,-2.028055983037644,1.007748733323206,-2.0124619520481244,0.04417126357325277,False,0.2675930841218015
counter,Storm,Magik,Damage,Damage,6947,2.027030382941768,0.7133540521677662,2.8415488448996045,0.0044894974067533925,False,0.0708572649921144
counter,Loki,Black Panther,Support,Damage,3336,-2.0249647913166613,1.051238665704495,-1.9262655164606381,0.05407122884800826,False,0.2980354710033336
counter,Black Panther,Deadpool (Vanguard),Damage,Tank,2618,-2.02352396971229,1.0888232893260952,-1.8584503009342392,0.0631050948120118,False,0.3106770576983087
counter,Hela,Magneto,Damage,Tank,47853,-1.9943491842623058,0.4551545353972332,-4.381696828576585,1.1775859346159006e-05,False,0.0007507808152448196
counter,Wolverine,Devil Dinosaur,Damage,Tank,2845,1.9726351690902402,1.0455379535352172,1.8867178971555099,0.05919827916120015,False,0.3087423856504824
counter,Ultron,Iron Fist,Support,Damage,3394,-1.968116200900094,1.0121212983888546,-1.9445457812547176,0.051829670272819206,False,0.2932532523219181
counter,Loki,Star-lord,Support,Damage,2528,-1.961488545421067,1.1406823989920463,-1.7195746573755488,0.0855097860814473,False,0.35817215440159467
counter,Venom,Psylocke,Tank,Damage,4884,-1.9573162095004173,0.8497148806303758,-2.303497625048473,0.021250860629994192,False,0.17868338559427355
counter,Moon Knight,Daredevil,Damage,Damage,3824,1.9569395884974263,0.8971930811440786,2.181179981907557,0.02917010684726303,False,0.21618049522363475
counter,Hela,Iron Man,Damage,Damage,5042,1.9532293081684402,0.7996678574817346,2.442550728898159,0.014583879821433268,False,0.15347112115822653
counter,Mantis,Cyclops,Support,Damage,15379,1.9458709252024424,0.6395795548502374,3.0424220262295334,0.0023468260984755547,False,0.045403514598732715
counter,Mantis,Devil Dinosaur,Support,Tank,9883,1.9380768362845253,0.8098402561624165,2.393159418214741,0.016703981489616493,False,0.16007777090609085
counter,Jeff The Land Shark,Jubilee,Support,Support,22151,1.9315435112185555,0.7007025118559077,2.756581400147396,0.005840907256799546,False,0.08380644365865678
counter,Rocket Raccoon,Cyclops,Support,Damage,21754,1.9126134755530864,0.6055278768741055,3.158588644054674,0.001585350877746874,False,0.03431025696823244
counter,Storm,Human Torch,Damage,Damage,2559,1.9098352075410414,1.08267827999498,1.7639914301688002,0.0777334220376239,True,0.34840887896139394
counter,Captain America,Invisible Woman,Tank,Support,7609,1.9003407671764765,0.8020745246705553,2.3692820414125784,0.017822656474058195,False,0.16381821027304833
counter,Iron Fist,Devil Dinosaur,Damage,Tank,5782,1.8961830605873216,0.8183162550102608,2.31717633491656,0.020494128100039772,False,0.1768644697997334
counter,The Punisher,Wolverine,Damage,Damage,3197,1.886782998968475,0.979772861245645,1.925735110247586,0.05413745750327489,False,0.2980354710033336
counter,Mantis,Black Cat,Support,Damage,8776,-1.8754809075198382,0.7780672905353413,-2.410435357370482,0.015933494619900606,False,0.15668429429390776
counter,The Thing,Angela,Tank,Tank,4953,1.8517827865553325,0.8718815631334284,2.123892584561907,0.033679126615952126,False,0.2325739820398376
counter,The Thing,Phoenix,Tank,Damage,5864,-1.8462154172841014,0.8054132361039193,-2.2922586003365497,0.02189072524476745,False,0.18298205526897948
counter,Venom,Wolverine,Tank,Damage,4629,-1.8366768380809546,0.8549167330897584,-2.1483692703533976,0.03168443196544519,False,0.22464139268397565
counter,Black Widow,Star-lord,Damage,Damage,4426,1.826392831702078,0.8610828935567983,2.121041824623829,0.033918282888798244,False,0.23315174971411745
counter,Luna Snow,Jeff The Land Shark,Support,Support,14778,-1.824221699500338,0.7468442456384542,-2.4425731471504704,0.01458297405182491,False,0.15347112115822653
counter,Devil Dinosaur,Rogue,Tank,Tank,3989,-1.819683567762232,0.9821617420918751,-1.8527330986101596,0.06392062346526994,False,0.31251750509318676
counter,Black Panther,Rogue,Damage,Tank,3531,-1.8140260376539634,0.9824061325448854,-1.8465133487662568,0.064817702960872,False,0.31477261012779745
counter,Storm,Black Widow,Damage,Damage,3878,-1.8061166115841183,0.8973317545758073,-2.012763509564997,0.044139514471812365,False,0.2675930841218015
counter,Black Widow,Magneto,Damage,Tank,36089,-1.8041057526157256,0.503212571818122,-3.5851762329733496,0.0003368506614941153,False,0.013033947369748108
counter,Hulk,Deadpool (Duelist),Tank,Damage,4526,1.8023003403184694,0.8837261172725064,2.0394331513942467,0.041406816605627124,False,0.2602356329550243
counter,Loki,Mantis,Support,Support,7793,1.8018830275344948,0.8509985823824374,2.1173748873822817,0.03422804376376217,True,0.23409487813716393
counter,Black Panther,Magneto,Damage,Tank,27131,-1.8016695640229512,0.5479301860929114,-3.2881370834302706,0.0010085271924126218,False,0.026587436643932743
counter,Moon Knight,Devil Dinosaur,Damage,Tank,4230,1.7990111438232501,0.914767218230566,1.9666327213857502,0.04922556830161937,False,0.28397091659196977
counter,Blade,Emma Frost,Damage,Tank,8072,1.7989832487599677,0.7168260066243375,2.5096512014564083,0.012085046574584177,False,0.13675484307748792
counter,Magik,Deadpool (Strategist),Damage,Support,9801,1.7988987949049857,0.7078303240096019,2.5414265734122226,0.01104011325188125,False,0.1299157544728247
counter,Devil Dinosaur,Deadpool (Duelist),Tank,Damage,4192,1.793850386137206,0.9266402265178714,1.9358650043481673,0.052884236869760154,False,0.2957735562292701
counter,Hela,Angela,Damage,Tank,5239,-1.7936532967587744,0.8185790408843657,-2.191179113040777,0.02843883347030312,False,0.2138707256904614
counter,Groot,Adam Warlock,Tank,Support,2502,1.7892376633580362,1.1507642031627459,1.5548256180028177,0.11998760613649309,False,0.4229490057839233
counter,Black Widow,Iron Fist,Damage,Damage,7508,-1.7760066944352177,0.6882935095139381,-2.5803042886303045,0.009871329168030959,False,0.11960416500608405
counter,Cloak & Dagger,Ultron,Support,Support,12100,-1.7702572177610165,0.7389168178639058,-2.395746280181518,0.01658656720580197,False,0.15980391456513623
counter,Ultron,Jubilee,Support,Support,11982,1.768830317571613,0.7304911043345773,2.4214262255566887,0.015459738706096042,False,0.1551795529536586
counter,Black Panther,The Hood,Damage,Tank,26452,-1.7565649184435281,0.5416676444631172,-3.2428832262716676,0.0011832669751290826,False,0.02956934868056947
counter,The Punisher,The Hood,Damage,Tank,31038,-1.7439637852192202,0.5325252004627681,-3.2748943781509374,0.001057014856293792,False,0.027266436991922657
counter,Cloak & Dagger,Venom,Support,Tank,32659,1.7404029871359246,0.6092700984999455,2.8565376692880333,0.004282891800967963,False,0.06849771620348094
counter,Captain America,Daredevil,Tank,Damage,2513,-1.736538678652648,1.1066518531477878,-1.5691824612349354,0.11660542972166345,False,0.4193949413827146
counter,Adam Warlock,Jeff The Land Shark,Support,Support,2972,1.7330621451227892,1.090509040458904,1.5892230883234941,0.11201003565747118,False,0.413403193141959
counter,Ultron,Venom,Support,Tank,4253,1.7299763523893372,0.9469117784241572,1.8269667690356008,0.06770476598951175,False,0.32099552096608436
counter,Storm,White Fox,Damage,Support,4399,1.7261697619917575,0.9255867131043041,1.8649465658408129,0.06218889441394762,False,0.3106770576983087
counter,Ultron,Invisible Woman,Support,Support,9494,1.7221518234875597,0.7739564562481258,2.225127537324203,0.026072677606642166,False,0.20440638424292337
counter,Magik,The Hood,Damage,Tank,65419,1.7204577597843946,0.3975322188221658,4.327844834519019,1.505754850793304e-05,True,0.0009262322787315733
counter,Daredevil,Gambit,Damage,Support,14705,-1.7202046200553687,0.7080076226063454,-2.4296413839767483,0.015113768876163489,False,0.15363530310981444
counter,Namor,Daredevil,Damage,Damage,5499,1.7178422175072101,0.7878973218984756,2.180286910187724,0.029236200748825478,False,0.21618049522363475
counter,Iron Fist,Angela,Damage,Tank,3926,1.7169874363679096,0.920084103731583,1.866120096417629,0.062024564914374095,False,0.3106770576983087
counter,Hulk,Storm,Tank,Damage,3698,1.7125091288505936,0.9485726853807122,1.8053536173279894,0.07101936436581899,False,0.3289101450069493
counter,Ultron,Gambit,Support,Support,7605,1.7117490973062022,0.8057168445609842,2.124504543825062,0.0336279765056457,False,0.2325739820398376
counter,The Punisher,Ultron,Damage,Support,2999,1.7055916416254566,1.0715439785586238,1.5917140833731485,0.1114489624399602,False,0.4126019458232477
counter,Namor,The Hood,Damage,Tank,30909,-1.7026164401650234,0.5359340003133807,-3.1769143946259053,0.0014885096601921519,False,0.03346703319803184
counter,Mister Fantastic,Cyclops,Damage,Damage,4811,-1.6875581630844836,0.8256901323251878,-2.0438153455125216,0.04097179260010945,False,0.25934387980913604
counter,Magneto,Rogue,Tank,Tank,21528,-1.6822743462837144,0.6005882361055572,-2.8010444513402755,0.005093750209705499,True,0.07643270916989148
counter,Mister Fantastic,Deadpool (Strategist),Damage,Support,2728,1.6755828301980822,1.093573441893691,1.5322087808721396,0.1254709223860269,False,0.43486839308984465
counter,Magneto,Namor,Tank,Damage,29866,1.6688623316729396,0.5421199870798109,3.078400301494971,0.0020811515320229373,False,0.040923627256746115
counter,Rocket Raccoon,Iron Fist,Support,Damage,17768,-1.6668240638607632,0.6677132062076031,-2.496317353565297,0.01254902754434962,False,0.14068624297208931
counter,Storm,Jubilee,Damage,Support,13564,1.6643394635544266,0.6863158549214431,2.425034263189111,0.015306942019365628,False,0.15494242153779805
counter,Mantis,The Thing,Support,Tank,19224,1.6579403916856237,0.6381551716930226,2.5980207717930353,0.009376282185326077,False,0.11654767338133296
counter,Storm,Gambit,Damage,Support,9457,1.6565347285804697,0.7399999967431179,2.238560453879996,0.025184529779037713,False,0.1987423912497088
counter,Scarlet Witch,Deadpool (Strategist),Damage,Support,3232,-1.656325123045248,1.0358613656211846,-1.5989833948985868,0.10982429224868101,False,0.40911254208786607
counter,Hela,Black Widow,Damage,Damage,10232,-1.6540488863799094,0.6084880438680536,-2.7182931580140934,0.00656196695706369,False,0.09152417866276624
counter,Groot,Wolverine,Tank,Damage,2644,-1.6497978701339646,1.0798720136446933,-1.5277716704275959,0.12656923835104247,False,0.43588323455408484
counter,Magik,Iron Man,Damage,Damage,7819,-1.6428260846456075,0.6761555733887383,-2.429656944794725,0.015113120077474618,False,0.15363530310981444
counter,Peni Parker,Cyclops,Tank,Damage,5201,-1.6397366461172131,0.8342723874913046,-1.965469156959607,0.049359962063871735,False,0.28397091659196977
counter,Doctor Strange,Hawkeye,Tank,Damage,5842,-1.6389578267710587,0.793631747326743,-2.065136421635978,0.03891009412231532,False,0.2489208421318252
counter,Captain America,The Thing,Tank,Tank,3803,-1.635656998010792,0.9625843124796588,-1.6992350454967096,0.08927490563079889,False,0.3661034164244214
counter,Star-lord,Deadpool (Duelist),Damage,Damage,3055,1.6268349896540746,1.0031747512891707,1.6216865382262102,0.1048704826480653,False,0.39879848631728276
counter,Cyclops,Deadpool (Vanguard),Damage,Tank,4802,1.6255172587703828,0.8496616063670837,1.9131348840400615,0.05573078694690004,False,0.2996969049107074
counter,Rocket Raccoon,Luna Snow,Support,Support,41773,1.6244095605719506,0.5412472102715895,3.0012340567203055,0.0026888779841653223,False,0.050342477476482406
counter,Daredevil,Deadpool (Duelist),Damage,Damage,4081,1.6238157148818493,0.8765816154922825,1.8524409891598341,0.06396252396863472,False,0.31251750509318676
counter,Loki,Iron Fist,Support,Damage,4275,1.6237160736350786,0.9588822387598813,1.6933425273733556,0.09039028765791692,False,0.3687862246451406
counter,Iron Fist,Gambit,Damage,Support,16976,-1.6191868372816782,0.6809969179413115,-2.3776713148373165,0.017422347910176883,False,0.16326645561138414
counter,Spider-man,Gambit,Damage,Support,28071,-1.6144781415100298,0.5453753272827221,-2.960306527898879,0.0030733308859171617,False,0.05401968995270753
counter,The Punisher,Mister Fantastic,Damage,Damage,3167,1.6086952425197802,0.9859356730994787,1.6316432059533224,0.10275467079545536,False,0.3956797034322591
counter,The Punisher,Adam Warlock,Damage,Support,3085,-1.597817826760203,1.0416322076544562,-1.5339558579492887,0.1250405126846685,False,0.4343475290137763
counter,Hela,Invisible Woman,Damage,Support,26539,-1.5947430610637623,0.5780470128072047,-2.758846643492049,0.0058005748931237245,False,0.08380644365865678
counter,Venom,Peni Parker,Tank,Tank,4517,-1.5701163633138706,0.9049043572720439,-1.735118579876439,0.08271980399987434,False,0.3558616009844187
counter,Groot,Deadpool (Strategist),Tank,Support,3520,1.566442260795188,1.0740167133784477,1.458489650377746,0.14470562581078736,False,0.46472395759046703
counter,Magik,Squirrel Girl,Damage,Damage,4626,-1.5661144274990004,0.8362094199464163,-1.872873457463988,0.06108586121346104,False,0.3104766547692649
counter,Black Panther,Elsa Bloodstone,Damage,Damage,4872,-1.5651404050979139,0.8149384049682172,-1.920562824817361,0.05478684564921639,False,0.2980354710033336
counter,The Punisher,Iron Man,Damage,Damage,3999,1.5644259112453645,0.8998979808368786,1.7384480736255175,0.08213189218567221,False,0.3558616009844187
counter,Psylocke,Elsa Bloodstone,Damage,Damage,3874,-1.5624266765037507,0.8947012010642627,-1.7463111423626312,0.08075690075654375,False,0.3558616009844187
counter,Iron Fist,The Hood,Damage,Tank,35922,1.5615404861991524,0.504833789411808,3.0931774357230224,0.0019802569738492882,False,0.03958863733553702
counter,Thor,Wolverine,Tank,Damage,3438,1.556227588550508,0.9629135299146628,1.6161654605563875,0.10605854426012365,False,0.40005416301892555
counter,Wolverine,Iron Fist,Damage,Damage,3736,1.555520754483789,0.9112289765680668,1.7070580441178442,0.08781126435695975,False,0.36261201797916776
counter,Groot,Devil Dinosaur,Tank,Tank,4411,-1.5508516582448078,0.9573011714819257,-1.6200248202392267,0.10522694532673614,False,0.39879848631728276
counter,Rocket Raccoon,Gambit,Support,Support,37201,1.5507011616820494,0.5656078453950786,2.7416542650657196,0.0061130647944886716,False,0.0862661320116372
counter,Human Torch,Black Panther,Damage,Damage,4034,-1.549268234638036,0.8930204559998536,-1.7348630977365762,0.08276505680011319,False,0.3558616009844187
counter,Mister Fantastic,Devil Dinosaur,Damage,Tank,3101,-1.548232877818576,1.0177537860491301,-1.521225368100805,0.128203291469253,False,0.43773792679419743
counter,Wolverine,Jubilee,Damage,Support,11859,-1.54740560114492,0.6889745871848927,-2.245954538711686,0.024706919972335633,False,0.19561683502849236
counter,Mantis,Magik,Support,Damage,23253,-1.546822407128527,0.5491401434115419,-2.816808105702978,0.0048503495776142085,False,0.07555560838635692
counter,Human Torch,Iron Man,Damage,Damage,2916,-1.541239098926215,1.0169007579483897,-1.515623906147621,0.12961447860678618,False,0.44105692791160295
counter,Rocket Raccoon,Namor,Support,Damage,15089,1.5388333229221083,0.7098015401980322,2.1679768720884702,0.030160446270697448,False,0.21925730485879752
counter,Hawkeye,Devil Dinosaur,Damage,Tank,2779,1.5385969148739227,1.05815658486412,1.454035193734108,0.14593654911415085,False,0.46618080069886536
counter,Ultron,Cyclops,Support,Damage,4548,1.5378902912374846,0.900809501351731,1.7072314278765566,0.08777904573937978,False,0.36261201797916776
counter,Winter Soldier,The Hood,Damage,Tank,93724,-1.5368002100828146,0.35090346626625774,-4.379552662830423,1.1892318040559877e-05,False,0.0007507808152448196
counter,Loki,Gambit,Support,Support,8858,1.5306643099119368,0.8098527263293246,1.8900526727244678,0.0587509158663946,False,0.307917050937548
counter,Magneto,The Thing,Tank,Tank,47367,-1.5303635376358298,0.4600562991119283,-3.3264701311338936,0.0008795344557821236,False,0.024278106135879246
counter,Black Panther,Wolverine,Damage,Damage,2815,1.522415280324603,1.0259643260596585,1.4838871505129474,0.13783886130839682,False,0.45547579652733333
counter,Captain America,Jubilee,Tank,Support,9908,-1.5197139939064963,0.750709029430263,-2.024371539875917,0.04293193778866973,False,0.26389068945387734
counter,Captain America,White Fox,Tank,Support,3605,-1.5185811367565671,1.0072208914949714,-1.5076942402401992,0.1316328003422835,False,0.4460269604818335
counter,The Punisher,Magneto,Damage,Tank,29877,-1.5180130331151533,0.5397048077189374,-2.8126728007686945,0.004913161695819792,False,0.07555560838635692
counter,Namor,Black Cat,Damage,Damage,4760,1.515990753807431,0.8436266528329633,1.796992483246727,0.07233681308707995,False,0.33180882331912964
counter,Groot,Elsa Bloodstone,Tank,Damage,5613,1.514097487475573,0.8320655116811938,1.81968542887486,0.06880692355742182,False,0.32398373367637023
counter,Human Torch,Rogue,Damage,Tank,2931,1.510655080662422,1.0641544143341701,1.4195825909415811,0.15572923664318877,False,0.4758278543170046
counter,Human Torch,Venom,Damage,Tank,5882,-1.509740627220397,0.8124551268335979,-1.8582449385289102,0.06313423904234698,False,0.3106770576983087
counter,Ultron,Namor,Support,Damage,3079,-1.5019503121078566,1.059882963193514,-1.4170907206417938,0.15645640520234144,False,0.4758278543170046
counter,Black Widow,Emma Frost,Damage,Tank,14477,-1.4983730662713866,0.5896333498718549,-2.541194568789279,0.011047442231119732,False,0.1299157544728247
counter,Gambit,Rogue,Support,Tank,14333,1.4903391031553324,0.7200660350213507,2.0697255955297797,0.03847804843502837,True,0.24795674421167718
counter,Doctor Strange,Blade,Tank,Damage,6641,-1.4901962399729474,0.7748679176444822,-1.9231616202448913,0.05445975559645527,False,0.2980354710033336
counter,Human Torch,Devil Dinosaur,Damage,Tank,3726,1.486244833194721,0.9682263158860853,1.535018010571799,0.12477940405166123,False,0.4343475290137763
counter,Mantis,Jeff The Land Shark,Support,Support,10606,-1.4856943975719947,0.8033567632014214,-1.8493581751293409,0.06440611058365031,False,0.3134082338543146
counter,Iron Man,Star-lord,Damage,Damage,2732,-1.4836069073309086,1.0492805847691715,-1.4139277223520565,0.157383125294965,False,0.47732252538890146
counter,Thor,Phoenix,Tank,Damage,3727,-1.4836020816888715,0.9544207488165382,-1.554452879957301,0.12007642800977468,False,0.4229490057839233
counter,Scarlet Witch,Iron Fist,Damage,Damage,3861,1.481766242583699,0.9029268953141217,1.6410700027583112,0.10078288476105772,False,0.3924316875429297
counter,Jeff The Land Shark,White Fox,Support,Support,7997,1.4802492105784644,0.8821550450946571,1.6779921157959603,0.09334863817083083,False,0.37448726249468756
counter,Loki,Daredevil,Support,Damage,3860,1.479560876522338,0.9928661215395864,1.4901917231580617,0.1361738320483575,False,0.45121688271272054
counter,Thor,The Thing,Tank,Tank,9918,-1.4773789583715173,0.7027179761562984,-2.1023782064782686,0.03552015871490223,False,0.23869148671442703
counter,Thor,Iron Fist,Tank,Damage,6853,-1.4751127370963708,0.7570955683610716,-1.948383795575019,0.051369057286909235,False,0.2920245697424058
counter,Star-lord,Jubilee,Damage,Support,15508,-1.4749738982384424,0.6845753520021218,-2.1545822441966487,0.031194539721369523,False,0.22405898440588468
counter,Ultron,Devil Dinosaur,Support,Tank,2838,-1.4717477850121279,1.122076590950314,-1.3116286329132567,0.18964546718673103,False,0.5202866950690025
counter,Magneto,Elsa Bloodstone,Tank,Damage,35940,1.4639918100966218,0.5033750675531251,2.908351852254016,0.003633392838345753,False,0.059702119309530566
counter,Hawkeye,Thor,Damage,Tank,3291,1.4635760495549452,0.9760034843760211,1.499560271027761,0.1337283453863506,False,0.4486913294851119
counter,Mantis,Star-lord,Support,Damage,8158,1.4608680434492092,0.7771366519257669,1.8798084478825394,0.060134188712196085,True,0.30957493287673477
counter,Iron Man,Emma Frost,Damage,Tank,8638,1.4581449421133117,0.6988955158889089,2.0863561275804314,0.03694637595774475,False,0.24283385184282097
counter,Winter Soldier,Invisible Woman,Damage,Support,55369,-1.455009456503261,0.4455809574037099,-3.2654210920081534,0.0010930145424606578,False,0.02764701877329366
counter,Storm,Elsa Bloodstone,Damage,Damage,4090,1.45432093084161,0.8885370065607459,1.6367589870801669,0.10168083836740753,False,0.3932168375939791
counter,The Thing,Deadpool (Vanguard),Tank,Tank,5070,1.4440533418010855,0.8591571090313277,1.6807791341320677,0.09280582303926417,False,0.37355900917985696
counter,Storm,Magneto,Damage,Tank,18771,-1.4411807179584637,0.5963282354387831,-2.4167574706537773,0.015659447059294805,False,0.15599591434002127
counter,Scarlet Witch,Invisible Woman,Damage,Support,10200,-1.4410650552197,0.7262816206550641,-1.9841684192971072,0.04723706785906953,False,0.2790670191266489
counter,Human Torch,Cyclops,Damage,Damage,5959,-1.4347930300082226,0.7617304926921517,-1.8835966838314357,0.059619550767034894,False,0.30957493287673477
counter,Loki,Jeff The Land Shark,Support,Support,3467,-1.4345969007649224,1.084091521424261,-1.3233171484268906,0.18572993127677184,False,0.515105323853151
counter,Phoenix,Deadpool (Strategist),Damage,Support,2806,1.4345207449740116,1.0946563658313753,1.3104758623355872,0.19003490461691264,False,0.5202866950690025
counter,Magneto,Emma Frost,Tank,Tank,61717,-1.431781523151428,0.407180409497428,-3.516332047798267,0.00043755339184356826,True,0.014995579814753145
counter,Jeff The Land Shark,Cyclops,Support,Damage,8129,1.4311402469889016,0.7612928130904069,1.8798814626652036,0.060124234835998776,False,0.30957493287673477
counter,Thor,White Fox,Tank,Support,8409,-1.4284462985513198,0.8269762187546948,-1.7273124258667931,0.08411156876562643,False,0.3563406361662988
counter,Hulk,Namor,Tank,Damage,6220,1.4271853834781478,0.7927139273067614,1.8003788432568577,0.07180083914842875,True,0.33125040984053955
counter,The Hood,Deadpool (Strategist),Tank,Support,25066,-1.4261708466164034,0.6162300102589281,-2.3143482512595477,0.020648627036177623,False,0.17754858874476745
counter,Thor,Black Cat,Tank,Damage,5761,1.4236927846599012,0.8214480373540892,1.7331501445248587,0.08306898564038119,False,0.3558616009844187
counter,Doctor Strange,White Fox,Tank,Support,13761,-1.4211177175985352,0.6978171007217187,-2.036518904636676,0.04169827675308325,False,0.2602356329550243
counter,Hawkeye,Invisible Woman,Damage,Support,9138,-1.4198109287310245,0.7273249479218518,-1.9520998596126498,0.05092634991131271,False,0.29021777872119725
counter,Thor,Jubilee,Tank,Support,23736,-1.4197435134629743,0.6709690408369212,-2.1159597940496373,0.03434822722145965,False,0.23409487813716393
counter,Daredevil,Devil Dinosaur,Damage,Tank,5001,1.4180898363252739,0.8594193582684141,1.6500557296992786,0.09893153820436427,False,0.38717252879652514
counter,White Fox,Devil Dinosaur,Support,Tank,7767,1.417642979816194,0.8745547441170353,1.620988267861344,0.10502015484712722,False,0.39879848631728276
counter,Hulk,Groot,Tank,Tank,5112,-1.4157208883218422,0.895711269211571,-1.5805549589300105,0.11397983126177154,False,0.41625092023702237
counter,Gambit,Devil Dinosaur,Support,Tank,13963,-1.4092672963771984,0.77534623234839,-1.8175974004655584,0.06912568924903469,False,0.324525496102611
counter,Psylocke,The Thing,Damage,Tank,5864,1.4076612321183164,0.7978757624636386,1.7642611774191692,0.07768801699105751,False,0.34840887896139394
counter,Black Panther,Star-lord,Damage,Damage,3364,-1.4057931863100437,0.9595150620243081,-1.4651079925146913,0.1428914564125706,False,0.461990032255737
counter,Groot,Namor,Tank,Damage,4505,1.403294281742809,0.9014662689555518,1.5566797450654257,0.11954653995930228,False,0.4224052136226068
counter,Human Torch,Magik,Damage,Damage,8760,1.395819698881127,0.6526762594554031,2.1386095765851927,0.03246730126686923,False,0.22841365319419146
counter,Hela,Daredevil,Damage,Damage,8982,1.391139640180888,0.6413424132767594,2.1691059430690847,0.030074641607181853,False,0.21925730485879752
counter,Captain America,The Hood,Tank,Tank,13423,1.388128331836398,0.6767201407953641,2.0512590776519524,0.04024172339222497,False,0.25612427396270226
counter,Ultron,Deadpool (Strategist),Support,Support,2512,1.3880445506468926,1.1820402140934456,1.1742786193712031,0.24028344430303283,False,0.5777258258219083
counter,Mister Fantastic,Jeff The Land Shark,Damage,Support,3057,-1.3871578730858514,1.0111437130115726,-1.371870145890899,0.17010386559862367,False,0.48990976537903863
counter,Black Widow,The Thing,Damage,Tank,10920,1.3826868782857347,0.6414620357461539,2.1555241015586866,0.03112084467851066,False,0.22405898440588468
counter,Wolverine,Invisible Woman,Damage,Support,10008,-1.3819434576683312,0.7220559229659674,-1.913900867943529,0.05563282348833784,False,0.2996969049107074
counter,Wolverine,Emma Frost,Damage,Tank,7042,1.3791030827056647,0.7403971399912748,1.8626531738384577,0.06251107797111141,False,0.3106770576983087
counter,Spider-man,Elsa Bloodstone,Damage,Damage,11500,-1.3785909763761448,0.5762896999882404,-2.3921839595680363,0.016748445392842353,False,0.16007777090609085
counter,Squirrel Girl,Black Cat,Damage,Damage,2592,-1.3740579413364422,1.0787037903179473,-1.2738046845385047,0.20273264456327555,False,0.5332216936851971
counter,Phoenix,Black Cat,Damage,Damage,2822,-1.3690084039382135,1.0484231418832695,-1.3057785060706317,0.1916278914888927,False,0.5219885035539115
counter,Rocket Raccoon,Black Widow,Support,Damage,17034,-1.3689339871461603,0.6517789702053928,-2.100304013667046,0.03570210643244301,False,0.23924400371908036
counter,Captain America,Hela,Tank,Damage,3657,1.3637505470337998,0.9454039182690157,1.44250570648232,0.14915976292634384,False,0.47079694429960084
counter,Black Widow,Angela,Damage,Tank,4077,-1.361854319084347,0.9070411265555403,-1.5014251054480245,0.13324564447996617,False,0.4483543025119074
counter,Hulk,Captain America,Tank,Tank,2845,-1.3581614235549642,1.0814199620557325,-1.2559056344522788,0.20915018548931164,True,0.5412635328898151
counter,Black Cat,Deadpool (Strategist),Damage,Support,4418,-1.357096318051823,0.9605248691155116,-1.412869527575574,0.1576940903527907,False,0.47756302129906003
counter,Mister Fantastic,The Thing,Damage,Tank,5103,-1.3570415097301032,0.8332663692623529,-1.6285806793467748,0.10340181707952996,True,0.3972852584624992
counter,Magneto,Phoenix,Tank,Damage,18286,1.3546980303882552,0.6018269621872008,2.250975970675888,0.024387059354616363,False,0.19456794005163736
counter,Groot,Psylocke,Tank,Damage,2757,1.3534901593807773,1.0807695471979608,1.2523392825879311,0.21044626061942162,False,0.5440307965797333
counter,Loki,Black Widow,Support,Damage,4396,-1.3533236357047702,0.939274749869037,-1.440817647757979,0.14963620637892383,False,0.47079694429960084
counter,Star-lord,Invisible Woman,Damage,Support,11945,-1.3516697497129064,0.7209324039744401,-1.8748911024962451,0.060807706367520274,False,0.3101580998451866
counter,Blade,Devil Dinosaur,Damage,Tank,3685,1.3514819948340786,0.9662842450004325,1.3986381355451714,0.16192152438927931,False,0.48026763035559844
counter,Phoenix,Cyclops,Damage,Damage,5439,-1.3463512708712315,0.7904136248822753,-1.7033502820396826,0.08850253601316262,True,0.36418110445210483
counter,Luna Snow,Adam Warlock,Support,Support,8472,-1.3462671300519518,0.7805499223979616,-1.7247674894592593,0.08456938284213236,True,0.3563406361662988
counter,Groot,Emma Frost,Tank,Tank,10907,-1.3423512288253119,0.695938518884626,-1.928835942256344,0.053751232260656936,False,0.2980354710033336
counter,Psylocke,Deadpool (Strategist),Damage,Support,2805,1.3412162539694759,1.0850972101041791,1.2360332710105364,0.21644619672927046,False,0.5547569911049844
counter,Winter Soldier,Peni Parker,Damage,Tank,9888,1.3408525880561617,0.6469117928195967,2.072697704600484,0.03820042153858308,False,0.24795674421167718
counter,Loki,Deadpool (Duelist),Support,Damage,2758,-1.3358879085305106,1.1183175371101652,-1.1945515152901625,0.23226230205142984,False,0.5679890546599187
counter,Iron Fist,White Fox,Damage,Support,8908,-1.3307511768379976,0.7650871148806377,-1.739345952840429,0.08197392886495403,True,0.3558616009844187
counter,Luna Snow,Cyclops,Support,Damage,20087,1.3277592515455228,0.6058938789784205,2.1914056200472234,0.02842245277680507,False,0.2138707256904614
counter,Daredevil,Elsa Bloodstone,Damage,Damage,5827,-1.326144528590348,0.7657802060304516,-1.7317560811144983,0.0833170008302373,False,0.35606175117907607
counter,The Punisher,Phoenix,Damage,Damage,3613,1.325959563357444,0.9357754145867406,1.416963453718238,0.15649361277870638,False,0.4758278543170046
counter,Cloak & Dagger,Magik,Support,Damage,49024,-1.3249787757055032,0.4976477874620636,-2.6624830032154176,0.007756648683760706,False,0.10224285819968094
counter,Captain America,Gambit,Tank,Support,6651,-1.3247042814580883,0.8312878907539182,-1.5935565719075697,0.11103538795859194,False,0.4117061757537281
counter,Magik,Moon Knight,Damage,Damage,8024,1.324173821409243,0.6643069376715991,1.9933162613813464,0.0462268268586701,False,0.2758660637660437
counter,Iron Fist,Jubilee,Damage,Support,24985,-1.319733428976095,0.6309211385343412,-2.0917565577877077,0.03646029828510094,False,0.24189938714902312
counter,Cyclops,Deadpool (Duelist),Damage,Damage,6496,1.3149078066023219,0.7351905342880976,1.7885265727415522,0.07369109243640531,False,0.3360930242489284
counter,Black Panther,Phoenix,Damage,Damage,2790,1.3140950700011944,1.0382742580085302,1.2656531353495217,0.2056372936412909,False,0.5363187009130075
counter,Namor,Adam Warlock,Damage,Support,3113,-1.313177688732221,1.041956274653882,-1.2603001879022548,0.20756109223913244,False,0.5383124976018149
counter,Human Torch,Invisible Woman,Damage,Support,13218,1.306875770371212,0.7152511129193323,1.8271565702807993,0.06767623163093585,True,0.32099552096608436
counter,Doctor Strange,The Thing,Tank,Tank,17080,-1.3030801323302053,0.589556272656954,-2.2102726962052532,0.027086242366032635,False,0.20736952513015977
counter,Ultron,Spider-man,Support,Damage,5487,-1.3015614721882725,0.8263407446020783,-1.5750905188815723,0.11523555219676855,False,0.41723267376953455
counter,Black Panther,Peni Parker,Damage,Tank,2769,-1.2973620707996207,1.0700237591845765,-1.2124609941262332,0.22533596503626363,True,0.5598787722061143
counter,Magik,Namor,Damage,Damage,11037,-1.2944842170390152,0.5999484900462867,-2.1576589299177074,0.030954359317067547,False,0.22367321687242483
counter,The Thing,Devil Dinosaur,Tank,Tank,8642,-1.2942500141446316,0.7506245588535456,-1.7242308406767073,0.08466617866393927,False,0.3563406361662988
counter,Cloak & Dagger,Star-lord,Support,Damage,16880,1.2858523474083137,0.6859833868303032,1.874465726276261,0.06086626175427571,False,0.3101580998451866
counter,Spider-man,Phoenix,Damage,Damage,6261,-1.2857181399837005,0.7396198425250143,-1.7383499820588129,0.08214916431972959,False,0.3558616009844187
counter,Doctor Strange,Venom,Tank,Tank,14844,-1.2851013661048274,0.6144305293164023,-2.0915324105633135,0.036480364216426094,False,0.24189938714902312
counter,Hela,Adam Warlock,Damage,Support,4793,-1.2850796208165536,0.8575184564621178,-1.498602871031411,0.13397668747610253,False,0.4488967503563826
counter,Rocket Raccoon,Daredevil,Support,Damage,15811,-1.280432649292491,0.6869707677181304,-1.8638822923217346,0.06233823595224559,False,0.3106770576983087
counter,Groot,Blade,Tank,Damage,2899,-1.2795957077331368,1.0490519033179113,-1.219763963714348,0.22255436590533983,False,0.5589753387741367
counter,Rocket Raccoon,Deadpool (Duelist),Support,Damage,11696,-1.2759480389251012,0.7323662921624666,-1.7422266051562727,0.08146880031016278,False,0.3558616009844187
counter,Mantis,Rogue,Support,Tank,7631,1.2758039177667644,0.8267387421591739,1.5431766442138393,0.12278792249761991,False,0.4300266074040732
counter,Cloak & Dagger,Emma Frost,Support,Tank,57597,-1.2703002700531756,0.5141844280469108,-2.4705148595773534,0.013491871352112,False,0.1470376592754527
counter,The Thing,Black Cat,Tank,Damage,7596,1.2661013008082442,0.7363803656221708,1.7193577666054551,0.0855492473831237,False,0.35817215440159467
counter,Black Panther,Jubilee,Damage,Support,18750,1.2648050985300652,0.6777351250961731,1.8662233248580482,0.062010127044279606,False,0.3106770576983087
counter,Emma Frost,Devil Dinosaur,Tank,Tank,12582,-1.261876402694226,0.6662171705902361,-1.8940916842120188,0.058212841328695905,False,0.30692880515943183
counter,Winter Soldier,Adam Warlock,Damage,Support,9567,1.2616681137498427,0.6659873435842506,1.8944325682823364,0.05816761693575265,False,0.30692880515943183
counter,Hawkeye,Elsa Bloodstone,Damage,Damage,3618,-1.2605987771447675,0.9193174621513465,-1.371233365017096,0.1703022203601835,False,0.48990976537903863
counter,Iron Man,Iron Fist,Damage,Damage,4259,-1.2605705371637104,0.8690032025757004,-1.450593661136594,0.14689304144448292,False,0.46798991557146685
counter,Magneto,The Hood,Tank,Tank,152355,-1.25516260727011,0.3302829299966883,-3.800264843486448,0.0001445415251580765,False,0.006421391089893065
counter,Peni Parker,The Thing,Tank,Tank,5165,1.2524518028401677,0.8566346538939729,1.4620606312702191,0.14372459574969618,False,0.46339382087062364
counter,Black Widow,Invisible Woman,Damage,Support,20272,-1.241656957397426,0.6310457039291483,-1.967618113341653,0.04911199402454641,False,0.28397091659196977
counter,Black Cat,Jubilee,Damage,Support,20411,-1.240760612165074,0.6579859446485994,-1.8856947055726372,0.05933610676787518,False,0.3087794363039752
counter,Mantis,Hela,Support,Damage,18031,1.2406456573711573,0.6105175865431773,2.0321210800754153,0.04214139982254592,False,0.26151291711978514
counter,Cloak & Dagger,Black Panther,Support,Damage,20060,-1.2405301246833913,0.6768797947090982,-1.8327185039059002,0.06684444406322426,False,0.31990956814828897
counter,Venom,Daredevil,Tank,Damage,8293,-1.2375587306661433,0.7089404788362909,-1.7456454633505578,0.08087257710114226,False,0.3558616009844187
counter,Scarlet Witch,Cyclops,Damage,Damage,5699,-1.2366555486104898,0.7705183556857698,-1.6049657214328825,0.10850134860697273,False,0.4054435129410087
counter,Black Panther,Angela,Damage,Tank,3255,-1.232761829771013,0.9978536306812404,-1.235413483367695,0.2166766572177451,False,0.5547569911049844
counter,Magneto,Mister Fantastic,Tank,Damage,16169,-1.2280255297350116,0.6085034544996443,-2.0181077373583416,0.043580042039041596,False,0.2660267706149129
counter,Mantis,Thor,Support,Tank,11923,1.2256111406854062,0.7478074373416851,1.6389394909500012,0.10122586213649276,False,0.3924316875429297
counter,Rocket Raccoon,Spider-man,Support,Damage,29192,-1.2230761284070542,0.5361261100660841,-2.2813216992104617,0.0225294176100035,False,0.18637266498758065
counter,The Punisher,Star-lord,Damage,Damage,3910,-1.222684338037626,0.9142351939122088,-1.3373848941490614,0.1810970326994653,False,0.5081307385333536
counter,Venom,Emma Frost,Tank,Tank,17910,1.211883219330746,0.5707820764178787,2.1231977481428603,0.03373728459769216,False,0.2325739820398376
counter,Star-lord,Iron Fist,Damage,Damage,4750,-1.2094631874634558,0.8396353029095132,-1.4404625237557438,0.14973658545252,False,0.47079694429960084
counter,Thor,Deadpool (Vanguard),Tank,Tank,3325,-1.2091809757502872,1.007598661895392,-1.200062109526524,0.2301152197344536,False,0.5646289026445279
counter,Hawkeye,The Thing,Damage,Tank,5193,1.2074701177666174,0.8229541816200305,1.4672385713985268,0.14231116766710594,False,0.4607348059829786
counter,Jeff The Land Shark,Wolverine,Support,Damage,2917,1.2071381302012973,1.0536751373271154,1.1456454531739977,0.25194188206752444,False,0.5845344052997979
counter,Loki,Magik,Support,Damage,7685,-1.2067724606542605,0.7564377108478743,-1.5953361966864608,0.11063707539315351,False,0.4108643093934602
counter,Scarlet Witch,Jubilee,Damage,Support,15346,1.205681627394172,0.66779302330254,1.8054720329834062,0.0710008480579065,True,0.3289101450069493
counter,Luna Snow,Spider-man,Support,Damage,30374,1.2040787136327176,0.526678626249685,2.286173491046311,0.02224411094786339,False,0.18464921163987635
counter,Magik,Black Cat,Damage,Damage,10012,-1.20250639801145,0.6188572984947387,-1.943107726023972,0.0520031437308885,False,0.2934436782310986
counter,Moon Knight,Phoenix,Damage,Damage,2793,1.2004707960471652,1.0367444284215308,1.1579235567968393,0.24689523332039476,False,0.5839756684670753
counter,Jeff The Land Shark,Deadpool (Strategist),Support,Support,4633,-1.1985062883091424,1.0350396662966075,-1.157932712470259,0.2468914966924045,False,0.5839756684670753
counter,Venom,Devil Dinosaur,Tank,Tank,7615,-1.197894180135544,0.7783464820715736,-1.5390243390672773,0.12379835444441083,False,0.4323031329143255
counter,Moon Knight,Cyclops,Damage,Damage,6853,-1.1973716369606904,0.7180149577691467,-1.6676137788005032,0.0953924212070343,False,0.37825854293500044
counter,Mantis,Namor,Support,Damage,11184,1.1888207823213295,0.7371887080710223,1.6126410636864992,0.10682251167089432,False,0.40167273589102737
counter,Loki,Human Torch,Support,Damage,2625,-1.188388539705281,1.1348968558546033,-1.0471335201738639,0.2950380012893328,False,0.6279382505489465
counter,Venom,Blade,Tank,Damage,5200,-1.185078918110598,0.8240981850228244,-1.4380312196389267,0.1504251962274486,True,0.4717255499995414
counter,Namor,Emma Frost,Damage,Tank,13279,-1.1839282552569865,0.6264848909177376,-1.8897953844068776,0.058785331108543976,False,0.307917050937548
counter,Namor,Invisible Woman,Damage,Support,17213,-1.17764289494264,0.6898835723930284,-1.7070168678719224,0.08781891723463796,False,0.36261201797916776
counter,Thor,Adam Warlock,Tank,Support,3329,-1.1772038761390122,1.0256474638092372,-1.14776657445912,0.25106493950135533,False,0.5841947525351615
counter,Namor,Gambit,Damage,Support,15210,1.1747814758728292,0.7129943662917709,1.6476728729047014,0.09941981756023797,False,0.3884497432036008
counter,Human Torch,Moon Knight,Damage,Damage,2973,1.1742126390158294,1.0012622693859397,1.1727323348915943,0.24090316033168402,False,0.5777258258219083
counter,Moon Knight,Iron Man,Damage,Damage,3150,-1.1721816304986457,0.9660060052782826,-1.2134309974201132,0.22496508111285496,False,0.5598787722061143
counter,Hulk,Adam Warlock,Tank,Support,3217,1.1696842647243164,1.040670307159835,1.1239719790954563,0.2610249134426199,False,0.5924302434709983
counter,Cloak & Dagger,Daredevil,Support,Damage,23306,1.1695277274233677,0.6517997139682357,1.7943053707451653,0.07276444134359972,False,0.33313338699102235
counter,Invisible Woman,Elsa Bloodstone,Support,Damage,22049,1.1647387359211183,0.6357531984860622,1.8320611499788677,0.06694231063378119,False,0.31990956814828897
counter,Luna Snow,The Thing,Support,Tank,25152,1.164165776550579,0.6078287177329109,1.9152859063531955,0.055456051961097236,False,0.2996969049107074
counter,Ultron,Magik,Support,Damage,6337,1.1622926085473244,0.7859121208515079,1.4789091270001302,0.13916460368302452,False,0.4567111959447002
counter,Peni Parker,Devil Dinosaur,Tank,Tank,3323,-1.1616351046128832,1.032525731796481,-1.1250422811175524,0.2605711179369996,False,0.5923753680573411
counter,Cloak & Dagger,Scarlet Witch,Support,Damage,15693,1.1612353081236049,0.682679267043508,1.700996887092512,0.0889435717253621,False,0.36536922700195834
counter,Squirrel Girl,The Thing,Damage,Tank,4068,1.1606275403409412,0.911483138296601,1.2733395622764305,0.20289757371140782,False,0.5332216936851971
counter,Moon Knight,Star-lord,Damage,Damage,2899,1.1601911900455757,1.0264270216981848,1.1303201937592047,0.25834132849013414,False,0.5920775931240283
counter,Rogue,Deadpool (Strategist),Tank,Support,3194,-1.1575019731441176,1.0863677730027974,-1.0654789307167134,0.2866592550785627,False,0.6155756078556371
counter,Hulk,Cyclops,Tank,Damage,8653,1.157151152841021,0.6934217116990314,1.668755294675953,0.09516588579136898,False,0.37798503313492415
counter,Venom,Deadpool (Vanguard),Tank,Tank,4288,1.1517277135871873,0.9104874536769243,1.264957258813436,0.2058866498154046,False,0.5363187009130075
counter,Invisible Woman,Deadpool (Vanguard),Support,Tank,9580,-1.1516018389640126,0.7504243655547544,-1.5346008096534631,0.12488191366868662,False,0.4343475290137763
counter,Groot,Iron Man,Tank,Damage,3004,-1.1508735255204845,1.034696933064986,-1.112280793286358,0.2660174393361874,False,0.5977595024891832
counter,Doctor Strange,Winter Soldier,Tank,Damage,31817,1.1488111856413714,0.44812422690043874,2.5635998160318314,0.010359290922819541,False,0.1242596946192204
counter,Groot,Cyclops,Tank,Damage,6600,-1.1442603986744384,0.7752751848483177,-1.4759409575302125,0.13995974305143524,False,0.4580674264398269
counter,Venom,Magneto,Tank,Tank,40102,1.1433126796961308,0.482922683663026,2.3674859731664872,0.017909398900432444,False,0.1639502920446373
counter,Cyclops,Rogue,Damage,Tank,5949,-1.142857417592278,0.799361864302141,-1.4297122099889212,0.1527996344233002,False,0.47443738329470353
counter,Doctor Strange,Devil Dinosaur,Tank,Tank,10169,-1.141835685476949,0.714617539009859,-1.597827681446251,0.11008133225555818,False,0.4094342884978047
counter,Magneto,Scarlet Witch,Tank,Damage,17148,1.1395456688760688,0.5931133488100881,1.9212949281317648,0.054694536203158964,True,0.2980354710033336
counter,The Thing,Cyclops,Tank,Damage,13810,-1.1357473978560404,0.5952343487959559,-1.9080676378193528,0.05638247479786596,False,0.3018147833505598
counter,Human Torch,Deadpool (Duelist),Damage,Damage,2980,-1.1354030842295257,1.009596068046062,-1.1246112382617992,0.26075380936579917,False,0.5923753680573411
counter,Storm,Doctor Strange,Damage,Tank,6149,-1.1332483860270222,0.7927807735804324,-1.429459976569484,0.15287207056557142,False,0.47443738329470353
counter,Magik,Star-lord,Damage,Damage,8093,-1.132039087454384,0.6775744899852557,-1.6707227089954606,0.09477646121668558,False,0.37768892102795465
counter,Doctor Strange,Magneto,Tank,Tank,48579,1.1319879089736,0.438099633640118,2.583859519735377,0.009770158031846837,False,0.11958474040000286
counter,Hulk,Rocket Raccoon,Tank,Support,16913,1.1307442512690775,0.7034748481309877,1.6073698359980768,0.10797326294364333,False,0.40507793920100577
counter,Emma Frost,Rogue,Tank,Tank,9440,-1.1289609787290167,0.7175377465750534,-1.5733820055011265,0.11563039109367113,False,0.41723267376953455
counter,Loki,Luna Snow,Support,Support,10203,1.1281275684873555,0.7838845482646954,1.439150154170942,0.15010798454413252,False,0.47134693052535853
counter,Black Panther,Groot,Damage,Tank,4053,-1.1260019879841803,0.9260114985810123,-1.2159697689603493,0.2239964383655938,False,0.5591752920281576
counter,Rocket Raccoon,Deadpool (Strategist),Support,Support,12818,1.1249718385796097,0.7753833062907709,1.4508589873583662,0.1468191301751182,False,0.46798991557146685
counter,Luna Snow,Scarlet Witch,Support,Damage,8235,1.1224915492328251,0.7622448002972312,1.4726129306426474,0.1408554361371963,False,0.4591198251265407
counter,Rocket Raccoon,White Fox,Support,Support,20967,1.119981723856093,0.6709915878704606,1.6691442100050782,0.09508880349171821,False,0.37798503313492415
counter,Doctor Strange,Jeff The Land Shark,Tank,Support,9878,-1.117819072795612,0.7663980007892643,-1.4585359978032844,0.1446928603319087,False,0.46472395759046703
counter,Rocket Raccoon,Jubilee,Support,Support,59825,1.1162828744002775,0.5038504274644049,2.215504470280793,0.02672545785359741,False,0.20682055932509738
counter,Blade,Jeff The Land Shark,Damage,Support,3565,1.115520841436358,0.9903154035863136,1.1264298600189668,0.2599836136585869,False,0.5920775931240283
counter,The Punisher,Deadpool (Strategist),Damage,Support,4655,1.1150649523758855,0.9423309861663712,1.1833049838594798,0.23668829832342175,False,0.5741306649928096
counter,Phoenix,Daredevil,Damage,Damage,3373,1.1067722760402363,0.9620588313513441,1.1504205771757454,0.24997068897521957,False,0.5841947525351615
counter,Storm,The Thing,Damage,Tank,5874,1.1027230270867276,0.8073022340762779,1.3659358051306185,0.1719591132589473,False,0.49227913211004126
counter,Scarlet Witch,Namor,Damage,Damage,3930,-1.099754361978012,0.9040878331754945,-1.216424247315953,0.22382335188451452,False,0.5591752920281576
counter,The Thing,The Hood,Tank,Tank,47137,1.0989240189143732,0.4547611360328636,2.416486220658396,0.015671119364712435,False,0.15599591434002127
counter,Venom,Invisible Woman,Tank,Support,24022,1.0972640228953583,0.6297716341445888,1.742320491118592,0.0814523798033552,False,0.3558616009844187
counter,Peni Parker,Gambit,Tank,Support,8530,1.0965925833355106,0.7839945097370481,1.3987248248757609,0.1618955169006414,False,0.48026763035559844
counter,Mantis,The Hood,Support,Tank,58621,1.09620224256732,0.4849569218864273,2.2604115811013026,0.023795718400778022,False,0.19092283760356682
counter,Magneto,Jeff The Land Shark,Tank,Support,28155,1.0928507758674395,0.6051620698735263,1.8058811519628717,0.07093690578427073,False,0.3289101450069493
counter,Scarlet Witch,White Fox,Damage,Support,5548,1.092559736038691,0.8624598839442795,1.2667948462044378,0.20522865540817103,False,0.5363187009130075
counter,Doctor Strange,Groot,Tank,Tank,8626,1.090477341617477,0.7540533643363908,1.446154069715156,0.14813399300383015,False,0.4688304079369242
counter,The Punisher,Angela,Damage,Tank,3534,-1.0884169367779335,0.9764899474533566,-1.1146217527548312,0.26501254468834223,False,0.5977595024891832
counter,Hela,The Thing,Damage,Tank,14338,1.0860842040076963,0.5826133142740079,1.864159601915486,0.06229929462208203,False,0.3106770576983087
counter,Loki,Winter Soldier,Support,Damage,11527,-1.0856760763676145,0.6553226680958706,-1.6567045964123208,0.09757921327654143,False,0.3843883951566878
counter,Iron Man,Gambit,Damage,Support,10492,1.082778926395566,0.7371790488493224,1.468814025691177,0.14188323874598122,False,0.45997012128595804
counter,Namor,Cyclops,Damage,Damage,8864,1.077979769640363,0.6588111506138006,1.6362500371100759,0.1017872680891459,False,0.3932168375939791
counter,Doctor Strange,Peni Parker,Tank,Tank,6225,1.0774214728841638,0.8150245631482682,1.3219496952610992,0.18618490260728782,False,0.5157708791626829
counter,Thor,Psylocke,Tank,Damage,3679,1.076759701365163,0.9436807474421129,1.1410211602639624,0.25386111745477125,False,0.5850267250470664
counter,Hulk,Blade,Tank,Damage,3939,1.0742163347925724,0.9280640876467787,1.1574807700149037,0.24707599145230574,False,0.5839756684670753
counter,Squirrel Girl,Namor,Damage,Damage,2772,1.0707894771618758,1.0426116048797995,1.0270262407882222,0.3044081080339507,False,0.6375660311160561
counter,Cloak & Dagger,Jubilee,Support,Support,90319,1.0696997112207052,0.46150077155277014,2.3178719888627333,0.02045627919888316,False,0.1768644697997334
counter,Moon Knight,Thor,Damage,Tank,4501,1.068288678229525,0.8837271415532495,1.2088444815125716,0.22672259881830492,False,0.5598787722061143
counter,Wolverine,The Hood,Damage,Tank,17288,1.0682082485524527,0.6029459242027204,1.7716485105442115,0.07645292172047956,False,0.34540594954318354
counter,Doctor Strange,Angela,Tank,Tank,6444,-1.0664289322780827,0.8083685739040516,-1.3192360102863934,0.18709022298875344,False,0.5164895799194701
counter,Hulk,The Hood,Tank,Tank,32573,-1.0657703333505744,0.5287028333290991,-2.015821111908378,0.0438186851026143,False,0.2668046334039891
counter,Angela,White Fox,Tank,Support,4417,1.0652806899934883,0.9499752304555974,1.1213773326306538,0.26212728056725987,False,0.5934400865174089
counter,Moon Knight,Jubilee,Damage,Support,17135,1.0651721925665725,0.649974528520041,1.6387906692157854,0.1012568631050744,False,0.3924316875429297
counter,Cloak & Dagger,Blade,Support,Damage,15974,-1.063025467269399,0.6828961604270706,-1.5566429112803957,0.11955528972478117,False,0.4224052136226068
counter,Human Torch,Jeff The Land Shark,Damage,Support,3930,1.0610617404222555,0.9879321845846691,1.0740228499270226,0.28281244047847465,False,0.612331027095248
counter,Namor,Devil Dinosaur,Damage,Tank,5633,-1.0552404288939663,0.8342313927626502,-1.2649253409170087,0.20589809234717793,False,0.5363187009130075
counter,Winter Soldier,White Fox,Damage,Support,21604,1.0519877152669599,0.5434367591551704,1.9358052202842981,0.05289156132653475,False,0.2957735562292701
counter,Hulk,Jubilee,Tank,Support,23416,-1.0516309278733407,0.664479781044848,-1.5826379641224364,0.11350400529599337,False,0.4157192499314322
counter,Hawkeye,Venom,Damage,Tank,4049,1.0511498395923362,0.9027925772384768,1.1643315043724272,0.2442896939633521,False,0.5813997775973033
counter,Namor,Iron Fist,Damage,Damage,6155,1.0510120203730047,0.7516603211527749,1.3982539596624344,0.162036818166431,False,0.48026763035559844
counter,Magik,Gambit,Damage,Support,30346,-1.0508924336043983,0.5339296999577826,-1.9682224713993088,0.04904244580033535,False,0.28397091659196977
counter,Black Cat,Devil Dinosaur,Damage,Tank,5276,1.0499473521030982,0.8590603736963919,1.222204380799631,0.2216303476438457,False,0.5589753387741367
counter,Human Torch,Mantis,Damage,Support,8802,1.0479795051221439,0.7816671063024034,1.3406979731813253,0.18001853289262781,False,0.5056960894723819
counter,Black Cat,Deadpool (Vanguard),Damage,Tank,2706,-1.0437930150495558,1.0858478007251193,-0.9612700917684046,0.33641638183303524,False,0.6629966164115593
counter,Star-lord,Deadpool (Strategist),Damage,Support,3262,-1.041120626549043,1.0518989697865246,-0.9897534425386223,0.3222946462587123,False,0.6533707897656446
counter,Doctor Strange,Psylocke,Tank,Damage,6329,1.0394490991697884,0.7815253329387633,1.3300261109402,0.18350966843222838,False,0.5125025547950126
counter,The Punisher,Emma Frost,Damage,Tank,13164,-1.038488760526207,0.6247100286950718,-1.6623532724381882,0.09644196218963098,False,0.38178921995532134
counter,Squirrel Girl,Iron Fist,Damage,Damage,2556,1.0376775118394757,1.079555115540955,0.9612084616166218,0.33644736268706044,False,0.6629966164115593
counter,Rocket Raccoon,Mister Fantastic,Support,Damage,8243,1.0333726231062605,0.7397693338688218,1.3968849150612415,0.16244818154630503,True,0.48053413998715877
counter,Scarlet Witch,Blade,Damage,Damage,2604,1.0322200507253618,1.0574131772487898,0.9761747564098112,0.3289778705160996,False,0.659100490628192
counter,Thor,Deadpool (Duelist),Tank,Damage,4660,1.0318158950228564,0.879893931147966,1.172659406431731,0.24093241618899763,False,0.5777258258219083
counter,Iron Fist,Cyclops,Damage,Damage,9467,-1.0315931333013604,0.6356066341734465,-1.6230056104478223,0.10458820552924777,False,0.39879848631728276
counter,Venom,Iron Fist,Tank,Damage,9255,-1.0304631236269293,0.6891296724928172,-1.4953109186249265,0.13483331683602254,False,0.4498819570092046
counter,Rocket Raccoon,Iron Man,Support,Damage,10184,1.0297913810582795,0.7302047865082245,1.4102775003470627,0.1584577594639649,False,0.47756302129906003
counter,Human Torch,Luna Snow,Damage,Support,11886,1.028111483976902,0.7307769926144496,1.406874456048075,0.15946461927752542,False,0.4787930183313936
counter,Jeff The Land Shark,Invisible Woman,Support,Support,17325,1.02678036525538,0.729634419217438,1.407253191751347,0.1593523238707062,False,0.4787930183313936
counter,Thor,Blade,Tank,Damage,4036,1.0249823280626984,0.9216314355220443,1.1121390705191307,0.26607836021703835,False,0.5977595024891832
counter,Mister Fantastic,The Hood,Damage,Tank,16735,1.02442036881206,0.6064608106032994,1.6891781808505972,0.09118528903266976,False,0.36951606146853844
counter,Cloak & Dagger,Peni Parker,Support,Tank,14269,-1.0225487187125526,0.715303328433765,-1.4295316099696267,0.1528514963013786,False,0.47443738329470353
counter,Magneto,Winter Soldier,Tank,Damage,97305,1.017772095307165,0.35247414197596233,2.8875085406309715,0.00388306063890809,False,0.06294231400500343
counter,The Punisher,Captain America,Damage,Tank,2698,-1.0168772677289772,1.0942963067832936,-0.9292522157167,0.3527583927217106,False,0.6711776811595177
counter,Luna Snow,Namor,Support,Damage,14617,1.0164556547397108,0.701840768030542,1.4482710338871019,0.14754126529748296,True,0.4680225441585178
counter,Magneto,Thor,Tank,Tank,31464,-1.0157770619691937,0.5345529383366677,-1.9002366073038877,0.05740207624860034,False,0.3046627896468854
counter,Luna Snow,Deadpool (Vanguard),Support,Tank,8027,-1.0154888680349194,0.7761944975882001,-1.308291763456527,0.19077436774090084,False,0.5212616266633497
counter,Angela,Cyclops,Tank,Damage,4751,-1.0144034501894477,0.8530957158154406,-1.1890851534986544,0.23440615997596437,False,0.5702233047355789
counter,Rocket Raccoon,Deadpool (Vanguard),Support,Tank,8177,-1.013558589355937,0.7737173047582309,-1.3099856796826472,0.19020068010650903,False,0.5202866950690025
counter,Hulk,Mantis,Tank,Support,12740,-1.0127232415294931,0.7343827226443941,-1.3790128911023936,0.1678907793284643,False,0.48765993443256545
counter,Magik,Adam Warlock,Damage,Support,6228,1.012255016026786,0.7794979985373685,1.2985986082403769,0.19408171586086997,False,0.524326617511517
counter,Iron Man,Winter Soldier,Damage,Damage,11202,-1.0107936217894111,0.5957490798641102,-1.6966767653589532,0.08975778773007946,False,0.36738596910399085
counter,Black Panther,Mister Fantastic,Damage,Damage,2851,1.0098371225596716,1.017597464919107,0.9923738583998415,0.3210151862848898,False,0.6533707897656446
counter,Hela,Namor,Damage,Damage,8380,1.0093704780072073,0.6679696212725686,1.5111023703207125,0.1307623709011138,True,0.4441089809071108
counter,Captain America,Winter Soldier,Tank,Damage,7832,1.009309831804962,0.7084508399510033,1.4246716566455988,0.15425213586769027,True,0.4756437968465153
counter,Squirrel Girl,The Hood,Damage,Tank,12901,-1.0087970493527114,0.6600456353770617,-1.5283746990864047,0.1264195329213528,False,0.43588323455408484
counter,Black Widow,Venom,Damage,Tank,8824,-1.0085095043286003,0.6864145003275381,-1.469242715367125,0.14176696819975307,False,0.45997012128595804
counter,Blade,Rogue,Damage,Tank,2740,1.0063819493991348,1.0710453276121878,0.9396259182072013,0.3474094768964471,False,0.6695116759774276
counter,Storm,Emma Frost,Damage,Tank,7857,-1.0061357023629673,0.7229223867611523,-1.3917617171473573,0.1639945662566502,False,0.4817026653196432
counter,Black Panther,Magik,Damage,Damage,10337,1.0039816302356586,0.6125694858576923,1.6389677471934936,0.10121997694896004,True,0.3924316875429297
counter,Doctor Strange,Star-lord,Tank,Damage,7089,1.003796713794788,0.7637897579503289,1.3142317023057901,0.188768242987989,False,0.5193291455598459
counter,Black Widow,Deadpool (Duelist),Damage,Damage,4799,-1.0033929468579812,0.8137783352340487,-1.2330052342440374,0.21757381133451625,False,0.5552761419058558
counter,Cloak & Dagger,Jeff The Land Shark,Support,Support,21118,-1.0023571073723787,0.7068217009652792,-1.4181187504621013,0.1561560978216665,False,0.4758278543170046
counter,Squirrel Girl,Jubilee,Damage,Support,10429,1.0021425838242612,0.7136509685159,1.4042474935728104,0.16024516366293262,False,0.4799352654524037
counter,Moon Knight,Rogue,Damage,Tank,2967,-1.0021248786835057,1.054339999310587,-0.950476012803058,0.34187043657907,False,0.6651639719003966
counter,Doctor Strange,Cloak & Dagger,Tank,Support,45551,1.0004175309367251,0.5552707879013751,1.8016750614916466,0.07159654394639978,False,0.3309443331934741
counter,Human Torch,Winter Soldier,Damage,Damage,13100,-0.998855155326688,0.5727843724282475,-1.7438589518288827,0.08118368783710583,False,0.3558616009844187
counter,Psylocke,Iron Fist,Damage,Damage,4207,-0.9985154755551978,0.8736855748872866,-1.1428773740301428,0.25308950786521844,False,0.5850267250470664
counter,Scarlet Witch,The Hood,Damage,Tank,19205,0.9982189202242215,0.5899574769348546,1.692018423786243,0.0906424608593863,False,0.3690941202290703
counter,Rocket Raccoon,Blade,Support,Damage,9507,-0.9978885986579386,0.7390466285024846,-1.3502376713089677,0.17693975807408635,False,0.4999746520844913
counter,Daredevil,The Hood,Damage,Tank,30709,0.9960383307896746,0.5234609807421482,1.902793842202946,0.057067451041321625,False,0.30395559738440237
counter,Storm,Rocket Raccoon,Damage,Support,8842,-0.9950929910760421,0.7475916495069814,-1.3310648824559261,0.18316766284233466,False,0.5121436167351525
counter,Captain America,Luna Snow,Tank,Support,6546,-0.9928203206363365,0.8295698804392366,-1.1967892567539493,0.23138870671897338,False,0.5666319369984841
counter,Cloak & Dagger,Groot,Support,Tank,19125,-0.9916313957940414,0.7181328671133793,-1.380846694539998,0.16732610275681203,False,0.4876114249210943
counter,Rocket Raccoon,Invisible Woman,Support,Support,48370,0.9900933494118533,0.5301395796848989,1.8676088097408967,0.061816617565300554,False,0.3106770576983087
counter,Hulk,Iron Man,Tank,Damage,4064,-0.9890921545697287,0.9128735898729889,-1.0834930110173788,0.27858965135059977,True,0.6081315501274693
counter,Magik,Mister Fantastic,Damage,Damage,6468,0.9874770467056766,0.7282050843515073,1.3560425049559497,0.17508564450244424,False,0.4982567748058882
counter,Peni Parker,Iron Fist,Tank,Damage,3525,-0.9872221580656111,0.975071828160919,-1.012460958827627,0.31131770454556773,False,0.6426072648589938
counter,Storm,Black Panther,Damage,Damage,3165,0.9858463355062365,0.9879071945232144,0.9979139143551105,0.31832110416885906,True,0.6515804854104889
counter,Rocket Raccoon,Groot,Support,Tank,12020,-0.9814769971209838,0.76738676173925,-1.2789860941782565,0.20090195280270684,True,0.5332216936851971
counter,Adam Warlock,Cyclops,Support,Damage,4366,-0.9769111081356419,0.8941698624654373,-1.0925341471944352,0.27459838984034846,False,0.6067917799737723
counter,Hela,Blade,Damage,Damage,5256,0.9713989371163436,0.7919203768453487,1.2266371285784514,0.21995900777456634,False,0.5583932906361743
counter,Magneto,Blade,Tank,Damage,18524,-0.9671580327561331,0.5982798746618243,-1.616564543981721,0.10597231054491936,False,0.40005416301892555
counter,The Thing,Daredevil,Tank,Damage,9052,-0.9652777290228747,0.689928699116678,-1.3990978056989491,0.16178365565502362,False,0.48026763035559844
counter,The Punisher,Black Cat,Damage,Damage,4829,-0.9651845307903241,0.8380019253439825,-1.151768870213676,0.24941606309566566,False,0.5841947525351615
counter,Elsa Bloodstone,Deadpool (Strategist),Damage,Support,5448,0.9647706148129234,0.887419230881003,1.0871644215498104,0.27696415134275976,False,0.6067917799737723
counter,Wolverine,Daredevil,Damage,Damage,3442,0.963428353152661,0.9414057180648829,1.0233933517347302,0.30612190152021657,False,0.6378147251224227
counter,Hulk,Phoenix,Tank,Damage,3656,-0.9629126012996696,0.9616000999079543,-1.0013649139510707,0.3166504202165433,False,0.6492686821363141
counter,Loki,White Fox,Support,Support,4752,0.9604528372710743,0.9757345285911989,0.984338269403883,0.3249492189799571,False,0.6550867028007707
counter,Hawkeye,Daredevil,Damage,Damage,2982,-0.959820613873978,0.9970799346675654,-0.9626315609229364,0.3357324531813436,False,0.6629966164115593
counter,Wolverine,Cyclops,Damage,Damage,4420,0.9574152769188142,0.8483761865335195,1.128526816424245,0.25909749821726646,True,0.5920775931240283
counter,Scarlet Witch,Daredevil,Damage,Damage,3204,0.9574150829610819,0.9650968125073883,0.9920404570331668,0.32117779034957805,False,0.6533707897656446
counter,Luna Snow,Squirrel Girl,Support,Damage,5917,-0.9568783112127367,0.8175509342378444,-1.1704204241473704,0.2418318203878883,False,0.5789669906840521
counter,Luna Snow,Black Cat,Support,Damage,13416,0.9566144470828177,0.7095294604324563,1.3482378117178724,0.17758190670880025,False,0.501198816699308
counter,Groot,Deadpool (Duelist),Tank,Damage,3409,-0.9538744678007645,0.9955609718291387,-0.9581276233119265,0.33799840781071255,False,0.6629966164115593
counter,Gambit,Deadpool (Vanguard),Support,Tank,7703,-0.9534687429703622,0.7879273313435619,-1.2100973085227562,0.22624155582968908,False,0.5598787722061143
counter,Hulk,Devil Dinosaur,Tank,Tank,5904,-0.9532617116040776,0.8553846626935399,-1.114424601210794,0.26509707417126294,False,0.5977595024891832
counter,Cloak & Dagger,Wolverine,Support,Damage,13785,-0.9531090848583829,0.6708126209350228,-1.4208275979212746,0.15536688545561378,False,0.4758278543170046
counter,Rocket Raccoon,Magik,Support,Damage,31346,-0.950312965412093,0.5288025585982263,-1.7971035691113626,0.07231917922030097,False,0.33180882331912964
counter,Luna Snow,Rogue,Support,Tank,9985,0.9498487065791382,0.7631166871993781,1.2446965483942733,0.21324331521288287,False,0.5483073024605638
counter,Hawkeye,Namor,Damage,Damage,3223,-0.9495573494676451,0.9767158658207801,-0.9721940460849252,0.3309540220169349,False,0.6610037324983148
counter,Psylocke,Daredevil,Damage,Damage,3598,0.948585399324622,0.9306000476672583,1.019326618027205,0.30804793118617213,False,0.639279400446044
counter,Psylocke,Jubilee,Damage,Support,13327,-0.9478161672151227,0.679207011478971,-1.39547465087449,0.1628727537426592,False,0.48119017388068425
counter,Moon Knight,Deadpool (Strategist),Damage,Support,3472,-0.9467144192685027,1.0191440983740503,-0.928930875210775,0.3529249108902589,False,0.6711776811595177
counter,Thor,Gambit,Tank,Support,16453,-0.9462591467769417,0.721978215500018,-1.3106477819716404,0.18997678811562713,False,0.5202866950690025
counter,Doctor Strange,Wolverine,Tank,Damage,5744,-0.9450538144696135,0.8006636630935519,-1.1803380845562248,0.237865776632199,False,0.5764040385259044
counter,Magneto,Daredevil,Tank,Damage,32513,-0.9409059949572055,0.5287014177563163,-1.7796547604320563,0.07513247843201201,False,0.34072365927863296
counter,Luna Snow,Wolverine,Support,Damage,8572,0.9403784093180394,0.7368251349433931,1.2762572348869239,0.20186460217254532,False,0.5332216936851971
counter,Magneto,Star-lord,Tank,Damage,20925,0.9402789280218544,0.5795139259839035,1.6225303411396734,0.10468984198822678,False,0.39879848631728276
counter,Groot,Venom,Tank,Tank,6228,-0.9375277217037924,0.8307123805141415,-1.1285828208357038,0.2590738610319323,False,0.5920775931240283
counter,Adam Warlock,Iron Fist,Support,Damage,3440,0.9372890370099026,0.9899723254402112,0.9467830695096635,0.3437493306956251,False,0.6669593465166662
counter,Invisible Woman,Daredevil,Support,Damage,17915,-0.9330165948252582,0.6721192836828304,-1.3881711438375333,0.1650849369184566,False,0.4835638140016818
counter,Black Cat,The Hood,Damage,Tank,27593,0.9321412491285896,0.5376859200611915,1.7336166232928454,0.08298612897485722,False,0.3558616009844187
counter,Blade,The Hood,Damage,Tank,19640,0.9312619545308702,0.5901392134881001,1.5780377464268416,0.11455693842597345,False,0.41639711406653074
counter,Star-lord,Black Cat,Damage,Damage,3316,0.929929322678244,0.9729796412172559,0.9557541425171514,0.33919646144474624,False,0.6634782816399313
counter,Scarlet Witch,Devil Dinosaur,Damage,Tank,3717,0.9294189963973444,0.9524186243404226,0.9758513458732434,0.32913813579515383,False,0.659100490628192
counter,Hawkeye,Gambit,Damage,Support,8254,0.9290545093690397,0.742777305783978,1.2507847266395031,0.21101302870437688,False,0.5443228557653765
counter,Emma Frost,Phoenix,Tank,Damage,7954,0.9287067490664741,0.720000096940279,1.289870311147342,0.19709569041865527,False,0.5288954824545347
counter,Adam Warlock,Emma Frost,Support,Tank,6926,-0.9267817645741228,0.7860862199550437,-1.1789823317690589,0.23840521131932857,False,0.577128256261422
counter,Moon Knight,Iron Fist,Damage,Damage,4622,0.9261500143349718,0.8371619249608749,1.1062973443020068,0.26859784088809935,False,0.6010878920620806
counter,Namor,Deadpool (Strategist),Damage,Support,4809,0.9250547850861112,0.9335331056161532,0.9909180290671683,0.3217256080381411,False,0.6533707897656446
counter,Doctor Strange,Iron Man,Tank,Damage,7162,0.9192206616202068,0.7547829751482718,1.2178608843682945,0.22327684278557092,False,0.5589753387741367
counter,Daredevil,White Fox,Damage,Support,7555,-0.9183227824029225,0.8110929454655721,-1.132204129670737,0.2575486243308711,False,0.5912527748992917
counter,Iron Man,Venom,Damage,Tank,5291,0.916784914928598,0.8302150320706214,1.104274048907624,0.26947427654636424,False,0.601926247145929
counter,Jeff The Land Shark,Daredevil,Support,Damage,5348,0.9166668480080931,0.891438464335009,1.028300757351663,0.3038083749253514,False,0.6370946603548234
counter,Hawkeye,Jeff The Land Shark,Damage,Support,2888,-0.9118130453435032,1.0428063940446624,-0.8743838267110309,0.3819092621259227,False,0.6917197103996464
counter,Peni Parker,Invisible Woman,Tank,Support,10050,-0.9107630939505731,0.7572204349827184,-1.202771414867269,0.2290647893869897,False,0.5633486506405541
counter,The Punisher,Scarlet Witch,Damage,Damage,3786,-0.9105236439994495,0.9190653611097752,-0.9907060830798676,0.32182911986210927,False,0.6533707897656446
counter,Groot,Magneto,Tank,Tank,22109,0.9099820810285623,0.5979359346698159,1.521872207816144,0.12804110416898953,False,0.43773792679419743
counter,Venom,Deadpool (Duelist),Tank,Damage,6013,0.908368020842205,0.8010992685160448,1.1339019476635706,0.2568356800576329,False,0.5901808395194075
counter,Iron Fist,Deadpool (Vanguard),Damage,Tank,3371,0.9078957443088047,0.9864056537309661,0.9204080906012585,0.35735954229505185,False,0.6738139290334173
counter,Hulk,Deadpool (Vanguard),Tank,Tank,3225,-0.9074211413730733,1.0212983349570806,-0.8884976214234277,0.3742731347369309,False,0.6867888353329851
counter,Hela,Rogue,Damage,Tank,5924,-0.9070088924760626,0.7948569859517413,-1.1410969627322751,0.2538295750882177,False,0.5850267250470664
counter,Luna Snow,Invisible Woman,Support,Support,49251,-0.900076757817357,0.5218681078397602,-1.7247207566355556,0.08457780852295985,False,0.3563406361662988
counter,White Fox,Deadpool (Vanguard),Support,Tank,4643,0.8980318654263445,0.9230791338273605,0.9728655242187496,0.33062014156282327,False,0.6609647663410109
counter,Winter Soldier,Psylocke,Damage,Damage,10642,-0.8973685654181742,0.6053299674095906,-1.4824453004669742,0.13822184792584954,False,0.456113085521476
counter,Doctor Strange,Namor,Tank,Damage,10704,0.8964335550966245,0.6733205969571499,1.3313621462758751,0.18306987854874013,False,0.5121436167351525
counter,Hulk,Rogue,Tank,Tank,4382,0.8933657323176849,0.936022927330738,0.9544271900105067,0.33986744846586814,False,0.6634782816399313
counter,The Punisher,Elsa Bloodstone,Damage,Damage,6598,0.8931523078093969,0.7352616823217771,1.2147407233150511,0.22446499535628361,False,0.5597624988146823
counter,Angela,The Hood,Tank,Tank,18061,0.8929530807868099,0.6128060125578755,1.4571545684736185,0.14507371821311046,False,0.4652832219161123
counter,Iron Fist,Deadpool (Duelist),Damage,Damage,4941,-0.8921400331816742,0.8221775789396492,-1.0850940916343823,0.2778799839011298,False,0.6071348646437253
counter,Thor,Star-lord,Tank,Damage,4264,0.8916368017114394,0.9126563920285488,0.9769687798160386,0.32858460878340867,False,0.6590923716316032
counter,Venom,Cyclops,Tank,Damage,11516,-0.8904415191378865,0.6268812220501787,-1.4204309968413937,0.15548224408504482,False,0.4758278543170046
counter,Gambit,Deadpool (Duelist),Support,Damage,12354,0.8897835940890126,0.7361314771944845,1.2087291763152435,0.22676690872819372,False,0.5598787722061143
counter,Groot,Winter Soldier,Tank,Damage,13998,0.8876203726956843,0.5900003248362639,1.5044404813539984,0.13246798758838896,False,0.4472114518068671
counter,Rocket Raccoon,Thor,Support,Tank,16616,-0.8825465074178211,0.7142061552029729,-1.2357027463128023,0.21656907634807687,False,0.5547569911049844
counter,Magneto,Peni Parker,Tank,Tank,16703,-0.8795510810127796,0.6267406472595536,-1.4033732850400702,0.1605055550454958,False,0.4801157438330978
counter,Ultron,Emma Frost,Support,Tank,6828,-0.8791846076255414,0.7972246929576823,-1.1028065429882636,0.2701111861015033,False,0.6027876608907037
counter,Black Panther,Deadpool (Duelist),Damage,Damage,3571,0.8781637927311384,0.9254320735637365,0.9489230142515234,0.34265976852130475,False,0.6656200685689151
counter,Namor,Phoenix,Damage,Damage,3759,0.8779762757564216,0.9168597074340092,0.9575906418808504,0.3382692198781778,False,0.6629966164115593
counter,The Punisher,Daredevil,Damage,Damage,5890,-0.8778788428140261,0.7646067044371159,-1.1481443174897326,0.25090899160596924,True,0.5841947525351615
counter,Emma Frost,White Fox,Tank,Support,17072,-0.8777680669895717,0.6469237218594897,-1.3568339470788813,0.17483397843183124,False,0.4981314896175334
counter,Adam Warlock,Invisible Woman,Support,Support,9877,0.8757753211976542,0.7520088700264801,1.1645811054952264,0.24418859564017437,False,0.5813997775973033
counter,Blade,Black Cat,Damage,Damage,3145,-0.8754026679723242,0.9817496783404527,-0.8916760425652523,0.37256659827970395,False,0.6866870695530443
counter,Doctor Strange,Magik,Tank,Damage,21517,-0.8721453865136122,0.5081769337644216,-1.7162238751236147,0.08612107500738032,True,0.3593121025090529
counter,Black Panther,Cyclops,Damage,Damage,6623,-0.8715060285281089,0.7247774331152699,-1.2024464183192953,0.22919061401633212,False,0.5633486506405541
counter,Rocket Raccoon,Psylocke,Support,Damage,9369,-0.87104744146266,0.7328425928864727,-1.1885873582099467,0.23460208494123236,False,0.5702233047355789
counter,Black Widow,Scarlet Witch,Damage,Damage,3407,0.8670929318705349,0.9412839919906215,0.921181003022066,0.3569559347069988,False,0.6737508161778837
counter,Groot,The Thing,Tank,Tank,7614,-0.8666772494981055,0.7797526621308799,-1.111477128054531,0.26636302966274983,False,0.5977595024891832
counter,Luna Snow,Phoenix,Support,Damage,9144,0.863894300659467,0.7519413360840933,1.1488852377213288,0.2506033055766288,False,0.5841947525351615
counter,Rocket Raccoon,Hela,Support,Damage,22230,-0.8626532990955539,0.5950111766984418,-1.4498102437036338,0.14711144215520675,False,0.4680225441585178
counter,Black Panther,Iron Fist,Damage,Damage,5813,0.8603951936440747,0.7662434771280614,1.1228744117586502,0.26149083641273796,False,0.5929267642288831
counter,Psylocke,Cyclops,Damage,Damage,5184,-0.8591096686494083,0.7965077447821862,-1.0785954992620208,0.2807680885663948,False,0.6106642288946339
counter,Scarlet Witch,Deadpool (Duelist),Damage,Damage,2867,0.8581141818866134,1.021466597742978,0.840080511475063,0.4008632462599041,False,0.7060726341978781
counter,Squirrel Girl,Magneto,Damage,Tank,12062,-0.8578377988108936,0.6636950808769053,-1.2925179401322031,0.1961778371837889,False,0.5282049735172947
counter,Thor,Mister Fantastic,Tank,Damage,3625,-0.8571373117001136,0.9472631743608773,-0.9048565751312228,0.3655413749598625,False,0.6800888072750932
counter,Black Widow,Deadpool (Vanguard),Damage,Tank,3429,0.8557646273261962,0.9638743854122509,0.8878383327514031,0.37462772004129175,False,0.6867888353329851
counter,Mantis,Ultron,Support,Support,5893,-0.8555856604563925,0.8604759280568315,-0.9943167874417098,0.3200686653308864,False,0.6529291905857113
counter,Hela,The Hood,Damage,Tank,44744,-0.8542963447440405,0.45169314964601015,-1.8913201260934522,0.05858162366330438,False,0.307917050937548
counter,Magik,Invisible Woman,Damage,Support,35632,0.8540623009781692,0.5161182496579797,1.654780278636025,0.09796907580596394,False,0.384588780950925
counter,Iron Man,Namor,Damage,Damage,4061,0.8533904738183344,0.8863389758452143,0.9628262967952413,0.335634701608285,False,0.6629966164115593
counter,Venom,Deadpool (Strategist),Tank,Support,6565,-0.8523580165563163,0.8653847483171054,-0.9849468900554096,0.32465015925223684,False,0.655034257397911
counter,Human Torch,Gambit,Damage,Support,11358,-0.8523439657732126,0.7561460332237224,-1.1272213677288814,0.2596488983677019,False,0.5920775931240283
counter,Rocket Raccoon,Star-lord,Support,Damage,10412,-0.852047870907942,0.7357322396022228,-1.158095058289964,0.2468252464371391,False,0.5839756684670753
counter,Blade,Namor,Damage,Damage,3831,-0.8518394491568102,0.9101608352560384,-0.9359218900219742,0.34931340572738734,False,0.6706813900164956
counter,Rogue,Deadpool (Duelist),Tank,Damage,3302,0.8498746146290821,1.0076294875362781,0.8434396026927344,0.3989826310174207,False,0.7058453381852429
counter,Rocket Raccoon,Scarlet Witch,Support,Damage,8958,0.844044978515496,0.7486857996112014,1.1273687559638708,0.25958660333261174,False,0.5920775931240283
counter,Mantis,Magneto,Support,Tank,63197,0.8439197547526369,0.486478723500463,1.7347516221885368,0.08278480842236018,False,0.3558616009844187
counter,Human Torch,The Hood,Damage,Tank,22529,-0.8433858156808943,0.5792878918167961,-1.4559009908455347,0.14541999173175318,False,0.46559949409394935
counter,Magik,Peni Parker,Damage,Tank,6331,-0.8429402507098515,0.7606687533703308,-1.1081567988365455,0.26779410457339825,False,0.5998487925971824
counter,Cyclops,The Hood,Damage,Tank,43886,-0.8424341611384919,0.46070468365626294,-1.8285773751044427,0.06746294460960849,False,0.32099552096608436
counter,Black Panther,Ultron,Damage,Support,2874,0.8419875187355766,1.0812339765071954,0.7787283206318788,0.4361397695947973,False,0.7320656153280655
counter,Emma Frost,Angela,Tank,Tank,8261,-0.84088924497576,0.7361935780319131,-1.1422121437458512,0.2533658494324036,False,0.5850267250470664
counter,Black Panther,Gambit,Damage,Support,13160,0.8407369540681211,0.729464735729756,1.152539544255074,0.24909942973700994,False,0.5841947525351615
counter,Magneto,Black Cat,Tank,Damage,24612,-0.8403235839198127,0.5511805779546509,-1.5245885242149284,0.1273617615080482,False,0.4371113960769781
counter,Magik,Wolverine,Damage,Damage,6432,-0.8392965746641947,0.7275893073983323,-1.1535306609511595,0.24869264018918058,False,0.5841947525351615
counter,Winter Soldier,Elsa Bloodstone,Damage,Damage,19962,-0.8382583035336443,0.4905293007124681,-1.7088852843573628,0.08747220087479589,True,0.36261201797916776
counter,Magik,Winter Soldier,Damage,Damage,33523,-0.8367606668907729,0.38962200954870313,-2.1476216599262137,0.03174382330965725,False,0.22464139268397565
counter,The Punisher,Blade,Damage,Damage,3734,0.8365574513402125,0.92060188673903,0.9087070789127741,0.36350476653244435,False,0.6791650583421605
counter,Daredevil,Cyclops,Damage,Damage,7877,-0.8338960739598297,0.6769641179509002,-1.2318172438503037,0.21801736037008068,False,0.5555378358681305
counter,Hulk,Scarlet Witch,Tank,Damage,3553,0.8333942992316099,0.9628628411015545,0.8655379184413979,0.3867436131935431,False,0.6943897112974131
counter,Human Torch,Namor,Damage,Damage,4234,0.8301854831907673,0.8823656664362787,0.9408633118554376,0.34677491094646096,False,0.6695116759774276
counter,Captain America,Emma Frost,Tank,Tank,5924,-0.8286377939049839,0.8201535426763813,-1.0103447108219714,0.31233016708027794,False,0.6426072648589938
counter,Magik,Luna Snow,Damage,Support,30804,-0.8274309895982889,0.5247351863346661,-1.5768544041766799,0.11482903003379949,False,0.41675467935111193
counter,Phoenix,Devil Dinosaur,Damage,Tank,3283,0.8246637666332571,1.0092654724026002,0.8170930138629526,0.41387527503890154,False,0.7144141787640269
counter,Black Widow,Deadpool (Strategist),Damage,Support,4734,0.824551875050437,0.9144529245973717,0.9016887068445677,0.3672222537319877,False,0.6818623736091629
counter,Doctor Strange,Phoenix,Tank,Damage,6454,0.822037995268107,0.7833512195326704,1.04938624562111,0.2940003860196392,False,0.6263827052052525
counter,Mantis,Luna Snow,Support,Support,30641,0.8205353674194513,0.5828014559671537,1.4079157816409027,0.15915600939276586,False,0.4787930183313936
counter,Cloak & Dagger,Magneto,Support,Tank,129104,-0.8181678924311353,0.42897749736016333,-1.9072513068073902,0.056488052407003476,False,0.3018147833505598
counter,Hulk,Angela,Tank,Tank,3995,-0.8175962912819659,0.9472188207175356,-0.8631546094730483,0.38805246621873823,False,0.6945895108191023
counter,Iron Man,Phoenix,Damage,Damage,2576,-0.8170794332116,1.0682760987936109,-0.7648579184110889,0.44435615458150923,False,0.7367038112239397
counter,Cloak & Dagger,Iron Fist,Support,Damage,26996,0.8166682752652837,0.6316495395918844,1.2929135922317652,0.19604094592019083,False,0.5282049735172947
counter,Winter Soldier,Wolverine,Damage,Damage,10052,-0.8151142376605679,0.6216342951952892,-1.3112439966081604,0.18977534242365734,False,0.5202866950690025
counter,Spider-man,Star-lord,Damage,Damage,7522,-0.8148756056533082,0.6938718366517846,-1.174389220904852,0.24023916078629348,False,0.5777258258219083
counter,Devil Dinosaur,Jubilee,Tank,Support,21503,-0.814710224761048,0.7132308050111046,-1.1422813190862717,0.25333710370062046,False,0.5850267250470664
counter,The Hood,Deadpool (Duelist),Tank,Damage,23872,-0.8139541032306056,0.5735613188166194,-1.4191230763433773,0.15586313729681645,False,0.4758278543170046
counter,Ultron,The Thing,Support,Tank,4925,0.813495302032967,0.8906959628883699,0.9133254622541964,0.36107139467460514,False,0.6767267779877951
counter,Luna Snow,Star-lord,Support,Damage,10276,0.8103074255423703,0.7399314448405313,1.0951114879527877,0.27346779638434127,False,0.6052114792675597
counter,Mister Fantastic,Namor,Damage,Damage,3252,-0.8078730819655815,0.9695041304965571,-0.8332848273186911,0.40468411132313864,False,0.7096763034095099
counter,Spider-man,Daredevil,Damage,Damage,11469,-0.8059763286538398,0.5844801527310011,-1.3789626985414152,0.16790625504014134,False,0.48765993443256545
counter,Spider-man,Invisible Woman,Damage,Support,33340,0.8044426316713987,0.5218417183897456,1.5415452680818214,0.12318413446179764,False,0.4307853331980358
counter,Magik,Rogue,Damage,Tank,8245,0.8027011813722725,0.7002213847085982,1.1463534232196038,0.25164894638186375,False,0.5844199635722083
counter,Magneto,Iron Fist,Tank,Damage,35362,-0.8020914486894786,0.5080467264349339,-1.5787749570160912,0.11438768469336096,False,0.41639711406653074
counter,Magneto,Wolverine,Tank,Damage,18405,-0.8008689886528388,0.603434341330897,-1.3271849707567063,0.18444750273769528,False,0.5139251557116503
counter,Luna Snow,Deadpool (Strategist),Support,Support,11731,-0.7985190223411223,0.77156911461899,-1.0349287020585842,0.3007022093024897,False,0.6333490782411526
counter,Black Panther,Spider-man,Damage,Damage,10076,-0.7951904912054444,0.6122908099127372,-1.2987137457097775,0.1940421850055115,False,0.524326617511517
counter,Captain America,Thor,Tank,Tank,3004,-0.7944987014171021,1.0511314627604387,-0.7558509373609861,0.44973857272504536,True,0.7412943353648691
counter,Cloak & Dagger,Devil Dinosaur,Support,Tank,23337,-0.7936904208701088,0.7180681924901825,-1.1053134356469356,0.26902379811659016,False,0.6014800481656103
counter,Blade,Gambit,Damage,Support,9708,-0.7930985085505163,0.7581728665093298,-1.0460655393828404,0.2955307741787987,False,0.6279382505489465
counter,Adam Warlock,The Thing,Support,Tank,5169,-0.7922090712602079,0.8638798890665075,-0.9170361311643154,0.3591237071804281,False,0.6751863428885948
counter,Magik,Emma Frost,Damage,Tank,25590,0.7919557572579471,0.4783395199494105,1.6556352219061994,0.09779571283959396,False,0.384588780950925
counter,Hulk,The Thing,Tank,Tank,10382,-0.7915847016848514,0.6962788334528476,-1.1368788819263425,0.2555889214653134,False,0.5883541997129884
counter,Jeff The Land Shark,Psylocke,Support,Damage,3283,-0.790238553477654,1.017204368729705,-0.7768729448778439,0.43723373482026984,False,0.7320796163206044
counter,Luna Snow,Jubilee,Support,Support,57763,-0.7882596952310127,0.49727756687907565,-1.5851503219382022,0.1129321844843133,False,0.41489174667361045
counter,Spider-man,Rogue,Damage,Tank,7579,0.7861910286668852,0.7157107501264307,1.0984759255439491,0.2719967244534256,False,0.6042998823894791
counter,Squirrel Girl,Invisible Woman,Damage,Support,7267,-0.7857910408479681,0.7795333259096399,-1.0080275143221442,0.3134412536145982,False,0.6438976218056578
counter,Rocket Raccoon,Moon Knight,Support,Damage,10793,0.783998000618511,0.7137494065523373,1.0984219299116469,0.27202029073123934,False,0.6042998823894791
counter,Jubilee,The Hood,Support,Tank,127143,0.7838761942241161,0.41921376953048034,1.8698722494303035,0.06150156026828421,True,0.3106770576983087
counter,Groot,Black Widow,Tank,Damage,5166,0.7829982118648188,0.844091679068368,0.9276222373486982,0.3536035585146896,False,0.6711776811595177
counter,Hulk,Gambit,Tank,Support,16498,-0.7807771068005227,0.7165140468357613,-1.0896884858692684,0.27585038981371,False,0.6067917799737723
counter,Magik,Daredevil,Damage,Damage,12091,-0.7794768340226745,0.5753728799812012,-1.3547333583886363,0.17550252567072255,False,0.49855640634255555
counter,Spider-man,Thor,Damage,Tank,11831,-0.7777895321295994,0.6110864393564336,-1.2727978924695653,0.20308976924655153,False,0.5332216936851971
counter,Blade,Invisible Woman,Damage,Support,10837,-0.7760035946146594,0.7236680323648224,-1.0723198482027918,0.2835763947906713,False,0.612331027095248
counter,Groot,Jubilee,Tank,Support,17272,-0.7732322433857984,0.7184529319863718,-1.0762462075949406,0.28181715924167117,False,0.61128333184518
counter,Mantis,Captain America,Support,Tank,4952,-0.7728671982518126,0.8915304621475504,-0.866899372557728,0.38599714734445634,False,0.6943897112974131
counter,Luna Snow,Black Widow,Support,Damage,18203,0.7712588795390263,0.6395073618248712,1.2060203299899386,0.22780965171048073,False,0.5611040600138021
counter,Hulk,Loki,Tank,Support,4118,-0.7694219496676727,0.9993951179493051,-0.7698876408826945,0.44136654581815316,False,0.7358693492546613
counter,Magik,Jubilee,Damage,Support,45283,0.7680322483584827,0.4968402948941459,1.5458332511498802,0.12214484432760067,False,0.42846614333236616
counter,Winter Soldier,Emma Frost,Damage,Tank,39557,-0.7652633397823206,0.4160707519591715,-1.8392625200855623,0.065876582902085,False,0.31798374724768996
counter,The Punisher,Thor,Damage,Tank,6152,-0.7650436815404446,0.796929668117196,-0.9599889578059199,0.33706077237443843,False,0.6629966164115593
counter,Human Torch,Black Widow,Damage,Damage,5202,0.7645013767920569,0.8005070045967764,0.9550214706455242,0.33956683928161857,False,0.6634782816399313
counter,Mantis,Angela,Support,Tank,7263,-0.7644004793417201,0.8129298893640413,-0.9403030806749078,0.3470621198368864,False,0.6695116759774276
counter,Rocket Raccoon,Emma Frost,Support,Tank,33210,-0.7583864983409483,0.5562126012362182,-1.363483129751799,0.17273029772256332,False,0.4938974782317394
counter,Invisible Woman,Deadpool (Strategist),Support,Support,14137,-0.7582567667528715,0.7523005247796057,-1.0079173704883573,0.31349413183368413,False,0.6438976218056578
counter,Doctor Strange,Black Panther,Tank,Damage,9039,0.757629603510336,0.7015743476315738,1.079899238146317,0.2801870525775144,False,0.6099534837871661
counter,The Punisher,Rogue,Damage,Tank,4187,-0.7574625274679051,0.9265842238401548,-0.8174783338406753,0.4136551259906449,False,0.7144141787640269
counter,Magik,Phoenix,Damage,Damage,6736,0.7573357376893013,0.7271212762456166,1.0415535378082905,0.29761871934867923,False,0.63005515929287
counter,Loki,Venom,Support,Tank,5276,-0.7569049698011653,0.9062517346104958,-0.8352038852940575,0.4036029224917971,False,0.7088165527509672
counter,Venom,Jeff The Land Shark,Tank,Support,7885,-0.7568503030652658,0.8195241646022807,-0.9235240835547164,0.35573415565402655,True,0.6730333118407017
counter,Mantis,Psylocke,Support,Damage,6985,0.7561422490572047,0.8081555470877829,0.9356394963593211,0.3494588318135138,False,0.6706813900164956
counter,Hela,Winter Soldier,Damage,Damage,25874,-0.7556576190335039,0.4347862416275505,-1.7379980015117877,0.08221116591747919,False,0.3558616009844187
counter,Venom,Namor,Tank,Damage,7679,0.7554857367193175,0.7379667766869552,1.0237394969337403,0.3059583344907584,False,0.6378147251224227
counter,Iron Fist,Black Cat,Damage,Damage,5704,-0.7528799079427528,0.7829080128995143,-0.9616454239042057,0.3362277457888663,False,0.6629966164115593
counter,Loki,Namor,Support,Damage,3472,0.7526120122986717,1.037216575521106,0.7256073900675502,0.46807948941933486,False,0.7522637001153496
counter,Winter Soldier,Blade,Damage,Damage,10460,0.751400737748315,0.6101555616066359,1.2314904346192606,0.2181394920332551,False,0.5555378358681305
counter,White Fox,Cyclops,Support,Damage,11839,0.7489114898272287,0.6869508294067606,1.0901966454774883,0.2756265307131053,False,0.6067917799737723
counter,Black Widow,Jeff The Land Shark,Damage,Support,6038,-0.7476845981758528,0.8399357609731501,-0.8901687878006109,0.37337526146148636,False,0.6867888353329851
counter,Hulk,White Fox,Tank,Support,8056,-0.7470631239584833,0.829781000954453,-0.900313604552498,0.36795338315460924,False,0.6826915438421559
counter,Thor,Angela,Tank,Tank,4030,0.7453793415725019,0.9470270991122813,0.7870728749696826,0.4312392070561951,True,0.727526622874692
counter,Peni Parker,Deadpool (Strategist),Tank,Support,2684,-0.7450138497673039,1.1452603169941222,-0.6505192214488712,0.5153568898631333,False,0.7790429607949949
counter,Thor,Jeff The Land Shark,Tank,Support,6038,0.7427107559607451,0.9090880692471495,0.8169843836756238,0.4139373524310118,False,0.7144141787640269
counter,Spider-man,Deadpool (Vanguard),Damage,Tank,5530,0.7413605778247512,0.7929969236288349,0.9348845572214953,0.349847796379263,False,0.6708911778687866
counter,Black Panther,White Fox,Damage,Support,6918,0.7408987660813359,0.8369699380715689,0.8852155046194525,0.37604041157296564,False,0.6873934152527693
counter,Star-lord,Rogue,Damage,Tank,2696,-0.7407304581928029,1.0967323453063718,-0.6753976586565249,0.49942315264298254,False,0.7707687649036871
counter,Cloak & Dagger,Gambit,Support,Support,51149,0.7399949291877286,0.5160534229767935,1.4339502389484309,0.15158646365881953,False,0.4740098103358203
counter,Captain America,Jeff The Land Shark,Tank,Support,2545,0.7384238956889385,1.1370224972199696,0.6494364865201803,0.516056286820544,False,0.7792668539883666
counter,White Fox,Rogue,Support,Tank,5357,0.7380329304302321,0.9173664117614687,0.8045127017601486,0.4211009367160903,False,0.7216424808705593
counter,Daredevil,Rogue,Damage,Tank,4090,-0.7376804913221444,0.9243788412643835,-0.7980283173867659,0.4248540574434292,False,0.7238589846254662
counter,Spider-man,The Hood,Damage,Tank,57445,0.7361795516336046,0.40548118526044646,1.8155701877036434,0.0694363302182908,False,0.32471784755271005
counter,Squirrel Girl,Gambit,Damage,Support,6417,-0.7343406905375719,0.7926090696778116,-0.926485348995659,0.35419380756479757,False,0.6711776811595177
counter,Captain America,Elsa Bloodstone,Tank,Damage,2930,-0.7342801579865695,1.0481306610582706,-0.7005616620786437,0.48357661102246396,False,0.765695267037391
counter,Groot,Invisible Woman,Tank,Support,14009,0.733700862111615,0.7481548088107448,0.9806805402719986,0.3267503030807243,False,0.6559614871051528
counter,Hawkeye,Rocket Raccoon,Damage,Support,8110,-0.7317833355599014,0.7402244397929183,-0.9885965610168473,0.32286056945579866,False,0.6533707897656446
counter,The Punisher,Squirrel Girl,Damage,Damage,2617,-0.7293655912338894,1.0750953508362746,-0.6784194449976408,0.49750578350138963,False,0.7707687649036871
counter,Human Torch,Emma Frost,Damage,Tank,9449,0.7287105605236213,0.6939713914250778,1.0500585031714438,0.2936912159093531,False,0.6262802017480338
counter,The Punisher,Invisible Woman,Damage,Support,17553,-0.726354195281134,0.6828903078971978,-1.063646953077681,0.2874886636454328,False,0.615790450076244
counter,The Punisher,Namor,Damage,Damage,5824,-0.7239651830473638,0.7714034410021934,-0.9385039585859267,0.34798548357720194,False,0.6699977328264105
counter,Hulk,Hela,Tank,Damage,9164,-0.723425828855891,0.6743167701452524,-1.0728278768746329,0.2833483506544153,False,0.612331027095248
counter,Mister Fantastic,Gambit,Damage,Support,8178,-0.7205710243367349,0.7419657743899479,-0.9711647749914017,0.3314662318447156,False,0.6610037324983148
counter,Mantis,Spider-man,Support,Damage,21992,-0.7191657878054222,0.5572210225465399,-1.2906293171043388,0.19683224505505115,False,0.5287800177906693
counter,The Punisher,Spider-man,Damage,Damage,10507,-0.7191259640641754,0.6031756685194151,-1.1922330451912586,0.23316987956972335,False,0.5690483632632414
counter,Rocket Raccoon,Ultron,Support,Support,8304,-0.7179781745694286,0.7953841364513915,-0.9026810338117757,0.3666952052573139,False,0.6814111521396561
counter,Black Panther,Iron Man,Damage,Damage,3373,0.7152379610631364,0.9521040052854389,0.7512183092315734,0.45252128303452566,False,0.7412943353648691
counter,Groot,Iron Fist,Tank,Damage,5088,-0.712398790878541,0.8544851303757299,-0.8337170133847601,0.40444046858682525,False,0.7096763034095099
counter,Black Widow,White Fox,Damage,Support,7644,-0.7123420250388519,0.7829146854552647,-0.9098590667316775,0.36289683938479067,False,0.6791650583421605
counter,Human Torch,Peni Parker,Damage,Tank,2591,0.7122290904892216,1.1023360685862005,0.6461088508177819,0.5182088637945894,False,0.7794115599877157
counter,Hawkeye,Luna Snow,Damage,Support,8238,-0.712090736353706,0.7454562070682004,-0.955241541490791,0.33945556256198506,False,0.6634782816399313
counter,Magneto,Adam Warlock,Tank,Support,16877,0.7120158762577254,0.6417269859242295,1.1095308314520456,0.26720125151639285,False,0.5990801891475013
counter,Rocket Raccoon,Black Panther,Support,Damage,13612,-0.7114804208175148,0.7176924233815181,-0.9913444779941601,0.3215174014754073,False,0.6533707897656446
counter,Elsa Bloodstone,The Hood,Damage,Tank,36206,-0.7110491515766592,0.4963954816658588,-1.432424705378949,0.15202231232790858,False,0.47425426173556917
counter,Magik,Blade,Damage,Damage,7353,0.708326422555477,0.6955251463914729,1.018405195312376,0.30848543423981567,False,0.6396340161982003
counter,Thor,Deadpool (Strategist),Tank,Support,5107,-0.7078066560394555,0.9535941700385954,-0.7422514506467757,0.45793500089041395,False,0.7448041133126123
counter,Gambit,Black Cat,Support,Damage,11687,0.7045789278125645,0.7382681579099131,0.954367217742771,0.33989779413733867,False,0.6634782816399313
counter,Doctor Strange,Iron Fist,Tank,Damage,11433,-0.7022533103825195,0.645745164375497,-1.0875084307625777,0.27681217470125197,False,0.6067917799737723
counter,Doctor Strange,Adam Warlock,Tank,Support,5396,0.7020246713424444,0.863468797028528,0.8130284195078452,0.4162017643054319,False,0.7167753284771938
counter,The Punisher,White Fox,Damage,Support,7646,0.700915226974256,0.8124005548524348,0.86277049269319,0.38826366569754733,False,0.6945895108191023
counter,Magik,Magneto,Damage,Tank,61751,0.7008548291024146,0.40490478512228684,1.730912685783021,0.08346733868686872,False,0.35606175117907607
counter,The Punisher,Groot,Damage,Tank,4478,0.6998342613734495,0.9050240141139498,0.7732770075262717,0.4393584601079499,False,0.7339978731190611
counter,Captain America,Magneto,Tank,Tank,13139,0.6984681842516787,0.6781019150461518,1.0300342304801495,0.3029939371302862,False,0.6364995229208027
counter,Scarlet Witch,Black Cat,Damage,Damage,3636,0.698062145344833,0.9281602202522191,0.7520922897936101,0.4519955603152691,False,0.7412943353648691
counter,Adam Warlock,Gambit,Support,Support,7767,0.6949406982303693,0.7892943965035405,0.8804581678380787,0.37861115727069794,False,0.6896645150284012
counter,Captain America,Namor,Tank,Damage,2696,-0.6943931346109985,1.0826349029371807,-0.6413917865820831,0.5212681679507629,False,0.7805234095619077
counter,Mantis,Rocket Raccoon,Support,Support,30266,-0.6936627687605806,0.5903243194610772,-1.1750536881046065,0.23997323722002029,False,0.5777258258219083
counter,Human Torch,The Thing,Damage,Tank,7690,-0.6936614808773006,0.7402016624599591,-0.9371249972230696,0.34869426451088104,True,0.6706813900164956
counter,Blade,The Thing,Damage,Tank,5958,0.6906688674770838,0.7977778909585278,0.8657407974132338,0.38663232173626505,False,0.6943897112974131
counter,Emma Frost,Deadpool (Strategist),Tank,Support,9922,-0.6883036087532508,0.748569884865091,-0.919491449856146,0.35783857576789135,False,0.673826329095111
counter,Black Widow,Thor,Damage,Tank,6691,-0.6874617182617522,0.7561978032785971,-0.9091030353184967,0.36329574054973324,False,0.6791650583421605
counter,Hulk,Human Torch,Tank,Damage,4505,0.6866573080985493,0.8968818214766191,0.7656051127985204,0.4439113013651408,False,0.7364752503284735
counter,The Punisher,Jubilee,Damage,Support,22581,0.6856913121900976,0.6561860541821575,1.044964774578628,0.29603925025879885,False,0.6279382505489465
counter,Cloak & Dagger,Iron Man,Support,Damage,17097,0.6841279163291525,0.6664774966436271,1.0264831442538012,0.3046639047708546,False,0.6375660311160561
counter,Hulk,Mister Fantastic,Tank,Damage,3530,-0.6837256278455076,0.9593643846504929,-0.7126860646328834,0.4760400415583732,False,0.7588173154143105
counter,Peni Parker,Emma Frost,Tank,Tank,7877,0.6777569134748752,0.7470239682763123,0.9072759941541576,0.3642608655364683,False,0.6800481061649708
counter,Moon Knight,Gambit,Damage,Support,10900,0.6755608801658476,0.7255892842893978,0.9310513465306406,0.3518270042926297,False,0.6711776811595177
counter,Hela,Squirrel Girl,Damage,Damage,3377,0.674039217807797,0.9503107400819244,0.7092829633280682,0.4781488985351071,False,0.7604571127249246
counter,Cloak & Dagger,Deadpool (Vanguard),Support,Tank,13638,0.6738992486010086,0.7094843111899863,0.9498437639455444,0.3421916448775263,False,0.6652493971322412
counter,Devil Dinosaur,Deadpool (Strategist),Tank,Support,4489,-0.6735613802503619,1.009111899173965,-0.6674793754802845,0.5044659793690911,False,0.7719560955142087
counter,Peni Parker,The Hood,Tank,Tank,16904,-0.6722193458885697,0.6277953883929688,-1.0707618410662707,0.28427652867387165,False,0.6127397954075634
counter,Mister Fantastic,Iron Fist,Damage,Damage,3631,-0.6711531959032146,0.9190455496612688,-0.7302719611128965,0.4652239635633284,False,0.750048581040608
counter,Invisible Woman,Iron Fist,Support,Damage,19485,-0.6698754930813198,0.6555812324668479,-1.0218039503063334,0.30687369932850417,False,0.6378147251224227
counter,Invisible Woman,White Fox,Support,Support,23464,0.6650151775845043,0.6508515855119679,1.0217616310504878,0.3068937333282019,False,0.6378147251224227
counter,Star-lord,Jeff The Land Shark,Damage,Support,3808,0.6636602139408002,0.9842168667441222,0.6743028252871218,0.5001188082025938,False,0.7710548917324587
counter,Loki,Magneto,Support,Tank,21043,-0.6627393493214129,0.6363459878355525,-1.0414764326174726,0.2976544855202772,False,0.63005515929287
counter,Spider-man,Emma Frost,Damage,Tank,23653,0.662416992986124,0.4866370861139366,1.3612135447297826,0.17344621499511848,False,0.49476512458179456
counter,Invisible Woman,Jubilee,Support,Support,68716,0.6617878407223671,0.48363886213403573,1.368351248289388,0.1712021564478008,False,0.4918730219380528
counter,Hulk,Black Cat,Tank,Damage,5495,0.6613625246402547,0.8348609070515614,0.7921828882561496,0.42825404466932615,False,0.725551873701775
counter,Namor,Deadpool (Vanguard),Damage,Tank,3555,0.6603072114636942,0.9767472795604089,0.6760266706459316,0.49902371187403816,False,0.7707687649036871
counter,Doctor Strange,Mister Fantastic,Tank,Damage,5738,-0.6588231643037046,0.8047946284434478,-0.8186227156832961,0.4130017026675279,False,0.7144141787640269
counter,Venom,White Fox,Tank,Support,11261,-0.6573693527476028,0.7462447537611105,-0.8809031479744798,0.37837024349825665,False,0.6896645150284012
counter,Jubilee,Deadpool (Duelist),Support,Damage,17845,-0.6549287222261274,0.6783049043394385,-0.9655373535356113,0.33427573599784544,False,0.6629966164115593
counter,Blade,Deadpool (Strategist),Damage,Support,3177,-0.6538755300745783,1.0378498350584144,-0.6300290350171666,0.5286755877818935,False,0.7858071468951441
counter,The Punisher,Mantis,Damage,Support,11387,-0.6532898755424859,0.730170391393512,-0.8947088011822808,0.37094277266054976,False,0.6861415880209867
counter,Mantis,Mister Fantastic,Support,Damage,5745,-0.6517928292184111,0.812080915795963,-0.8026205474605383,0.4221940883762362,False,0.7216424808705593
counter,Human Torch,Iron Fist,Damage,Damage,4986,0.6517788931050917,0.8214123351469867,0.793485640787778,0.4274949320289526,False,0.7248976424216401
counter,Namor,White Fox,Damage,Support,7890,0.6514324359695691,0.8106934409099145,0.8035496564995118,0.421657107813187,False,0.7216424808705593
counter,Wolverine,Elsa Bloodstone,Damage,Damage,3637,0.6512321601231261,0.9195577204420404,0.7082015034467574,0.4788201326601501,False,0.7607215220209934
counter,Hela,Jubilee,Damage,Support,31309,0.6489722221723379,0.5631796481003678,1.152336069602928,0.24918300049182895,False,0.5841947525351615
counter,The Punisher,Devil Dinosaur,Damage,Tank,5161,0.6475350869690276,0.8549348929156251,0.7574086545476089,0.44880507272159853,True,0.7404975030667915
counter,Cloak & Dagger,Spider-man,Support,Damage,44291,0.6469721859919796,0.5066454663265486,1.2769722202053337,0.2016120549911512,False,0.5332216936851971
counter,The Punisher,Venom,Damage,Tank,7970,0.6469579287807465,0.7257293782142339,0.8914589214683352,0.3726830198241199,False,0.6866870695530443
counter,Spider-man,Deadpool (Strategist),Damage,Support,8863,-0.6463614685002379,0.7230429048144351,-0.8939462156344967,0.37135066876350675,False,0.6861415880209867
counter,Black Widow,Spider-man,Damage,Damage,12559,0.6453873002418189,0.557151127752319,1.1583702663323427,0.2467129676973281,False,0.5839756684670753
counter,Jeff The Land Shark,Deadpool (Duelist),Support,Damage,4091,-0.6441001468502707,0.9651751634457272,-0.6673401588068207,0.5045548802693953,False,0.7719560955142087
counter,Cloak & Dagger,White Fox,Support,Support,28687,0.6424228865672116,0.6287272158572071,1.0217831682239678,0.3068835374894636,False,0.6378147251224227
counter,Loki,Devil Dinosaur,Support,Tank,3222,0.6424084451895417,1.113646229932251,0.5768514523940182,0.5640398083731253,False,0.8108292154938785
counter,Loki,Thor,Support,Tank,3904,0.6423650259674438,1.0132570546768278,0.6339605759491328,0.5261065511244986,False,0.7829588189501688
counter,Luna Snow,Emma Frost,Support,Tank,33636,0.6396078712191936,0.5448757671320669,1.1738600058977584,0.24045110416083815,True,0.5777258258219083
counter,Adam Warlock,Jubilee,Support,Support,12051,-0.6373057094641279,0.7122770493089348,-0.8947441309283437,0.3709238820274394,False,0.6861415880209867
counter,Winter Soldier,Jubilee,Damage,Support,66072,0.637119606310336,0.43105850061964424,1.4780351283978395,0.13939837597850444,False,0.4568534207273663
counter,Black Widow,The Hood,Damage,Tank,34110,-0.6364735533844076,0.4984629339380406,-1.2768723811739267,0.20164730629685235,False,0.5332216936851971
counter,Black Panther,Venom,Damage,Tank,7314,-0.6324111371657688,0.740810704615945,-0.8536744045749537,0.39328541980979104,False,0.6999568832021767
counter,Jeff The Land Shark,The Thing,Support,Tank,9024,-0.6303226026858929,0.7903984066310861,-0.7974745361298438,0.42517548581968456,False,0.7238589846254662
counter,Psylocke,Gambit,Damage,Support,9385,0.629624551555241,0.7599715923624368,0.8284843247864031,0.4073962686162922,False,0.7101652305340626
counter,Black Panther,Emma Frost,Damage,Tank,10802,-0.6295486277153264,0.6560293138428928,-0.9596349041593162,0.33723899573909655,False,0.6629966164115593
counter,Storm,Cloak & Dagger,Damage,Support,15104,-0.6290920272990362,0.6785648544942955,-0.9270919693709613,0.35387878533099293,False,0.6711776811595177
counter,Human Torch,Blade,Damage,Damage,2630,0.6254493930992124,1.0598410540195038,0.5901350874521819,0.5551000869221316,False,0.8061047872434587
counter,Black Widow,Black Cat,Damage,Damage,4629,-0.6243522752564009,0.8437119461736605,-0.7400064418761839,0.4592960855464949,False,0.7465117271179142
counter,Doctor Strange,Cyclops,Tank,Damage,15378,0.6240676357856917,0.5806016297187089,1.0748637341718128,0.2824357407218876,False,0.6120716729826633
counter,Gambit,Deadpool (Strategist),Support,Support,11010,-0.623605479246759,0.79783984560431,-0.7816173667967408,0.4344394774620145,False,0.730851360201965
counter,Iron Man,Deadpool (Strategist),Damage,Support,3221,-0.6212632196287726,1.0402146648846937,-0.5972452038999457,0.5503436829696604,False,0.8030866760609582
counter,Spider-man,Wolverine,Damage,Damage,5997,0.6202769538479587,0.7475928116519305,0.8296989272507233,0.4067090281337429,False,0.7101652305340626
counter,Hela,Emma Frost,Damage,Tank,19128,-0.6195548462805006,0.5339578925298692,-1.160306561525061,0.2459240139841984,False,0.5839756684670753
counter,Human Torch,Doctor Strange,Damage,Tank,7650,0.6192146090627605,0.7467551391140834,0.8292070273495121,0.4069872691676283,False,0.7101652305340626
counter,Winter Soldier,Namor,Damage,Damage,16064,-0.6170670059124429,0.5263546257550604,-1.1723408054546016,0.24106025495945405,False,0.5777258258219083
counter,Invisible Woman,Black Cat,Support,Damage,15396,-0.6169867542460711,0.6933230609501292,-0.8898979263729567,0.37352069748825956,False,0.6867888353329851
counter,Doctor Strange,Black Widow,Tank,Damage,11433,0.6159689511710486,0.6410748163240466,0.9608378546252117,0.3366337017755726,False,0.6629966164115593
counter,Spider-man,Winter Soldier,Damage,Damage,32749,0.6149507377823361,0.3933887688311416,1.563213763345384,0.11800232390997518,False,0.4208959986679002
counter,Black Panther,Deadpool (Strategist),Damage,Support,4078,-0.6143956791472855,0.9816402905396074,-0.6258867785566874,0.5313892072099886,False,0.7881999071585168
counter,Thor,Rogue,Tank,Tank,4535,0.6125253143728084,0.9230711303799275,0.663573254772575,0.5069634797655072,False,0.7731757075381129
counter,Luna Snow,Mister Fantastic,Support,Damage,7840,-0.6124975201265518,0.7573633743649675,-0.8087234488202145,0.41867423719960783,False,0.7189688582976801
counter,Peni Parker,Daredevil,Tank,Damage,3143,0.611900650159557,1.0036581842563281,0.609670363633762,0.5420801903245709,False,0.7963772886049296
counter,Daredevil,Deadpool (Strategist),Damage,Support,4563,-0.6112951467244618,0.9424895031770906,-0.6485962386464919,0.516599387353798,False,0.7792668539883666
counter,Human Torch,Hela,Damage,Damage,6576,-0.6102991311720701,0.7294797148699419,-0.8366224841233312,0.40280480316435285,False,0.7084521428088582
counter,Wolverine,The Thing,Damage,Tank,5238,-0.6093491125900988,0.8260417700256937,-0.7376734866218028,0.4607128873938916,False,0.7469819972985134
counter,Magneto,Psylocke,Tank,Damage,19319,0.6092680687941096,0.5906389258297849,1.0315406624074983,0.3022873500538418,False,0.6361292568238301
counter,Jubilee,Deadpool (Vanguard),Support,Tank,12834,0.6063292713417696,0.7015495356330409,0.8642715026454267,0.3874387610270157,False,0.6943897112974131
counter,Human Torch,Groot,Damage,Tank,3301,0.6056135505465275,1.013437417581321,0.5975835705690544,0.5501178294159982,False,0.8030866760609582
counter,Scarlet Witch,Rogue,Damage,Tank,2650,0.605130368912993,1.0943398939377198,0.552963820715314,0.5802881843202494,False,0.8216430613310957
counter,Spider-man,Scarlet Witch,Damage,Damage,6588,-0.6046263785983969,0.7205534301716088,-0.8391138717560438,0.4014054125506209,False,0.7065088662574758
counter,Namor,Angela,Damage,Tank,3536,-0.602989699503034,0.9687643111482217,-0.6224317850730322,0.533657985549876,False,0.7902750045272546
counter,Storm,Hela,Damage,Damage,5099,-0.602041834836632,0.8069724096909611,-0.7460500849926089,0.4556371602822681,False,0.7430819493658471
counter,Hulk,Star-lord,Tank,Damage,4303,-0.6009869926972237,0.9142344936449143,-0.6573663506188436,0.5109453826148453,False,0.7766492684266258
counter,Hawkeye,White Fox,Damage,Support,3901,-0.6008756408481462,0.9387848054263758,-0.6400568451629779,0.5221356436232295,False,0.7805234095619077
counter,Scarlet Witch,Winter Soldier,Damage,Damage,9450,-0.5971406664548831,0.6311602254879919,-0.9460999637503994,0.3440976022715093,False,0.6669593465166662
counter,Hela,Deadpool (Duelist),Damage,Damage,6617,0.5968116775872486,0.726798778018098,0.8211511846713471,0.41156015799055445,False,0.7139065936510052
counter,Luna Snow,Magneto,Support,Tank,84389,-0.5950481307044766,0.45698593806796284,-1.3021147504455186,0.19287716149140266,False,0.524062644978678
counter,Hela,Mister Fantastic,Damage,Damage,4341,0.594784803071086,0.8551748382622231,0.6955125156391782,0.4867341705288114,False,0.7667315503001
counter,Scarlet Witch,Elsa Bloodstone,Damage,Damage,4300,0.5942496932542843,0.8633037160720838,0.6883437221352885,0.49123635465676907,False,0.7694348791643201
counter,Winter Soldier,Gambit,Damage,Support,45040,0.5942465471409113,0.46694769332439273,1.2726190869693041,0.2031532421960276,False,0.5332216936851971
counter,Rocket Raccoon,Adam Warlock,Support,Support,8238,0.5937670666644735,0.7793417339901383,0.7618828054086824,0.4461299532033789,False,0.7386237113422401
counter,Spider-man,Jeff The Land Shark,Damage,Support,10411,-0.5924127699840237,0.6856415355960525,-0.8640269575690427,0.3875730818787979,False,0.6943897112974131
counter,Black Panther,Devil Dinosaur,Damage,Tank,4711,-0.5897303148358225,0.8800548927199456,-0.6701062850899787,0.5027900385922214,False,0.7719560955142087
counter,Loki,Doctor Strange,Support,Tank,6474,0.5894108237216427,0.8469890643618477,0.6958895321343094,0.48649801334247034,False,0.7667315503001
counter,Luna Snow,Thor,Support,Tank,15915,0.5882905295176996,0.7089593827342633,0.8297944054972842,0.40665503443666917,False,0.7101652305340626
counter,Hulk,Winter Soldier,Tank,Damage,19155,-0.5876483680947656,0.5241346090185687,-1.121178334693687,0.262211959861798,False,0.5934400865174089
counter,Hulk,Doctor Strange,Tank,Tank,11549,-0.5874274280921039,0.6776811156845975,-0.8668198279343835,0.38604073630972435,True,0.6943897112974131
counter,Black Widow,Blade,Damage,Damage,3891,-0.5857979917287567,0.8921056560866639,-0.6566464271714572,0.5114082889903198,False,0.7766492684266258
counter,Emma Frost,Deadpool (Duelist),Tank,Damage,10372,-0.5826253408964369,0.6722888760255951,-0.8666294530124807,0.38614507040937773,False,0.6943897112974131
counter,Mister Fantastic,Elsa Bloodstone,Damage,Damage,3719,-0.582423890651197,0.9118726767840984,-0.6387118569066369,0.5230103978727978,False,0.7807728341610715
counter,Winter Soldier,Deadpool (Strategist),Damage,Support,13356,-0.5797993493264983,0.6246691529567867,-0.9281702907564696,0.3533192426985914,False,0.6711776811595177
counter,Jeff The Land Shark,Rogue,Support,Tank,3863,0.578477876806853,1.0147652600354413,0.5700607811373533,0.5686364740838644,False,0.8133004628052782
counter,Luna Snow,White Fox,Support,Support,20159,-0.5782963797000094,0.6774949803951321,-0.8535803163629824,0.3933375686311096,True,0.6999568832021767
counter,Cloak & Dagger,Deadpool (Duelist),Support,Damage,18826,-0.5780455113112479,0.6844650496513297,-0.8445215889484898,0.3983780046051273,False,0.7058410879229693
counter,Groot,Spider-man,Tank,Damage,8457,0.5771258031743,0.6936283634402701,0.8320389326524383,0.40538696932499685,False,0.7101652305340626
counter,Rogue,The Hood,Tank,Tank,20239,0.5760160044501383,0.600730978339918,0.9588584994266854,0.3376300340256574,False,0.6629966164115593
counter,Cloak & Dagger,Elsa Bloodstone,Support,Damage,28747,0.5740169415602547,0.6102752607238469,0.9405869424879092,0.34691657593345837,False,0.6695116759774276
counter,Hulk,Iron Fist,Tank,Damage,7375,0.5703629802427804,0.7414717048998901,0.7692309449890445,0.4417562231052211,False,0.7358693492546613
counter,Hela,Deadpool (Vanguard),Damage,Tank,4562,0.5660873480691709,0.8628894044468385,0.6560369673701874,0.5118003390049075,False,0.7766492684266258
counter,Jeff The Land Shark,Devil Dinosaur,Support,Tank,5266,-0.5629837750742833,0.9654153845553965,-0.5831518578228941,0.559791076417897,True,0.8075398630947295
counter,The Thing,White Fox,Tank,Support,12073,-0.56152886177661,0.7245122078738517,-0.775044030554666,0.4383136422555075,False,0.7327626674362109
counter,Elsa Bloodstone,Cyclops,Damage,Damage,9683,-0.5583419978244655,0.629028777744752,-0.8876255229948002,0.3747422198628084,False,0.6867888353329851
counter,Mantis,White Fox,Support,Support,13822,0.5578703635555279,0.7234311493398542,0.7711450689738699,0.4406209492874267,False,0.7355947511068452
counter,Jeff The Land Shark,Elsa Bloodstone,Support,Damage,6631,0.5575728056580205,0.8343398277336038,0.6682802224276027,0.5039547354712963,False,0.7719560955142087
counter,Moon Knight,Black Cat,Damage,Damage,3610,0.5559649498633046,0.9218081022424589,0.6031243905437834,0.5464259417940638,False,0.7993145331487556
counter,Storm,Black Cat,Damage,Damage,2835,-0.555779739292845,1.0266095599179343,-0.5413740150026202,0.5882498139615939,False,0.8286619516699142
counter,Black Widow,Daredevil,Damage,Damage,6842,0.5542553333471658,0.713743896575112,0.7765465120006639,0.43742636920046873,True,0.7320796163206044
counter,Namor,Deadpool (Duelist),Damage,Damage,4799,0.5506587244091526,0.8278078435796905,0.665201143816104,0.5059218490085954,False,0.7721209443606877
counter,Thor,Namor,Tank,Damage,6330,0.5504851009825532,0.793027109039336,0.6941567251709775,0.48758392798870953,False,0.7675287685334082
counter,Loki,Cyclops,Support,Damage,5089,0.5461686526537057,0.8873565357189174,0.6155007944030203,0.5382240448506748,False,0.7938785290191989
counter,Human Torch,Cloak & Dagger,Damage,Support,18098,0.5457913477169187,0.6869437929427292,0.7945211141349108,0.42689212212862937,False,0.7248132971451015
counter,Invisible Woman,Rogue,Support,Tank,11854,-0.5423678604049676,0.7380710133930815,-0.7348450901920378,0.4624338426933421,False,0.7480639168046714
counter,Squirrel Girl,Thor,Damage,Tank,2751,0.5367048649209868,1.0539871420571583,0.5092138637227143,0.6106023264666705,False,0.8399568168026227
counter,Namor,Elsa Bloodstone,Damage,Damage,6650,0.5343663736936616,0.7324919341321773,0.7295184408095281,0.46568459171137955,False,0.7502869949735389
counter,Scarlet Witch,Gambit,Damage,Support,8975,0.5313894140045229,0.7602401727810576,0.6989757092954337,0.4845672113174111,False,0.7662549556458729
counter,Hulk,Emma Frost,Tank,Tank,13792,0.530408496150737,0.6307655777815052,0.8408963881895098,0.400405981996635,False,0.7058453381852429
counter,Doctor Strange,Thor,Tank,Tank,11536,0.5300106176326915,0.6756874059081596,0.7844020962923369,0.4328042087476972,False,0.7286296819548952
counter,Black Panther,Namor,Damage,Damage,4816,0.5297914919096375,0.8251998929841369,0.6420159483949689,0.5208628278939278,False,0.7805234095619077
counter,Mister Fantastic,White Fox,Damage,Support,4447,0.5286769440669812,0.9015559300744023,0.5864050431384232,0.557603356096444,False,0.8075398630947295
counter,Adam Warlock,Devil Dinosaur,Support,Tank,2827,-0.5267393797923824,1.1079481114384746,-0.4754188164177693,0.6344884854019094,False,0.8570596151346738
counter,Captain America,Magik,Tank,Damage,5294,-0.5253190113298699,0.8250304671177463,-0.6367268025447328,0.5243028119901927,False,0.7812437552574363
counter,Luna Snow,Blade,Support,Damage,9144,0.525067966813766,0.7499915527125209,0.7000985076628319,0.48386578775685063,False,0.765695267037391
counter,Rocket Raccoon,The Hood,Support,Tank,82690,-0.5250347712023012,0.4598838267355686,-1.1416682663732685,0.25359193617411924,False,0.5850267250470664
counter,Mantis,Blade,Support,Damage,6633,-0.524739373053793,0.8232456787786714,-0.6374031307789818,0.5238622896049099,False,0.7810724877328643
counter,Hawkeye,Hela,Damage,Damage,4812,-0.5232103883144312,0.8167787575072196,-0.6405778596780004,0.5217969881165972,False,0.7805234095619077
counter,Gambit,White Fox,Support,Support,18373,-0.5205001424394882,0.6894156954785446,-0.7549873695262959,0.45025656070520004,False,0.7412943353648691
counter,Magneto,Gambit,Tank,Support,82168,0.520211460390611,0.46738364157943024,1.1130288142577254,0.2656960544874004,True,0.5977595024891832
counter,Star-lord,Elsa Bloodstone,Damage,Damage,4354,-0.519497012372859,0.871685975368103,-0.5959680745735083,0.5511965545513461,False,0.8037220423603274
counter,Adam Warlock,The Hood,Support,Tank,16277,-0.519319372625265,0.6411444364577288,-0.809988113590227,0.41794700734502166,False,0.7182341480091025
counter,Storm,Daredevil,Damage,Damage,3451,0.5177092608317302,0.94498236448706,0.5478507115979299,0.5837944145992815,False,0.8242357112544568
counter,Spider-man,Iron Fist,Damage,Damage,12890,-0.5169660103533751,0.5584071062850771,-0.9257869474344663,0.35455671173368497,False,0.6713350840166616
counter,Angela,Devil Dinosaur,Tank,Tank,3319,-0.5162833835370398,1.0366555068246164,-0.4980279177973689,0.618464364916538,False,0.8468584540152824
counter,The Punisher,Storm,Damage,Damage,3483,0.5144677084291454,0.953426513956381,0.5395987009992907,0.5894738126510317,False,0.8291035059702716
counter,Black Widow,Elsa Bloodstone,Damage,Damage,7085,-0.5142362589514388,0.7089324827892018,-0.7253670433159497,0.46822688580728744,False,0.7522637001153496
counter,The Punisher,Loki,Damage,Support,3708,0.5140308562769772,1.0197146988825145,0.5040928181581511,0.6141961535019158,False,0.8439041078184972
counter,Hela,Groot,Damage,Tank,6676,-0.5136237394658472,0.7634467006007073,-0.6727696105854011,0.501093874043428,False,0.7715816455906185
counter,Cyclops,Jubilee,Damage,Support,33324,-0.5127910633594108,0.560699780530517,-0.9145554914864129,0.3604250336214573,False,0.6760435149787928
counter,Squirrel Girl,Jeff The Land Shark,Damage,Support,2630,0.5126438834737411,1.078234887313663,0.4754473162623711,0.6344681758973427,False,0.8570596151346738
counter,The Punisher,Gambit,Damage,Support,15219,0.5109963046375224,0.7078663291023242,0.7218824849114365,0.4703667306643776,False,0.7537807527480573
counter,Namor,Jeff The Land Shark,Damage,Support,5657,0.5065365398227641,0.8926553281223545,0.5674491865614386,0.5704090402760222,False,0.8144368922113959
counter,Adam Warlock,White Fox,Support,Support,4047,-0.5055035027965938,0.9708164385262492,-0.52069936471613,0.6025762170231879,False,0.8370471017015794
counter,The Punisher,Moon Knight,Damage,Damage,4448,-0.5029956326411799,0.8575382309405863,-0.5865576769556639,0.5575008143338787,False,0.8075398630947295
counter,The Thing,Iron Fist,Tank,Damage,11367,-0.5022195383523052,0.6452476742047627,-0.7783360691245684,0.4363709170150619,True,0.7320656153280655
counter,Hela,Moon Knight,Damage,Damage,5871,-0.5021960993034831,0.754270605911128,-0.6658036192419969,0.5055366312401699,False,0.7721209443606877
counter,Psylocke,Emma Frost,Damage,Tank,7780,0.501481150572989,0.7207662850483987,0.6957611100515269,0.4865784479535018,True,0.7667315503001
counter,Hela,Iron Fist,Damage,Damage,9627,-0.5000088418331908,0.6277638400105325,-0.7964919448447392,0.4257461556092258,False,0.7238589846254662
counter,Namor,Wolverine,Damage,Damage,3213,-0.5000079466172375,0.9777068700655648,-0.5114088505726743,0.6090647988019193,False,0.8397393404171289
counter,Black Panther,Black Widow,Damage,Damage,5722,-0.49987212940513553,0.7658864442414829,-0.6526713368065914,0.513968184974282,False,0.7782211263811296
counter,Hela,Jeff The Land Shark,Damage,Support,7916,-0.4996520732664293,0.7659064013139417,-0.6523670156160818,0.5141644373964529,False,0.7782211263811296
counter,Magneto,Jubilee,Tank,Support,112785,0.49808673712040724,0.43331532579000226,1.1494786994028343,0.2503586450358375,False,0.5841947525351615
counter,Peni Parker,Black Cat,Tank,Damage,2880,0.4972655624520212,1.0509852110808997,0.4731423022980521,0.6361116583338497,False,0.8578050343265157
counter,Doctor Strange,Deadpool (Vanguard),Tank,Tank,6014,0.4961784655264619,0.8181853887271556,0.6064377002605275,0.5442241402585686,False,0.7970657585349854
counter,Ultron,Magneto,Support,Tank,15975,-0.49605487312804647,0.6528134016292005,-0.7598723799022231,0.4473308728258606,False,0.7395911536245621
counter,Loki,Groot,Support,Tank,3001,-0.4932379863106664,1.121829114691665,-0.43967301245005835,0.6601739515503808,False,0.8749500723387116
counter,Magik,Scarlet Witch,Damage,Damage,6983,0.49310266271760766,0.7078107845239215,0.6966588719741985,0.48601630320975164,False,0.7667315503001
counter,Hela,Thor,Damage,Tank,8938,-0.491536598727042,0.6785014466091515,-0.7244444373457467,0.46879292691640173,True,0.7522637001153496
counter,Doctor Strange,Moon Knight,Tank,Damage,7772,0.4914575522270663,0.7350182087386022,0.6686331663408429,0.5037295103082069,False,0.7719560955142087
counter,Human Torch,Rocket Raccoon,Damage,Support,11577,0.48976041110298857,0.7363079009291722,0.665157076930647,0.5059500310691959,False,0.7721209443606877
counter,Spider-man,White Fox,Damage,Support,15018,-0.48891414421023,0.6198342991873815,-0.788782009726162,0.4302394260061244,False,0.7268622415413327
counter,Black Widow,Winter Soldier,Damage,Damage,19957,0.4860021322897124,0.48043191951762515,1.011594177126449,0.3117321311578046,False,0.6426072648589938
counter,The Hood,Deadpool (Vanguard),Tank,Tank,15556,-0.4859592496829678,0.6339404107313629,-0.7665692886218239,0.4433376410136127,False,0.7364752503284735
counter,Mantis,Iron Fist,Support,Damage,13211,-0.48595123957991193,0.6956968611945525,-0.6985100360313613,0.48485828373090245,False,0.7662549556458729
counter,Hela,Magik,Damage,Damage,16686,0.484489238746348,0.5006768497626863,0.967668545042554,0.3332099322360891,False,0.6622788959688299
counter,Invisible Woman,The Hood,Support,Tank,93146,-0.4841844037563426,0.44752589598322806,-1.081913712931795,0.2792908709878936,False,0.6091079995454153
counter,Angela,Deadpool (Duelist),Tank,Damage,2702,0.48316772246691353,1.0777146830980098,0.44832619434857707,0.6539177987882967,False,0.8717864654609133
counter,Loki,Hela,Support,Damage,5868,0.48177229355690165,0.8431907648696089,0.571368086119163,0.5677501575501895,True,0.8133004628052782
counter,Winter Soldier,Deadpool (Vanguard),Damage,Tank,9423,-0.48100625821189635,0.6550526876143775,-0.7343016329933135,0.4627649228735007,False,0.7480950471519732
counter,Mister Fantastic,Invisible Woman,Damage,Support,9244,0.48047814708668685,0.728531174590221,0.6595162483704871,0.509564315669206,True,0.7756629399050922
counter,Cloak & Dagger,Invisible Woman,Support,Support,64547,-0.47940072084475566,0.48668455524247917,-0.9850337671100031,0.32460748483438095,False,0.655034257397911
counter,Venom,Thor,Tank,Tank,8915,0.47766500979256965,0.7276340938588274,0.6564632056469364,0.5115261342576727,False,0.7766492684266258
counter,Hela,Cyclops,Damage,Damage,11430,-0.47437413028310843,0.5820554422201417,-0.8149981872408871,0.41507334772074034,False,0.7153455180905576
counter,Human Torch,Wolverine,Damage,Damage,2500,-0.4743372261085734,1.0823621476170413,-0.43824262253894175,0.6612104142526922,False,0.8749500723387116
counter,Black Widow,Rogue,Damage,Tank,4430,-0.47207607580459193,0.8914543054625348,-0.5295572335136721,0.596418952499926,False,0.8323496608768601
counter,The Punisher,Black Panther,Damage,Damage,4762,-0.46895184767811937,0.8317282140282979,-0.5638282311079136,0.5728710368342986,False,0.8165880079414631
counter,Spider-man,Adam Warlock,Damage,Support,5716,-0.4681770685776591,0.8001543182480453,-0.5851084695796465,0.5584747842767948,False,0.8075398630947295
counter,Blade,Jubilee,Damage,Support,14573,-0.4676986701854021,0.6811298663847655,-0.6866512441567235,0.4923025279795784,True,0.7699046705495494
counter,Blade,Deadpool (Duelist),Damage,Damage,2765,0.4672837288061079,1.0283192978925353,0.4544150146396859,0.6495301475584907,False,0.8690590206318011
counter,Magik,Thor,Damage,Tank,12771,-0.46656074691585286,0.6010424927460074,-0.7762525154989586,0.4375999040449131,False,0.7320796163206044
counter,Rocket Raccoon,Winter Soldier,Support,Damage,46859,-0.46625933508360196,0.45888882146461596,-1.016061654314136,0.3096000277434495,False,0.6413907310505487
counter,Black Widow,Devil Dinosaur,Damage,Tank,5440,-0.4639182883901128,0.8255508605408185,-0.5619499785709142,0.5741501005238904,False,0.8166766804629934
counter,Magik,Jeff The Land Shark,Damage,Support,11284,0.46035517406480186,0.6756901621869655,0.6813110502819785,0.49567469263310293,False,0.7707687649036871
counter,Luna Snow,Daredevil,Support,Damage,15918,0.4590137915815971,0.6782974083838972,0.6767146474512375,0.49858702119045273,False,0.7707687649036871
counter,Hela,Peni Parker,Damage,Tank,4940,0.4576876493670985,0.8383260052135207,0.5459542546941818,0.585097382596605,False,0.8247054176552617
counter,The Thing,Emma Frost,Tank,Tank,21305,0.4566609741898283,0.5431036851082599,0.8408357127954298,0.4004399771863758,False,0.7058453381852429
counter,Spider-man,Mister Fantastic,Damage,Damage,5946,0.4546319145812374,0.7476518021602725,0.608079741488778,0.5431345876962594,False,0.7963772886049296
counter,Peni Parker,White Fox,Tank,Support,4702,-0.4535324525356657,0.9323682336310279,-0.48643061418922706,0.6266618892610029,False,0.8543598566829675
counter,Captain America,Black Widow,Tank,Damage,2699,0.4529227469363474,1.067486048103549,0.4242891490160372,0.6713549517899318,False,0.8812591439068607
counter,Star-lord,Psylocke,Damage,Damage,2533,-0.45266089838225876,1.0854619230200722,-0.4170214438502125,0.6766627228286839,False,0.8831902286529004
counter,Moon Knight,Spider-man,Damage,Damage,7236,-0.45092732336764346,0.6879279195313331,-0.655486295242746,0.5121547072325645,False,0.7766492684266258
counter,Hawkeye,Cyclops,Damage,Damage,4595,-0.4463875048124343,0.8328161355221372,-0.5359976659584891,0.5919601635563593,False,0.8299629880091883
counter,Jubilee,Deadpool (Strategist),Support,Support,18522,-0.4451449882721909,0.7159721957812616,-0.6217350211294913,0.5341161194195033,False,0.7904654969077042
counter,The Punisher,Magik,Damage,Damage,11349,0.44367991425843967,0.5926306241190529,0.748661807543225,0.4540610687771113,False,0.7415197440410415
counter,Winter Soldier,Cyclops,Damage,Damage,23382,0.44334444959334574,0.4507813319145856,0.983502239789626,0.3253603134938763,False,0.6553647288596215
counter,Moon Knight,Elsa Bloodstone,Damage,Damage,5185,0.44265305796967946,0.8012931523950299,0.5524233629684828,0.5806583275341962,True,0.8216430613310957
counter,Magneto,White Fox,Tank,Support,38331,-0.44137395584843847,0.5494285045412773,-0.80333283075101,0.4217823868769863,False,0.7216424808705593
counter,Squirrel Girl,Emma Frost,Damage,Tank,5852,0.4391541709383956,0.7976613435104761,0.5505521541331003,0.5819407153612712,False,0.8226728203604536
counter,Rocket Raccoon,Devil Dinosaur,Support,Tank,13997,0.4386193443308252,0.7675425679314952,0.5714593074790517,0.5676883366857584,False,0.8133004628052782
counter,Hulk,Luna Snow,Tank,Support,16355,-0.43750010479679124,0.699533375219402,-0.6254170569911315,0.5316973701244228,False,0.7881999071585168
counter,Mantis,Moon Knight,Support,Damage,7634,0.43719830817429045,0.7876042436017753,0.5550989748035748,0.5788269639780392,False,0.8216430613310957
counter,Hawkeye,Magik,Damage,Damage,6039,0.4369440515700502,0.7432737498840019,0.5878642312314155,0.5566234267168193,False,0.8075398630947295
counter,Spider-man,Peni Parker,Damage,Tank,6113,-0.43533668715364404,0.7677273437188282,-0.5670459580674794,0.5706829578188231,True,0.8144368922113959
counter,Moon Knight,White Fox,Damage,Support,5864,0.4337260160998975,0.843740059046851,0.5140517052015586,0.6072158414332745,False,0.838736824640777
counter,Rocket Raccoon,The Thing,Support,Tank,25317,0.43276751242799494,0.6145291573546009,0.7042261660796605,0.48129193837901263,False,0.7636103874511065
counter,Blade,White Fox,Damage,Support,5161,-0.4324522012265199,0.8871965238680791,-0.4874367624222376,0.6259488467114012,False,0.8541816173268779
counter,Invisible Woman,Gambit,Support,Support,41887,0.4309106410322886,0.5423756380880417,0.7944874562421637,0.4269117085727505,False,0.7248132971451015
counter,Cloak & Dagger,Thor,Support,Tank,26390,0.43088538117901104,0.6694009443569967,0.6436880390016548,0.5197777476520586,False,0.7803171568318452
counter,Doctor Strange,Ultron,Tank,Support,5519,0.4307955129665518,0.8688576680884466,0.4958182781701575,0.6200226277759155,False,0.8485078631114782
counter,Jeff The Land Shark,Black Cat,Support,Damage,5326,-0.43045720369667373,0.90159712959435,-0.47743852499879486,0.6330498865634825,False,0.8570596151346738
counter,Magneto,Invisible Woman,Tank,Support,96221,0.43013108509293496,0.4486456312149588,0.9587323606119035,0.33769359167223045,False,0.6629966164115593
counter,Hulk,Moon Knight,Tank,Damage,4205,0.42697080574644086,0.8998708443895865,0.4744800972366983,0.6351575873909128,False,0.8574806146037139
counter,Doctor Strange,Deadpool (Duelist),Tank,Damage,8104,-0.42535140012351463,0.7343938267668445,-0.579187058251996,0.5624629623063465,False,0.8099331612082384
counter,Iron Man,Scarlet Witch,Damage,Damage,2704,0.42508979623269283,1.042908706995938,0.40760019873374065,0.6835672183818438,False,0.8863482304901391
counter,Mantis,Wolverine,Support,Damage,6777,0.4245553973790108,0.7935253600581483,0.5350243593322589,0.5926330131136889,False,0.8299629880091883
counter,Storm,Groot,Damage,Tank,2707,0.4242487127136819,1.082129938052389,0.3920496955081404,0.6950214952750013,False,0.8935737980519264
counter,Black Panther,Invisible Woman,Damage,Support,15164,0.42400542753343107,0.7006036317596265,0.6052001564258308,0.5450460119056704,False,0.7977824176703497
counter,Mantis,Squirrel Girl,Support,Damage,4169,-0.42214864636538746,0.9080373822721517,-0.46490227672021495,0.642001440036539,False,0.8618698682975138
counter,Scarlet Witch,Thor,Damage,Tank,3809,0.4198949909263453,0.9356369206578687,0.44877984360761125,0.6535904804930726,False,0.8717864654609133
counter,Winter Soldier,Angela,Damage,Tank,10714,0.4198414009390312,0.6284356410581481,0.668073822535129,0.5040864706772492,False,0.7719560955142087
counter,Mantis,Groot,Support,Tank,9510,-0.41975392625690566,0.8033631538447671,-0.5224958653481065,0.6013251244941413,True,0.8363068711535063
counter,Scarlet Witch,The Thing,Damage,Tank,5563,0.41922215542011576,0.8130277577672994,0.5156308027801719,0.6061122924401312,False,0.8385602015939301
counter,Doctor Strange,Spider-man,Tank,Damage,19580,-0.41483107894182386,0.5201375639411752,-0.797541088550834,0.42513684963692433,False,0.7238589846254662
counter,Venom,Rogue,Tank,Tank,5619,0.41364755201605075,0.8431579542165885,0.4905931918775374,0.6237142026089444,False,0.8521015786212174
counter,Loki,The Hood,Support,Tank,20013,0.41172357674122034,0.6343998924574343,0.6489969207692533,0.5163403665079944,False,0.7792668539883666
counter,Hulk,The Punisher,Tank,Damage,6081,0.4111801617368875,0.7965181754873232,0.5162219449484885,0.6056994049358824,False,0.8384725172770812
counter,Magik,Venom,Damage,Tank,16703,-0.408103001783669,0.5458695523480367,-0.7476200129284181,0.454689389859082,False,0.7420407117496176
counter,Captain America,Cloak & Dagger,Tank,Support,10982,-0.4072150563534347,0.7541465504268042,-0.5399680687035883,0.5892190535928703,False,0.8291035059702716
counter,Black Panther,Scarlet Witch,Damage,Damage,2735,0.4070476018738479,1.030843508111153,0.3948684729263068,0.6929399582121023,False,0.8923043262215961
counter,Doctor Strange,Rocket Raccoon,Tank,Support,27154,0.40679918623831707,0.5976884954166017,0.6806207403319171,0.4961114999000775,False,0.7707687649036871
counter,Rocket Raccoon,Angela,Support,Tank,9199,-0.4034132316709252,0.7587155400944221,-0.5317055079967393,0.5949299764970765,False,0.8307549555392819
counter,Devil Dinosaur,Deadpool (Vanguard),Tank,Tank,3260,0.40308338073100897,1.030044230501802,0.39132628366321764,0.6955560732381432,False,0.8937541615952359
counter,Loki,Jubilee,Support,Support,13807,0.40219359438704816,0.725702733067835,0.5542125943040278,0.5794333600891085,False,0.8216430613310957
counter,Scarlet Witch,Jeff The Land Shark,Damage,Support,3682,-0.40078240873772375,0.9669531195286999,-0.41447966881069487,0.6785228536765444,False,0.8831902286529004
counter,Magneto,Cyclops,Tank,Damage,42109,0.40033420693252103,0.46453319869102594,0.8617989156869595,0.3887981817232897,False,0.6950274500403667
counter,Hulk,Magneto,Tank,Tank,33205,0.4002899891591883,0.532044273935882,0.7523621788051199,0.4518332846468389,False,0.7412943353648691
counter,Captain America,Iron Fist,Tank,Damage,2820,-0.40019354063712925,1.064149341862598,-0.37606896409545665,0.7068656266388622,False,0.8986595857480818
counter,Cloak & Dagger,Moon Knight,Support,Damage,19611,0.3995676247051462,0.6519548019125998,0.6128762661659354,0.5399581575219863,True,0.7951869980940731
counter,Hawkeye,Moon Knight,Damage,Damage,2502,0.3992268647337576,1.0664480914731482,0.3743518957235713,0.7081425269512831,False,0.8987272065549146
counter,Spider-man,Magneto,Damage,Tank,58674,0.39641566340794954,0.40844268588601257,0.9705539531159103,0.33177044544319967,False,0.6610608792510266
counter,Iron Man,White Fox,Damage,Support,5361,0.39543096231262115,0.8736440441001813,0.45262251254731484,0.6508205851348432,False,0.8703002139010528
counter,Rocket Raccoon,Peni Parker,Support,Tank,8855,-0.3945788861481692,0.7748517187031776,-0.5092314782608368,0.6105899811179072,True,0.8399568168026227
counter,Hawkeye,Cloak & Dagger,Damage,Support,14289,0.3938889154254078,0.6720221360068468,0.5861249121433625,0.5577915763176108,True,0.8075398630947295
counter,Moon Knight,Winter Soldier,Damage,Damage,12025,0.39364571808955356,0.5761856377161568,0.6831925204693718,0.4944851982781867,False,0.7707687649036871
counter,Groot,Star-lord,Tank,Damage,3168,-0.3921143321986131,1.032388175118301,-0.3798128859367077,0.7040843163099211,True,0.8980155188462984
counter,Cloak & Dagger,Black Widow,Support,Damage,27627,-0.38893529882860445,0.6082798062761906,-0.6394019574800871,0.5225614758895792,False,0.780588406387983
counter,Cloak & Dagger,The Hood,Support,Tank,133923,0.38831186650410776,0.4228107000034201,0.9184059592176044,0.3584063720204682,True,0.6743661854722378
counter,Cloak & Dagger,Black Cat,Support,Damage,20573,0.3871257872503758,0.663280884322765,0.5836528632144222,0.5594538864933636,False,0.8075398630947295
counter,Moon Knight,Venom,Damage,Tank,5670,0.38659613290620387,0.8113982964083928,0.47645667314985635,0.6337490674868842,False,0.8570596151346738
counter,Magik,Cyclops,Damage,Damage,16276,-0.38244558826634456,0.5130156747583032,-0.7454851909671686,0.45597846036710643,False,0.743133373927098
counter,Psylocke,White Fox,Damage,Support,4585,-0.3817284206633149,0.9043380288809615,-0.4221081149663364,0.6729461049999457,True,0.8813478725064225
counter,Black Cat,Cyclops,Damage,Damage,7318,-0.3806632505878749,0.7087532286848683,-0.5370885594330442,0.5912064429904829,False,0.8294176939965897
counter,Iron Man,Black Cat,Damage,Damage,3742,-0.3802860720073393,0.9176232899200661,-0.4144250436804693,0.6785628511907315,False,0.8831902286529004
counter,Venom,Angela,Tank,Tank,4971,-0.3796767518933033,0.8691241360078998,-0.4368498539659152,0.662220240993149,False,0.8757807928018548
counter,Rocket Raccoon,Jeff The Land Shark,Support,Support,14788,-0.37644721816767873,0.7552242193573261,-0.4984575554105301,0.6181615784510939,False,0.8468584540152824
counter,Luna Snow,Deadpool (Duelist),Support,Damage,11154,0.3760861782134868,0.7349519684118696,0.511715315255441,0.6088502658639918,False,0.8397393404171289
counter,Doctor Strange,Emma Frost,Tank,Tank,24985,-0.37602350200792556,0.5169353772441191,-0.7274091086831365,0.4669753762389073,False,0.7513574296426146
counter,Star-lord,Emma Frost,Damage,Tank,8827,-0.3752923851704108,0.7037672457021291,-0.5332620798457194,0.5938521732382877,False,0.8302164123535268
counter,Namor,Jubilee,Damage,Support,23524,-0.3748207861374191,0.6578497526579549,-0.5697665532638804,0.56883604355418,False,0.8133004628052782
counter,Emma Frost,Daredevil,Tank,Damage,12652,-0.37329685768235876,0.6248540724902117,-0.5974144590186798,0.550230702571306,False,0.8030866760609582
counter,Cloak & Dagger,Deadpool (Strategist),Support,Support,17589,0.3731003503407712,0.7244817379490234,0.51498931000939,0.6065604900920336,False,0.8386966084903681
counter,White Fox,Deadpool (Duelist),Support,Damage,5947,-0.37249716264279503,0.8619694088762107,-0.4321466154215807,0.6656348563904946,False,0.8786914612670875
counter,Hulk,Thor,Tank,Tank,7159,-0.3704020013738819,0.7900127068392379,-0.468855751518002,0.6391727463251754,False,0.8604800327912995
counter,Human Torch,Thor,Damage,Tank,4407,-0.3699255917023012,0.9030405481607695,-0.40964449764269373,0.6820667500366763,False,0.8863482304901391
counter,Emma Frost,The Hood,Tank,Tank,64489,0.3696905264203699,0.40408484978757586,0.9148834127651984,0.36025283882311754,False,0.6760435149787928
counter,Rocket Raccoon,Venom,Support,Tank,21474,-0.3691941981373246,0.6446686512636115,-0.5726883064868582,0.5668557563746955,False,0.8133004628052782
counter,Magik,Spider-man,Damage,Damage,22619,-0.3686287804924815,0.44792898347189397,-0.8229625545443447,0.410529287842504,False,0.7131497187068553
counter,Jeff The Land Shark,The Hood,Support,Tank,29287,-0.3685056987798286,0.596981566360212,-0.6172815368933458,0.5370490427474066,False,0.7933378408565446
counter,Magik,Deadpool (Duelist),Damage,Damage,8936,-0.3659061980043799,0.6479967180837264,-0.5646729185395378,0.5722962576573074,False,0.8162536992389301
counter,Luna Snow,Psylocke,Support,Damage,9677,-0.3647088085979393,0.7290284153648666,-0.5002669318663095,0.616887135086964,False,0.8456641354706439
counter,Rocket Raccoon,Cloak & Dagger,Support,Support,56135,0.36448403156479714,0.5102102197473997,0.7143801073707419,0.47499216930679267,False,0.75848622880027
counter,Scarlet Witch,Emma Frost,Damage,Tank,8124,0.3619077134404439,0.7106290483285692,0.5092779619573204,0.6105574030238792,False,0.8399568168026227
counter,The Thing,Jubilee,Tank,Support,35949,-0.360659455412137,0.5769947827543869,-0.6250653666060292,0.5319281574362813,False,0.7881999071585168
counter,Gambit,The Hood,Support,Tank,76818,-0.3596602726531604,0.4682032976647369,-0.7681711650623612,0.4423855019805367,False,0.7359797636971619
counter,Black Panther,Winter Soldier,Damage,Damage,14931,0.3589634643470889,0.5387744457785569,0.6662592614769771,0.5052453999881871,False,0.7721209443606877
counter,Storm,Invisible Woman,Damage,Support,10705,-0.3582762558959939,0.727212597107174,-0.49267058535730013,0.6222453647335109,False,0.8505792763508221
counter,Mantis,Gambit,Support,Support,26809,0.3578354758302289,0.6093956813151393,0.5871972624715401,0.5570712307245826,False,0.8075398630947295
counter,Spider-man,The Thing,Damage,Tank,17404,0.3577203565250662,0.5328274899645259,0.6713624264185059,0.5019896749424471,False,0.7719560955142087
counter,Storm,Namor,Damage,Damage,3556,0.3576677890070464,0.9493457264579649,0.37675188188976716,0.7063580027891356,False,0.8986595857480818
counter,Doctor Strange,Deadpool (Strategist),Tank,Support,8220,0.35742659671207877,0.8030311458899769,0.4450968042042166,0.6562497982259567,False,0.8736644095139124
counter,The Thing,Gambit,Tank,Support,24065,0.35662070061185797,0.6259610465074953,0.5697170816005206,0.5688696025790984,False,0.8133004628052782
counter,Winter Soldier,Devil Dinosaur,Damage,Tank,15525,-0.3536686308623508,0.5700396985934642,-0.6204280714746798,0.5349759958154605,False,0.7912499469551726
counter,Groot,Daredevil,Tank,Damage,4532,-0.3523006939661379,0.8895237337605444,-0.3960554177422045,0.692064146238526,False,0.8916738795400626
counter,Storm,Deadpool (Duelist),Damage,Damage,2675,-0.3496217044667439,1.0584063479133754,-0.33032842740977064,0.7411518153753935,False,0.9159506138459361
counter,White Fox,The Hood,Support,Tank,41054,0.3496131338674192,0.5413413195608243,0.6458275421337706,0.518391048998946,False,0.7794115599877157
counter,Mister Fantastic,Jubilee,Damage,Support,12711,0.348375081880472,0.673067024029172,0.5175934482646305,0.6047419539454819,False,0.8383332257032156
counter,Mantis,Deadpool (Vanguard),Support,Tank,5832,0.3467219730013348,0.8577854912238928,0.4042059192521782,0.6860613013378758,False,0.887256637148013
counter,Psylocke,The Hood,Damage,Tank,19113,-0.3467049068196915,0.5920730925817457,-0.5855778807779938,0.5581592161899652,False,0.8075398630947295
counter,Moon Knight,Magneto,Damage,Tank,20989,-0.3418373923757786,0.5743813559986697,-0.5951401256425363,0.551749808856659,False,0.8037220423603274
counter,Moon Knight,The Hood,Damage,Tank,22803,-0.3415614510001074,0.561058702603531,-0.6087802388861079,0.5426701136146045,False,0.7963772886049296
counter,Hela,Scarlet Witch,Damage,Damage,4531,0.3394045122882527,0.8393239380444546,0.4043784490158032,0.6859344453707701,False,0.887256637148013
counter,Doctor Strange,Elsa Bloodstone,Tank,Damage,12869,-0.3368594888816813,0.6260542843248088,-0.5380675403331514,0.5905304209553581,False,0.8294176939965897
counter,Phoenix,The Hood,Damage,Tank,19204,-0.33604857738734195,0.5972167008100717,-0.5626911922113392,0.5736451828930473,False,0.8166766804629934
counter,Adam Warlock,Daredevil,Support,Damage,3123,0.33531645566192303,1.0253367983829274,0.32703054858730823,0.7436447800159678,False,0.9172256181276641
counter,Magik,White Fox,Damage,Support,16213,0.33425098070145853,0.610571819751536,0.5474392526623281,0.5840769942194983,False,0.8242357112544568
counter,Black Widow,Gambit,Damage,Support,16895,0.3337359718058156,0.6628716341194925,0.5034699851791437,0.6146338777652305,False,0.844022136667881
counter,Hulk,Ultron,Tank,Support,3208,0.33359826891081945,1.062428887104596,0.31399585700268784,0.7535241853914734,False,0.9181689802381742
counter,The Punisher,Deadpool (Duelist),Damage,Damage,4600,-0.3318572076968516,0.8379476874249996,-0.3960357104351511,0.692078684328302,False,0.8916738795400626
counter,Spider-man,Black Cat,Damage,Damage,10218,0.33162957156103723,0.6151883918805504,0.5390699433506686,0.5898385939814437,True,0.8291035059702716
counter,Mantis,Phoenix,Support,Damage,6661,-0.324525204347753,0.8160496037877895,-0.397678281861092,0.6908673484630554,False,0.8916738795400626
counter,Luna Snow,Peni Parker,Support,Tank,8791,-0.32433271127998875,0.7817958243786,-0.4148560291144818,0.6782473004335865,False,0.8831902286529004
counter,Hela,Black Panther,Damage,Damage,7276,0.324202456523399,0.6934647963865956,0.46751105205730054,0.6401342867017339,False,0.861291168703006
counter,Phoenix,Gambit,Damage,Support,9049,-0.3226531961052468,0.7526457202501525,-0.4286919960137532,0.6681473862233136,False,0.8811539621077016
counter,Star-lord,Daredevil,Damage,Damage,3997,-0.3225898657812983,0.9025790808954832,-0.3574089767970742,0.7207856574605109,False,0.9053014783000393
counter,Winter Soldier,Daredevil,Damage,Damage,18106,-0.32200861173657197,0.506616186697357,-0.6356066390925126,0.525032841137393,False,0.7818459254429584
counter,Emma Frost,Deadpool (Vanguard),Tank,Tank,7741,-0.3215814783133412,0.7428870568253491,-0.4328807122950646,0.6651014329295687,False,0.8786914612670875
counter,Gambit,Jubilee,Support,Support,54157,0.3206928480774806,0.5194099887338344,0.6174175603731331,0.536959342284415,True,0.7933378408565446
counter,Moon Knight,Deadpool (Duelist),Damage,Damage,3440,0.3204483533402111,0.9428166817535687,0.3398840512072836,0.7339438477075777,False,0.9127059264689817
counter,The Punisher,Cyclops,Damage,Damage,8521,0.31584471755118215,0.6637631752655702,0.47583947004112337,0.6341887479748212,False,0.8570596151346738
counter,Loki,Invisible Woman,Support,Support,12054,0.3145489123625947,0.7583874728853501,0.4147601636480972,0.6783174845192513,False,0.8831902286529004
counter,Invisible Woman,Emma Frost,Support,Tank,39281,-0.3128482421465495,0.5362109529077334,-0.5834424687710208,0.5595954755334469,False,0.8075398630947295
counter,Daredevil,Angela,Damage,Tank,3679,0.31069832434353517,0.9446512807014519,0.32890266566179405,0.7422292594066278,False,0.9159506138459361
counter,Venom,Star-lord,Tank,Damage,5413,0.31060134798385586,0.8249998023880732,0.376486572584355,0.7065551959892233,False,0.8986595857480818
counter,Thor,Elsa Bloodstone,Tank,Damage,7346,0.3097060318790436,0.7468492872758082,0.4146834403614695,0.6783736564303553,False,0.8831902286529004
counter,Hela,Deadpool (Strategist),Damage,Support,6393,-0.30850617083507187,0.8145605955085731,-0.37873937499082583,0.7048814107995491,False,0.8980406290537007
counter,Cloak & Dagger,Angela,Support,Tank,15054,-0.30770436755185854,0.6953665376958763,-0.4425067225285944,0.6581225667506587,False,0.8749500723387116
counter,Doctor Strange,Captain America,Tank,Tank,4690,-0.307123874203242,0.896609041442587,-0.34253934547559234,0.7319450393928992,False,0.9117010122033049
counter,Iron Man,The Hood,Damage,Tank,20618,0.3056155770171099,0.5822514732451499,0.5248858801743799,0.5996625255968,False,0.8349334874676282
counter,Peni Parker,Deadpool (Duelist),Tank,Damage,2618,0.30522935840359866,1.0957620923606182,0.27855440567946466,0.7805868071456034,False,0.9324065344273907
counter,Gambit,Elsa Bloodstone,Support,Damage,16429,0.302663782857346,0.67550355683227,0.44805653470822293,0.6541123959273214,False,0.8717864654609133
counter,Spider-man,Deadpool (Duelist),Damage,Damage,7737,0.3016813187196033,0.6754691914173236,0.44662483878293746,0.6551459582877032,False,0.8726791526553026
counter,Hela,White Fox,Damage,Support,10162,-0.3013863342329319,0.7086861908630159,-0.42527473812621214,0.6706364068085113,False,0.8811539621077016
counter,Jeff The Land Shark,Angela,Support,Tank,3291,0.3012933720099183,1.0396407076384206,0.2898052854185717,0.7719652041361619,False,0.926899161522849
counter,Black Widow,Jubilee,Damage,Support,23490,0.2950025768076836,0.6132514087724078,0.48104671687295886,0.630483296317104,False,0.8555030700592379
counter,Hulk,Jeff The Land Shark,Tank,Support,5815,0.2930054880562156,0.9082738256796185,0.32259598347114476,0.7470012359616629,False,0.9180530404579742
counter,Iron Man,Magneto,Damage,Tank,19066,-0.29037171728719186,0.5865718451745378,-0.4950318016044397,0.6205776724305077,False,0.8487832589286133
counter,Jeff The Land Shark,Deadpool (Vanguard),Support,Tank,3228,-0.2901412708940265,1.0439485891500864,-0.2779267809828071,0.7810685652304317,False,0.9324065344273907
counter,Hulk,Invisible Woman,Tank,Support,19103,0.2871572117264407,0.6875749015506156,0.4176377163838371,0.6762120165162357,False,0.8831902286529004
counter,Luna Snow,Winter Soldier,Support,Damage,47680,-0.28561560184153434,0.45280067745384545,-0.6307755621029244,0.5281872843475364,False,0.7855680689087041
counter,Cloak & Dagger,Phoenix,Support,Damage,15628,0.2847731812991315,0.6878426054456582,0.4140092210697313,0.6788673537457058,False,0.8831902286529004
counter,Iron Man,Invisible Woman,Damage,Support,11213,-0.28344500969787256,0.7135821815643656,-0.3972142480863021,0.6912094762157157,False,0.8916738795400626
counter,Loki,The Thing,Support,Tank,6235,0.28326812304162613,0.8579161904460298,0.3301815797349101,0.7412627643366368,False,0.9159506138459361
counter,Storm,Winter Soldier,Damage,Damage,10505,0.2831081399801532,0.6147350056227775,0.4605368775011295,0.6451309078550145,False,0.8641368218560468
counter,Loki,Emma Frost,Support,Tank,8023,-0.2823902472074958,0.7786288391921452,-0.3626763266314225,0.7168466859787952,False,0.9027376376184407
counter,Hela,Gambit,Damage,Support,22044,0.2817749483822327,0.6079690747445035,0.4634692126415271,0.6430280778885983,False,0.8625017492875287
counter,Elsa Bloodstone,Rogue,Damage,Tank,4571,-0.281130395758772,0.8899254411296046,-0.31590331365504754,0.7520758966962894,False,0.9181689802381742
counter,Groot,Phoenix,Tank,Damage,2792,0.2805395951258577,1.074784134931421,0.2610194791754701,0.7940774856194108,False,0.9364608343010571
counter,Magik,Angela,Damage,Tank,7117,0.2801036218219941,0.7266342239439526,0.3854809099159625,0.6998811474428656,False,0.8969096542283304
counter,The Punisher,Iron Fist,Damage,Damage,6400,-0.27933151999634553,0.7400801161150742,-0.3774341641046232,0.7058509817836126,False,0.8986595857480818
counter,Blade,Elsa Bloodstone,Damage,Damage,4218,-0.2789691060039784,0.8705954035413214,-0.32043484823055074,0.7486387119904836,False,0.9181689802381742
counter,Hawkeye,Winter Soldier,Damage,Damage,9420,-0.2788286617298773,0.6356216893065123,-0.4386707792084472,0.6609001030477712,False,0.8749500723387116
counter,Namor,Rogue,Damage,Tank,4263,-0.27780138729295806,0.9215530795278492,-0.3014491443458553,0.763072024257867,False,0.9203669111084077
counter,Mantis,Cloak & Dagger,Support,Support,43558,-0.2773471276341695,0.5446890789757838,-0.5091843004373878,0.6106230464792722,False,0.8399568168026227
counter,Ultron,The Hood,Support,Tank,16084,-0.27712034077198416,0.6546386527012333,-0.42331802381130934,0.6720632458023539,False,0.881325013291604
counter,Black Widow,Adam Warlock,Damage,Support,3581,0.2722065139255574,0.9664773322655769,0.28164810993286515,0.778213346488471,False,0.9324065344273907
counter,Ultron,Elsa Bloodstone,Support,Damage,3707,-0.271753296741269,0.9870728268862249,-0.27531230658889644,0.7830763103856774,False,0.9330223691225026
counter,Squirrel Girl,Cyclops,Damage,Damage,4249,0.27167655712395905,0.866408059157915,0.31356651666884156,0.753850293597699,False,0.9181689802381742
counter,Loki,Cloak & Dagger,Support,Support,14650,0.2699696116199432,0.7238263807143206,0.37297564555953183,0.7091665702411227,False,0.8987272065549146
counter,Doctor Strange,Mantis,Tank,Support,20360,-0.2697247531672486,0.6246509605956655,-0.43180074983001665,0.6658862345075303,False,0.8786914612670875
counter,Rocket Raccoon,Wolverine,Support,Damage,8561,0.2677098494061941,0.7372183731064974,0.36313507526693334,0.7165039841412426,False,0.9027376376184407
counter,Mantis,Jubilee,Support,Support,41940,0.265004535749813,0.5455628885311662,0.4857451658108415,0.6271478564479808,False,0.8543598566829675
counter,Mantis,Invisible Woman,Support,Support,35732,-0.26452843278338917,0.5688277842585557,-0.4650413360665766,0.6419018551859395,False,0.8618698682975138
counter,Black Panther,Blade,Damage,Damage,2974,-0.26425792459060155,0.9995769176051149,-0.2643697747880541,0.7914949994592106,False,0.9364608343010571
counter,Cloak & Dagger,Adam Warlock,Support,Support,12425,-0.2628648687752193,0.7181309052678412,-0.36604032335466563,0.7143349867391886,False,0.9010888021670517
counter,Elsa Bloodstone,Black Cat,Damage,Damage,4877,0.2618426709400296,0.8310390520634366,0.31507866000988133,0.7527019307788461,False,0.9181689802381742
counter,Invisible Woman,Angela,Support,Tank,10824,0.26008713351481544,0.7384769557386807,0.35219397368284366,0.7246927960948895,False,0.9078306874716305
counter,Mister Fantastic,Daredevil,Damage,Damage,3068,0.2600058026982252,0.9877358436934537,0.2632341474274965,0.7923701127715655,False,0.9364608343010571
counter,The Punisher,Rocket Raccoon,Damage,Support,15429,0.2595840340696604,0.6913549881977734,0.37547141266217654,0.7073099032552148,True,0.8987272065549146
counter,Moon Knight,Luna Snow,Damage,Support,10375,0.25925221826281847,0.7195753857401453,0.360285000571768,0.7186340150274496,False,0.9044569153815112
counter,Rocket Raccoon,Phoenix,Support,Damage,9090,-0.2587830154194713,0.7518474891915397,-0.3441961556561694,0.7306987732240595,False,0.9117010122033049
counter,Thor,Emma Frost,Tank,Tank,14025,-0.25849403395255394,0.6290058872315518,-0.4109564619343478,0.6811044598079199,False,0.8856203789047153
counter,Hela,Devil Dinosaur,Damage,Tank,7047,0.2581212510511313,0.7473157875398491,0.3453978296121136,0.729795308615043,False,0.9113893520913525
counter,Storm,Mantis,Damage,Support,6904,0.25508534462570726,0.795694066738564,0.32058218766323787,0.7485270378933557,False,0.9181689802381742
counter,Spider-man,Blade,Damage,Damage,6739,-0.2518004392531043,0.7118921092266707,-0.35370590007892555,0.7235593004693199,False,0.9073804296005742
counter,Storm,Jeff The Land Shark,Damage,Support,3336,0.2502040428399635,1.0106410713453342,0.24756963667318563,0.804467405900015,True,0.9366719137632387
counter,Magneto,Deadpool (Vanguard),Tank,Tank,15185,-0.25003326303885326,0.6378069597673018,-0.3920202801331545,0.6950432293309273,False,0.8935737980519264
counter,Iron Man,Deadpool (Duelist),Damage,Damage,2972,0.24928653952325025,0.9980649338531565,0.2497698607252415,0.802765328792507,False,0.9365355760626678
counter,Human Torch,Psylocke,Damage,Damage,2862,0.24926075488661492,1.0311274014955807,0.24173613709138075,0.8089846264782377,False,0.9384691097298318
counter,Elsa Bloodstone,Devil Dinosaur,Damage,Tank,6980,-0.2489417702557567,0.7670324561594893,-0.32455180775817677,0.7455203060539837,True,0.9180530404579742
counter,Black Panther,Psylocke,Damage,Damage,3181,-0.2473895070436839,0.9717974002985444,-0.2545690150721578,0.7990559932531321,False,0.9364608343010571
counter,Star-lord,White Fox,Damage,Support,5080,0.2467785851915725,0.8973236165028255,0.27501626019089115,0.7833037459909578,False,0.9330223691225026
counter,The Punisher,Doctor Strange,Damage,Tank,10768,0.24499683431723338,0.6731415615487824,0.3639603440226421,0.7158876222653476,False,0.9024773546056589
counter,Venom,Adam Warlock,Tank,Support,4112,-0.2438123934957701,0.9404650430444031,-0.2592466304824248,0.7954449546469481,False,0.9364608343010571
counter,Cloak & Dagger,Psylocke,Support,Damage,15676,0.24264737429811625,0.6758392601804666,0.3590311906907023,0.719571755957755,True,0.904744571563236
counter,Iron Fist,Elsa Bloodstone,Damage,Damage,7005,-0.24131619724951647,0.7150673907307082,-0.3374733631789892,0.7357600887342519,False,0.9127059264689817
counter,Winter Soldier,Iron Fist,Damage,Damage,19503,-0.23797366581208862,0.4905152033119377,-0.48515043816236597,0.6275696358439413,False,0.854449237451541
counter,The Punisher,Psylocke,Damage,Damage,3762,-0.23655021024414102,0.9124681013131494,-0.25924216956594687,0.7954483963246314,False,0.9364608343010571
counter,Thor,Invisible Woman,Tank,Support,18275,0.23541520856899567,0.699104536958148,0.3367382074121611,0.7363142583893869,False,0.9127059264689817
counter,Spider-man,Cyclops,Damage,Damage,14724,0.23526171815353691,0.5249685647889336,0.44814439174681847,0.6540489922053079,False,0.8717864654609133
counter,Mantis,Daredevil,Support,Damage,12093,-0.23516665469644613,0.7122811806109327,-0.33015985975473994,0.7412791750582371,False,0.9159506138459361
counter,Iron Man,Cyclops,Damage,Damage,6212,-0.234467274230343,0.7493485917612783,-0.31289479530380937,0.7543605919339064,False,0.9181689802381742
counter,Groot,Luna Snow,Tank,Support,12058,0.23387180837098903,0.7612803151855754,0.307208532397135,0.75868465144308,False,0.9203669111084077
counter,Luna Snow,Devil Dinosaur,Support,Tank,13294,0.23298384601015762,0.7651266500115204,0.304503634799088,0.7607442239783554,False,0.9203669111084077
counter,Doctor Strange,Rogue,Tank,Tank,7665,-0.23207141763725,0.7730594914840488,-0.30019865248887967,0.764025632860653,False,0.9210540166998524
counter,Daredevil,Deadpool (Vanguard),Damage,Tank,2831,-0.23112793572712068,1.053336586378573,-0.2194245777807365,0.8263193261960978,False,0.9471285540107208
counter,Black Widow,Phoenix,Damage,Damage,3885,0.23029118075833052,0.9011689066976796,0.2555471888197178,0.7983005016988709,True,0.9364608343010571
counter,Hawkeye,Magneto,Damage,Tank,16198,-0.22804081209297483,0.6104188429918137,-0.3735808858312604,0.7087161568423719,False,0.8987272065549146
counter,Black Widow,Namor,Damage,Damage,6306,0.2243667943370645,0.741241204336739,0.3026906667146592,0.7621256112118782,False,0.9203669111084077
counter,Gambit,Cyclops,Support,Damage,22173,0.22321999914323942,0.6076048084359085,0.3673769464034536,0.7133378652964082,True,0.9010888021670517
counter,Hulk,Black Widow,Tank,Damage,6961,0.2224432509750461,0.7481941954486,0.29730683869001984,0.7662322610534392,False,0.9218611806756272
counter,Jeff The Land Shark,Iron Fist,Support,Damage,6200,-0.22190887038309384,0.8512484133764953,-0.260686383546828,0.7943343674404959,False,0.9364608343010571
counter,Black Panther,Luna Snow,Damage,Support,13841,0.22040628662146955,0.7074001318874881,0.31157230071951014,0.7553655878491085,False,0.918925986435097
counter,Iron Man,Thor,Damage,Tank,4221,0.21961723680526354,0.9029572311615919,0.2432199767897547,0.8078349921965121,True,0.938042665188496
counter,Mantis,Emma Frost,Support,Tank,26222,0.21952244375938343,0.570471413664371,0.3848088414269543,0.7003790481118184,True,0.8970685191779244
counter,Iron Man,Jeff The Land Shark,Damage,Support,3943,0.2195165149921427,0.9564201971723748,0.22951890355424964,0.8184656298283397,False,0.9429807148762457
counter,Luna Snow,Elsa Bloodstone,Support,Damage,18437,0.2191250229496911,0.6488838299295321,0.3376953051418893,0.7355928130971257,False,0.9127059264689817
counter,The Punisher,Human Torch,Damage,Damage,4310,0.21903655167776953,0.875512839867527,0.2501808559551357,0.8024474893335675,False,0.9365355760626678
counter,Black Panther,Black Cat,Damage,Damage,4280,0.21736264828284788,0.8685565156668317,0.25025734579397907,0.8023883402111154,True,0.9365355760626678
counter,Squirrel Girl,Devil Dinosaur,Damage,Tank,2609,-0.21575725627237247,1.0904209226908281,-0.1978660274969312,0.8431498847673804,False,0.956947595873835
counter,Captain America,Venom,Tank,Tank,3696,-0.21573935117824472,0.970249801072057,-0.22235444000077925,0.8240379756380566,False,0.946129424446472
counter,Mantis,Scarlet Witch,Support,Damage,5991,-0.21563671339321958,0.8319311572129954,-0.2592001892507689,0.7954807850914495,False,0.9364608343010571
counter,Ultron,Black Cat,Support,Damage,2793,0.2147745378130147,1.087282228815511,0.19753338380871985,0.8434101595600718,False,0.956947595873835
counter,Hela,Star-lord,Damage,Damage,5835,0.21465521382356867,0.7724181239086705,0.27790028118106297,0.7810889080485903,False,0.9324065344273907
counter,Luna Snow,Angela,Support,Tank,9456,0.2139971017643818,0.7603956211245531,0.2814286350674934,0.7783816576528731,False,0.9324065344273907
counter,The Punisher,Winter Soldier,Damage,Damage,16729,0.2124709580706638,0.5236484936846288,0.40575111097068484,0.6849254837224186,True,0.8872225893358975
counter,Hulk,Daredevil,Tank,Damage,6684,0.21213846407949474,0.7643071450137434,0.27755656278168145,0.7813527802288738,False,0.9324065344273907
counter,Jeff The Land Shark,Emma Frost,Support,Tank,12434,-0.21197118103483611,0.7089828763695004,-0.2989792674828484,0.7649558645986059,False,0.9212495578172969
counter,Hawkeye,Jubilee,Damage,Support,11805,0.20947753370521735,0.6791839281567537,0.30842533961856433,0.7577587029276989,False,0.920182351606995
counter,Mantis,Hawkeye,Support,Damage,5979,0.2066966009786163,0.8094253500959859,0.2553621540937718,0.7984433986310954,False,0.9364608343010571
counter,Star-lord,Devil Dinosaur,Damage,Tank,3591,-0.20655815586746318,0.9849030120176334,-0.20972436204080266,0.8338828102082816,False,0.9533684029205389
counter,Hela,Phoenix,Damage,Damage,5002,0.20507832381240632,0.8139925221322869,0.2519412872187022,0.8010864460707551,True,0.9365355760626678
counter,Peni Parker,Elsa Bloodstone,Tank,Damage,3953,-0.2038469259531614,0.9272222183907051,-0.21984689528574916,0.8259903958137439,False,0.9471285540107208
counter,The Punisher,Hela,Damage,Damage,8325,0.20239540172994233,0.6673188183095693,0.30329640971708827,0.7616639820452715,False,0.9203669111084077
counter,Loki,Spider-man,Support,Damage,6996,-0.19826503505900323,0.7773179813635261,-0.25506297269904676,0.7986744619956578,False,0.9364608343010571
counter,White Fox,Jubilee,Support,Support,31697,-0.1961235250340487,0.6210407380239359,-0.31579816431702395,0.7521557115328404,False,0.9181689802381742
counter,Star-lord,Cyclops,Damage,Damage,5903,0.195512807104319,0.7723273356639082,0.25314759438917467,0.8001541613242356,False,0.9365355760626678
counter,Cloak & Dagger,Luna Snow,Support,Support,59752,-0.19525411957443148,0.5017174412028615,-0.3891714808763914,0.6971492987631736,True,0.8953218242681227
counter,Moon Knight,Invisible Woman,Damage,Support,12088,0.1926044634163807,0.7016891720866939,0.2744868683716618,0.7837104937604227,False,0.9330223691225026
counter,Star-lord,The Thing,Damage,Tank,6738,0.19127250691922068,0.7735492770055914,0.2472660922903792,0.8047022985685848,False,0.9366719137632387
counter,Star-lord,The Hood,Damage,Tank,21443,0.18904239340552487,0.5798577445162265,0.3260151221455916,0.7444129138421662,False,0.9173384630450903
counter,The Punisher,Luna Snow,Damage,Support,14829,-0.18852639446742414,0.6945196412805048,-0.2714486146422481,0.7860460159845241,False,0.9344521270301651
counter,Iron Man,Daredevil,Damage,Damage,3739,0.18805250361586887,0.9132224098306502,0.20592191079798589,0.8368519098786968,False,0.9537283314839149
counter,Phoenix,Deadpool (Duelist),Damage,Damage,2905,0.18704621217651843,1.0247141139662463,0.1825350208679566,0.8551628733145823,False,0.9630108098406234
counter,Venom,Black Cat,Tank,Damage,7602,-0.18693094192190857,0.744946784424238,-0.25093194014708803,0.8018667296051599,False,0.9365355760626678
counter,The Punisher,Hawkeye,Damage,Damage,3184,-0.18692443076824689,0.9764423142162524,-0.19143417695727674,0.8481854458298708,False,0.9601859360177974
counter,Groot,Black Cat,Tank,Damage,4032,-0.1859636283197443,0.945406345955908,-0.19670232711598204,0.8440604888991392,False,0.956947595873835
counter,Hulk,Spider-man,Tank,Damage,11910,0.18476354513153748,0.6096998553231082,0.303040165613329,0.7618592521319252,False,0.9203669111084077
counter,Magneto,Deadpool (Duelist),Tank,Damage,23605,0.1816175195952335,0.5754296434841247,0.3156207221017874,0.7522904071342087,False,0.9181689802381742
counter,Iron Man,Rogue,Damage,Tank,2774,-0.18007009168530727,1.0753012001808948,-0.16746014200952683,0.8670080066997716,False,0.9647990118645868
counter,Blade,Iron Fist,Damage,Damage,4198,-0.18000397589320258,0.8706602017724748,-0.20674423331484962,0.8362096104296681,False,0.9537283314839149
counter,The Punisher,Black Widow,Damage,Damage,6300,-0.17863927062459325,0.7375293757668219,-0.242213092107496,0.8086150510106538,False,0.9384691097298318
counter,Luna Snow,Iron Fist,Support,Damage,17407,0.17704575712090845,0.6633770263003241,0.26688557200766894,0.7895572657267855,False,0.9363064164501032
counter,Thor,Daredevil,Tank,Damage,6164,0.1767852331441634,0.7902367950435986,0.22371172065508527,0.8229816253144553,False,0.946129424446472
counter,Invisible Woman,The Thing,Support,Tank,30178,-0.17581901723454615,0.5943330201127717,-0.2958257597755302,0.7673631495427937,True,0.9227589953649936
counter,Venom,Gambit,Tank,Support,20322,-0.17030198287740667,0.6589570851346478,-0.25844169023936975,0.7960660449674029,False,0.9364608343010571
counter,Winter Soldier,Rogue,Damage,Tank,11884,-0.17029651611530475,0.6142821014659873,-0.2772285171729589,0.7816046439072459,False,0.9324065344273907
counter,Blade,Cyclops,Damage,Damage,5757,0.16931029054452934,0.7687308461526965,0.220246515918913,0.82567917146065,False,0.9471285540107208
counter,Venom,Scarlet Witch,Tank,Damage,4860,-0.16899825226704557,0.843283541258695,-0.20040501681652265,0.8411638362252513,False,0.956375375878852
counter,Black Widow,Cyclops,Damage,Damage,8621,-0.16834084663689697,0.6495592358011258,-0.25916165510182587,0.7955105153729571,False,0.9364608343010571
counter,Hawkeye,Emma Frost,Damage,Tank,6943,-0.166179052348252,0.7417831115040415,-0.22402647050201357,0.8227367061674016,False,0.946129424446472
counter,Iron Fist,Deadpool (Strategist),Damage,Support,5131,0.1631140305524767,0.902566351795845,0.18072248120919543,0.8565854118855759,False,0.9637867289313541
counter,Iron Fist,Phoenix,Damage,Damage,3899,-0.16132042180578393,0.9134295962629456,-0.17660958487198528,0.8598150647998553,False,0.9638767946050714
counter,Winter Soldier,Phoenix,Damage,Damage,10337,-0.1607815588654194,0.6193147478447365,-0.2596120299491522,0.7951630558760633,False,0.9364608343010571
counter,Emma Frost,Black Cat,Tank,Damage,11402,0.16053095640134707,0.6526511025687762,0.24596749437718193,0.8057073953272085,False,0.9373870229825282
counter,Psylocke,Invisible Woman,Damage,Support,10699,0.1599454456765722,0.7198841270065645,0.22218220915866047,0.8241720430468904,False,0.946129424446472
counter,Doctor Strange,Hela,Tank,Damage,15268,-0.15820950425905195,0.5749613160693491,-0.27516547607173186,0.7831891096029585,False,0.9330223691225026
counter,Storm,Deadpool (Strategist),Damage,Support,2602,0.1572362521550773,1.1229665007741974,0.14001864886145335,0.8886452558770592,False,0.9780337423718044
counter,Namor,Psylocke,Damage,Damage,3549,-0.15580709178064517,0.9349500916379039,-0.1666474961328605,0.8676474197010471,False,0.9649912655831302
counter,Doctor Strange,Squirrel Girl,Tank,Damage,4466,0.1520673520337138,0.8829870736645169,0.1722192278564323,0.8632651820795725,False,0.9647990118645868
counter,Moon Knight,Namor,Damage,Damage,4477,0.1519278364764335,0.856935481720336,0.1772920362352503,0.85927900587161,False,0.9638767946050714
counter,The Punisher,Peni Parker,Damage,Tank,3491,0.15072034432905695,0.9858068338152601,0.1528903423663037,0.8784847520433153,False,0.9712553103046043
counter,Hulk,Magik,Tank,Damage,13224,0.15055391741853502,0.5911157518686037,0.25469447725358696,0.7989590821250077,False,0.9364608343010571
counter,Ultron,Thor,Support,Tank,3265,-0.14795814470404645,1.0616295599406764,-0.13936890068538998,0.8891586461496063,False,0.9780337423718044
counter,Iron Man,Elsa Bloodstone,Damage,Damage,4780,-0.14793016320205418,0.831494308353654,-0.17790881033804504,0.8587945915815373,False,0.9638767946050714
counter,Psylocke,Rogue,Damage,Tank,2552,-0.1458838555612752,1.1069473616350174,-0.13178933399849957,0.895150923199567,False,0.9804244043770827
counter,Groot,Rogue,Tank,Tank,3232,0.1446078136174984,1.0545447124163745,0.13712819562306214,0.8909294660996476,False,0.978635434603047
counter,Cloak & Dagger,Mister Fantastic,Support,Damage,13540,-0.14150271073143122,0.6816556781862255,-0.20758678502898537,0.8355516236186645,False,0.953610059496278
counter,The Punisher,Jeff The Land Shark,Damage,Support,5583,-0.14028507123686668,0.8886833184226393,-0.15785721226979305,0.8745693148970557,False,0.9699915794905394
counter,Winter Soldier,Jeff The Land Shark,Damage,Support,16381,0.13898277875213652,0.5924640067949059,0.23458434125644426,0.8145313643172547,False,0.9421700785906914
counter,Invisible Woman,Phoenix,Support,Damage,10709,0.13750350286599128,0.728830191732802,0.18866329143016863,0.8503567240426931,False,0.9607662547300286
counter,Mister Fantastic,Emma Frost,Damage,Tank,6886,-0.13479484579297568,0.7476430225957167,-0.1802930566047229,0.8569225063820669,False,0.9637867289313541
counter,Black Panther,Adam Warlock,Damage,Support,2746,-0.1347235425143554,1.0889556697327851,-0.12371811475798156,0.9015384683509412,False,0.9809596678545662
counter,Cloak & Dagger,The Thing,Support,Tank,39380,-0.13316723236545622,0.576968029792377,-0.23080521881494317,0.8174661266659582,False,0.9429807148762457
counter,Moon Knight,Jeff The Land Shark,Damage,Support,4256,0.13220282036550496,0.9436797088175519,0.14009289288540233,0.8885865958733631,False,0.9780337423718044
counter,Elsa Bloodstone,White Fox,Damage,Support,8986,0.13001586082917338,0.7615872472426822,0.1707169615823982,0.8644463252046559,False,0.9647990118645868
counter,Mantis,Black Widow,Support,Damage,13580,0.1294937981311106,0.6747034575677124,0.19192698166677877,0.847799402010712,False,0.9601859360177974
counter,Winter Soldier,Star-lord,Damage,Damage,11529,-0.1292266977494994,0.5962734633554356,-0.21672387870876625,0.8284235377293304,False,0.9481949951906076
counter,Venom,The Hood,Tank,Tank,40457,0.12915683308825557,0.4787357977701528,0.2697872891265704,0.78732390216329,False,0.9350033409900744
counter,Black Widow,Peni Parker,Damage,Tank,3765,-0.12834641772762914,0.9344956266505918,-0.13734298381646456,0.8907596961577616,False,0.978635434603047
counter,Jeff The Land Shark,Gambit,Support,Support,13870,-0.12802668275456586,0.7714994431127293,-0.16594526917352417,0.868200021705396,False,0.9651584115251367
counter,Winter Soldier,The Thing,Damage,Tank,29453,0.1269239818267962,0.4545065890652609,0.2792566375942499,0.7800478811856923,False,0.9324065344273907
counter,Hulk,Elsa Bloodstone,Tank,Damage,7253,-0.12496801581462862,0.7447470737418171,-0.16779927067958042,0.8667411962776987,False,0.9647990118645868
counter,Human Torch,Phoenix,Damage,Damage,2702,0.12472212576675132,1.0679318855952544,0.11678846511566839,0.9070276847001679,False,0.9809596678545662
counter,Hela,Black Cat,Damage,Damage,6217,0.1219036210747986,0.7459936690161331,0.16341106652496576,0.8701947901745525,False,0.9660329947379691
counter,White Fox,Deadpool (Strategist),Support,Support,6937,-0.1205269741580282,0.9067602567961356,-0.1329204420404212,0.8942562999440248,False,0.9804244043770827
counter,Human Torch,Angela,Damage,Tank,2693,0.11740442874194643,1.0806613597882373,0.10864127571374681,0.913487021209002,False,0.9809596678545662
counter,Spider-man,Devil Dinosaur,Damage,Tank,9863,-0.11465417375048867,0.65862097286585,-0.17408217848210217,0.8618008788578518,False,0.9647504938777353
counter,Hulk,Deadpool (Strategist),Tank,Support,4980,-0.11431644108295785,0.9601100176711607,-0.11906598095939401,0.9052230822360826,False,0.9809596678545662
counter,The Thing,Elsa Bloodstone,Tank,Damage,11027,-0.1105660384608396,0.648684344669922,-0.17044659605142817,0.8646589298752483,False,0.9647990118645868
counter,Elsa Bloodstone,Deadpool (Vanguard),Damage,Tank,3908,0.11035628787731172,0.9275717963984018,0.11897331107500872,0.9052965002522178,False,0.9809596678545662
counter,Captain America,Cyclops,Tank,Damage,3750,0.1101903908712425,0.9384039930298351,0.11742319053382286,0.9065247078043063,False,0.9809596678545662
counter,Squirrel Girl,Winter Soldier,Damage,Damage,6915,0.10961824597405913,0.7155943404302635,0.15318489789641052,0.8782524668426731,False,0.9712553103046043
counter,Loki,Elsa Bloodstone,Support,Damage,4685,-0.10937818417962916,0.946383534564024,-0.11557490191333161,0.9079894549547296,False,0.9809596678545662
counter,Psylocke,Devil Dinosaur,Damage,Tank,3184,-0.10803763485412858,1.0105348915968055,-0.10691133552391444,0.9148593202886681,False,0.9809596678545662
counter,Venom,Winter Soldier,Tank,Damage,23702,0.10796240885885991,0.4861781846307057,0.2220634579498187,0.8242644839904654,False,0.946129424446472
counter,Cloak & Dagger,Namor,Support,Damage,25064,-0.10667834245219575,0.6618547336785708,-0.16118090122175358,0.8719509230506578,False,0.9675348123952489
counter,Phoenix,White Fox,Damage,Support,4674,-0.1065411923494023,0.9163121661540664,-0.11627172080075682,0.9074371971076668,False,0.9809596678545662
counter,Loki,Black Cat,Support,Damage,3243,-0.10598760539659968,1.0669337586796643,-0.09933850582041742,0.9208695063771097,False,0.9809596678545662
counter,Adam Warlock,Elsa Bloodstone,Support,Damage,3730,-0.10451379731557947,0.9768303448941739,-0.10699278320116284,0.9147947050618219,False,0.9809596678545662
counter,Black Panther,Daredevil,Damage,Damage,5463,-0.10221074219286136,0.7806282132917982,-0.1309339586406353,0.8958275508105732,False,0.9804244043770827
counter,Groot,Angela,Tank,Tank,2848,0.10175544791090244,1.0783395057914253,0.09436309006987656,0.9248207347937429,False,0.9809596678545662
counter,Hulk,Cloak & Dagger,Tank,Support,26241,0.10138518053510884,0.663442563951215,0.1528168164720948,0.8785427358736939,False,0.9712553103046043
counter,Devil Dinosaur,The Hood,Tank,Tank,26909,-0.10028410976581541,0.5696852490003186,-0.17603423985752406,0.8602670429379455,False,0.9639330387707292
counter,Magik,Psylocke,Damage,Damage,7174,0.0995565606687129,0.7014788874183534,0.14192381617515254,0.8871401821450615,False,0.9780337423718044
counter,Hawkeye,Black Widow,Damage,Damage,3655,0.0989254266136946,0.9183826440932016,0.10771700363672727,0.9142201810432271,True,0.9809596678545662
counter,Mantis,Adam Warlock,Support,Support,6231,-0.09663521892751537,0.8405886648419226,-0.1149613633508705,0.9084757465233051,True,0.9809596678545662
counter,Emma Frost,Cyclops,Tank,Damage,18599,0.0964610663953294,0.5406574504116965,0.17841438478629457,0.8583975531171201,False,0.9638767946050714
counter,Psylocke,Deadpool (Duelist),Damage,Damage,2656,-0.09563626294093956,1.0552183772138357,-0.09063172610152453,0.9277852218826275,False,0.9809596678545662
counter,Black Widow,Psylocke,Damage,Damage,4172,0.09551300379811187,0.8702594509086343,0.10975233155857961,0.9126057964783097,False,0.9809596678545662
counter,Hawkeye,The Hood,Damage,Tank,16335,-0.09489309651523188,0.6102221236847891,-0.15550582784876052,0.87642255987243,False,0.9704757330179171
counter,Spider-man,Angela,Damage,Tank,6934,0.09284163977188142,0.7307274999538392,0.12705370986824271,0.898897888628583,False,0.9809596678545662
counter,Mantis,Winter Soldier,Support,Damage,36087,0.09080818448674714,0.47541073835571085,0.19100995657107522,0.8485177925626222,False,0.9601859360177974
counter,Squirrel Girl,Spider-man,Damage,Damage,4084,0.09076048722954379,0.8768959560638525,0.10350200226369263,0.9175645604541773,True,0.9809596678545662
counter,Iron Man,Devil Dinosaur,Damage,Tank,3920,-0.08990692180341649,0.9418793417134395,-0.09545481870306279,0.9239535757821453,False,0.9809596678545662
counter,Spider-man,Psylocke,Damage,Damage,6904,0.0886153109760637,0.7074857849111976,0.12525383953429756,0.9003225950218765,False,0.9809596678545662
counter,Mantis,Elsa Bloodstone,Support,Damage,13063,0.08517773973690401,0.6921721735913713,0.12305860158312185,0.9020606931971699,False,0.9809596678545662
counter,Devil Dinosaur,Cyclops,Tank,Damage,8444,-0.08476426468932849,0.7145123848810184,-0.11863232392177994,0.9055666553933087,False,0.9809596678545662
counter,Doctor Strange,Gambit,Tank,Support,27361,0.08406652093402915,0.602140724703177,0.13961274746110125,0.8889659682540831,False,0.9780337423718044
counter,Doctor Strange,Jubilee,Tank,Support,40408,0.08363803686346002,0.5566484805770087,0.15025287911818752,0.8805651078748228,False,0.9730426963573008
counter,Magik,Deadpool (Vanguard),Damage,Tank,6306,-0.0820881018256641,0.7613458113662943,-0.10781973263680351,0.9141386897575761,False,0.9809596678545662
counter,Doctor Strange,Scarlet Witch,Tank,Damage,6311,0.08116857918624593,0.7781017042260177,0.10431615654535134,0.9169184567944435,True,0.9809596678545662
counter,Human Torch,Daredevil,Damage,Damage,4580,-0.08102005938962918,0.8446855766440655,-0.0959174178296281,0.9235861609349095,False,0.9809596678545662
counter,Thor,Cyclops,Tank,Damage,8791,0.08088154966772501,0.6923300367115557,0.11682513451517713,0.9069986256683926,False,0.9809596678545662
counter,Doctor Strange,Daredevil,Tank,Damage,10016,0.0804215266609832,0.6758284811775211,0.11899694804347663,0.9052777737104442,False,0.9809596678545662
counter,Angela,Black Cat,Tank,Damage,2966,-0.08024840083995606,1.057020208465445,-0.07591945754420215,0.939483176652021,False,0.9867150883533881
counter,Elsa Bloodstone,Jubilee,Damage,Support,26642,-0.07950462983078861,0.6165651213444635,-0.12894766031757227,0.8973990639623002,False,0.9809596678545662
counter,Moon Knight,Emma Frost,Damage,Tank,9745,-0.07912960435276016,0.6748575058941422,-0.11725379604086732,0.9066589378058157,False,0.9809596678545662
counter,Storm,Spider-man,Damage,Damage,6290,-0.07765048177199939,0.7349660900161257,-0.10565178832984753,0.9158586335079931,False,0.9809596678545662
counter,Rocket Raccoon,Rogue,Support,Tank,10371,-0.07763864521976856,0.7553360270278949,-0.10278689542356667,0.9181321061094228,False,0.9809596678545662
counter,Mantis,Peni Parker,Support,Tank,6520,-0.07724601626586676,0.835132075748375,-0.09249556867594314,0.9263043118140837,False,0.9809596678545662
counter,Invisible Woman,Devil Dinosaur,Support,Tank,16011,-0.07525330185536173,0.746952230625664,-0.100747141209188,0.9197511884466327,False,0.9809596678545662
counter,Storm,Cyclops,Damage,Damage,5070,0.07494154724092655,0.8149426471505035,0.09195929002238899,0.926730384343289,False,0.9809596678545662
counter,Mister Fantastic,Winter Soldier,Damage,Damage,8842,0.07462762374478309,0.6449037617838285,0.11571900827242845,0.9078752410361048,False,0.9809596678545662
counter,Phoenix,Jubilee,Damage,Support,14044,-0.07413476745469588,0.6829788120899077,-0.10854621862696487,0.9135624199042635,False,0.9809596678545662
counter,White Fox,Black Cat,Support,Damage,8439,0.07303878795162567,0.7871239922106747,0.09279197264269992,0.926068828399152,True,0.9809596678545662
counter,Captain America,Devil Dinosaur,Tank,Tank,2629,-0.07291630309323173,1.1240289021238905,-0.06487048772095977,0.9482771184713193,False,0.9906827359717425
counter,Hela,Wolverine,Damage,Damage,5134,-0.07198021365297068,0.801318348883617,-0.08982723751833747,0.9284245032717774,False,0.9809596678545662
counter,Cloak & Dagger,Winter Soldier,Support,Damage,74764,-0.07061602483847622,0.4284433030445592,-0.1648199991379769,0.8690856622882703,False,0.9655248873226322
counter,Groot,Peni Parker,Tank,Tank,2718,-0.0693852426758033,1.10754043859294,-0.06264804449393546,0.9500467705540154,False,0.9909400880691666
counter,Star-lord,Gambit,Damage,Support,10282,0.06896748950735004,0.7581269006902297,0.09097090400638629,0.9275157104082397,False,0.9809596678545662
counter,Hulk,Venom,Tank,Tank,8979,-0.06608892066347831,0.7286304261667532,-0.09070293840344419,0.9277286357500434,False,0.9809596678545662
counter,Emma Frost,Jubilee,Tank,Support,50197,-0.0660613652113174,0.5164104718943331,-0.12792413943308792,0.8982090074881784,False,0.9809596678545662
counter,Hela,Spider-man,Damage,Damage,16370,-0.06600752630969021,0.5039260266965127,-0.13098653931888096,0.8957859557230311,False,0.9804244043770827
counter,Luna Snow,Gambit,Support,Support,34909,-0.06352823803778773,0.5615287213352271,-0.11313444107850362,0.9099239702374174,False,0.9809596678545662
counter,Black Cat,Deadpool (Duelist),Damage,Damage,3037,0.06312999249693117,0.9920799482765731,0.06363397688522954,0.9492616769142583,False,0.9907170556870262
counter,Iron Man,Jubilee,Damage,Support,15590,0.06261619676825997,0.6677289111570028,0.09377487738214327,0.9252879886701628,False,0.9809596678545662
counter,Iron Fist,Emma Frost,Damage,Tank,13795,-0.062328423227878106,0.6055553248787917,-0.10292771059416214,0.9180203446226892,False,0.9809596678545662
counter,Groot,Gambit,Tank,Support,11410,-0.0606629638529693,0.791759496332034,-0.07661791760503185,0.9389275046646588,False,0.9866347278539276
counter,Hela,Luna Snow,Damage,Support,23713,-0.058743377284248985,0.5837779935556273,-0.10062622766312176,0.919847175712691,False,0.9809596678545662
counter,Jeff The Land Shark,Phoenix,Support,Damage,3477,-0.058190504555083476,0.9996353990107127,-0.05821172860892241,0.9535799784867941,False,0.9933297300867646
counter,Captain America,Rocket Raccoon,Tank,Support,6893,0.057703535381475934,0.8167533928414267,0.07064988757589297,0.9436764050343132,False,0.9891516533005897
counter,Magik,Black Widow,Damage,Damage,12915,0.057458066344142064,0.5555365169631145,0.1034280638440138,0.9176232398537421,False,0.9809596678545662
counter,Daredevil,Jubilee,Damage,Support,21435,-0.057377587115408364,0.649330501794432,-0.08836422585546924,0.9295871936695155,False,0.9809596678545662
counter,Venom,Mister Fantastic,Tank,Damage,4476,0.0550609164713875,0.867987028709965,0.06343518353404555,0.9494199712482173,False,0.9907170556870262
counter,Hela,Cloak & Dagger,Damage,Support,36411,0.05286567873109025,0.5567667850915128,0.09495120784261762,0.9243535822423826,False,0.9809596678545662
counter,Venom,The Thing,Tank,Tank,11919,-0.05260672801778322,0.6521567466128555,-0.08066577290047193,0.9357077573488564,False,0.98411350718102
counter,Loki,Deadpool (Strategist),Support,Support,2958,0.05253163904624325,1.1363526722307762,0.04622828839141839,0.9631282956954834,False,0.9963539376340942
counter,Mantis,Iron Man,Support,Damage,7055,0.052502248985332206,0.8054646021156926,0.06518256525168944,0.9480286425184767,False,0.9906827359717425
counter,Magneto,Deadpool (Strategist),Tank,Support,23294,0.05172102686800419,0.6247516210454684,0.08278654288476031,0.9340212696162078,False,0.9828777512029887
counter,Squirrel Girl,White Fox,Damage,Support,3722,0.050228965691192055,0.9560466161924133,0.05253819723899636,0.9580998603517821,False,0.9950136644952057
counter,Luna Snow,The Hood,Support,Tank,80384,0.04812980035729942,0.45516505870894675,0.10574142157092907,0.9157875149008603,False,0.9809596678545662
counter,Moon Knight,Black Widow,Damage,Damage,4435,-0.04770963859560984,0.8444356388395724,-0.05649884538408713,0.9549444153076959,False,0.9941051835814227
counter,Magik,Iron Fist,Damage,Damage,13708,0.047392745364691194,0.5509532863058052,0.08601953476394361,0.9314508882861492,False,0.981421797576938
counter,The Punisher,Cloak & Dagger,Damage,Support,24760,-0.04516612380142531,0.6581945655481816,-0.06862123476180393,0.9452911158116383,False,0.9894407392692477
counter,Luna Snow,Venom,Support,Tank,21336,-0.04265073801358488,0.6375948594414973,-0.06689316480836262,0.9466667545445967,False,0.9904289333416867
counter,Winter Soldier,Black Cat,Damage,Damage,13075,-0.04243677424257712,0.5621671401313956,-0.07548782419523552,0.9398265847801132,False,0.9867150883533881
counter,Doctor Strange,Invisible Woman,Tank,Support,31781,-0.04179513787061606,0.5697384357390899,-0.07335846635728124,0.9415208675504524,True,0.9880614878624389
counter,Rocket Raccoon,Black Cat,Support,Damage,14151,-0.041691090992891325,0.7058008892760819,-0.05906919589695132,0.9528969938981129,False,0.9933297300867646
counter,Groot,White Fox,Tank,Support,5798,0.04121616565846877,0.921740067161413,0.04471560597924089,0.9643339943677942,False,0.9966946284864036
counter,Rocket Raccoon,Magneto,Support,Tank,82075,-0.040717549502931376,0.4640336050030894,-0.0877469844078648,0.9300777754575394,False,0.9809596678545662
counter,Hulk,Hawkeye,Tank,Damage,3214,-0.0398956145640434,0.9838673131566632,-0.040549791654365834,0.9676548116592768,False,0.9966946284864036
counter,Hawkeye,Spider-man,Damage,Damage,5783,-0.03973873674026818,0.7559422416981,-0.05256848281292184,0.9580757293061588,False,0.9950136644952057
counter,Iron Fist,Rogue,Damage,Tank,4438,-0.03773715173597033,0.8991043372998848,-0.04197193826169207,0.9665210684200978,False,0.9966946284864036
counter,Peni Parker,Namor,Tank,Damage,3442,0.03740829726828092,0.9878019145082989,0.03787024171430338,0.9697911396938667,False,0.9966946284864036
counter,Thor,Winter Soldier,Tank,Damage,18340,-0.03728022963691506,0.5327209674977359,-0.06998078151874791,0.944208956256086,False,0.9891516533005897
counter,Doctor Strange,The Hood,Tank,Tank,53907,-0.036897238008262584,0.43780914389126724,-0.08427699266469924,0.932836204507111,False,0.9823854497860225
counter,Groot,Scarlet Witch,Tank,Damage,2695,-0.036347370169370036,1.0735085040721948,-0.03385848368363333,0.9729899994121091,False,0.997015959786815
counter,Angela,Jubilee,Tank,Support,13115,-0.03594530494065808,0.7064997789493339,-0.05087801300393027,0.9594227258952578,False,0.9959563476515464
counter,Loki,Rocket Raccoon,Support,Support,10286,0.031233738401506495,0.7781868892062865,0.0401365518164453,0.9679842611331139,False,0.9966946284864036
counter,Blade,Daredevil,Damage,Damage,3618,-0.029703282833141904,0.9176287869084445,-0.032369606595728476,0.9741773002039964,False,0.997015959786815
counter,The Thing,Deadpool (Strategist),Tank,Support,7444,0.029516504953062236,0.8342538492309204,0.035380723721290384,0.9717761553297094,False,0.9966946284864036
counter,Doctor Strange,Black Cat,Tank,Damage,9423,-0.028543370857911126,0.6983122830147501,-0.040874794203366774,0.967395711961031,False,0.9966946284864036
counter,Venom,Jubilee,Tank,Support,30467,0.02561924634854762,0.6063973233393469,0.04224828402517667,0.9663007718110286,False,0.9966946284864036
counter,Hela,Venom,Damage,Tank,11605,-0.024033182916014723,0.6212538801461831,-0.03868496227397346,0.9691415628020918,True,0.9966946284864036
counter,Moon Knight,Scarlet Witch,Damage,Damage,3089,-0.023957374252634542,0.9896395827740265,-0.024208181109207864,0.9806865524622941,False,0.9975283245991472
counter,Storm,Luna Snow,Damage,Support,9117,-0.023770145847016023,0.7458074162741992,-0.03187169412415286,0.974574371984094,False,0.997015959786815
counter,Rocket Raccoon,Elsa Bloodstone,Support,Damage,18641,0.02323825443905344,0.654378015728074,0.035511973019445184,0.9716714993090212,False,0.9966946284864036
counter,Peni Parker,Jeff The Land Shark,Tank,Support,3276,0.02290827946563836,1.052436948395533,0.021766890169109532,0.9826339057435661,False,0.9975283245991472
counter,Mantis,Venom,Support,Tank,15863,-0.021226201967539618,0.6770428708931386,-0.031351341074662704,0.9749893462525502,False,0.997015959786815
counter,Doctor Strange,Luna Snow,Tank,Support,27072,-0.02058440585526103,0.5902959081827995,-0.03487133413922728,0.9721823387487222,False,0.9966946284864036
counter,Spider-man,Jubilee,Damage,Support,41059,-0.020333299019399464,0.505355424602865,-0.04023564016430307,0.9679052638832054,False,0.9966946284864036
counter,Hulk,Psylocke,Tank,Damage,3965,-0.019012331437548352,0.9179956425751945,-0.020710699000938908,0.9834764342827411,False,0.9975283245991472
counter,Venom,Elsa Bloodstone,Tank,Damage,9033,-0.018970706155904415,0.6879546630141813,-0.02757551794588731,0.9780007080874523,False,0.9975283245991472
counter,Mantis,Deadpool (Strategist),Support,Support,8416,0.018376017651242214,0.8466028620720139,0.021705593584065996,0.9826828017902142,False,0.9975283245991472
counter,Cloak & Dagger,Rogue,Support,Tank,16104,0.01831386755908779,0.7030577667586365,0.02604888022718486,0.9792183508782117,False,0.9975283245991472
counter,Venom,Spider-man,Tank,Damage,16328,-0.017373961175144267,0.545962287329588,-0.031822639728695964,0.9746134918853093,True,0.997015959786815
counter,Groot,Thor,Tank,Tank,4992,0.017063154019553998,0.9077329656157349,0.018797548029975634,0.9850026098669644,False,0.9975283245991472
counter,Iron Fist,Daredevil,Damage,Damage,6934,0.016834901244172792,0.7144633222697747,0.023563002773452506,0.9812011834614685,True,0.9975283245991472
counter,The Punisher,Deadpool (Vanguard),Damage,Tank,3239,-0.015156603141461004,1.0055287305072274,-0.015073267109747754,0.9879737282955984,False,0.9980597694860796
counter,Elsa Bloodstone,Deadpool (Duelist),Damage,Damage,4755,-0.014985233138246817,0.8308798837704828,-0.01803537843550229,0.9856106300857219,False,0.9975283245991472
counter,Groot,The Hood,Tank,Tank,22783,-0.014745560929176503,0.5919687648471071,-0.02490935637961399,0.9801272642391342,False,0.9975283245991472
counter,Winter Soldier,Deadpool (Duelist),Damage,Damage,13286,0.012606089282879053,0.5641227910039003,0.02234635700579574,0.9821716705586895,False,0.9975283245991472
counter,Human Torch,Magneto,Damage,Tank,23567,0.012220417737866406,0.5810479878978395,0.021031684116278208,0.9832203809913937,False,0.9975283245991472
counter,Groot,Deadpool (Vanguard),Tank,Tank,2600,-0.012183013610746524,1.116743870005259,-0.010909407195303568,0.9912957250884844,False,0.9983704636806358
counter,Thor,The Hood,Tank,Tank,32104,-0.01143857252099959,0.5281434247327609,-0.02165807995581404,0.9827207032707916,False,0.9975283245991472
counter,Angela,Elsa Bloodstone,Tank,Damage,4132,0.010741865215831646,0.9112178550317753,0.011788470952928225,0.9905943788784904,False,0.9983704636806358
counter,Cloak & Dagger,Squirrel Girl,Support,Damage,11172,0.009764560703360726,0.722538602958856,0.013514240849380273,0.9892175240853597,False,0.9980597694860796
counter,Venom,Phoenix,Tank,Damage,4989,-0.009587985054838115,0.8485907423526667,-0.011298715124155142,0.9909851214539483,True,0.9983704636806358
counter,Hela,Psylocke,Damage,Damage,5574,0.00936473196414756,0.7733899627489176,0.01210868050428505,0.9903389068596571,False,0.9983704636806358
counter,Emma Frost,Gambit,Tank,Support,33370,0.00782054248584756,0.5616858721375024,0.01392333842417362,0.9888911421636768,False,0.9980597694860796
counter,Luna Snow,Iron Man,Support,Damage,9336,0.006180532047301738,0.7413152038311299,0.00833725251466669,0.9933479120033168,False,0.9985019300948691
counter,Namor,The Thing,Damage,Tank,9141,-0.0048770549752664,0.7007944712112271,-0.006959322848020019,0.9944473085674451,False,0.9985019300948691
counter,Cyclops,Deadpool (Strategist),Damage,Support,7020,-0.004856507944748258,0.7973585278085443,-0.006090745599844348,0.9951403181688749,False,0.9985019300948691
counter,Black Cat,Rogue,Damage,Tank,3459,0.004743926895812169,0.9950197657055101,0.004767671014503445,0.9961959633179402,False,0.9985019300948691
counter,Thor,Devil Dinosaur,Tank,Tank,6089,0.003978227926395666,0.8490479860322168,0.004685516003620452,0.9962615128004837,False,0.9985019300948691
counter,Hela,Elsa Bloodstone,Damage,Damage,9120,-0.003866492177488726,0.6380893786214211,-0.006059483682117076,0.9951652611100806,False,0.9985019300948691
counter,Emma Frost,Elsa Bloodstone,Tank,Damage,15912,-0.0023167610137103983,0.5844267712724746,-0.003964159630583154,0.9968370665182207,False,0.9985019300948691
