kind,hero_a,hero_b,role_a,role_b,n_cooccur,effect_pp,se_pp,z,p_raw,is_teamup,q
synergy,Moon Knight,Blade,Damage,Damage,4378,8.094361166248774,0.8506568852081349,9.51542426447096,1.809729040367146e-21,True,1.0853849919601958e-18
synergy,Ultron,Adam Warlock,Support,Support,6510,7.656843257622478,0.7534301416511222,10.162645259775125,2.910701709113715e-24,True,2.503089642559363e-21
synergy,Squirrel Girl,Iron Man,Damage,Damage,3394,7.167628801530443,0.9425756467622047,7.604300860256269,2.8644817257176735e-14,True,1.3743783319993397e-11
synergy,Iron Fist,White Fox,Damage,Support,15235,6.7591552015787775,0.6282428850776121,10.758824910120174,5.385246307800026e-27,True,1.2919205892412262e-23
synergy,Gambit,Rogue,Support,Tank,26196,6.505439149820287,0.6405792364177003,10.155557314346524,3.1301662891530172e-24,True,2.503089642559363e-21
synergy,Loki,Mantis,Support,Support,7635,4.725944994094004,0.8395856997542266,5.628901249124941,1.8136118748291066e-08,True,3.3468114520884822e-06
synergy,Mantis,Adam Warlock,Support,Support,4710,3.9963576953062963,0.8434207337857503,4.738273005654459,2.1554729671375084e-06,True,0.00021545748534012012
synergy,The Punisher,Rocket Raccoon,Damage,Support,24911,3.9800944170881003,0.5814753392414905,6.844820663039574,7.657173509982136e-12,True,2.6242227500638773e-09
synergy,Luna Snow,White Fox,Support,Support,18249,3.8035148318586303,0.6611522634915133,5.752857612212429,8.774738914254921e-09,True,2.04952433947388e-06
synergy,Storm,Jeff The Land Shark,Damage,Support,8014,3.787560905076554,0.7327019166221043,5.169306670491505,2.3496405919119774e-07,True,2.9667304105246494e-05
synergy,Doctor Strange,Invisible Woman,Tank,Support,45963,3.526194230617865,0.5234757278101844,6.73611791967647,1.6267428384282674e-11,True,4.878195086736767e-09
synergy,Human Torch,Jubilee,Damage,Support,21864,3.3416798618232186,0.5955704296500968,5.610889485877408,2.012892867259902e-08,True,3.449235706111789e-06
synergy,Gambit,Deadpool (Duelist),Support,Damage,15503,3.321530026714683,0.6475321067903557,5.129521751714557,2.904792068001465e-07,False,3.484298085567758e-05
synergy,Loki,Devil Dinosaur,Support,Tank,3444,3.2985359207531317,1.0304163999754743,3.2011679170009746,0.0013687174361556767,False,0.03337095151222305
synergy,Adam Warlock,Jubilee,Support,Support,6613,2.984426266089758,0.7596576442403401,3.928646395803985,8.54253408761976e-05,False,0.004182354954326491
synergy,Human Torch,Ultron,Damage,Support,2568,2.8912138861178724,1.0798910148172762,2.6773200688285033,0.007421370188914205,False,0.0989103726844732
synergy,Invisible Woman,The Thing,Support,Tank,33487,2.8562464993353074,0.543663643857585,5.253701496514844,1.4907241794266747e-07,True,1.986804059135885e-05
synergy,Magik,The Hood,Damage,Tank,71837,2.849538896267085,0.38148832690568224,7.469531032260377,8.048112825844251e-14,True,3.2179037782000594e-11
synergy,Phoenix,Cyclops,Damage,Damage,9156,2.8403112224938085,0.662002868687836,4.290481743868609,1.782859426329084e-05,True,0.0010692699409408683
synergy,Rocket Raccoon,Mister Fantastic,Support,Damage,11258,2.8392631514789857,0.6384876378559622,4.446856889842402,8.713584564356549e-06,True,0.000597253981996896
synergy,Mantis,Star-lord,Support,Damage,18232,2.8197601184437544,0.6303798330710015,4.473112828985689,7.708907431736316e-06,True,0.0005658392219716087
synergy,Devil Dinosaur,Deadpool (Strategist),Tank,Support,4889,2.7529522552262793,0.930161109546559,2.959650996985142,0.003079877297908062,False,0.05401968995270753
synergy,Black Panther,Elsa Bloodstone,Damage,Damage,2926,2.702468172339159,0.981652195368367,2.752979298666013,0.005905563037832711,False,0.08383103980923476
synergy,Black Panther,Deadpool (Vanguard),Damage,Tank,2584,2.6688619067518276,1.0615713499556476,2.514067384037194,0.011934762799464269,False,0.13569429362992785
synergy,White Fox,Black Cat,Support,Damage,10182,2.6643513286593556,0.7006239673224613,3.80282641320646,0.00014305459564489887,True,0.006421391089893065
synergy,Hulk,Venom,Tank,Tank,4377,2.6525920067855107,0.8871035784446477,2.9901716904764166,0.0027882067934039845,False,0.0507632431989724
synergy,Captain America,Hela,Tank,Damage,3056,2.6511000304465333,0.9968560348231335,2.6594612841130094,0.007826572462505708,False,0.10248189207637495
synergy,Black Panther,Namor,Damage,Damage,2594,2.627312305089123,1.0538776129827792,2.4929956502758115,0.012667039800738345,False,0.14068624297208931
synergy,Namor,Deadpool (Vanguard),Damage,Tank,3222,2.608318510498861,0.9869994409491606,2.6426747597653533,0.008225400490184451,False,0.10496136051038563
synergy,White Fox,Deadpool (Strategist),Support,Support,3196,2.4485708489126976,1.0770847018652823,2.2733317488144547,0.023006195674507308,False,0.18763774872766364
synergy,Hulk,Doctor Strange,Tank,Tank,8759,2.4255905395105097,0.6936475122284842,3.4968633156598585,0.0004707629710733678,True,0.015272841564211496
synergy,Groot,Namor,Tank,Damage,4624,2.417696871427001,0.8556874418565178,2.825443909964968,0.0047215153628923125,False,0.07403212650705004
synergy,Wolverine,Gambit,Damage,Support,11243,2.3558375734106525,0.6598512031030875,3.570255782412514,0.00035663281621978686,True,0.013523707543000859
synergy,Cloak & Dagger,Adam Warlock,Support,Support,7961,2.341601735225523,0.7336713518462726,3.1916221470729615,0.0014147627703304118,False,0.03346703319803184
synergy,Spider-man,Peni Parker,Damage,Tank,6465,2.3322982090343376,0.7431146584703193,3.1385442104389485,0.0016978932006020246,True,0.035114187829691876
synergy,Magik,Deadpool (Strategist),Damage,Support,9771,2.316033528240268,0.6831857043926488,3.3900497527231175,0.0006987994006910348,False,0.02069654027478756
synergy,Adam Warlock,Invisible Woman,Support,Support,5394,2.2985008718229305,0.8213217377195865,2.7985389479703247,0.005133437801708681,False,0.07643270916989148
synergy,Jeff The Land Shark,Deadpool (Strategist),Support,Support,3145,2.296941835461137,1.0567040978203528,2.1736849892027514,0.029728800740832766,False,0.21743717371115184
synergy,Devil Dinosaur,Jubilee,Tank,Support,21719,2.2908311876198337,0.6421886989219315,3.567224386641412,0.0003607825271996894,False,0.013523707543000859
synergy,Human Torch,Groot,Damage,Tank,3072,2.2805772121631405,1.0043788339469708,2.270634480817375,0.023169114318364003,False,0.18763774872766364
synergy,Peni Parker,Iron Fist,Tank,Damage,3331,2.236603198648531,0.9713427838974978,2.3025889888986417,0.02130197927468205,False,0.17868338559427355
synergy,Luna Snow,Daredevil,Support,Damage,16200,2.2001771552984772,0.6230831053247337,3.531113484696084,0.0004138141626337445,False,0.014776471939267151
synergy,Hulk,Captain America,Tank,Tank,3080,2.164890860839021,1.0353239747066982,2.091027459740149,0.03652560250607085,True,0.24189938714902312
synergy,Loki,Angela,Support,Tank,3328,2.137118207909646,1.0010476853348955,2.1348815238453738,0.03277068888682151,True,0.2292037394737166
synergy,Invisible Woman,Devil Dinosaur,Support,Tank,16544,2.1353751451074534,0.6718338785648017,3.1784273065674014,0.0014807634399905442,False,0.03346703319803184
synergy,Black Widow,Phoenix,Damage,Damage,4277,2.106281958412131,0.8625597024499628,2.4418970100615343,0.014610313988144809,True,0.15347112115822653
synergy,Winter Soldier,Elsa Bloodstone,Damage,Damage,19432,2.081370393186143,0.4734413383412948,4.3962582576296345,1.1013288970870285e-05,True,0.0007339133400310504
synergy,Hawkeye,Psylocke,Damage,Damage,3815,2.0744722048909883,0.8976772604883261,2.3109332231079347,0.020836543624678978,True,0.17788921051816678
synergy,Cloak & Dagger,Moon Knight,Support,Damage,21370,2.0722131899558787,0.5978139948654788,3.4663176301554666,0.0005276395461711899,True,0.016877430283529126
synergy,Mister Fantastic,Gambit,Damage,Support,7586,2.0632770713992308,0.7130357784105137,2.8936515303603,0.0038079050434172354,False,0.06214397414393162
synergy,Scarlet Witch,Jubilee,Damage,Support,17267,2.009282012343063,0.5877825348581827,3.4184105399250297,0.0006298802028855211,True,0.018941666513588546
synergy,Hela,Black Panther,Damage,Damage,4020,1.9989237634986545,0.854373364643826,2.339637266585403,0.019302476910284364,False,0.17150608188063773
synergy,Jubilee,The Hood,Support,Tank,153104,1.992510069901126,0.3957883027339665,5.034282357860419,4.796422625912765e-07,True,5.4793418474117726e-05
synergy,Doctor Strange,Scarlet Witch,Tank,Damage,9514,1.9890240366733696,0.6755751487236159,2.9441936110753804,0.0032379737046156105,True,0.05540651917381573
synergy,Venom,Rogue,Tank,Tank,2545,1.9650513709640567,1.1143938555883943,1.763336508999791,0.07784375119771035,False,0.34840887896139394
synergy,Jeff The Land Shark,Deadpool (Duelist),Support,Damage,4769,1.9597223247346875,0.8634533401536655,2.2696331505138696,0.023229850509427302,False,0.18763774872766364
synergy,Venom,Elsa Bloodstone,Tank,Damage,7580,1.9565858971759678,0.6995835072461728,2.7967867694277633,0.00516135843498225,False,0.07643270916989148
synergy,Storm,Devil Dinosaur,Damage,Tank,3039,1.9299444283927079,0.9980894711203394,1.9336387009737477,0.053157565448764155,False,0.2965697663060121
synergy,Hela,Phoenix,Damage,Damage,4948,1.9118524331598479,0.8079981886787031,2.366159305735879,0.017973708548453357,True,0.1639502920446373
synergy,Jeff The Land Shark,Devil Dinosaur,Support,Tank,7082,1.8859631334070461,0.8233685925772979,2.290545389281401,0.021989720538892223,True,0.1831713179611196
synergy,Hela,Thor,Damage,Tank,11218,1.884381757614614,0.6213365780122456,3.032787420375363,0.002423062260074916,True,0.04650341089535779
synergy,Rocket Raccoon,Wolverine,Support,Damage,8785,1.8717502978132072,0.6793968374411717,2.7550176784202063,0.005868896429618315,False,0.08380644365865678
synergy,Luna Snow,Adam Warlock,Support,Support,5454,1.8713306821786113,0.8110043777539427,2.307423650857739,0.021031214008086493,True,0.17867351540571083
synergy,Groot,Star-lord,Tank,Damage,5497,1.8704272023750486,0.8414870199718575,2.2227641757773076,0.02623170591845343,True,0.20452878187294052
synergy,Rocket Raccoon,Scarlet Witch,Support,Damage,8347,1.8646103347463923,0.6759094892238547,2.7586686745403144,0.005803734494434333,False,0.08380644365865678
synergy,The Thing,Jubilee,Tank,Support,34817,1.8623569959771429,0.5326091429663395,3.4966673414670284,0.00047110891027580274,False,0.015272841564211496
synergy,Iron Man,Spider-man,Damage,Damage,4013,1.8249716420860325,0.8624477263373777,2.1160373972301816,0.034341627073726434,False,0.23409487813716393
synergy,Hela,Venom,Damage,Tank,10887,1.8112542957466897,0.612086422613906,2.9591479713138464,0.003084909347028316,True,0.05401968995270753
synergy,Luna Snow,The Thing,Support,Tank,25133,1.8019786401766578,0.5637340925170808,3.1965046359548652,0.0013910359113056712,False,0.03337095151222305
synergy,Rocket Raccoon,The Thing,Support,Tank,24681,1.7989329136318288,0.5677593197152534,3.1684779996813477,0.0015323934636370742,False,0.03403899925245686
synergy,Blade,Cyclops,Damage,Damage,3142,1.7903525864763097,0.955229127468961,1.8742650689684763,0.06089389955276486,False,0.3101580998451866
synergy,Angela,The Hood,Tank,Tank,11307,1.7785104767257347,0.65528554976421,2.714099948283145,0.006645611252324279,False,0.09215503696142165
synergy,Peni Parker,The Hood,Tank,Tank,11164,1.7661993152722817,0.6584788251550849,2.6822416269138287,0.007313061797643882,False,0.09832177296207618
synergy,Storm,Adam Warlock,Damage,Support,2267,1.7636680340891844,1.1106025055038942,1.5880281426962803,0.11227997547280344,True,0.4137629203675199
synergy,Mantis,Groot,Support,Tank,14302,1.7472617479847603,0.6883705756519352,2.5382574586805675,0.011140599386955368,True,0.13037218502100453
synergy,Doctor Strange,Star-lord,Tank,Damage,6507,1.7195669756869214,0.7769691783026658,2.2131727019640794,0.026885741340013924,False,0.20736952513015977
synergy,Star-lord,Devil Dinosaur,Damage,Tank,3384,1.6897327269808704,0.981861858841504,1.7209475159515628,0.08526034815438532,False,0.35817215440159467
synergy,Hawkeye,Cloak & Dagger,Damage,Support,15104,1.6779914013374542,0.6314652894430104,2.65729792181854,0.00787697984699216,True,0.10248189207637495
synergy,Doctor Strange,Magik,Tank,Damage,27233,1.6753216096634493,0.4724122547413454,3.5463127657023197,0.0003906622436976121,True,0.014199980645917749
synergy,Hulk,Namor,Tank,Damage,10043,1.67193995784084,0.6614289076638975,2.527769709591268,0.011478961838364702,True,0.13176090646046373
synergy,The Thing,Deadpool (Strategist),Tank,Support,7732,1.6703602018281922,0.7819963233505262,2.136020530980759,0.03267774039181597,False,0.2292037394737166
synergy,Hulk,Black Widow,Tank,Damage,6314,1.6692818044301987,0.7431194964404237,2.2463167934984005,0.024683723649928917,False,0.19561683502849236
synergy,Star-lord,Rogue,Damage,Tank,2774,1.6677377788508672,1.0695016332979068,1.5593597306702975,0.11891126175185317,False,0.4224052136226068
synergy,Angela,Elsa Bloodstone,Tank,Damage,3839,1.6438188032177452,0.923350296699679,1.7802764661399133,0.07503072660985745,False,0.34072365927863296
synergy,Squirrel Girl,Spider-man,Damage,Damage,3317,1.643392332550641,0.943120588031208,1.7425049918391358,0.08142011874309449,True,0.3558616009844187
synergy,Hela,Angela,Damage,Tank,5059,1.621458068049689,0.8170761094422271,1.9844639309752543,0.04720414518266999,False,0.2790670191266489
synergy,Thor,Namor,Tank,Damage,5625,1.612978414695445,0.7917882039668845,2.037133676170434,0.04163664798737873,False,0.2602356329550243
synergy,Venom,Phoenix,Tank,Damage,11052,1.612859315214851,0.6557637569796245,2.459512740752101,0.0139125759358751,True,0.14978898407238508
synergy,Magik,Peni Parker,Damage,Tank,5710,1.6090994696434953,0.7781843188590265,2.0677613653314886,0.03866246830713736,False,0.24799802531770732
synergy,Jeff The Land Shark,Iron Fist,Support,Damage,5777,1.5922500072376653,0.8071364752681789,1.9727147217682421,0.0485280737293127,False,0.2832575398457936
synergy,Rocket Raccoon,Peni Parker,Support,Tank,14483,1.5844419549368622,0.651087773816863,2.433530498735078,0.014952375697656721,True,0.15363530310981444
synergy,Rogue,The Hood,Tank,Tank,11892,1.5820698004022118,0.6529751832819974,2.4228635955969713,0.015398707430698377,False,0.1551795529536586
synergy,Rocket Raccoon,Black Cat,Support,Damage,13454,1.5807922216139776,0.6560838831520587,2.409436144078549,0.015977191729033717,False,0.15668429429390776
synergy,Rocket Raccoon,Magik,Support,Damage,30786,1.57649848912891,0.5077179528494378,3.1050674499123256,0.0019023563814814111,False,0.038350865203142064
synergy,The Punisher,Daredevil,Damage,Damage,4130,1.5587459707061304,0.8500170976904521,1.8337819026715318,0.06668637515831896,True,0.31990956814828897
synergy,Rocket Raccoon,Devil Dinosaur,Support,Tank,13470,1.5558926240234445,0.6956957231860902,2.236455640258783,0.025321939957729734,False,0.19917158674948732
synergy,Cloak & Dagger,The Hood,Support,Tank,140455,1.5557328895697764,0.39021436868696296,3.9868672565920136,6.69514589445569e-05,True,0.0034916641306085216
synergy,Storm,Black Panther,Damage,Damage,2974,1.5540124413718164,0.9936549749338429,1.563935652287437,0.11783268077027478,True,0.4208959986679002
synergy,Star-lord,Angela,Damage,Tank,2954,1.5518569266743305,1.0411469068171908,1.4905263767419639,0.13608588635323932,True,0.45121688271272054
synergy,Doctor Strange,Namor,Tank,Damage,10145,1.5487709098845386,0.6505877306093911,2.380571961346149,0.01728578446289396,False,0.16317533282592095
synergy,Doctor Strange,Psylocke,Tank,Damage,5879,1.5422405518986328,0.7808880646810605,1.9749828709810449,0.04827009189163958,False,0.28263731440082784
synergy,Jeff The Land Shark,The Thing,Support,Tank,8673,1.5409920486504685,0.7435347067288143,2.0725220150516885,0.03821678533479022,False,0.24795674421167718
synergy,Cloak & Dagger,Wolverine,Support,Damage,13426,1.53388931835797,0.6308446481847965,2.431485030065025,0.015037069693630063,False,0.15363530310981444
synergy,Namor,Emma Frost,Damage,Tank,13001,1.5263163889903333,0.6022383545620386,2.5344058169465233,0.01126382016353769,False,0.1306342148340044
synergy,Luna Snow,Black Cat,Support,Damage,13599,1.509530161744267,0.6514586945781797,2.3171540641140562,0.02049534081047348,False,0.1768644697997334
synergy,Daredevil,Cyclops,Damage,Damage,4098,1.4986543982366767,0.8443084111411432,1.7750082534546092,0.0758965244156304,False,0.34353917372282516
synergy,Cloak & Dagger,Magik,Support,Damage,49295,1.497507115078144,0.4745589697641817,3.1555764625464495,0.0016018127471621648,False,0.03431025696823244
synergy,Groot,Invisible Woman,Tank,Support,13040,1.4963299547841349,0.6868960972477398,2.178393443753197,0.029376757583536865,False,0.21618049522363475
synergy,Jeff The Land Shark,White Fox,Support,Support,3605,1.4757999241094986,1.0043564470566917,1.4693985670469798,0.1417247157700461,False,0.45997012128595804
synergy,Black Widow,Cyclops,Damage,Damage,4670,1.4680830147248942,0.7977226284665689,1.8403426984977633,0.0657179403699379,False,0.3178575382005666
synergy,Rocket Raccoon,Iron Fist,Support,Damage,16344,1.465900538155711,0.615325649824871,2.3823166457841047,0.017204097065544554,False,0.163132920396211
synergy,Magik,White Fox,Damage,Support,15540,1.464638286742808,0.5906970975837087,2.479508182339175,0.013156371145612945,False,0.14411933506084684
synergy,The Punisher,Invisible Woman,Damage,Support,16222,1.4605868470921812,0.6203204043823132,2.354568440395842,0.01854422843459795,False,0.16684969921402
synergy,Mantis,Emma Frost,Support,Tank,32249,1.4507561459860414,0.5350462063801601,2.7114595500098786,0.006698771375811287,True,0.09235834787684642
synergy,Human Torch,Deadpool (Strategist),Damage,Support,2901,1.421808574125064,1.0566251193211063,1.3456130732899785,0.17842733329083815,False,0.5024027847003765
synergy,Groot,Cyclops,Tank,Damage,6378,1.4076046326473266,0.7569783066999206,1.8595045857837582,0.0629556498553857,False,0.3106770576983087
synergy,Black Panther,Cyclops,Damage,Damage,3829,1.4044732510362503,0.874540811258052,1.6059550714573,0.10828378193182944,False,0.4052617673236487
synergy,Hela,Wolverine,Damage,Damage,2895,1.4027758043713818,0.9861546841029079,1.4224703558017056,0.1548897513485167,False,0.4758278543170046
synergy,Peni Parker,Daredevil,Tank,Damage,2789,1.401617295388791,1.0349273192107866,1.3543147130927362,0.17563599410252562,False,0.49855640634255555
synergy,Hela,Black Widow,Damage,Damage,5859,1.4008692539822039,0.7216229281512248,1.9412759757664393,0.05222481192788347,False,0.2934436782310986
synergy,Rocket Raccoon,Elsa Bloodstone,Support,Damage,17601,1.3914620072474415,0.6125132500199488,2.2717255621851824,0.02310309125852024,False,0.18763774872766364
synergy,Venom,Thor,Tank,Tank,3935,1.389017974780237,0.9194931768799226,1.510634346949189,0.1308816379747092,False,0.4441089809071108
synergy,Cloak & Dagger,Blade,Support,Damage,15867,1.3815877936874998,0.6281490814906644,2.1994584317608896,0.02784534174980844,False,0.2107286273116418
synergy,Cloak & Dagger,Daredevil,Support,Damage,23254,1.3772670613270628,0.590436482393577,2.3326252736682944,0.019667821269811196,False,0.1731837330900658
synergy,Wolverine,Cyclops,Damage,Damage,3912,1.37015406638754,0.8759468040761522,1.5641978028935453,0.11777112303875398,True,0.4208959986679002
synergy,The Thing,Gambit,Tank,Support,22841,1.3638772247696729,0.5838589835492188,2.3359702654206043,0.01949279130444743,False,0.17255795697184276
synergy,Mantis,Angela,Support,Tank,7148,1.3622075283830237,0.789889483258974,1.7245545829560172,0.08460777425930972,False,0.3563406361662988
synergy,Mister Fantastic,Jeff The Land Shark,Damage,Support,2751,1.3620516107674627,1.006612189102996,1.353104627096959,0.17602220765825116,False,0.49855640634255555
synergy,Mister Fantastic,White Fox,Damage,Support,4065,1.3512575614967206,0.8741731872045232,1.5457549845675806,0.12216375241322988,False,0.42846614333236616
synergy,Doctor Strange,Cyclops,Tank,Damage,14563,1.3481371257018333,0.5726867112715299,2.3540569375332274,0.018569766440243156,False,0.16684969921402
synergy,Groot,Spider-man,Tank,Damage,7738,1.3478834185043258,0.6922443896871817,1.947120754728573,0.05152025930835627,False,0.29219173068734444
synergy,Black Panther,Black Widow,Damage,Damage,3248,1.3442684599284753,0.9328985256085118,1.4409589285733246,0.14959628633200608,False,0.47079694429960084
synergy,Cloak & Dagger,Mister Fantastic,Support,Damage,12819,1.3416380333949012,0.6426872762914774,2.0875441025324255,0.03683897878375162,False,0.2427931596214839
synergy,Storm,Cloak & Dagger,Damage,Support,14736,1.3270489381261288,0.6341580015598725,2.0926156176566653,0.036383481278631925,False,0.24189938714902312
synergy,Thor,The Hood,Tank,Tank,19737,1.316052316565721,0.5470537514925585,2.4057093347318412,0.016141101470412346,False,0.15740854645333016
synergy,Elsa Bloodstone,Devil Dinosaur,Damage,Tank,10200,1.3067348759631496,0.6613985500795063,1.9757147574727338,0.048187092549716266,True,0.28263731440082784
synergy,Groot,Emma Frost,Tank,Tank,5388,1.3057660107760065,0.8227104929182241,1.5871512786282127,0.11247838637327258,False,0.41385835722313025
synergy,Adam Warlock,Gambit,Support,Support,4495,1.3043880709739306,0.8671902824598346,1.5041543907456614,0.1325416182720644,False,0.4472114518068671
synergy,Spider-man,Phoenix,Damage,Damage,3427,1.3029687333240605,0.9270535534530557,1.4054945676771418,0.15987426355551626,False,0.4794229478371044
synergy,Loki,The Thing,Support,Tank,6270,1.300030616366633,0.8225524879436593,1.5804834772509724,0.11399618782647924,False,0.41625092023702237
synergy,Human Torch,Thor,Damage,Tank,3879,1.299998439440444,0.906939694168047,1.4333901667331446,0.15174636696036264,False,0.4740098103358203
synergy,Loki,Emma Frost,Support,Tank,8144,1.2993464265154169,0.7584169083857554,1.7132350454593601,0.08666930669305949,False,0.3609716436747391
synergy,Human Torch,Invisible Woman,Damage,Support,15780,1.295816930598347,0.6329730269650613,2.0471913895153597,0.04063929653163914,True,0.257919768199477
synergy,Magneto,Gambit,Tank,Support,90227,1.2916300779820238,0.43110270263784256,2.996107586611644,0.0027344993731767994,True,0.0504620307403934
synergy,Mantis,The Thing,Support,Tank,17987,1.2841901840635612,0.6040630969285427,2.1259206043097745,0.03350987095906604,False,0.2325739820398376
synergy,Venom,The Hood,Tank,Tank,26595,1.2841502250060537,0.5035852281083791,2.5500156742677236,0.010771807603405856,False,0.12856500716701816
synergy,Mantis,Luna Snow,Support,Support,16804,1.2800900239257462,0.6169600046311556,2.074834696442012,0.0380018577134271,False,0.24795674421167718
synergy,Cloak & Dagger,Black Cat,Support,Damage,20388,1.2739711662056836,0.599932691775865,2.123523494668365,0.03371000884716417,False,0.2325739820398376
synergy,Jeff The Land Shark,Emma Frost,Support,Tank,11400,1.2634728430222435,0.6798746967875657,1.8583907431651767,0.06311354587287529,False,0.3106770576983087
synergy,Magik,Star-lord,Damage,Damage,4981,1.2610289371379808,0.795971212191224,1.5842645033185339,0.11313354000723624,False,0.41499596709076414
synergy,Mantis,Gambit,Support,Support,17677,1.2593537735261977,0.6292795644709509,2.0012627846654514,0.04536407804919189,False,0.2727529404511563
synergy,Groot,Gambit,Tank,Support,9847,1.2586688156394708,0.7332904804060189,1.716466869912934,0.08607662665327645,False,0.3593121025090529
synergy,Iron Man,Thor,Damage,Tank,7275,1.2454885324161804,0.7343866682766398,1.695957437978723,0.08989394075199776,True,0.36738596910399085
synergy,Ultron,Gambit,Support,Support,4399,1.234924116874926,0.887845029425261,1.390923050697647,0.16424876208064532,False,0.4817026653196432
synergy,Hela,Elsa Bloodstone,Damage,Damage,5112,1.2308548620014539,0.7818478719688622,1.574289457234046,0.11542054599750481,False,0.41723267376953455
synergy,Ultron,Iron Man,Support,Damage,4370,1.2215565187141026,0.8652720634197633,1.4117600352035145,0.15802062956649654,True,0.47756302129906003
synergy,Mister Fantastic,Jubilee,Damage,Support,12095,1.2157907005110495,0.6391423668543808,1.9022220456057637,0.05714213189677594,False,0.30395559738440237
synergy,Daredevil,Gambit,Damage,Support,14883,1.2126916069056564,0.6516373115787238,1.86099166723229,0.06274535343803378,False,0.3106770576983087
synergy,Peni Parker,Namor,Tank,Damage,3565,1.2070677417377778,0.9468285310398037,1.2748535792559825,0.2023610722317597,False,0.5332216936851971
synergy,Hela,Black Cat,Damage,Damage,3805,1.2059579370340137,0.8853366045245694,1.3621462513476663,0.1731517343419623,False,0.4945131079599614
synergy,Captain America,Winter Soldier,Tank,Damage,8160,1.2055854190607773,0.6972109357457636,1.7291544886214913,0.0837814492452316,True,0.3563406361662988
synergy,White Fox,Deadpool (Duelist),Support,Damage,5546,1.2045853880882247,0.8174744989762326,1.4735449113052357,0.14060416313601753,False,0.4591198251265407
synergy,Hela,Daredevil,Damage,Damage,4417,1.1986626954905761,0.8100794125251372,1.4796854196728286,0.1389572184546537,False,0.4567111959447002
synergy,Black Widow,Daredevil,Damage,Damage,5932,1.1947148048085887,0.7338266808211256,1.6280612793633313,0.10351189278134015,True,0.3972852584624992
synergy,Hulk,Star-lord,Tank,Damage,3853,1.194022963853097,0.9262966540960685,1.2890286913734894,0.19738811213546648,False,0.5290883586737253
synergy,Spider-man,Devil Dinosaur,Damage,Tank,9256,1.1926060090014317,0.6446486066809443,1.850009441797627,0.0643121887591935,False,0.3134082338543146
synergy,Black Widow,Black Cat,Damage,Damage,3058,1.1925974896621285,0.9792028925111902,1.2179268451747345,0.22325177366987037,False,0.5589753387741367
synergy,Rocket Raccoon,Daredevil,Support,Damage,15438,1.1889816315095947,0.6317941255426076,1.881913084406181,0.05984781760043329,False,0.30957493287673477
synergy,Captain America,Daredevil,Tank,Damage,2788,1.1884780719213883,1.0339920316727575,1.1494073798602766,0.25038803841280566,False,0.5841947525351615
synergy,The Punisher,Jeff The Land Shark,Damage,Support,4935,1.1861333360277517,0.8554291956443881,1.386594404384628,0.16556547554749168,False,0.4843799705346738
synergy,Hawkeye,White Fox,Damage,Support,3637,1.1833160849572069,0.922558523659139,1.282646091939866,0.19961609427712101,False,0.5320877890786815
synergy,Hela,Spider-man,Damage,Damage,9543,1.1727703253523238,0.5844503253390817,2.0066210497391976,0.04479002823736468,False,0.2699780847774821
synergy,Doctor Strange,Jubilee,Tank,Support,36577,1.1627457985515488,0.5233264544242409,2.2218364631132426,0.02629435954022626,False,0.20452878187294052
synergy,Luna Snow,Psylocke,Support,Damage,9508,1.1531761583376132,0.6869547342239448,1.6786785225963403,0.09321471391078288,False,0.37448726249468756
synergy,Spider-man,Deadpool (Duelist),Damage,Damage,5652,1.1526639411835116,0.7397608808892318,1.5581574681239543,0.11919592447835267,False,0.4224052136226068
synergy,Black Widow,Invisible Woman,Damage,Support,20340,1.1477878471525582,0.5839779416808304,1.9654643869748674,0.049360513638537475,False,0.28397091659196977
synergy,Cloak & Dagger,Iron Man,Support,Damage,17401,1.145688321148093,0.5959779841454647,1.9223668518407162,0.05455961351102817,False,0.2980354710033336
synergy,Magneto,Rogue,Tank,Tank,16960,1.141432604251452,0.6020757137931336,1.8958290097109536,0.057982658533488336,True,0.30692880515943183
synergy,Iron Man,Jeff The Land Shark,Damage,Support,3716,1.1366012717628735,0.9105231309838894,1.2482947803145754,0.21192312501301525,False,0.5457202168087532
synergy,Hulk,Deadpool (Strategist),Tank,Support,5458,1.1343814857316326,0.8730649803636377,1.2993093426552909,0.1938377894050508,False,0.524326617511517
synergy,Jeff The Land Shark,Wolverine,Support,Damage,2607,1.1338549881808948,1.0445495944764547,1.085496556771152,0.27770178788571975,False,0.6071348646437253
synergy,Daredevil,White Fox,Damage,Support,7517,1.1272141953571018,0.7552313840693209,1.4925415165925326,0.13555724196372881,False,0.45041803804845626
synergy,Hela,Cyclops,Damage,Damage,5639,1.1100515737073646,0.7288762379411767,1.5229630435516408,0.12776795162442123,False,0.43773792679419743
synergy,Venom,Star-lord,Tank,Damage,4725,1.1078608432562753,0.8560558984568619,1.2941454468724771,0.1956151860375246,False,0.5278749508481682
synergy,Mantis,Elsa Bloodstone,Support,Damage,12849,1.1064880811161277,0.6558804399430512,1.6870271069712066,0.09159813980888064,False,0.36993928855472163
synergy,Loki,Gambit,Support,Support,6880,1.1018033908184375,0.8646106424608049,1.2743347545232016,0.2025448044999124,False,0.5332216936851971
synergy,Magik,Adam Warlock,Damage,Support,5793,1.0991532806345212,0.7854584849555039,1.3993779450950714,0.1616996770002178,False,0.48026763035559844
synergy,Invisible Woman,Emma Frost,Support,Tank,36731,1.0677268475356523,0.5123588700456895,2.0839433255843467,0.037165322756753265,False,0.24360548987281716
synergy,Rocket Raccoon,Adam Warlock,Support,Support,4423,1.064496913326983,0.8682620003944248,1.2260088692622904,0.22019533741498376,False,0.5584023408652706
synergy,Doctor Strange,Spider-man,Tank,Damage,18101,1.0615450793816814,0.5129935192272944,2.069314795595571,0.03851655612914139,False,0.24795674421167718
synergy,Magneto,Wolverine,Tank,Damage,18408,1.0574039284233072,0.5787549074292386,1.8270323324257784,0.06769490819530612,False,0.32099552096608436
synergy,Mister Fantastic,Invisible Woman,Damage,Support,9742,1.0558547468720243,0.6757301357682497,1.5625390832563715,0.11816104618131387,True,0.4208959986679002
synergy,Hulk,Thor,Tank,Tank,3034,1.0531067767673703,1.0274071007546426,1.0250141117321954,0.3053565291582099,False,0.6378147251224227
synergy,Human Torch,Rogue,Damage,Tank,2602,1.051039225174606,1.0779763141942267,0.9750114277420319,0.32955459140419285,False,0.6593840406827846
synergy,Winter Soldier,Invisible Woman,Damage,Support,56750,1.04727325748324,0.42904817692131,2.440922287557735,0.01464980689672108,False,0.15347112115822653
synergy,Cyclops,Deadpool (Duelist),Damage,Damage,3649,1.0440488086056088,0.8979765042112154,1.1626682922207454,0.24496411103768634,False,0.5824270588497616
synergy,Black Panther,Ultron,Damage,Support,2508,1.0433098951714246,1.0974166852499085,0.9506962206737702,0.34175860727570473,False,0.6651639719003966
synergy,The Punisher,Black Panther,Damage,Damage,2783,1.04297720174056,1.0186019320796043,1.0239301231357283,0.3058682809634723,False,0.6378147251224227
synergy,Magneto,Thor,Tank,Tank,20496,1.033709897349784,0.5404058195425797,1.912840054581122,0.05576853165231691,False,0.2996969049107074
synergy,Mantis,White Fox,Support,Support,5989,1.0318349322939762,0.8195949156148176,1.2589572148821193,0.20804578614308722,False,0.5389868692843048
synergy,Scarlet Witch,Winter Soldier,Damage,Damage,5926,1.0284459293374242,0.7255178844755436,1.4175335320380957,0.15632699777725936,False,0.4758278543170046
synergy,Namor,The Hood,Damage,Tank,29226,1.0270123663825377,0.5041209627319851,2.0372340019681876,0.041626597988535456,False,0.2602356329550243
synergy,Groot,Psylocke,Tank,Damage,2620,1.0238094868687726,1.0539326533460427,0.9714183193948545,0.33134000962758337,False,0.6610037324983148
synergy,Peni Parker,Black Cat,Tank,Damage,2731,1.0236481905603703,1.0573989985877406,0.9680812937477264,0.3330037713915558,False,0.6622788959688299
synergy,Ultron,Iron Fist,Support,Damage,2944,1.0236328442617815,1.0287614842563721,0.995014743385054,0.31972909379407854,False,0.6527915710740377
synergy,Cloak & Dagger,Angela,Support,Tank,15023,1.023291860370598,0.65858434773549,1.5537749475661498,0.12023810835541295,False,0.4229490057839233
synergy,The Punisher,Peni Parker,Damage,Tank,3671,1.0224817122911811,0.9385755736608795,1.0893973175788378,0.2759787137986457,False,0.6067917799737723
synergy,Cloak & Dagger,The Thing,Support,Tank,38646,1.0204155163741357,0.5305420645326501,1.92334516825355,0.05443671556726552,False,0.2980354710033336
synergy,Loki,Doctor Strange,Support,Tank,6206,1.014175093685328,0.8307512860181918,1.2207926857944336,0.22216452384408414,False,0.5589753387741367
synergy,The Punisher,Angela,Damage,Tank,3360,1.0130698183396705,0.9735974491253148,1.0405428026232175,0.2980877889943341,False,0.63005515929287
synergy,Storm,Winter Soldier,Damage,Damage,6378,0.9980261369480862,0.7133151234000745,1.3991377782527774,0.16177167088817823,False,0.48026763035559844
synergy,Namor,Angela,Damage,Tank,3293,0.99790486664545,0.9724938779828947,1.0261297158140077,0.30483044505632195,False,0.6375660311160561
synergy,Ultron,Invisible Woman,Support,Support,5239,0.9888067938980876,0.8391451970703688,1.1783500606929749,0.23865707799250668,False,0.5771555747016366
synergy,Groot,Iron Fist,Tank,Damage,4540,0.9884329933702781,0.8597348041371509,1.1496952183554925,0.25026942446348666,False,0.5841947525351615
synergy,Iron Man,Deadpool (Strategist),Damage,Support,3128,0.9834806784401986,0.9872512104439358,0.9961807775327601,0.3191623174056786,False,0.6521894373562376
synergy,Doctor Strange,Moon Knight,Tank,Damage,6959,0.9834523690401402,0.7271738967110367,1.3524307919855696,0.17623754457671648,False,0.498577676225876
synergy,Black Widow,Gambit,Damage,Support,16503,0.9749820240524127,0.6217133879013959,1.5682178364269768,0.11683030318328629,False,0.419574696611832
synergy,Doctor Strange,Winter Soldier,Tank,Damage,31137,0.9644793809853761,0.43726155905249,2.2057264376848584,0.027403159651693397,False,0.20869898414099194
synergy,Hulk,The Thing,Tank,Tank,5357,0.9590135446800386,0.8197738821807344,1.169851303543489,0.24206081352901387,False,0.5789669906840521
synergy,Venom,The Thing,Tank,Tank,6015,0.9560258652671244,0.7851685165662817,1.2176059598620181,0.2233737485254772,False,0.5589753387741367
synergy,Gambit,Deadpool (Vanguard),Support,Tank,8398,0.950519035991627,0.7482806341362606,1.2702707949789587,0.2039881874848395,False,0.5348280456569726
synergy,Namor,The Thing,Damage,Tank,8630,0.9457324795066354,0.6765618433643023,1.3978507490222076,0.16215789103294487,False,0.48026763035559844
synergy,Ultron,Magik,Support,Damage,5781,0.945041330359094,0.7982356380627096,1.1839127261377065,0.23644761198142894,False,0.5741273493354737
synergy,Luna Snow,Emma Frost,Support,Tank,39185,0.9417860866196271,0.513321868054103,1.8346891983965992,0.06655175365717564,True,0.31990956814828897
synergy,Magik,Cyclops,Damage,Damage,9814,0.9395312654192424,0.5820548894070277,1.614162654619045,0.10649215008974969,False,0.40105913354051725
synergy,Gambit,Devil Dinosaur,Support,Tank,12608,0.9345702110531234,0.7074030992552645,1.321128239382913,0.18645860853525997,False,0.5159333354972188
synergy,Magneto,Star-lord,Tank,Damage,20222,0.9233740186519868,0.5805833710433533,1.5904245018120515,0.11173915104681705,False,0.41303886496350395
synergy,The Hood,Deadpool (Vanguard),Tank,Tank,11471,0.9212772170627567,0.6674294065913595,1.3803365688782396,0.1674830404897798,False,0.4876114249210943
synergy,Peni Parker,Emma Frost,Tank,Tank,4067,0.9049171537284376,0.916118009254078,0.9877735669286096,0.32326355585150635,False,0.6533707897656446
synergy,The Punisher,Adam Warlock,Damage,Support,2618,0.9007000836966771,1.070902707143864,0.8410662123535729,0.4003108421911943,False,0.7058453381852429
synergy,Venom,Jeff The Land Shark,Tank,Support,9252,0.9003250187262675,0.745352757477485,1.2079180088811354,0.2270788017326174,True,0.5598787722061143
synergy,The Punisher,Deadpool (Vanguard),Damage,Tank,3209,0.8989098226701303,0.9937569371889974,0.9045570290184262,0.3657001089557609,False,0.6800888072750932
synergy,Luna Snow,Angela,Support,Tank,9550,0.8946612995218415,0.7250327635609553,1.233959821522776,0.21721787631951195,False,0.5552761419058558
synergy,Magneto,Elsa Bloodstone,Tank,Damage,36200,0.8897847037693184,0.4789682753056326,1.85771114632079,0.06321004478976741,False,0.3106770576983087
synergy,Iron Fist,Cyclops,Damage,Damage,5158,0.8856190643353878,0.7672190667777438,1.1543235859021521,0.2483675302723597,False,0.5841947525351615
synergy,Mister Fantastic,Deadpool (Strategist),Damage,Support,2542,0.8852007248933486,1.065159244925475,0.8310501261764691,0.40594531268776124,False,0.7101652305340626
synergy,Captain America,Gambit,Tank,Support,6157,0.8851938653499496,0.812202368714797,1.0898686084240952,0.27577102639932494,False,0.6067917799737723
synergy,Rocket Raccoon,Emma Frost,Support,Tank,31914,0.8801127365072106,0.5253011106477444,1.6754442712332187,0.09384709660208176,False,0.3758584052560837
synergy,Thor,Star-lord,Tank,Damage,3780,0.8744398566622535,0.9364910104203206,0.9337407908163294,0.35043761821254926,False,0.6711776811595177
synergy,Magneto,Invisible Woman,Tank,Support,94387,0.8692880627611007,0.4112772923198313,2.1136300957872862,0.03454687327985824,False,0.23478172520787513
synergy,Rocket Raccoon,Blade,Support,Damage,9096,0.8666978495546593,0.6866924345231425,1.2621339714577129,0.20690058300975334,False,0.5375741045558038
synergy,Invisible Woman,Daredevil,Support,Damage,17547,0.8633074820712927,0.6159773599754363,1.4015246958195335,0.16105722791522892,False,0.48026763035559844
synergy,Scarlet Witch,Devil Dinosaur,Damage,Tank,2920,0.860470191900706,1.0088614189451495,0.8529121797524983,0.3937080068653829,False,0.6999568832021767
synergy,Spider-man,Deadpool (Strategist),Damage,Support,9195,0.8565253206020322,0.6964584547104783,1.229829740466134,0.2187608687575786,False,0.5565295059909131
synergy,Invisible Woman,Black Cat,Support,Damage,14833,0.8471790687041603,0.639164808124124,1.3254469863422775,0.1850229416317648,False,0.5139338955363274
synergy,Gambit,Black Cat,Support,Damage,11789,0.8464587577191927,0.6861957600704793,1.2335528823906645,0.21736955963620763,False,0.5552761419058558
synergy,Venom,Emma Frost,Tank,Tank,9365,0.8444987406519968,0.6673400807309436,1.2654698332025998,0.20570295572066255,False,0.5363187009130075
synergy,Mantis,Wolverine,Support,Damage,6230,0.8411225398315911,0.7658001541092431,1.09835775733156,0.27204830053382134,False,0.6042998823894791
synergy,Namor,Black Cat,Damage,Damage,2809,0.8404364541212408,1.0194052533671327,0.8244380253537525,0.40969071626193776,False,0.7131497187068553
synergy,Groot,Jubilee,Tank,Support,15456,0.8399966557131431,0.6571884774930318,1.2781670471726274,0.20119053244885765,False,0.5332216936851971
synergy,Daredevil,Jubilee,Damage,Support,20633,0.8206038213417479,0.5937914815451754,1.381973044150713,0.1669799779818234,False,0.4873296437693362
synergy,Namor,Rogue,Damage,Tank,3767,0.815226918374746,0.9329241091262085,0.8738405518732928,0.38220509300111905,False,0.6917197103996464
synergy,Angela,Deadpool (Strategist),Tank,Support,2805,0.8148198810674758,1.073159659023952,0.7592718140454158,0.44768997467881255,False,0.7396751027923356
synergy,Mantis,Mister Fantastic,Support,Damage,5213,0.8130073326438235,0.8031195872898381,1.01231167252109,0.3113890555630219,False,0.6426072648589938
synergy,Magneto,Daredevil,Tank,Damage,31399,0.8070864113372744,0.49675957892615036,1.6247022615687863,0.10422601525279887,False,0.39878502486676953
synergy,Black Cat,Cyclops,Damage,Damage,4430,0.8046198933400954,0.8195122213916997,0.9818278145671654,0.3261846827864582,False,0.6559237669779657
synergy,Loki,Magneto,Support,Tank,20978,0.8038587015144306,0.6105480679133346,1.31661820544576,0.18796663325821472,False,0.5177175122691815
synergy,Star-lord,Cyclops,Damage,Damage,3309,0.8026058524506027,0.9478895839498531,0.8467292668267821,0.3971460418460071,False,0.7041783846183082
synergy,Loki,Thor,Support,Tank,4038,0.7930113139798731,0.9655303909620402,0.8213219608651866,0.41146290188291246,False,0.7139065936510052
synergy,Magneto,Iron Fist,Tank,Damage,33840,0.7913129438850759,0.47840030574040193,1.6540811834565845,0.09811101873362489,False,0.384588780950925
synergy,Captain America,The Hood,Tank,Tank,7585,0.7910459513091803,0.7510463317849758,1.0532585245828168,0.2922225221913648,False,0.6237026963853062
synergy,Cloak & Dagger,Winter Soldier,Support,Damage,75568,0.7903179735579111,0.4103774675155166,1.9258317917467744,0.05412538041941825,False,0.2980354710033336
synergy,Hulk,Elsa Bloodstone,Tank,Damage,6520,0.7892549416302445,0.742942408914094,1.0623366389648454,0.28808288686880423,False,0.6165127971438549
synergy,Ultron,Luna Snow,Support,Support,4293,0.7890212791410512,0.8906957357167659,0.8858482728741319,0.37569929320761464,False,0.6873934152527693
synergy,The Punisher,Hela,Damage,Damage,4705,0.7855166062655178,0.8007338610075666,0.9809958645649118,0.32659478088361726,False,0.6559614871051528
synergy,Emma Frost,Deadpool (Vanguard),Tank,Tank,3470,0.7840880552817205,0.9792484153896843,0.8007039306463403,0.4233030664929438,False,0.722778687912151
synergy,Black Widow,Thor,Damage,Tank,6028,0.7637101278584321,0.755593964015692,1.0107414355186293,0.312140199661572,False,0.6426072648589938
synergy,Venom,Daredevil,Tank,Damage,9673,0.7611529821271985,0.648252084860861,1.174162027246808,0.24033013260740443,False,0.5777258258219083
synergy,Emma Frost,Deadpool (Duelist),Tank,Damage,9250,0.7588259988385152,0.6610568796775853,1.147898194794697,0.2510105935244633,False,0.5841947525351615
synergy,Jeff The Land Shark,Deadpool (Vanguard),Support,Tank,3934,0.7546733797661316,0.940550998894335,0.8023736944124115,0.42233682498635483,False,0.7216424808705593
synergy,Spider-man,Elsa Bloodstone,Damage,Damage,7162,0.7544441286506028,0.6675462211557033,1.1301751170794674,0.25840244250371525,False,0.5920775931240283
synergy,Human Torch,Rocket Raccoon,Damage,Support,9765,0.7544135121553591,0.6885930714416076,1.0955868472158061,0.27325962023125705,False,0.6052114792675597
synergy,Psylocke,Cyclops,Damage,Damage,2543,0.7541578434152527,1.0462234955584941,0.7208381828709254,0.4710090800033111,False,0.7542514621241722
synergy,Magneto,Jubilee,Tank,Support,109211,0.7526416743440627,0.39327580841324744,1.9137756715338052,0.0556488253324029,False,0.2996969049107074
synergy,Black Panther,Gambit,Damage,Support,12712,0.7511784198474377,0.6756681591529967,1.1117564290569784,0.26624289025748926,False,0.5977595024891832
synergy,Human Torch,Venom,Damage,Tank,5050,0.7506257952434411,0.8158608773785823,0.9200414139911377,0.3575511178239017,False,0.6738139290334173
synergy,Emma Frost,Jubilee,Tank,Support,46315,0.7421635610194498,0.49309696193559893,1.5051067402771388,0.13229663639219252,False,0.4472114518068671
synergy,Mantis,Ultron,Support,Support,4088,0.7352097371035194,0.8878523754710125,0.8280765557601679,0.40762714566294467,False,0.7101652305340626
synergy,Captain America,Blade,Tank,Damage,3355,0.7271768485596645,0.9706000413499576,0.7492033974656251,0.45373462173566703,True,0.7414913879726602
synergy,Black Cat,Deadpool (Strategist),Damage,Support,4391,0.7232031687558184,0.9115652813301215,0.7933640997170798,0.427565720728062,False,0.7248976424216401
synergy,Jeff The Land Shark,Psylocke,Support,Damage,3201,0.7192470353093184,0.9751569988936738,0.7375705000582593,0.4607754873184714,False,0.7469819972985134
synergy,The Punisher,Deadpool (Duelist),Damage,Damage,2590,0.7125799757731699,1.03445429830349,0.6888462612043902,0.49092002006222135,False,0.7694348791643201
synergy,Winter Soldier,Peni Parker,Damage,Tank,9876,0.703615561734547,0.6393529655368083,1.100511923243811,0.2711091375051129,False,0.6041613037585665
synergy,Hulk,The Hood,Tank,Tank,19639,0.6975920085710919,0.5437978560865255,1.2828149297817308,0.19955692226836075,False,0.5320877890786815
synergy,Winter Soldier,Rogue,Damage,Tank,11624,0.6972199262069797,0.6042827964249882,1.1537974112978542,0.24858323574809538,False,0.5841947525351615
synergy,Namor,Daredevil,Damage,Damage,2670,0.6938464492416349,1.0193026121598443,0.6807070255332845,0.4960568900052179,False,0.7707687649036871
synergy,Black Cat,Jubilee,Damage,Support,19792,0.693275885666742,0.5951352048841775,1.1649048484733218,0.24405751070526527,False,0.5813997775973033
synergy,Black Widow,Emma Frost,Damage,Tank,14250,0.6916570546404267,0.5704562902488564,1.2124628415241028,0.2253352582628907,False,0.5598787722061143
synergy,Spider-man,Wolverine,Damage,Damage,3453,0.688377741021739,0.9153345311318709,0.7520504445194643,0.4520207234959903,False,0.7412943353648691
synergy,Namor,Cyclops,Damage,Damage,4784,0.6844079383566333,0.7981449893667013,0.8574982584300701,0.391169576892782,False,0.6987459530646195
synergy,Hawkeye,Magik,Damage,Damage,3486,0.6807286852055978,0.9067837978445037,0.7507067140190896,0.45282918148039475,False,0.7412943353648691
synergy,Scarlet Witch,Thor,Damage,Tank,3018,0.6774004791585939,0.9962705592699718,0.6799362611447302,0.49654482032079283,False,0.7707687649036871
synergy,Magneto,The Thing,Tank,Tank,33451,0.6636409087360428,0.4652241711173184,1.4264970522537368,0.15372491718035014,False,0.47545215666615137
synergy,Rocket Raccoon,Magneto,Support,Tank,80566,0.6635728827871408,0.42177951676303554,1.573269579043948,0.11565641019455626,False,0.41723267376953455
synergy,Cloak & Dagger,Ultron,Support,Support,7957,0.6562021569835836,0.7510525971658035,0.8737099897661622,0.3822762092655889,False,0.6917197103996464
synergy,Magik,Devil Dinosaur,Damage,Tank,9663,0.6476810934790966,0.6406178185110207,1.0110257235499522,0.31200411819017615,False,0.6426072648589938
synergy,Venom,Magneto,Tank,Tank,26858,0.6416861973788313,0.4994153907843791,1.2848746939316436,0.1988360753643158,False,0.5317812093634265
synergy,Moon Knight,Peni Parker,Damage,Tank,2507,0.6414979939504404,1.0819460190573675,0.5929112752864859,0.5532405317477838,False,0.8048660010084494
synergy,White Fox,Devil Dinosaur,Support,Tank,7730,0.6412467817960409,0.8048390926486527,0.7967391092867466,0.425602565271306,False,0.7238589846254662
synergy,Ultron,Jubilee,Support,Support,6862,0.6387827994401691,0.7706925205091198,0.8288426090059742,0.4071934740139217,False,0.7101652305340626
synergy,Hulk,Scarlet Witch,Tank,Damage,2722,0.636473329464883,1.0345417791636013,0.6152224514117297,0.5384078227237334,False,0.7938785290191989
synergy,Rocket Raccoon,Rogue,Support,Tank,8960,0.6361028644823733,0.7358554809817268,0.8644399354527188,0.3873462627383891,False,0.6943897112974131
synergy,Luna Snow,Devil Dinosaur,Support,Tank,14584,0.6335796801567153,0.6835183864314478,0.9269387521007951,0.35395833542115585,False,0.6711776811595177
synergy,Squirrel Girl,Devil Dinosaur,Damage,Tank,2591,0.6318104334710404,1.0695788949321088,0.5907095179838457,0.5547150695094698,False,0.8060335867675458
synergy,Namor,Devil Dinosaur,Damage,Tank,5239,0.6298093295139563,0.8224655901819958,0.7657576645541994,0.44382050869360024,False,0.7364752503284735
synergy,Hulk,Hela,Tank,Damage,8303,0.6281255174488728,0.6709495452344578,0.9361739968530411,0.34918360911550816,False,0.6706813900164956
synergy,The Thing,The Hood,Tank,Tank,31765,0.6267205660648151,0.4717540029608783,1.3284901922004206,0.18401622151155528,False,0.5133196690770013
synergy,Doctor Strange,Peni Parker,Tank,Tank,3234,0.624183035234562,0.9928634481187079,0.6286695682243849,0.5295654050873141,False,0.7861931071519433
synergy,Hulk,Mister Fantastic,Tank,Damage,3198,0.618961656047851,0.9698505179584973,0.638203150471832,0.5233414466574644,False,0.780781175703518
synergy,Doctor Strange,Black Widow,Tank,Damage,10703,0.6188890565605182,0.625458233347581,0.9894970176475202,0.3224200282990316,False,0.6533707897656446
synergy,Mantis,Invisible Woman,Support,Support,21210,0.6185847451281736,0.5949659695139932,1.0396976916738176,0.29848037337838584,False,0.630329591315799
synergy,Luna Snow,Spider-man,Support,Damage,30551,0.61787923985152,0.5051362019762028,1.223193343566036,0.2212566791228443,False,0.5589753387741367
synergy,Squirrel Girl,Venom,Damage,Tank,2900,0.6177912385043351,1.0151753127186847,0.6085562077449095,0.5428186388989052,False,0.7963772886049296
synergy,Invisible Woman,Deadpool (Vanguard),Support,Tank,9008,0.6156191195434665,0.7320093368268756,0.8409989990183198,0.4003484951822386,False,0.7058453381852429
synergy,Jeff The Land Shark,Daredevil,Support,Damage,5255,0.6114701071271673,0.8394393798681309,0.7284267593250442,0.4663523875734594,False,0.7508586428112276
synergy,The Thing,Rogue,Tank,Tank,2826,0.6107908617275022,1.0700483925837472,0.5708067653395392,0.5681306364631166,False,0.8133004628052782
synergy,Magik,Luna Snow,Damage,Support,30719,0.6094330946376266,0.5040646455599626,1.2090375708865893,0.22664841154585114,False,0.5598787722061143
synergy,Squirrel Girl,Emma Frost,Damage,Tank,5481,0.6009794237476601,0.807631853271063,0.7441254592839286,0.45680057824983233,False,0.7439678120986747
synergy,Magneto,Jeff The Land Shark,Tank,Support,26571,0.5996834980796688,0.5524598585442791,1.0854788611426411,0.2777096211905713,False,0.6071348646437253
synergy,Angela,Gambit,Tank,Support,8503,0.5971288173384519,0.7491680098767833,0.7970559466849934,0.4254185397384014,False,0.7238589846254662
synergy,Iron Man,Invisible Woman,Damage,Support,11049,0.5879525733603594,0.6486381008513018,0.906441623747825,0.3647021499642793,False,0.6800888072750932
synergy,Winter Soldier,Black Cat,Damage,Damage,8765,0.5823595116326254,0.6256545966979057,0.9308003404853347,0.351956853548535,False,0.6711776811595177
synergy,Emma Frost,Phoenix,Tank,Damage,7230,0.5759856447828118,0.7290310425677681,0.7900701220541926,0.4294868176518736,False,0.7266141576493969
synergy,Black Widow,Devil Dinosaur,Damage,Tank,5046,0.5743895069440186,0.8167861612687861,0.7032311934028959,0.481911682618164,False,0.7636103874511065
synergy,Doctor Strange,Iron Fist,Tank,Damage,10597,0.5735060687981589,0.6304226100396678,0.9097168465484962,0.36297185738043314,False,0.6791650583421605
synergy,Captain America,Iron Fist,Tank,Damage,2783,0.5725844071106319,1.0357455232554722,0.5528234438425865,0.5803843135775769,False,0.8216430613310957
synergy,Thor,Wolverine,Tank,Damage,3025,0.5713200378639122,0.9927796356338229,0.5754751783351829,0.5649699730858979,False,0.8115945900796822
synergy,Black Panther,Winter Soldier,Damage,Damage,9051,0.5703847434473257,0.6070898565057611,0.9395392417364709,0.34745395439428817,False,0.6695116759774276
synergy,Storm,Magneto,Damage,Tank,18109,0.5609837801598958,0.5812689220981027,0.9651019671497538,0.3344937417620357,False,0.6629966164115593
synergy,Iron Man,Jubilee,Damage,Support,14558,0.5609672615820999,0.6051735221878924,0.9269527515910262,0.3539510664457227,False,0.6711776811595177
synergy,The Punisher,Magneto,Damage,Tank,30167,0.5587707524122292,0.5019685563537334,1.1131588728806106,0.2656402025067125,False,0.5977595024891832
synergy,Hawkeye,Jubilee,Damage,Support,11557,0.557430676633875,0.6518299607238399,0.8551780529002733,0.39245258427731855,False,0.6999568832021767
synergy,Loki,Elsa Bloodstone,Support,Damage,4749,0.5518174035648239,0.9081227431883866,0.6076462765676506,0.5434221014782283,False,0.7963772886049296
synergy,Magneto,Namor,Tank,Damage,29260,0.5466365187721769,0.5077599056941596,1.0765649525337548,0.2816746687346995,False,0.61128333184518
synergy,The Punisher,Cyclops,Damage,Damage,4782,0.5463226700735273,0.8016755706502562,0.6814760110881181,0.4955703408227682,False,0.7707687649036871
synergy,Black Widow,Deadpool (Duelist),Damage,Damage,2894,0.5439476375458605,0.9809421732746144,0.5545154978198522,0.5792261023319925,False,0.8216430613310957
synergy,Magik,Invisible Woman,Damage,Support,35801,0.5424075857120567,0.4929931559193258,1.1002335006062787,0.27123039772737645,False,0.6041613037585665
synergy,Loki,Cloak & Dagger,Support,Support,9275,0.5366112125494016,0.7936252696676374,0.6761518730044083,0.4989442250246542,False,0.7707687649036871
synergy,Blade,Deadpool (Strategist),Damage,Support,3194,0.5360499384657482,1.0034688400798415,0.5341968948663091,0.5932053172349161,False,0.8302164123535268
synergy,Blade,White Fox,Damage,Support,4982,0.5351936034112613,0.8362802251481298,0.6399692200260537,0.5221926103988586,False,0.7805234095619077
synergy,Magneto,Black Cat,Tank,Damage,24865,0.5330550262318405,0.5172095795060497,1.0306364138516608,0.30271135331072174,False,0.6364632222545324
synergy,Doctor Strange,Squirrel Girl,Tank,Damage,4228,0.5310450643165413,0.8923796362028937,0.5950887299223416,0.5517841616371235,False,0.8037220423603274
synergy,Blade,Invisible Woman,Damage,Support,10624,0.5236861921459142,0.6708765438290883,0.7805999434067674,0.4350378250806194,False,0.730851360201965
synergy,Captain America,Cyclops,Tank,Damage,3486,0.5166594866755931,0.9612428293650129,0.5374911217979051,0.590928415920011,False,0.8294176939965897
synergy,Cloak & Dagger,Phoenix,Support,Damage,15545,0.516625191420909,0.6375942117269191,0.8102727125166861,0.4177834548651469,False,0.7182341480091025
synergy,Magik,Jubilee,Damage,Support,46521,0.5134168206912214,0.4720890197782985,1.0875423896373002,0.27679717540754245,False,0.6067917799737723
synergy,Black Widow,Magneto,Damage,Tank,36179,0.5132675522138033,0.47165517015550157,1.0882262820199393,0.27649522491958256,False,0.6067917799737723
synergy,Winter Soldier,The Hood,Damage,Tank,91829,0.5131353978587568,0.33754106819486385,1.5202161935522516,0.12845664879662985,False,0.43773792679419743
synergy,Doctor Strange,Black Cat,Tank,Damage,8795,0.5097320202297665,0.6797184341296741,0.749916428090461,0.45330503959160606,False,0.7412943353648691
synergy,Phoenix,Rogue,Damage,Tank,2610,0.5088898892290032,1.091198425065923,0.466358709414614,0.6409587616377973,True,0.8618698682975138
synergy,Groot,Jeff The Land Shark,Tank,Support,4660,0.508090443286888,0.9202625323063471,0.5521146688581572,0.5808697924208163,True,0.8216430613310957
synergy,Rocket Raccoon,Deadpool (Duelist),Support,Damage,11504,0.49761051929580347,0.6625409164918219,0.751063831545181,0.4526142414134354,False,0.7412943353648691
synergy,Jeff The Land Shark,Angela,Support,Tank,3360,0.49409984543220586,0.9876602348390766,0.5002730979775768,0.6168827939252949,False,0.8456641354706439
synergy,Mantis,Black Widow,Support,Damage,14156,0.47927376557232076,0.623405472837852,0.7687994194060918,0.4420123936123247,False,0.7358693492546613
synergy,Doctor Strange,Jeff The Land Shark,Tank,Support,9081,0.4767075446192005,0.7353428455402514,0.6482792992552565,0.5168043204232977,False,0.7792668539883666
synergy,Black Widow,Angela,Damage,Tank,3970,0.47349816118120497,0.8983335344394512,0.527085033596861,0.5981345394423032,False,0.8338676611834906
synergy,Jubilee,Deadpool (Vanguard),Support,Tank,12005,0.4727704937393572,0.6797810372120354,0.695474671783014,0.48675787874408183,False,0.7667315503001
synergy,Cloak & Dagger,Scarlet Witch,Support,Damage,15245,0.47047261561989856,0.6117576417064052,0.7690506559224769,0.44186323942557326,False,0.7358693492546613
synergy,Wolverine,Invisible Woman,Damage,Support,9498,0.4703203778161793,0.6839660628499026,0.687637009147034,0.4916813963146739,False,0.7694348791643201
synergy,Rocket Raccoon,Angela,Support,Tank,9278,0.46934152719947514,0.7267617556062343,0.645798328790664,0.5184099704647447,False,0.7794115599877157
synergy,The Punisher,Magik,Damage,Damage,6746,0.4660248705228164,0.6883346552054002,0.6770324100328114,0.4983853912048527,False,0.7707687649036871
synergy,The Punisher,Iron Fist,Damage,Damage,3532,0.4616531760192424,0.91327524772835,0.5054918297277222,0.6132134355177734,False,0.8430366944453515
synergy,Venom,Cyclops,Tank,Damage,10449,0.46057410696895495,0.6287300266889668,0.7325467011563633,0.4638349490374375,False,0.7488156411445575
synergy,Invisible Woman,Angela,Support,Tank,10214,0.45529552292310654,0.7090834260084392,0.6420902057830468,0.5208146148384081,False,0.7805234095619077
synergy,Emma Frost,The Hood,Tank,Tank,43879,0.4519745418218595,0.4323757681900479,1.0453281036396957,0.29587135303380274,False,0.6279382505489465
synergy,Venom,Iron Fist,Tank,Damage,8697,0.4515089615071606,0.6683262962941505,0.6755816193538461,0.49930631472550324,False,0.7707687649036871
synergy,Black Panther,Jeff The Land Shark,Damage,Support,4879,0.44852788819883604,0.872711774235878,0.513947332258184,0.6072888138395288,False,0.838736824640777
synergy,Spider-man,Jeff The Land Shark,Damage,Support,10633,0.4437406284990131,0.6585518522049448,0.6738127408089328,0.5004303736671272,False,0.7710548917324587
synergy,Spider-man,Cyclops,Damage,Damage,8454,0.4411073176480741,0.6200897621556593,0.7113604264560399,0.47686091531147723,False,0.7596210729297701
synergy,Loki,Spider-man,Support,Damage,6728,0.43268840764058414,0.7695336212070049,0.5622735585768394,0.5739296506761615,False,0.8166766804629934
synergy,Jubilee,Deadpool (Strategist),Support,Support,11029,0.4311639412228054,0.7383612625820234,0.5839471314015584,0.5592558821475062,False,0.8075398630947295
synergy,Ultron,Black Widow,Support,Damage,2855,0.4299307507851177,1.033904013778536,0.41583236456726785,0.677532674352382,False,0.8831902286529004
synergy,Moon Knight,White Fox,Damage,Support,5581,0.4293129278613377,0.80610411770874,0.5325775150257404,0.5943260703409786,False,0.83039501616075
synergy,Luna Snow,Venom,Support,Tank,21902,0.42604372406733787,0.5914128610094687,0.7203829205542366,0.47128926291126894,False,0.7542514621241722
synergy,Doctor Strange,Luna Snow,Tank,Support,25319,0.42043639665863275,0.5585857930972975,0.7526800750290454,0.45164218603026085,False,0.7412943353648691
synergy,Hulk,Cyclops,Tank,Damage,7889,0.41951704143447094,0.6891363844034571,0.608757643521639,0.5426850926803402,False,0.7963772886049296
synergy,Black Panther,Thor,Damage,Tank,5318,0.41817175609172874,0.8090517181513447,0.5168665323982462,0.605249331770725,False,0.8383332257032156
synergy,Ultron,Spider-man,Support,Damage,5317,0.41746589097276565,0.8150197265964547,0.5122156892031496,0.6085000639041361,False,0.8397393404171289
synergy,Cyclops,Rogue,Damage,Tank,6077,0.4160856696752844,0.7802530037887315,0.5332701926873293,0.5938465580762177,False,0.8302164123535268
synergy,Spider-man,Magneto,Damage,Tank,55969,0.41517061619960266,0.38992796380727635,1.0647367071236846,0.28699509407020285,False,0.6155756078556371
synergy,Black Panther,Deadpool (Duelist),Damage,Damage,2583,0.41458955931304564,1.046594749184314,0.3961318931096921,0.6920077313981813,False,0.8916738795400626
synergy,The Thing,Iron Fist,Tank,Damage,15417,0.41109671319295854,0.5716024083055323,0.7192004568553524,0.4720174179588691,True,0.7544314041918219
synergy,Black Panther,Peni Parker,Damage,Tank,2757,0.404623035082446,1.0479026554025967,0.3861265481066967,0.6994029490737608,True,0.896888860576801
synergy,The Punisher,Namor,Damage,Damage,3238,0.4038822446355817,0.9547894571129496,0.423006602792644,0.6722904436530368,False,0.881325013291604
synergy,The Punisher,Doctor Strange,Damage,Tank,10049,0.4031160289732852,0.6537796808032484,0.6165930829756101,0.5375031580777908,False,0.7935200469099202
synergy,Hulk,Human Torch,Tank,Damage,4101,0.3988734960091338,0.8841457864310884,0.4511399614527514,0.6518886778671051,False,0.8712428625087383
synergy,Doctor Strange,Rocket Raccoon,Tank,Support,25398,0.39816368525058216,0.5605950907043796,0.7102518232014755,0.4775479893939767,False,0.7602107674559722
synergy,Scarlet Witch,The Thing,Damage,Tank,4613,0.39469959947794114,0.8413662814899324,0.4691174440446887,0.6389856909526073,False,0.8604800327912995
synergy,Loki,Magik,Support,Damage,7390,0.3881083551501005,0.7506332071325884,0.5170412812306435,0.6051273419414002,False,0.8383332257032156
synergy,Star-lord,The Thing,Damage,Tank,6161,0.37679943903962726,0.781235189464499,0.4823124254015056,0.6295840218078266,False,0.8553471102227375
synergy,Hawkeye,Luna Snow,Damage,Support,8009,0.3764317326388333,0.716403826469959,0.5254462898302487,0.5992729815384388,False,0.8348756577878714
synergy,Iron Fist,Elsa Bloodstone,Damage,Damage,4143,0.3757129883890921,0.8523222880909386,0.4408109392875637,0.6593498733511358,False,0.8749500723387116
synergy,Doctor Strange,Gambit,Tank,Support,24470,0.3749371630879488,0.5728924474811152,0.6544634420238333,0.512813272648993,False,0.7771566905148037
synergy,Magik,Iron Man,Damage,Damage,4587,0.3748358681297199,0.8092029260693886,0.4632161551249483,0.6432094375655697,False,0.8625017492875287
synergy,Human Torch,Emma Frost,Damage,Tank,8633,0.3730877870927272,0.6826217553314003,0.5465512696875592,0.5846870554235881,False,0.8246115496538435
synergy,Hela,Magneto,Damage,Tank,47409,0.3714417488869373,0.43529044830313524,0.8533193189395835,0.39348224956851086,False,0.6999568832021767
synergy,Hela,Iron Fist,Damage,Damage,5186,0.36834071320232964,0.7636833587175879,0.48232125133754944,0.629577752985279,False,0.8553471102227375
synergy,Cloak & Dagger,Elsa Bloodstone,Support,Damage,28688,0.3665895882629804,0.5626976557155606,0.6514858992913393,0.5147328765230186,False,0.7785902716133175
synergy,Magik,Venom,Damage,Tank,15301,0.3611138812727185,0.5410256367644092,0.667461681543136,0.5044772778947104,False,0.7719560955142087
synergy,Hulk,Moon Knight,Tank,Damage,3691,0.3601643838493555,0.9154947287858534,0.39340956591526466,0.6940170055190172,False,0.8932118005580056
synergy,Thor,Winter Soldier,Tank,Damage,17226,0.3574930799597506,0.5248480667925091,0.6811363184482877,0.49578523824491005,False,0.7707687649036871
synergy,Iron Fist,Rogue,Damage,Tank,4461,0.3563584167459637,0.8752017621387183,0.40717287391553647,0.6838810231918497,False,0.8863482304901391
synergy,Venom,Namor,Tank,Damage,6233,0.34820305153909514,0.7524808902881127,0.46274005896119685,0.6435507008022827,False,0.8625017492875287
synergy,Thor,Invisible Woman,Tank,Support,18351,0.34560863839505934,0.641304841997561,0.538914749682139,0.5899456793210728,False,0.8291035059702716
synergy,Daredevil,The Hood,Damage,Tank,29051,0.33846666547857207,0.49621918997118775,0.6820910442786879,0.49518138316671223,False,0.7707687649036871
synergy,Rocket Raccoon,Black Widow,Support,Damage,16446,0.3348533249613517,0.606441244726204,0.5521611992478038,0.5808379153764598,False,0.8216430613310957
synergy,Psylocke,White Fox,Damage,Support,5237,0.33285972395315777,0.8166410340146174,0.4075961286402855,0.6835702069861074,True,0.8863482304901391
synergy,Thor,Blade,Tank,Damage,3653,0.3304085347390775,0.9218106974735508,0.3584342594902006,0.7200183571080634,False,0.9048318694092425
synergy,Spider-man,Jubilee,Damage,Support,40144,0.329669275395004,0.483614346597381,0.6816780306756708,0.4954425621447277,False,0.7707687649036871
synergy,Doctor Strange,Deadpool (Strategist),Tank,Support,8081,0.3177488216134694,0.777381438111137,0.40874248603816415,0.6827286512680996,False,0.8863482304901391
synergy,Captain America,Magik,Tank,Damage,4903,0.3163987424290139,0.8291932972078978,0.38157416792249527,0.7027772479959793,False,0.8980155188462984
synergy,Venom,Deadpool (Duelist),Tank,Damage,5957,0.31198176126485416,0.7649485507264078,0.4078467250752892,0.6833862072946526,False,0.8863482304901391
synergy,Devil Dinosaur,Cyclops,Tank,Damage,8155,0.30787508149212206,0.6970246957572903,0.44169895753496613,0.6587070641500686,False,0.8749500723387116
synergy,Storm,Jubilee,Damage,Support,12350,0.3075106161096547,0.6499352587311176,0.4731403812589183,0.6361130287898589,False,0.8578050343265157
synergy,Winter Soldier,Deadpool (Duelist),Damage,Damage,8224,0.3046284447083378,0.6323894157723218,0.481710220175495,0.6300118148243339,False,0.8553471102227375
synergy,Hawkeye,Spider-man,Damage,Damage,3325,0.30279717394305883,0.9291145381290692,0.3258986502921294,0.744501036910709,False,0.9173384630450903
synergy,Thor,Psylocke,Tank,Damage,3414,0.3025230755846321,0.9470356002683202,0.31944213659858123,0.7493912627975703,False,0.9181689802381742
synergy,Hawkeye,Thor,Damage,Tank,2883,0.29614793911190057,1.0030815638592343,0.2952381439177363,0.7678119653157279,False,0.9228361246455067
synergy,Cloak & Dagger,Deadpool (Duelist),Support,Damage,17993,0.2959695378292749,0.6170059675879913,0.47968666978422153,0.6314502079516408,False,0.8560933202820398
synergy,Moon Knight,Jeff The Land Shark,Damage,Support,3900,0.29485261169191646,0.9148068191157902,0.32231133997985206,0.747216843100901,False,0.9180530404579742
synergy,Magneto,Winter Soldier,Tank,Damage,99249,0.29266718763581906,0.3384074302095033,0.8648367663045486,0.38712838827720875,False,0.6943897112974131
synergy,Human Torch,The Hood,Damage,Tank,21339,0.2836895845853323,0.5473391526068662,0.5183067632457424,0.6042442549002909,False,0.8383332257032156
synergy,Groot,Deadpool (Duelist),Tank,Damage,3266,0.28062516682795735,0.9662057660163579,0.29044037688262603,0.7714793579765469,False,0.926779659381941
synergy,Hulk,Psylocke,Tank,Damage,3641,0.27852483566263936,0.9209720095339062,0.302424865011476,0.762328202096308,False,0.9203669111084077
synergy,Mantis,Blade,Support,Damage,6301,0.26781656563136175,0.7810023786397055,0.3429138923979023,0.7316632401358937,False,0.9117010122033049
synergy,Moon Knight,Jubilee,Damage,Support,17701,0.26633727256709067,0.6021981633007188,0.4422751326693937,0.6582901234400365,False,0.8749500723387116
synergy,Cyclops,Deadpool (Strategist),Damage,Support,7081,0.2645671822999892,0.7832896829530074,0.3377641606392276,0.7355409198832348,False,0.9127059264689817
synergy,Star-lord,Iron Fist,Damage,Damage,2606,0.26133314831008225,1.0502690798594294,0.24882494716978593,0.8034961928409845,False,0.936631373481789
synergy,Doctor Strange,Mantis,Tank,Support,18652,0.26113538369135875,0.5959012587893752,0.43821921809978687,0.661227378553599,False,0.8749500723387116
synergy,Storm,The Thing,Damage,Tank,5386,0.260187715462954,0.8077859503902304,0.32209982772943857,0.7473770687846701,False,0.9180530404579742
synergy,Hela,Namor,Damage,Damage,11341,0.2585454434507593,0.5857405969475983,0.4413992214268348,0.6589240057718104,True,0.8749500723387116
synergy,Winter Soldier,White Fox,Damage,Support,21072,0.25471922115083917,0.524189862926476,0.4859293152461567,0.6270172828142766,False,0.8543598566829675
synergy,Ultron,Elsa Bloodstone,Support,Damage,3132,0.25423276427087493,1.0088323163971302,0.25200695907405424,0.8010356848028847,False,0.9365355760626678
synergy,Venom,Deadpool (Strategist),Tank,Support,7158,0.2541428523093621,0.811053019348366,0.31334924628423316,0.7540153394476489,False,0.9181689802381742
synergy,Groot,Luna Snow,Tank,Support,11278,0.2518034938338629,0.7054770273634359,0.35692656750982055,0.7211467799213735,False,0.9053014783000393
synergy,Winter Soldier,Deadpool (Vanguard),Damage,Tank,9303,0.25110088797358304,0.6553156019403268,0.3831755069314653,0.7015896373147299,False,0.8979014088109082
synergy,White Fox,Jubilee,Support,Support,17859,0.2494831766663633,0.6458146174978068,0.38630772656243034,0.6992687788532084,False,0.896888860576801
synergy,White Fox,Rogue,Support,Tank,4690,0.24668035525482793,0.9107711975894162,0.2708477781332229,0.7865081111367955,False,0.9345383648425817
synergy,Emma Frost,Deadpool (Strategist),Tank,Support,9585,0.24608183619555063,0.7284494233993547,0.337815953024157,0.7355018871458012,False,0.9127059264689817
synergy,Mantis,Black Cat,Support,Damage,8643,0.2435131036502604,0.7284631646078871,0.3342833453786743,0.7381657567676729,False,0.9142280074783931
synergy,Squirrel Girl,Jubilee,Damage,Support,10093,0.2433069284547255,0.6907187634535499,0.3522518010632958,0.7246494316206584,False,0.9078306874716305
synergy,Storm,Rocket Raccoon,Damage,Support,7982,0.24278682617800187,0.7142012650908166,0.33994174757885587,0.733900396765002,False,0.9127059264689817
synergy,Peni Parker,Elsa Bloodstone,Tank,Damage,3700,0.24009998196193363,0.9330052764988963,0.2573404331247827,0.7969159820599954,False,0.9364608343010571
synergy,Hulk,Rocket Raccoon,Tank,Support,16998,0.2391741817004463,0.6382452888357518,0.374737089147549,0.7078560057708307,False,0.8987272065549146
synergy,Mantis,Iron Man,Support,Damage,6634,0.23720197074323232,0.7492691687893182,0.3165777808881517,0.7515639975205004,False,0.9181689802381742
synergy,Mantis,Psylocke,Support,Damage,6544,0.23120841170246662,0.7590794212652869,0.30459054115453715,0.760678024978992,False,0.9203669111084077
synergy,Cloak & Dagger,Cyclops,Support,Damage,36062,0.23080141167588888,0.5400706414050557,0.4273541162604813,0.6691214220483293,False,0.8811539621077016
synergy,Rocket Raccoon,Iron Man,Support,Damage,9845,0.22840475160633555,0.6564247240926344,0.34795269468567913,0.727875710300729,False,0.9098429329590397
synergy,Hawkeye,Emma Frost,Damage,Tank,7222,0.227873166839048,0.7267318959288436,0.3135587802263735,0.7538561702650993,False,0.9181689802381742
synergy,Black Widow,Peni Parker,Damage,Tank,3520,0.21847065814959318,0.9413133805264033,0.23209131270121705,0.816467092137738,False,0.9428343652484612
synergy,Groot,Magik,Tank,Damage,7908,0.21052835888129684,0.6883191581801682,0.3058586360401592,0.7597122812337136,False,0.9203669111084077
synergy,Human Torch,Doctor Strange,Damage,Tank,6907,0.20727679345755243,0.7429237927997902,0.2790014204234959,0.7802437346934068,False,0.9324065344273907
synergy,Human Torch,Gambit,Damage,Support,9835,0.2008838592110511,0.7148370309738589,0.28102049908827026,0.778694677129324,False,0.9324065344273907
synergy,Magik,Thor,Damage,Tank,11388,0.19852119072631616,0.6018672572910343,0.32984215094179936,0.741519236186631,False,0.9159506138459361
synergy,Hulk,Winter Soldier,Tank,Damage,18007,0.1967575393119271,0.5138324159312024,0.3829216164872541,0.7017778830848074,False,0.8979014088109082
synergy,The Thing,Phoenix,Tank,Damage,4957,0.19431280813964705,0.8210550621474938,0.23666233496133152,0.8129187572561661,False,0.9421217867910834
synergy,Cloak & Dagger,Psylocke,Support,Damage,16510,0.19192356683713221,0.6172628475714375,0.3109268079104994,0.755856264107698,True,0.919056856358017
synergy,Loki,Luna Snow,Support,Support,4763,0.19169685434841796,0.9391833190948097,0.20411015661263715,0.8382674175830656,False,0.9539864965757943
synergy,Storm,Luna Snow,Damage,Support,8505,0.19149414623640287,0.7110128318982256,0.26932586536471026,0.7876789296127306,False,0.9350033409900744
synergy,Hela,The Hood,Damage,Tank,43395,0.1912111869965387,0.4345469095576935,0.440024270777036,0.6599195288250749,False,0.8749500723387116
synergy,Black Panther,Angela,Damage,Tank,3104,0.19021466272045562,1.0015279572812599,0.1899244662493605,0.8493683201041315,False,0.9602425070357266
synergy,Winter Soldier,The Thing,Damage,Tank,27949,0.18990722894568837,0.44598623755377953,0.4258141013214299,0.6702433108362007,False,0.8811539621077016
synergy,Winter Soldier,Psylocke,Damage,Damage,6285,0.18805832922333465,0.7103330894225907,0.26474668296278,0.7912046124049306,False,0.9364608343010571
synergy,Rocket Raccoon,Winter Soldier,Support,Damage,45104,0.18799849083441392,0.44175620603900767,0.42557068415653093,0.6704207057392646,False,0.8811539621077016
synergy,Iron Man,Gambit,Damage,Support,9554,0.1861200871581239,0.663454372099401,0.2805318571783242,0.7790694877690889,False,0.9324065344273907
synergy,Spider-man,The Thing,Damage,Tank,15634,0.18541916576901024,0.528515525694537,0.35083012088499343,0.7257157985162295,False,0.9078306874716305
synergy,Doctor Strange,Cloak & Dagger,Tank,Support,43168,0.1849640897460642,0.519930751426866,0.3557475476079462,0.7220296334681788,False,0.9059357168881595
synergy,Loki,The Hood,Support,Tank,18590,0.18261273667767966,0.61189466702956,0.2984381896383775,0.7653687451554185,False,0.9212843048810081
synergy,Cloak & Dagger,White Fox,Support,Support,18259,0.18195050400120494,0.6544195744785682,0.2780334071550051,0.7809867141765117,False,0.9324065344273907
synergy,Luna Snow,Wolverine,Support,Damage,8172,0.18181044476035618,0.7088774231999666,0.25647656253409756,0.7975828757236969,False,0.9364608343010571
synergy,Cloak & Dagger,Emma Frost,Support,Tank,56180,0.18089171346204796,0.4886587537136617,0.3701800327679072,0.7112483530570446,False,0.9004141419439841
synergy,Adam Warlock,The Thing,Support,Tank,4869,0.17973640453796824,0.8604935374045886,0.20887594935353873,0.8345450796720015,False,0.9533684029205389
synergy,Hawkeye,Rocket Raccoon,Damage,Support,7666,0.17780494907837416,0.7128282520360779,0.24943588945935188,0.803023626494751,False,0.9365355760626678
synergy,Storm,Venom,Damage,Tank,3622,0.17718665625063468,0.9229327983024597,0.19198218610990117,0.8477561592945184,False,0.9601859360177974
synergy,Rocket Raccoon,Moon Knight,Support,Damage,10294,0.1761819874385786,0.6836869566262954,0.25769394271899204,0.7966431212758192,False,0.9364608343010571
synergy,The Punisher,The Hood,Damage,Tank,29840,0.17312698799004064,0.49813470640033986,0.34755054358911164,0.7281777537646338,False,0.9098429329590397
synergy,Venom,Psylocke,Tank,Damage,4614,0.17294208670203995,0.8435581544873588,0.20501501382218168,0.8375603948350607,False,0.9537283314839149
synergy,Mantis,Black Panther,Support,Damage,9877,0.16337735502083953,0.6954835511556084,0.23491188936010546,0.8142771213865574,False,0.9421700785906914
synergy,Black Cat,The Hood,Damage,Tank,27193,0.16170890628939494,0.5033266522412394,0.32128023733559313,0.7479980315242791,False,0.9181689802381742
synergy,Spider-man,Gambit,Damage,Support,27377,0.160334672694749,0.5238383415023337,0.3060766270657466,0.759546303367286,False,0.9203669111084077
synergy,Magik,Jeff The Land Shark,Damage,Support,10803,0.16009231696468956,0.6551234981475085,0.24436967597312922,0.8069445250183093,False,0.938042665188496
synergy,Daredevil,Deadpool (Duelist),Damage,Damage,2729,0.157729623278895,1.009333039922888,0.15627113850443797,0.8758193049579166,False,0.9704757330179171
synergy,Luna Snow,Black Widow,Support,Damage,17991,0.1575472047325645,0.5942667430187075,0.26511193261845534,0.790923235243451,False,0.9364608343010571
synergy,Emma Frost,Elsa Bloodstone,Tank,Damage,15707,0.14758224044728713,0.5665917287033744,0.2604736937918667,0.7944984044748814,False,0.9364608343010571
synergy,Hulk,Phoenix,Tank,Damage,2922,0.14720438395827776,1.0151586959635526,0.14500627787910203,0.8847059151511384,False,0.9762693148332939
synergy,Cyclops,The Hood,Damage,Tank,43461,0.14494642404654262,0.44021076467300624,0.32926596911870276,0.741954663976037,False,0.9159506138459361
synergy,Doctor Strange,Ultron,Tank,Support,5058,0.14490856339529415,0.8657547417558991,0.16737830751165708,0.8670723924885573,False,0.9647990118645868
synergy,Magneto,The Hood,Tank,Tank,123906,0.14449295943138876,0.3472381441518633,0.41612064188488257,0.6773217259966202,False,0.8831902286529004
synergy,Mantis,Jeff The Land Shark,Support,Support,5249,0.14414581247133365,0.8541576110470777,0.16875786225756514,0.8659871039031806,False,0.9647990118645868
synergy,Storm,Emma Frost,Damage,Tank,7770,0.14408369235144425,0.7078377524165599,0.20355468729880846,0.8387015059717096,False,0.9540279340095453
synergy,Spider-man,Blade,Damage,Damage,3956,0.14151153685783485,0.8602330692849068,0.1645037163887112,0.8693346213492645,False,0.9655248873226322
synergy,Magik,Deadpool (Vanguard),Damage,Tank,5937,0.14141888850556075,0.7664574492439558,0.1845097710839112,0.8536135625363268,False,0.9626894552229703
synergy,Gambit,Deadpool (Strategist),Support,Support,6849,0.1413413780425191,0.8373630860409379,0.16879341876745813,0.8659591351117238,False,0.9647990118645868
synergy,Rocket Raccoon,Groot,Support,Tank,14232,0.1405465871381481,0.6717600267237783,0.20922142066654942,0.8342753911756742,True,0.9533684029205389
synergy,Human Torch,Mantis,Damage,Support,7704,0.13951816754952967,0.7408907958290767,0.1883113791330139,0.8506325656717719,False,0.9607662547300286
synergy,Magneto,Phoenix,Tank,Damage,17442,0.13803588017231178,0.5857651448756841,0.2356505527511489,0.8137038424926923,False,0.9421700785906914
synergy,Thor,Elsa Bloodstone,Tank,Damage,6637,0.1375464867242199,0.7466453783039244,0.18421929703317758,0.8538414217032868,False,0.9626894552229703
synergy,Magneto,Peni Parker,Tank,Tank,10805,0.13645398776224252,0.656090285910221,0.20798050312989208,0.8352441907367918,False,0.953610059496278
synergy,Magik,Scarlet Witch,Damage,Damage,4825,0.13524798662588944,0.7993272453629469,0.16920227279939395,0.8656375421323185,False,0.9647990118645868
synergy,Jeff The Land Shark,Black Cat,Support,Damage,4877,0.13505360193919558,0.869908646574275,0.15525032711312906,0.8766239739265638,False,0.9704757330179171
synergy,Luna Snow,Jeff The Land Shark,Support,Support,7531,0.13320225777097275,0.7826076879463018,0.17020310408720693,0.864850410630445,False,0.9647990118645868
synergy,Hela,Rogue,Damage,Tank,5229,0.12143517204817338,0.8121429050031906,0.14952438948869015,0.881139865663235,False,0.9732295293398254
synergy,Hulk,Magik,Tank,Damage,12284,0.11689389278382381,0.5848587511937845,0.19986687819106036,0.8415846951290541,False,0.956400608059972
synergy,The Punisher,Spider-man,Damage,Damage,6335,0.10134663861473772,0.701811525978142,0.14440720173908086,0.8851789302523184,False,0.9763421855978445
synergy,Human Torch,Magneto,Damage,Tank,22325,0.09697466359764786,0.5484297639298968,0.17682239363296787,0.859647898637527,False,0.9638767946050714
synergy,Winter Soldier,Jubilee,Damage,Support,65927,0.09492048300717554,0.41402506114899834,0.2292626507771127,0.8186647807521614,False,0.9429807148762457
synergy,Storm,White Fox,Damage,Support,3642,0.09466265240735117,0.927483505458867,0.10206397402239231,0.9187058962066397,False,0.9809596678545662
synergy,Magik,Gambit,Damage,Support,29532,0.09427430771302246,0.5135282565713337,0.18358153910061795,0.8543417466318066,False,0.9626894552229703
synergy,Venom,Scarlet Witch,Tank,Damage,3550,0.09425193201906064,0.9269242975379219,0.10168244836111295,0.9190087341065021,False,0.9809596678545662
synergy,Hela,Emma Frost,Damage,Tank,18405,0.09037792158818722,0.5223868467623405,0.17300956589610417,0.8626439085139038,False,0.9647990118645868
synergy,Venom,Spider-man,Tank,Damage,22416,0.09020718232654887,0.4951136593015462,0.18219489733691369,0.8554297773115332,True,0.9630108098406234
synergy,Cloak & Dagger,Black Panther,Support,Damage,20008,0.08930904175895199,0.6144411664094768,0.14535002965513305,0.8844345161383345,False,0.9762693148332939
synergy,Angela,Cyclops,Tank,Damage,4600,0.08625704504823276,0.8491265056843732,0.10158326759416358,0.9190874612616274,False,0.9809596678545662
synergy,Star-lord,The Hood,Damage,Tank,20202,0.0758428575403339,0.5787898994585189,0.13103694036694133,0.8957460851481981,False,0.9804244043770827
synergy,Ultron,The Thing,Support,Tank,4665,0.07361912782984803,0.8906419185069622,0.08265850315383798,0.9341230815935032,False,0.9828777512029887
synergy,The Punisher,Emma Frost,Damage,Tank,13144,0.07216754685329985,0.5970238508358038,0.12087883382258323,0.903787007383443,False,0.9809596678545662
synergy,Thor,Daredevil,Tank,Damage,5934,0.07006604345076305,0.7686851512419969,0.09115050985121073,0.927372998593008,False,0.9809596678545662
synergy,Black Panther,Black Cat,Damage,Damage,2861,0.06574901169975325,1.0096761347269028,0.06511891233077133,0.9480793225284411,True,0.9906827359717425
synergy,Winter Soldier,Daredevil,Damage,Damage,10283,0.06437648436914854,0.5772379190590519,0.11152504408249518,0.9112000071686283,False,0.9809596678545662
synergy,Moon Knight,Winter Soldier,Damage,Damage,7178,0.0639225516793726,0.6683954450673263,0.0956358277889428,0.9238098091435336,False,0.9809596678545662
synergy,Magik,Elsa Bloodstone,Damage,Damage,7560,0.06352464166536857,0.6503685243719545,0.09767484016344859,0.9221904946469538,False,0.9809596678545662
synergy,Cloak & Dagger,Devil Dinosaur,Support,Tank,22144,0.06313660203271658,0.6483960790696948,0.09737350991280463,0.922429780769833,False,0.9809596678545662
synergy,Star-lord,Elsa Bloodstone,Damage,Damage,2517,0.061193962681618405,1.0881480667057988,0.05623679768772069,0.9551531672176654,False,0.9941051835814227
synergy,Magneto,Adam Warlock,Tank,Support,16302,0.05870508292994583,0.6193280742130406,0.09478834461773819,0.924482944833639,False,0.9809596678545662
synergy,Winter Soldier,Deadpool (Strategist),Damage,Support,13552,0.05650625862076217,0.6082989989037334,0.0928922433253989,0.9259891680329704,False,0.9809596678545662
synergy,Ultron,Peni Parker,Support,Tank,2661,0.05285525899381452,1.0588978700008425,0.049915351131806944,0.9601898441186589,True,0.9960783423142056
synergy,Spider-man,Adam Warlock,Damage,Support,5535,0.051130554074338745,0.7925529684067617,0.06451373739363377,0.9485611690400552,False,0.9906827359717425
synergy,Cloak & Dagger,Iron Fist,Support,Damage,26177,0.04971670147085717,0.5680400967145118,0.08752322548780216,0.9302556249975565,False,0.9809596678545662
synergy,Iron Fist,Deadpool (Strategist),Damage,Support,5327,0.04612809701257106,0.8463559599746958,0.05450200529567984,0.9565352109713178,False,0.9942719190017149
synergy,Magik,Magneto,Damage,Tank,57271,0.044660169280914874,0.3871552924445102,0.11535466556308507,0.9081640106525981,False,0.9809596678545662
synergy,Luna Snow,Deadpool (Strategist),Support,Support,5618,0.041382240418167904,0.8733734346255542,0.04738206908698789,0.9622087197636299,False,0.9960783423142056
synergy,Hulk,Jeff The Land Shark,Tank,Support,5744,0.041121802849857635,0.8528685532980576,0.04821587417057283,0.9615441991426977,False,0.9960783423142056
synergy,Rocket Raccoon,Phoenix,Support,Damage,8760,0.03813241897784094,0.6962678290762246,0.05476688335354117,0.9563241840437255,False,0.9942719190017149
synergy,Spider-man,Mister Fantastic,Damage,Damage,3746,0.03740676368244617,0.8831674375493141,0.04235523423083345,0.966215514208968,False,0.9966946284864036
synergy,Cloak & Dagger,Magneto,Support,Tank,129651,0.034578092333443396,0.38910928692421204,0.08886473156879002,0.9291894127548741,False,0.9809596678545662
synergy,Cyclops,Deadpool (Vanguard),Damage,Tank,4733,0.03330066762372551,0.8488362795396976,0.03923096647304426,0.9687062449582475,False,0.9966946284864036
synergy,Star-lord,Jeff The Land Shark,Damage,Support,3117,0.02968248400693903,1.007179503782219,0.029470897586253132,0.976489029217664,False,0.9975283245991472
synergy,Doctor Strange,Phoenix,Tank,Damage,5616,0.028436380144212358,0.8030523120014192,0.0354103708055349,0.9717525151922692,False,0.9966946284864036
synergy,Winter Soldier,Emma Frost,Damage,Tank,39915,0.023779204798633463,0.406192289178596,0.0585417434848896,0.9533171129976269,False,0.9933297300867646
synergy,Doctor Strange,Daredevil,Tank,Damage,9601,0.02144508513257655,0.6524938180725243,0.03286634223742629,0.9737811732909151,False,0.997015959786815
synergy,Storm,Doctor Strange,Damage,Tank,5674,0.020283178242978196,0.7899486167385327,0.025676579227040766,0.9795153047664992,False,0.9975283245991472
synergy,Black Panther,Deadpool (Strategist),Damage,Support,4273,0.018223503939372936,0.9175481430557941,0.019861087483302554,0.9841541867071355,False,0.9975283245991472
synergy,Doctor Strange,Venom,Tank,Tank,8162,0.011848567049897847,0.7019585002020187,0.01687929848628931,0.9865329078301248,False,0.9977624139479214
synergy,Black Widow,The Hood,Damage,Tank,34213,0.010182786891574274,0.4692563679556621,0.021699837417094782,0.982687393465485,False,0.9975283245991472
synergy,Hawkeye,Gambit,Damage,Support,7994,0.009688456690982289,0.7168893375571316,0.013514577750586475,0.9892172553016351,False,0.9980597694860796
synergy,Magik,Namor,Damage,Damage,6399,0.0038806132907861285,0.7007888703963708,0.005537492752405198,0.9955817426074223,False,0.9985019300948691
synergy,Thor,Cyclops,Tank,Damage,8138,0.0030710208271798926,0.6909295242405514,0.00444476711362923,0.996453600620759,False,0.9985019300948691
synergy,Black Panther,Invisible Woman,Damage,Support,14855,0.000944383525294467,0.6424820479355146,0.0014698986972928683,0.9988271909458147,False,0.9992437160462926
synergy,Captain America,Thor,Tank,Tank,2572,-0.00037509567474827704,1.1089293562829186,-0.00033825028855361976,0.9997301153222223,True,0.9997301153222223
synergy,Black Cat,Devil Dinosaur,Damage,Tank,4849,-0.00149208580536712,0.8450638922617066,-0.0017656485137162127,0.998591217043085,False,0.9992437160462926
synergy,Black Panther,White Fox,Damage,Support,6875,-0.0018675376078813363,0.7848445824490229,-0.002379499903094045,0.9981014355565078,False,0.9992437160462926
synergy,Namor,Invisible Woman,Damage,Support,17325,-0.003062172007882144,0.61586891985517,-0.004972116483166995,0.9960328413695522,False,0.9985019300948691
synergy,Mantis,Daredevil,Support,Damage,11637,-0.004874889448746888,0.666097804026919,-0.007318579072435854,0.9941606708784364,False,0.9985019300948691
synergy,Hawkeye,Devil Dinosaur,Damage,Tank,2713,-0.0063853028159949225,1.0386794257639829,-0.006147520262373853,0.9950950193902909,False,0.9985019300948691
synergy,Moon Knight,Deadpool (Strategist),Damage,Support,3394,-0.007515890224201226,0.986112455828658,-0.007621737439555422,0.9939187922476624,False,0.9985019300948691
synergy,Cloak & Dagger,Deadpool (Vanguard),Support,Tank,13724,-0.009086249930925817,0.6789954381125949,-0.013381901292566684,0.9893231062267184,False,0.9980597694860796
synergy,Thor,Iron Fist,Tank,Damage,6511,-0.010751167169090229,0.7424861775720739,-0.014479955982812357,0.9884470703970604,False,0.9980597694860796
synergy,Hawkeye,Invisible Woman,Damage,Support,9231,-0.012220532564388216,0.6907906405513549,-0.01769064582958795,0.9858856430281692,False,0.9975283245991472
synergy,Scarlet Witch,White Fox,Damage,Support,5242,-0.014287233884254874,0.8027727205430889,-0.017797358478486073,0.9858005120559932,False,0.9975283245991472
synergy,Rocket Raccoon,Squirrel Girl,Support,Damage,6398,-0.01599341679929849,0.7599923881453022,-0.021044180242816752,0.983210412731152,True,0.9975283245991472
synergy,Groot,Moon Knight,Tank,Damage,3451,-0.017338662586951364,0.9511113689211438,-0.018229897311204262,0.9854554519910574,False,0.9975283245991472
synergy,Groot,Daredevil,Tank,Damage,4039,-0.018012536384222316,0.8975559322610029,-0.02006842775674998,0.983988786071348,False,0.9975283245991472
synergy,Peni Parker,Cyclops,Tank,Damage,5121,-0.01837898421285193,0.8206979777605002,-0.022394333495257334,0.982133400435472,False,0.9975283245991472
synergy,Mantis,Magik,Support,Damage,21855,-0.019486834131779287,0.5379977193528523,-0.03622103483118784,0.9711061136233897,False,0.9966946284864036
synergy,The Punisher,Black Widow,Damage,Damage,3818,-0.023030123003041688,0.8820647207049608,-0.026109334680833433,0.9791701316032524,False,0.9975283245991472
synergy,Venom,Winter Soldier,Tank,Damage,20412,-0.023115855146483844,0.48664249246097274,-0.04750069199585498,0.9621141788269428,False,0.9960783423142056
synergy,Winter Soldier,Jeff The Land Shark,Damage,Support,15176,-0.02741710970892972,0.5767854373239264,-0.047534330679593936,0.9620873693244084,False,0.9960783423142056
synergy,The Thing,Black Cat,Tank,Damage,7183,-0.027679765160354326,0.7224781386718262,-0.03831225289562347,0.9694387215615513,False,0.9966946284864036
synergy,Human Torch,Elsa Bloodstone,Damage,Damage,2759,-0.027914681189458508,1.0266369180028583,-0.027190412403794724,0.9783078626739132,False,0.9975283245991472
synergy,Hela,Gambit,Damage,Support,21750,-0.028351067087590855,0.5783587303335793,-0.049019865354567815,0.960903464705974,False,0.9960783423142056
synergy,Winter Soldier,Blade,Damage,Damage,6213,-0.02920687092670706,0.7123201585772926,-0.041002448933975914,0.9672939435386244,False,0.9966946284864036
synergy,The Punisher,Thor,Damage,Tank,5692,-0.031067807196801557,0.7819689116046277,-0.03973023317902668,0.9683081981082182,False,0.9966946284864036
synergy,Mantis,Iron Fist,Support,Damage,11638,-0.031174310864582454,0.6621070410510967,-0.0470834909338725,0.962446685070583,False,0.9960783423142056
synergy,Storm,Mantis,Damage,Support,6327,-0.031748723233548624,0.7803055079834049,-0.04068755494959781,0.9675449830922259,False,0.9966946284864036
synergy,Rocket Raccoon,The Hood,Support,Tank,77803,-0.03267437254511901,0.4214579706626625,-0.07752700107615661,0.938204312157381,False,0.9863068119480969
synergy,Loki,Winter Soldier,Support,Damage,11817,-0.03484955784118618,0.639734903704864,-0.05447499837723989,0.9565567274097364,False,0.9942719190017149
synergy,Angela,Deadpool (Duelist),Tank,Damage,2759,-0.03825293073362694,1.0310983472751545,-0.03709920671943326,0.9704059045407,False,0.9966946284864036
synergy,Hela,Deadpool (Strategist),Damage,Support,7520,-0.05343926003587344,0.7549566840026432,-0.07078453793209458,0.9435692378967394,False,0.9891516533005897
synergy,Spider-man,White Fox,Damage,Support,14373,-0.05649717435153678,0.6016302818058172,-0.09390679967430873,0.9251831923510113,False,0.9809596678545662
synergy,Invisible Woman,Phoenix,Support,Damage,10571,-0.058554854626203384,0.6813252833119929,-0.08594258287548373,0.9315120604763185,False,0.981421797576938
synergy,Moon Knight,Elsa Bloodstone,Damage,Damage,3304,-0.06440857862796101,0.93893093232423,-0.0685977811685509,0.945309785079248,True,0.9894407392692477
synergy,Squirrel Girl,The Thing,Damage,Tank,3717,-0.06470590502768468,0.9197042834146488,-0.07035511978638032,0.943911011907771,False,0.9891516533005897
synergy,Winter Soldier,Cyclops,Damage,Damage,14414,-0.06872019818308979,0.5057905293753097,-0.13586691365685422,0.8919264919595126,False,0.9790033131228818
synergy,Angela,Jubilee,Tank,Support,11914,-0.06979205030279574,0.683889404741556,-0.10205166188993728,0.9187156688393925,False,0.9809596678545662
synergy,Doctor Strange,Hawkeye,Tank,Damage,5587,-0.07041770195498118,0.7940697600034565,-0.08867949077254202,0.929336632300777,False,0.9809596678545662
synergy,Invisible Woman,Elsa Bloodstone,Support,Damage,22106,-0.07196523133959706,0.5899933203706412,-0.12197634931593394,0.9029177489005482,False,0.9809596678545662
synergy,Hulk,Emma Frost,Tank,Tank,6187,-0.07249170810649358,0.769048553326674,-0.09426154927789165,0.924901393104731,False,0.9809596678545662
synergy,Doctor Strange,Elsa Bloodstone,Tank,Damage,11886,-0.0732912907859652,0.6158837655250572,-0.11900182289020467,0.9052739115880167,False,0.9809596678545662
synergy,Jeff The Land Shark,The Hood,Support,Tank,27527,-0.07412232394627814,0.5484210580582748,-0.1351558676625469,0.8924886393496216,False,0.9790033131228818
synergy,Moon Knight,Spider-man,Damage,Damage,4234,-0.0751743642297154,0.8388602320300531,-0.08961488619837471,0.9285932545296421,False,0.9809596678545662
synergy,Luna Snow,Elsa Bloodstone,Support,Damage,18663,-0.0779138785735511,0.6061118167116347,-0.1285470377335006,0.8977160762381153,False,0.9809596678545662
synergy,Hulk,Black Cat,Tank,Damage,5309,-0.08143521960559022,0.8089717953398124,-0.1006650912611644,0.9198163237026834,False,0.9809596678545662
synergy,Namor,White Fox,Damage,Support,7769,-0.08264837004545285,0.7488487627313208,-0.1103672385649734,0.9121181342062056,False,0.9809596678545662
synergy,The Punisher,Groot,Damage,Tank,4520,-0.08446798639350735,0.8644787011501568,-0.0977097368403939,0.9221627836769477,False,0.9809596678545662
synergy,Rogue,Deadpool (Duelist),Tank,Damage,3448,-0.09332862395209818,0.9584154374171627,-0.0973780474609318,0.9224261774541945,False,0.9809596678545662
synergy,Mister Fantastic,Cyclops,Damage,Damage,2871,-0.10625550360659763,1.0021737746742803,-0.10602502908353602,0.91556249377291,False,0.9809596678545662
synergy,Daredevil,Elsa Bloodstone,Damage,Damage,3346,-0.10740080226735076,0.9395505674697163,-0.11431082688459183,0.9089914001469276,False,0.9809596678545662
synergy,Wolverine,The Hood,Damage,Tank,16338,-0.10781798497230968,0.5866184063805109,-0.18379577558357996,0.8541736702802771,False,0.9626894552229703
synergy,Iron Fist,The Hood,Damage,Tank,33483,-0.11041698594925183,0.47630303057255957,-0.23182087633689957,0.8166771417282488,False,0.9428343652484612
synergy,Thor,Adam Warlock,Tank,Support,3244,-0.11068403045419929,1.0226420282021096,-0.10823340660934022,0.9138105459572076,False,0.9809596678545662
synergy,Daredevil,Deadpool (Strategist),Damage,Support,4713,-0.1108485764434337,0.8827586721952998,-0.12557064567575246,0.9000718003475978,False,0.9809596678545662
synergy,Gambit,The Hood,Support,Tank,71120,-0.11108174322543662,0.4304063907499629,-0.2580857199445434,0.7963407521823597,False,0.9364608343010571
synergy,Iron Fist,Gambit,Damage,Support,16092,-0.11141240303577814,0.6285957099334266,-0.17724015814167365,0.8593197533364251,False,0.9638767946050714
synergy,Spider-man,Rogue,Damage,Tank,7263,-0.1115269490010135,0.7154717550051629,-0.1558788983923044,0.8761284786157921,False,0.9704757330179171
synergy,Rocket Raccoon,Spider-man,Support,Damage,29229,-0.1174114862472759,0.5124286465534599,-0.22912748347886672,0.8187698328833763,False,0.9429807148762457
synergy,Magik,Mister Fantastic,Damage,Damage,3947,-0.12090915685958972,0.866680080798667,-0.13950840631778333,0.8890484136185238,False,0.9780337423718044
synergy,Gambit,Elsa Bloodstone,Support,Damage,16876,-0.12363952991083242,0.6272108708736848,-0.19712593587321994,0.8437289877289982,False,0.956947595873835
synergy,Scarlet Witch,Deadpool (Strategist),Damage,Support,3080,-0.12409685947596544,0.9965041547097575,-0.12453220479759061,0.9008939030960101,False,0.9809596678545662
synergy,Star-lord,Adam Warlock,Damage,Support,2109,-0.12448968278453477,1.1585427075098305,-0.1074536846829865,0.9144290667804508,True,0.9809596678545662
synergy,Devil Dinosaur,Deadpool (Duelist),Tank,Damage,3943,-0.1255643567012907,0.9074851875460039,-0.1383651859275393,0.8899518099296243,False,0.9784575582131845
synergy,Luna Snow,Iron Man,Support,Damage,9372,-0.12563866289009637,0.6740103421688792,-0.18640465142687157,0.8521274450470675,False,0.9620017603143128
synergy,Thor,Devil Dinosaur,Tank,Tank,2715,-0.12715548659128542,1.077773670843881,-0.11797976702448533,0.9060836894799676,False,0.9809596678545662
synergy,Elsa Bloodstone,Black Cat,Damage,Damage,3408,-0.12765077598195115,0.942655568484482,-0.13541613739913164,0.8922828658525709,False,0.9790033131228818
synergy,Hela,Devil Dinosaur,Damage,Tank,6684,-0.12854554203800922,0.7357205470253387,-0.17472060901077707,0.8612991732177456,False,0.9646389899857012
synergy,The Punisher,Winter Soldier,Damage,Damage,11557,-0.12989576690057666,0.5585514026831295,-0.23255830399242153,0.8161044081711559,True,0.9428343652484612
synergy,Spider-man,Deadpool (Vanguard),Damage,Tank,5654,-0.13202256953520922,0.7776732654173789,-0.1697661156762955,0.8651940758315729,False,0.9647990118645868
synergy,Luna Snow,Magneto,Support,Tank,85011,-0.13286882746296433,0.4223845581109528,-0.31456838303274826,0.7530893879758875,False,0.9181689802381742
synergy,The Punisher,Devil Dinosaur,Damage,Tank,6512,-0.13598024609753637,0.7642104264463606,-0.17793560698962893,0.858773546698805,True,0.9638767946050714
synergy,Moon Knight,Luna Snow,Damage,Support,9771,-0.1365520961624475,0.686955735722933,-0.19877859527403743,0.8424359403564967,False,0.9569146879333502
synergy,Groot,Winter Soldier,Tank,Damage,14153,-0.13835636611186333,0.5687960073719298,-0.24324426388139808,0.8078161787337812,False,0.938042665188496
synergy,Cloak & Dagger,Groot,Support,Tank,17839,-0.14241568897501408,0.6506840726299988,-0.21887071616703996,0.8267507585162508,False,0.9471705203822759
synergy,Human Torch,Winter Soldier,Damage,Damage,7674,-0.14603572788787858,0.6574299598986647,-0.22213123343266605,0.8242117244007534,False,0.946129424446472
synergy,Iron Fist,Emma Frost,Damage,Tank,13393,-0.14729519730856325,0.5843159400922281,-0.25208142924410765,0.8009781238663499,False,0.9365355760626678
synergy,Venom,Gambit,Tank,Support,19124,-0.1570926295858969,0.61891956881121,-0.2538175192741645,0.7996365381468797,False,0.9365355760626678
synergy,Luna Snow,Mister Fantastic,Support,Damage,7097,-0.15794666964610488,0.7308658010225486,-0.2161089894001374,0.8289027927516988,False,0.9482774438775992
synergy,Iron Man,White Fox,Damage,Support,4742,-0.15895953599515927,0.8354567446226372,-0.1902666260321578,0.8491002044819719,False,0.9602425070357266
synergy,Cloak & Dagger,Luna Snow,Support,Support,39940,-0.16175092774813654,0.5363953560261803,-0.30155169303934437,0.7629938379031728,True,0.9203669111084077
synergy,Winter Soldier,Wolverine,Damage,Damage,6533,-0.16364071173965447,0.7096695046683835,-0.2305872108963186,0.8176355041165217,False,0.9429807148762457
synergy,Psylocke,Invisible Woman,Damage,Support,10321,-0.1669097757194074,0.674348481422858,-0.2475126441557814,0.8045115072469502,False,0.9366719137632387
synergy,Hela,Moon Knight,Damage,Damage,2856,-0.1679404187042396,0.9873730060402498,-0.17008812037281235,0.8649408359567601,False,0.9647990118645868
synergy,Mantis,Hawkeye,Support,Damage,5774,-0.16893277276200094,0.7795389965136755,-0.21670855918371923,0.828435477248651,False,0.9481949951906076
synergy,Squirrel Girl,The Hood,Damage,Tank,12508,-0.17355007642126324,0.6499076131330684,-0.26703807266484336,0.7894398473713697,False,0.9363064164501032
synergy,Thor,Emma Frost,Tank,Tank,6737,-0.17639274205674463,0.749776083405972,-0.23526056106705048,0.8140065038045879,False,0.9421700785906914
synergy,Hela,Winter Soldier,Damage,Damage,16056,-0.17699013809220873,0.4818709584538885,-0.3672977899728427,0.7133969024108813,False,0.9010888021670517
synergy,Emma Frost,Gambit,Tank,Support,30603,-0.18059783100406088,0.5368271219780841,-0.33641711383471,0.736556345829074,False,0.9127059264689817
synergy,Hulk,Daredevil,Tank,Damage,6594,-0.18088230501062944,0.7427842152064785,-0.24351931733006457,0.8076031223732887,False,0.938042665188496
synergy,Hulk,Spider-man,Tank,Damage,11607,-0.1825649540939446,0.5923649119452786,-0.30819677265220863,0.7579326080764577,False,0.920182351606995
synergy,Hulk,Magneto,Tank,Tank,19678,-0.19441433997735494,0.5402782942213422,-0.35984110791929563,0.718965959830155,False,0.9044569153815112
synergy,The Thing,Cyclops,Tank,Damage,13278,-0.19469096666856361,0.5777564615295956,-0.3369775669027123,0.7361338111209309,False,0.9127059264689817
synergy,Cloak & Dagger,Black Widow,Support,Damage,27389,-0.1957823047675025,0.5573277982454984,-0.35128752842373384,0.7253726503746046,False,0.9078306874716305
synergy,Mantis,Magneto,Support,Tank,61858,-0.20269476418876084,0.4502937428571757,-0.45013897573311745,0.6526102347117531,False,0.8717215774351312
synergy,Jeff The Land Shark,Invisible Woman,Support,Support,9613,-0.20276684762616548,0.7413267809337413,-0.27351884869283916,0.7844544053856138,False,0.9330223691225026
synergy,Spider-man,Thor,Damage,Tank,10858,-0.20908425677661555,0.6098623040179494,-0.3428384659932381,0.7317199860705743,False,0.9117010122033049
synergy,Luna Snow,Thor,Support,Tank,16331,-0.20977188221430418,0.6511105261440705,-0.3221755351684918,0.7473197173000621,False,0.9180530404579742
synergy,Rocket Raccoon,Thor,Support,Tank,16633,-0.210602146192359,0.653368515420913,-0.32233286609576667,0.7472005371558238,False,0.9180530404579742
synergy,Peni Parker,Invisible Woman,Tank,Support,9346,-0.21217268455770805,0.7085228804993216,-0.29945777390870193,0.7645907860919916,False,0.9212495578172969
synergy,Hela,Blade,Damage,Damage,2613,-0.21231963583016678,1.028838183947971,-0.2063683474649342,0.8365031937246191,False,0.9537283314839149
synergy,Doctor Strange,Hela,Tank,Damage,14237,-0.2154187010162177,0.5668073070429086,-0.3800563230916676,0.7039036065311686,False,0.8980155188462984
synergy,Captain America,White Fox,Tank,Support,3924,-0.21805202192130294,0.9406085673125059,-0.2318201529296275,0.8166777036208013,False,0.9428343652484612
synergy,Squirrel Girl,Thor,Damage,Tank,2523,-0.22131233999205122,1.080050425775873,-0.20490926600308282,0.837643015605089,False,0.9537283314839149
synergy,Invisible Woman,Iron Fist,Support,Damage,18541,-0.22300037919075885,0.5971120383977099,-0.3734648857342718,0.7088024750020521,False,0.8987272065549146
synergy,Luna Snow,Winter Soldier,Support,Damage,48279,-0.22612428193268536,0.43660020018888857,-0.5179207014446078,0.6045135977725974,False,0.8383332257032156
synergy,Thor,Phoenix,Tank,Damage,3009,-0.22723562318744642,1.010031391776082,-0.22497877297443766,0.8219957876876955,False,0.946129424446472
synergy,Blade,Gambit,Damage,Support,9297,-0.22802264447793122,0.6884012131527762,-0.33123509970823706,0.7404669095062946,False,0.9159506138459361
synergy,Rocket Raccoon,Deadpool (Vanguard),Support,Tank,8397,-0.2282920807402983,0.7439121897017714,-0.30688041397979887,0.7589343976077483,False,0.9203669111084077
synergy,Black Widow,Elsa Bloodstone,Damage,Damage,4316,-0.2308815528831362,0.8437035198720608,-0.27365247085628736,0.7843517066062441,False,0.9330223691225026
synergy,Groot,Black Widow,Tank,Damage,5041,-0.23145305316322606,0.8206239078405153,-0.28204522309409485,0.7779088342889227,False,0.9324065344273907
synergy,Black Panther,Rogue,Damage,Tank,3475,-0.23256085142700653,0.9647003581814003,-0.24107055569608926,0.8095004330217339,False,0.9386136002025808
synergy,Captain America,Magneto,Tank,Tank,7624,-0.23482104701136652,0.7466718574271325,-0.31449028736734286,0.7531486921000202,False,0.9181689802381742
synergy,Spider-man,Emma Frost,Damage,Tank,22346,-0.23914689383508397,0.4770108564976368,-0.5013447609787656,0.6161285085733814,False,0.8455905561027128
synergy,Ultron,Emma Frost,Support,Tank,6026,-0.2531499774281438,0.8029401587131872,-0.3152787597943146,0.7525500104850241,False,0.9181689802381742
synergy,Hawkeye,The Hood,Damage,Tank,15957,-0.25364081904595515,0.5949622554069791,-0.4263141346209503,0.669878959716316,False,0.8811539621077016
synergy,White Fox,Cyclops,Support,Damage,11504,-0.25508695149031324,0.6699267086031646,-0.38076844558441936,0.7033750753646626,False,0.8980155188462984
synergy,Winter Soldier,Gambit,Damage,Support,45118,-0.25967619889264126,0.4488161356753124,-0.5785803545184905,0.5628723636900768,False,0.8100364730008962
synergy,Emma Frost,Daredevil,Tank,Damage,11996,-0.2612919903038194,0.6050896840916276,-0.43182357454345965,0.6658696441501228,False,0.8786914612670875
synergy,Doctor Strange,Deadpool (Duelist),Tank,Damage,7609,-0.2617278388469374,0.7111546734444053,-0.36803222789676016,0.712849203706724,False,0.9010888021670517
synergy,Spider-man,Scarlet Witch,Damage,Damage,3778,-0.26580623633734873,0.8769643051787099,-0.3030981247100839,0.761815083240506,False,0.9203669111084077
synergy,Luna Snow,Phoenix,Support,Damage,9254,-0.2663130354113874,0.70217268185534,-0.3792700033668535,0.7044873724338198,False,0.8980155188462984
synergy,Hulk,Jubilee,Tank,Support,21828,-0.2665199878584374,0.6060211865909835,-0.4397865846203779,0.6600916848843401,False,0.8749500723387116
synergy,Scarlet Witch,Emma Frost,Damage,Tank,6751,-0.26862599099938855,0.7339438280554401,-0.36600347428645086,0.7143624830808277,False,0.9010888021670517
synergy,Human Torch,Cloak & Dagger,Damage,Support,16493,-0.2690074740127459,0.6282669818761482,-0.4281738206413909,0.6685245747002705,False,0.8811539621077016
synergy,Loki,Black Cat,Support,Damage,3032,-0.2693650960448334,1.0518150311798502,-0.25609549974074725,0.7978770968309936,False,0.9364608343010571
synergy,Invisible Woman,White Fox,Support,Support,11579,-0.27333961570735626,0.7172567771547644,-0.38109032136531074,0.7031362289464979,False,0.8980155188462984
synergy,Rocket Raccoon,Cyclops,Support,Damage,20847,-0.27474824709166,0.581790049445812,-0.4722463839891612,0.6367509353567316,False,0.858182861753258
synergy,Psylocke,The Thing,Damage,Tank,5382,-0.27765561714567344,0.7917093599194952,-0.35070397193978703,0.7258104454233377,False,0.9078306874716305
synergy,Storm,Groot,Damage,Tank,2698,-0.27931816631884604,1.0499458500818868,-0.2660310208350855,0.7902153184101217,False,0.9364608343010571
synergy,Invisible Woman,The Hood,Support,Tank,85208,-0.2841336389612031,0.41228486204227743,-0.6891682550596943,0.4907173912879702,False,0.7694348791643201
synergy,Storm,Invisible Woman,Damage,Support,10184,-0.28720439264380115,0.6820450249324731,-0.4210930102044748,0.6736871654453187,False,0.8817105891452917
synergy,Black Widow,Venom,Damage,Tank,7638,-0.2947487194158322,0.6950265263696703,-0.4240826907073493,0.6715055085709634,False,0.8812591439068607
synergy,Wolverine,Jubilee,Damage,Support,11340,-0.2973240175039143,0.650068674797954,-0.45737324229063137,0.6474027935610582,False,0.8666960389246533
synergy,Hulk,The Punisher,Tank,Damage,5415,-0.29743831380103164,0.7996592147090281,-0.3719563388127285,0.7099253572881754,False,0.8992137973254133
synergy,Magik,Phoenix,Damage,Damage,3293,-0.3009534119615694,0.943000465452643,-0.3191444999097756,0.7496169405505857,False,0.9181689802381742
synergy,White Fox,Deadpool (Vanguard),Support,Tank,4711,-0.3056297617295031,0.8919815832304865,-0.3426413364080959,0.731868300513018,False,0.9117010122033049
synergy,Ultron,Magneto,Support,Tank,15015,-0.30739397116321016,0.6361567533570003,-0.4832047597405697,0.6289503560785611,False,0.8553471102227375
synergy,Human Torch,Hela,Damage,Damage,3530,-0.3076159772918306,0.90534699555225,-0.33977687980749177,0.7340245603880825,False,0.9127059264689817
synergy,Hulk,Black Panther,Tank,Damage,5900,-0.3152851735008475,0.7789879990853472,-0.40473688153224596,0.6856709289736305,False,0.887256637148013
synergy,Loki,Groot,Support,Tank,3225,-0.32025120908200433,1.031818528854356,-0.31037551674671343,0.7562754102557312,False,0.9191006632236571
synergy,Devil Dinosaur,The Hood,Tank,Tank,19206,-0.3235566858508134,0.5609867030982646,-0.5767635561838584,0.5640991916045366,False,0.8108292154938785
synergy,Spider-man,Winter Soldier,Damage,Damage,21118,-0.33640352156703146,0.4277033669516147,-0.786534658271905,0.4315543227401991,False,0.7275466059407854
synergy,Magneto,Psylocke,Tank,Damage,19000,-0.3373888417040642,0.5690231109191871,-0.5929264299283975,0.5532303892008219,False,0.8048660010084494
synergy,Hela,Peni Parker,Damage,Tank,4526,-0.3425028805863669,0.8539536038245711,-0.40107902707174214,0.6883619415173311,False,0.8892731813139889
synergy,Black Panther,Jubilee,Damage,Support,18060,-0.3439709125644431,0.6123339915158024,-0.5617374134546415,0.5742949395335848,False,0.8166766804629934
synergy,Magneto,Scarlet Witch,Tank,Damage,19684,-0.3444800201737463,0.5604757540394969,-0.6146207354929946,0.5388052173441467,True,0.7939764842804716
synergy,Magik,Emma Frost,Damage,Tank,23396,-0.34842854574668897,0.472787033023446,-0.7369672207769921,0.46114228345106234,False,0.7469819972985134
synergy,Venom,Devil Dinosaur,Tank,Tank,3669,-0.3493878870988766,0.9544064077535795,-0.36607873151359427,0.7143063274171266,False,0.9010888021670517
synergy,Hulk,Deadpool (Duelist),Tank,Damage,4866,-0.3501597225341815,0.8235173635150919,-0.42520016947737915,0.6706907606538821,False,0.8811539621077016
synergy,Cloak & Dagger,Spider-man,Support,Damage,44668,-0.35446587361686566,0.4807906659647311,-0.737256146405446,0.46096659519664773,False,0.7469819972985134
synergy,Iron Fist,Deadpool (Vanguard),Damage,Tank,3213,-0.3568905773772203,0.9752732443243299,-0.36593906318477376,0.7144105467785462,False,0.9010888021670517
synergy,Thor,Jeff The Land Shark,Tank,Support,5832,-0.3575293157965521,0.8567466633681827,-0.41731042685474184,0.676451362834301,False,0.8831902286529004
synergy,Emma Frost,Cyclops,Tank,Damage,18536,-0.35829423706787855,0.5285040450478223,-0.6779403874486104,0.4978094910955222,False,0.7707687649036871
synergy,Jeff The Land Shark,Jubilee,Support,Support,12587,-0.3617820263196752,0.6865089113788965,-0.5269880992411492,0.5982018528123332,False,0.8338676611834906
synergy,Groot,The Thing,Tank,Tank,3616,-0.3637582408463641,0.9580640492880981,-0.37968050373736434,0.7041825940997639,False,0.8980155188462984
synergy,Hela,Magik,Damage,Damage,9732,-0.36556998193663315,0.5815335334728183,-0.6286309574505738,0.5295906882690873,False,0.7861931071519433
synergy,Mantis,Jubilee,Support,Support,24396,-0.3714935398737249,0.5619535123648998,-0.661075216542999,0.5085640781033571,False,0.7746318878539388
synergy,Squirrel Girl,Magneto,Damage,Tank,11545,-0.3746942000651562,0.6561045247107526,-0.5710891877027403,0.5679391874464904,False,0.8133004628052782
synergy,Human Torch,Luna Snow,Damage,Support,10429,-0.37671790279290135,0.6878475013489715,-0.5476764865091482,0.583914060223617,False,0.8242357112544568
synergy,Cloak & Dagger,Deadpool (Strategist),Support,Support,11753,-0.3812126511551036,0.7303414669091058,-0.5219649553358131,0.6016947309758032,False,0.8363068711535063
synergy,Mantis,Spider-man,Support,Damage,20783,-0.38313544971810415,0.5428091415386614,-0.7058382411026795,0.4802887376955466,False,0.7625497562750603
synergy,Elsa Bloodstone,The Hood,Damage,Tank,35323,-0.38448048256588113,0.4733594599775498,-0.8122378764419665,0.4166551496691452,False,0.7170413945884356
synergy,Black Cat,Rogue,Damage,Tank,3460,-0.3918834177141913,0.9718047241291957,-0.40325325446976595,0.6867619264248723,False,0.8876841926149077
synergy,Black Panther,Luna Snow,Damage,Support,13961,-0.396454148423347,0.6503149279566401,-0.6096340886238745,0.5421042250529505,False,0.7963772886049296
synergy,Moon Knight,Venom,Damage,Tank,4748,-0.39651260434455043,0.827048224174026,-0.47943105704694305,0.63163200370955,False,0.8560933202820398
synergy,Elsa Bloodstone,Deadpool (Duelist),Damage,Damage,3252,-0.3991302610485326,0.9458604316536569,-0.42197585150139894,0.6730426437814782,False,0.8813478725064225
synergy,Hela,Invisible Woman,Damage,Support,26777,-0.3993867838898012,0.5462801591882033,-0.7311024886631573,0.46471655433968084,False,0.7497343738136478
synergy,Black Panther,Venom,Damage,Tank,7702,-0.39965279763486206,0.7043339552230421,-0.5674194672444887,0.5704292267954467,False,0.8144368922113959
synergy,Magneto,Cyclops,Tank,Damage,42228,-0.40107381467330483,0.4433785196822704,-0.904585578391841,0.3656849783583149,False,0.6800888072750932
synergy,Moon Knight,Magneto,Damage,Tank,19934,-0.4049232147608894,0.5454247526445124,-0.7423997770500953,0.4578451546057748,False,0.7448041133126123
synergy,Luna Snow,Iron Fist,Support,Damage,17358,-0.40502418110224014,0.6057314835342565,-0.6686530122869772,0.503716847532812,False,0.7719560955142087
synergy,Black Widow,Winter Soldier,Damage,Damage,12319,-0.41375376580871215,0.5329420381170503,-0.7763579080204577,0.43753769033224565,False,0.7320796163206044
synergy,Captain America,Emma Frost,Tank,Tank,2651,-0.42014916883754844,1.0884480022866108,-0.3860075703707475,0.6994910621672341,False,0.896888860576801
synergy,Black Panther,The Hood,Damage,Tank,25225,-0.4211569829062366,0.5151763438526435,-0.8175006246534886,0.41364239245983925,False,0.7144141787640269
synergy,Blade,Jubilee,Damage,Support,15202,-0.4217116235121255,0.6177165243187012,-0.6826944187339725,0.4947999572240407,True,0.7707687649036871
synergy,Hela,Jubilee,Damage,Support,30829,-0.4255436441077062,0.5287150815418479,-0.8048638273505053,0.4208982642900734,False,0.7216424808705593
synergy,Spider-man,The Hood,Damage,Tank,54644,-0.4258787716088161,0.38839630215671855,-1.0965057320164013,0.27285751626349763,False,0.6049770623993815
synergy,Mantis,Winter Soldier,Support,Damage,34498,-0.4266934640904144,0.46238542637013796,-0.9228090674052684,0.3561067146896828,False,0.6732072565331355
synergy,Emma Frost,Rogue,Tank,Tank,4458,-0.42711897179170843,0.8969533905692941,-0.4761885916063231,0.6339400263867856,False,0.8570596151346738
synergy,Spider-man,Invisible Woman,Damage,Support,32152,-0.42787943663152644,0.5018617309346617,-0.8525843081014537,0.3938898675793825,False,0.6999568832021767
synergy,Iron Fist,Angela,Damage,Tank,3678,-0.4323879490159351,0.9295252582877084,-0.46517073652462443,0.641809193158872,False,0.8618698682975138
synergy,Phoenix,The Hood,Damage,Tank,17414,-0.4359096647448438,0.589474848555541,-0.7394881491771942,0.4596106332516382,False,0.7465172032299797
synergy,Psylocke,Jubilee,Damage,Support,12826,-0.4363868449229935,0.6328512488362444,-0.6895567413755903,0.490472979058853,False,0.7694348791643201
synergy,Black Panther,Daredevil,Damage,Damage,3660,-0.43972405909024637,0.9015950611757392,-0.48771791020773486,0.6257496638561323,False,0.8541816173268779
synergy,Rocket Raccoon,Venom,Support,Tank,21647,-0.4486047660593095,0.5959500609583004,-0.7527556341515318,0.4515967715050684,False,0.7412943353648691
synergy,The Thing,Emma Frost,Tank,Tank,11356,-0.45048473408458795,0.6235559532772119,-0.7224447649276433,0.4700210731417873,False,0.7537303171571843
synergy,Magik,Rogue,Damage,Tank,7683,-0.4508362258553008,0.7025718558728555,-0.6416941158213554,0.5210718105276541,False,0.7805234095619077
synergy,Ultron,Winter Soldier,Support,Damage,7830,-0.4520891946065959,0.7006739695871331,-0.645220479466343,0.518784316498631,False,0.7794115599877157
synergy,The Punisher,The Thing,Damage,Tank,8904,-0.4525578407965732,0.6662253334706489,-0.6792864486839737,0.4969563810710105,False,0.7707687649036871
synergy,Moon Knight,Gambit,Damage,Support,10408,-0.45838364368778073,0.6926972826647461,-0.6617373204127766,0.5081395823687311,False,0.7744770381846162
synergy,Captain America,Luna Snow,Tank,Support,6695,-0.4598926854334458,0.7893599808404996,-0.5826146455306214,0.5601527440126268,False,0.807575981301858
synergy,Loki,Daredevil,Support,Damage,3816,-0.46013703595610184,0.9550681991276757,-0.4817844802877681,0.629959055403359,False,0.8553471102227375
synergy,Psylocke,The Hood,Damage,Tank,18476,-0.46749736385043084,0.5680613587059492,-0.8229698371235734,0.41052514634658044,False,0.7131497187068553
synergy,Moon Knight,Emma Frost,Damage,Tank,9102,-0.4717407390415398,0.6611339892662791,-0.7135327281616146,0.47551616845169065,False,0.75848622880027
synergy,Hela,White Fox,Damage,Support,9629,-0.47507104349183243,0.6860213885861247,-0.69250179571069,0.4886222586001284,False,0.7686588841847266
synergy,Hela,Luna Snow,Damage,Support,23999,-0.48496411771922115,0.5526196614818195,-0.8775730425855937,0.3801754638813052,False,0.6912442372571103
synergy,The Thing,Daredevil,Tank,Damage,8539,-0.4968626692347224,0.6755625745140554,-0.7354798622350044,0.4620472998724193,False,0.7479429638285654
synergy,Loki,Black Widow,Support,Damage,4363,-0.4990618710185515,0.9030569215906854,-0.552636117488011,0.5805126051840648,False,0.8216430613310957
synergy,Phoenix,White Fox,Damage,Support,4508,-0.5053812623370483,0.8690974823823389,-0.5815012384476311,0.5609026838050966,False,0.8081714945636196
synergy,Hulk,Loki,Tank,Support,4105,-0.5100073081437195,0.9524315275533632,-0.5354792374984086,0.5923185109318058,False,0.8299629880091883
synergy,Mantis,Deadpool (Duelist),Support,Damage,8097,-0.5143255663302575,0.7254441109569498,-0.7089802764430727,0.4783367165910426,False,0.7604571127249246
synergy,The Punisher,Mantis,Damage,Support,9954,-0.5146910182560172,0.6858396959568939,-0.7504538178384563,0.4529814281953445,False,0.7412943353648691
synergy,Spider-man,Psylocke,Damage,Damage,4025,-0.516165491231622,0.858830996185179,-0.6010093877891753,0.5478337335890597,False,0.8008855130287351
synergy,Rocket Raccoon,Black Panther,Support,Damage,13667,-0.5163870595279137,0.6570100573952209,-0.7859652279527951,0.4318878586638245,False,0.7275975933528896
synergy,Emma Frost,Black Cat,Tank,Damage,11073,-0.5217693749279301,0.6291093149677426,-0.8293779197255784,0.4068905917715303,False,0.7101652305340626
synergy,Hela,Psylocke,Damage,Damage,2845,-0.5218058551788878,0.9990370397867196,-0.5223088177894646,0.6014553307077058,False,0.8363068711535063
synergy,The Punisher,Cloak & Dagger,Damage,Support,23337,-0.522239751388926,0.5893711786053349,-0.8860965217619462,0.3755655171854344,False,0.6873934152527693
synergy,Thor,Deadpool (Strategist),Tank,Support,5468,-0.5236116524944435,0.8849612012131195,-0.5916775241407962,0.5540665499398627,False,0.8055791838216549
synergy,Iron Man,The Thing,Damage,Tank,5611,-0.5252132554888114,0.7849980012533446,-0.6690631755115869,0.5034551790792807,False,0.7719560955142087
synergy,The Punisher,Luna Snow,Damage,Support,13612,-0.5261858449198459,0.6424996010177488,-0.8189668041604127,0.41280535340177915,False,0.7144141787640269
synergy,Thor,Jubilee,Tank,Support,22206,-0.5263540327854445,0.618018243669794,-0.8516804126362887,0.39439149496084147,False,0.7003295310222493
synergy,Luna Snow,Blade,Support,Damage,8938,-0.535406793246388,0.6980351679855826,-0.7670197975719274,0.44306974479752514,False,0.7364752503284735
synergy,Cloak & Dagger,Star-lord,Support,Damage,15486,-0.5392390646187595,0.6453215249006647,-0.8356130143059545,0.4033726448900916,False,0.7088165527509672
synergy,Captain America,Cloak & Dagger,Tank,Support,10952,-0.5400385375688506,0.7099566963473504,-0.7606640522545808,0.446857751259953,False,0.739318445015605
synergy,Rocket Raccoon,Deadpool (Strategist),Support,Support,6481,-0.5418023843167664,0.8382900738070171,-0.6463185014898493,0.5180731083225154,False,0.7794115599877157
synergy,Hawkeye,Magneto,Damage,Tank,16295,-0.5483383136511576,0.5909678181935886,-0.9278649306611373,0.35347763771622553,False,0.6711776811595177
synergy,Iron Man,Winter Soldier,Damage,Damage,6603,-0.5499558656038018,0.6949451181705967,-0.7913658952688656,0.4287305056367533,False,0.7258464947230565
synergy,Doctor Strange,Thor,Tank,Tank,6160,-0.5520863993277089,0.7733409561890917,-0.7138977897256442,0.4752903841972087,False,0.75848622880027
synergy,Black Widow,The Thing,Damage,Tank,10202,-0.555478207727122,0.6296943024077641,-0.8821394851488067,0.3777013819315873,False,0.6890536998128349
synergy,Winter Soldier,Namor,Damage,Damage,10029,-0.5573134902019291,0.585269453876072,-0.9522340291484572,0.34097830661366824,False,0.6650463069643822
synergy,Invisible Woman,Rogue,Support,Tank,10008,-0.5637665957917222,0.7221601372421141,-0.7806670109827892,0.4349983679396979,False,0.730851360201965
synergy,Black Widow,Iron Fist,Damage,Damage,4012,-0.5716635968464027,0.8467635686330047,-0.6751159568299366,0.4996020964673753,False,0.7707687649036871
synergy,Hela,Groot,Damage,Tank,6347,-0.5719076565999093,0.7541110258421906,-0.7583865465449245,0.44821960943560235,False,0.7400404976159739
synergy,Loki,Hela,Support,Damage,6352,-0.5751859168864082,0.7997813321323157,-0.7191789727735849,0.4720306534772508,True,0.7544314041918219
synergy,Invisible Woman,Deadpool (Duelist),Support,Damage,12414,-0.5771019110940362,0.657842292170793,-0.8772648368192866,0.38034280666085263,False,0.6912442372571103
synergy,Luna Snow,Jubilee,Support,Support,31721,-0.5796248119155472,0.5472967781207564,-1.0590685622265035,0.2895685561394564,False,0.6191398985548626
synergy,Namor,Deadpool (Strategist),Damage,Support,4623,-0.5821780705970371,0.8879196923562158,-0.655665231449196,0.5120395442678614,False,0.7766492684266258
synergy,Thor,Gambit,Tank,Support,15135,-0.5861552373747392,0.6678384037423147,-0.8776902227996266,0.3801118518231178,False,0.6912442372571103
synergy,Magik,Winter Soldier,Damage,Damage,22404,-0.5876515385439918,0.421533642625429,-1.3940798055498826,0.16329350666370324,False,0.4812544502287765
synergy,Doctor Strange,Adam Warlock,Tank,Support,5115,-0.5888735162627509,0.8562220315658892,-0.687757958278413,0.49160521510897826,False,0.7694348791643201
synergy,Luna Snow,Deadpool (Vanguard),Support,Tank,8077,-0.5948991331498928,0.7539875724235748,-0.7890038972892919,0.43010972869213226,False,0.7268622415413327
synergy,Wolverine,Emma Frost,Damage,Tank,6891,-0.5954401476474689,0.7294543669088837,-0.8162815587364156,0.41433911921335687,False,0.7145934917274214
synergy,Mantis,The Hood,Support,Tank,55057,-0.5956608508438186,0.4492878708121191,-1.325788852850891,0.18490964634678153,False,0.5139338955363274
synergy,Human Torch,Cyclops,Damage,Damage,3083,-0.5960916002793558,0.975545967323087,-0.6110338418137694,0.5411771764183421,False,0.7963772886049296
synergy,Black Widow,Deadpool (Strategist),Damage,Support,4719,-0.6014960945349415,0.8778792512341722,-0.6851695078671974,0.4932369628451331,False,0.7707687649036871
synergy,Luna Snow,Deadpool (Duelist),Support,Damage,11076,-0.6053502726428919,0.6735555270498681,-0.8987384830680388,0.3687919738650004,False,0.6837186594297805
synergy,Captain America,Jubilee,Tank,Support,9192,-0.6061772398215041,0.7193965437160585,-0.8426190605396605,0.39944152751828854,False,0.7058453381852429
synergy,Loki,Venom,Support,Tank,4999,-0.6108797306982837,0.885207259705177,-0.690097967454244,0.4901325812930044,False,0.7694348791643201
synergy,Magneto,Deadpool (Strategist),Tank,Support,23208,-0.6151924034274265,0.5877776765073766,-1.046641320376355,0.2952650368680224,False,0.6279382505489465
synergy,Venom,Black Cat,Tank,Damage,7655,-0.6229052441891677,0.705963375513876,-0.882347818306793,0.3775887449341424,False,0.6890536998128349
synergy,Black Panther,Magneto,Damage,Tank,26198,-0.6231274951089983,0.5193206538893084,-1.1998896836516273,0.23018218707225857,False,0.5646289026445279
synergy,Magneto,Emma Frost,Tank,Tank,42551,-0.6250247334527715,0.4317178980002308,-1.4477619212637727,0.14768364565568903,True,0.4680225441585178
synergy,Magik,Black Widow,Damage,Damage,7647,-0.6320651556017884,0.6433908424378021,-0.9823968790213105,0.3259043632876265,False,0.6559098720864228
synergy,Human Torch,Spider-man,Damage,Damage,5111,-0.6326756474819016,0.7713788298128045,-0.8201879842041259,0.4121089507653962,False,0.7143420324322151
synergy,Moon Knight,The Hood,Damage,Tank,26342,-0.6450474842339117,0.5298546692446197,-1.2174045482198264,0.22345033342409215,False,0.5589753387741367
synergy,Mister Fantastic,Winter Soldier,Damage,Damage,5779,-0.6471183159262127,0.7386702701163518,-0.8760584283760083,0.38099827094825056,False,0.6913879364635802
synergy,Jeff The Land Shark,Cyclops,Support,Damage,7757,-0.6499104884632605,0.7497775624385553,-0.8668043977596634,0.3860491921048297,False,0.6943897112974131
synergy,Magneto,Deadpool (Duelist),Tank,Damage,23454,-0.6535120914174853,0.536236698347431,-1.2187007965539705,0.22295777553290108,False,0.5589753387741367
synergy,Rocket Raccoon,Psylocke,Support,Damage,8872,-0.6541576664820191,0.6873832103004374,-0.9516637250946292,0.34126755186828883,False,0.6650697456799552
synergy,Magik,Squirrel Girl,Damage,Damage,2717,-0.656471324259783,1.0175961791066832,-0.6451196827764027,0.51884962955414,False,0.7794115599877157
synergy,Mister Fantastic,Emma Frost,Damage,Tank,6721,-0.6598215762122542,0.7384563631121428,-0.8935146464599601,0.37158163219980433,False,0.6861415880209867
synergy,The Hood,Deadpool (Duelist),Tank,Damage,22897,-0.6603858867359809,0.5333224898251387,-1.238248713180092,0.2156238541047797,False,0.5538347173419341
synergy,Loki,Invisible Woman,Support,Support,6019,-0.660861105214481,0.8809619187728296,-0.7501585382204187,0.4531592268453949,False,0.7412943353648691
synergy,Cloak & Dagger,Thor,Support,Tank,26597,-0.6624485074112729,0.6147184476182236,-1.0776454000656452,0.28119203334086185,False,0.6110323260731227
synergy,Venom,Blade,Tank,Damage,5695,-0.6773516231496894,0.7799167260365545,-0.8684922383853864,0.38512491948544936,True,0.6943897112974131
synergy,Winter Soldier,Angela,Damage,Tank,10453,-0.6777058982084471,0.6268183154113682,-1.0811839436498953,0.2796152988313306,False,0.6092616729303926
synergy,Hela,Deadpool (Vanguard),Damage,Tank,5792,-0.684763186720526,0.7816298377802872,-0.8760709400055043,0.3809914695885145,False,0.6913879364635802
synergy,Spider-man,Namor,Damage,Damage,5244,-0.6855919604786449,0.7577585860400823,-0.9047630381351824,0.36559093700351364,False,0.6800888072750932
synergy,Human Torch,Devil Dinosaur,Damage,Tank,3280,-0.6879284153634158,0.9780770468423569,-0.7033478779451346,0.4818389802008268,False,0.7636103874511065
synergy,The Thing,Devil Dinosaur,Tank,Tank,4189,-0.6927937062470215,0.90709376166373,-0.7637509324023419,0.4450156824923738,False,0.7372877225823238
synergy,Doctor Strange,Iron Man,Tank,Damage,6623,-0.693666307691562,0.7479840704227217,-0.9273811236374832,0.35372868781639877,False,0.6711776811595177
synergy,Magneto,Deadpool (Vanguard),Tank,Tank,9787,-0.6960017090248423,0.6875330506621692,-1.0123174563819395,0.31138629098036597,False,0.6426072648589938
synergy,Mantis,Squirrel Girl,Support,Damage,3927,-0.7039713862134571,0.8943530472880681,-0.7871291861173816,0.43120624565711296,False,0.727526622874692
synergy,Iron Fist,Jubilee,Damage,Support,23243,-0.7100943989629971,0.5689592934273313,-1.2480583534992242,0.21200968823082866,False,0.5457202168087532
synergy,Hulk,Gambit,Tank,Support,15723,-0.7151352425393053,0.6517592456954007,-1.097238354902484,0.27253721064384495,False,0.6048258726499389
synergy,Hulk,Hawkeye,Tank,Damage,3009,-0.7159995032077623,0.9882279855599668,-0.7245286651157226,0.4687412354378857,False,0.7522637001153496
synergy,Rocket Raccoon,Namor,Support,Damage,14887,-0.7191737175808772,0.6328610269445463,-1.136384904365258,0.2557955107547507,False,0.5883541997129884
synergy,Winter Soldier,Star-lord,Damage,Damage,7378,-0.7196763929784011,0.6754751228845209,-1.065437302716827,0.28667808375712933,False,0.6155756078556371
synergy,Mantis,Venom,Support,Tank,15218,-0.719751891411192,0.6385347883837452,-1.1271929180758073,0.2596609240751069,False,0.5920775931240283
synergy,Invisible Woman,Cyclops,Support,Damage,24159,-0.7214961839032641,0.5666787686646344,-1.2732013687462713,0.20294659501171797,False,0.5332216936851971
synergy,Hulk,Iron Fist,Tank,Damage,7027,-0.724819264747423,0.7237041889371046,-1.0015407894929502,0.3165654304091119,False,0.6492686821363141
synergy,Human Torch,The Thing,Damage,Tank,12569,-0.7272851855523438,0.6228881908003987,-1.1676014994244748,0.2429675451029487,True,0.5805569130497749
synergy,Emma Frost,White Fox,Tank,Support,17130,-0.7282307323093139,0.6112398393140674,-1.1913993255520345,0.2334968575831855,False,0.5692672371362419
synergy,Black Widow,Jubilee,Damage,Support,23060,-0.7314506339308049,0.5666948593382544,-1.2907310201912552,0.1967969642639451,False,0.5287800177906693
synergy,Thor,Angela,Tank,Tank,2864,-0.7333451094530723,1.0639108232952128,-0.6892918968355908,0.490639596216627,True,0.7694348791643201
synergy,Human Torch,Iron Fist,Damage,Damage,2907,-0.7336621051355556,1.0006100104772997,-0.7332148364032379,0.4634274077906999,False,0.7486615160201273
synergy,Hawkeye,The Thing,Damage,Tank,4682,-0.7398943599391254,0.8320211276724746,-0.8892735236290599,0.37385609715171897,False,0.6867888353329851
synergy,Mantis,Cloak & Dagger,Support,Support,29614,-0.7413686253834112,0.5508194999762548,-1.3459375084131384,0.17832267102275157,False,0.5024027847003765
synergy,Loki,Iron Fist,Support,Damage,4082,-0.7437839715717753,0.9255768467556799,-0.8035896470172924,0.42163400420219665,False,0.7216424808705593
synergy,The Thing,White Fox,Tank,Support,12034,-0.7499741232472295,0.6745984818291186,-1.1117340810102863,0.2662525017432067,False,0.5977595024891832
synergy,Daredevil,Devil Dinosaur,Damage,Tank,4628,-0.7518085709882985,0.8462477715718193,-0.8884024233137896,0.37432432232135937,False,0.6867888353329851
synergy,Angela,White Fox,Tank,Support,4537,-0.7564078738179831,0.8983781210910292,-0.8419704977892479,0.39980446738214315,False,0.7058453381852429
synergy,Groot,Elsa Bloodstone,Tank,Damage,5267,-0.7650070164000836,0.8241647079374871,-0.9282210328012607,0.3532929263620709,False,0.6711776811595177
synergy,Elsa Bloodstone,Jubilee,Damage,Support,26463,-0.7673930635643718,0.5669523490944999,-1.3535406719630017,0.17588296575956763,False,0.49855640634255555
synergy,Emma Frost,Devil Dinosaur,Tank,Tank,6128,-0.7713828185311036,0.7809589767530634,-0.987737949742541,0.32328100352305966,False,0.6533707897656446
synergy,Elsa Bloodstone,Rogue,Damage,Tank,4375,-0.772127466706912,0.8838424230234516,-0.8736030842077203,0.38233444601497757,False,0.6917197103996464
synergy,Psylocke,Emma Frost,Damage,Tank,9162,-0.7723790094951477,0.6734339564763075,-1.146926141854448,0.2514121473502202,True,0.5844199635722083
synergy,Moon Knight,Thor,Damage,Tank,3904,-0.7768707832795879,0.8955274707859349,-0.8675007843118301,0.38566768223119396,False,0.6943897112974131
synergy,Star-lord,Emma Frost,Damage,Tank,8963,-0.7860937780026426,0.698076164564707,-1.1260859744334917,0.26012913011785155,False,0.5920775931240283
synergy,Elsa Bloodstone,Cyclops,Damage,Damage,5164,-0.78715505117365,0.7781802258959158,-1.0115330934648223,0.3117613502570685,False,0.6426072648589938
synergy,The Punisher,Rogue,Damage,Tank,3816,-0.7898784441008706,0.9326367465336896,-0.8469304335654737,0.3970338980030721,False,0.7041783846183082
synergy,Black Widow,Rogue,Damage,Tank,4071,-0.7905303011278122,0.893369878367171,-0.8848857794183518,0.37621823852725556,False,0.6873934152527693
synergy,Hulk,Invisible Woman,Tank,Support,18542,-0.7912751644055822,0.6260128110121521,-1.2639919670752904,0.20623291019083279,False,0.5366081903989239
synergy,Daredevil,Angela,Damage,Tank,3629,-0.7977740173150277,0.93425645517586,-0.8539133049552851,0.39315302700204946,False,0.6999568832021767
synergy,Doctor Strange,Blade,Tank,Damage,6010,-0.7989395882240821,0.7705715969360958,-1.036814218692697,0.2998224477077098,False,0.6326069059373755
synergy,Venom,Wolverine,Tank,Damage,3633,-0.7993348293027404,0.9176603715502116,-0.8710573694627536,0.38372282938047164,False,0.693708415737567
synergy,Winter Soldier,Iron Fist,Damage,Damage,11852,-0.8034923269907259,0.5454711484437702,-1.473024429033672,0.14074444877576522,False,0.4591198251265407
synergy,Winter Soldier,Devil Dinosaur,Damage,Tank,15412,-0.8046139635150331,0.5472510462826694,-1.470283097639669,0.14148509686886548,False,0.45997012128595804
synergy,Storm,The Hood,Damage,Tank,17461,-0.8066247998713355,0.5794800019002283,-1.391980391430688,0.16392833586371858,False,0.4817026653196432
synergy,Ultron,The Hood,Support,Tank,15004,-0.8110798352870704,0.6316243571075141,-1.2841174127631207,0.19910087626265105,False,0.5318964389243874
synergy,Thor,Deadpool (Duelist),Tank,Damage,4641,-0.8142050901195433,0.8401468931861866,-0.9691223007821155,0.332484172189211,False,0.661933219155118
synergy,Luna Snow,The Hood,Support,Tank,73931,-0.8145342934953093,0.4220496630304242,-1.9299489250784976,0.053613166496478196,False,0.2980354710033336
synergy,Gambit,White Fox,Support,Support,9671,-0.8206027332005374,0.7525871437109328,-1.0903756994229619,0.2755476817778033,False,0.6067917799737723
synergy,Captain America,Spider-man,Tank,Damage,4813,-0.8211739744498194,0.8307115838251729,-0.9885187475881393,0.322898657466437,False,0.6533707897656446
synergy,Groot,The Hood,Tank,Tank,15317,-0.8366813164946761,0.5931554507942176,-1.4105599390082055,0.15837441105115457,False,0.47756302129906003
synergy,Phoenix,Jubilee,Damage,Support,13714,-0.8369594294325468,0.6403759019312646,-1.3069814571541807,0.19121900915809975,False,0.5218821421732438
synergy,Iron Fist,Devil Dinosaur,Damage,Tank,5287,-0.8396304011482364,0.8103639318942112,-1.0361152170057908,0.30014839387891734,False,0.632738134372164
synergy,Thor,The Thing,Tank,Tank,4532,-0.8424272899023286,0.871444248246047,-0.9667024500969273,0.33369280194732565,False,0.6626895959202269
synergy,Star-lord,Gambit,Damage,Support,9482,-0.8440537120073535,0.7320682958405169,-1.1529712689418703,0.2489221774226813,False,0.5841947525351615
synergy,Adam Warlock,Emma Frost,Support,Tank,6362,-0.8452546791724094,0.7756371154875317,-1.0897553279681818,0.2758209368413078,False,0.6067917799737723
synergy,Groot,Iron Man,Tank,Damage,2700,-0.8558446729372736,1.039108970194357,-0.8236332256637096,0.4101479911413942,False,0.7131497187068553
synergy,Mantis,Thor,Support,Tank,11237,-0.8576276445647041,0.7075504503948994,-1.2121081176417077,0.22547099677075,False,0.5598787722061143
synergy,Blade,Devil Dinosaur,Damage,Tank,3358,-0.858813456669104,0.9616322894273869,-0.8930788474048565,0.3718149497404263,False,0.6861415880209867
synergy,Blade,Jeff The Land Shark,Damage,Support,3557,-0.8616193171013867,0.9419983490754957,-0.9146717910355201,0.3603639576347053,False,0.6760435149787928
synergy,Iron Man,Venom,Damage,Tank,4288,-0.8623264905728663,0.8625443593996484,-0.9997474114526309,0.31743276136850607,False,0.6503169893450436
synergy,Phoenix,Gambit,Damage,Support,9172,-0.8633271337111188,0.726142040066,-1.1889232217331058,0.2344698812331638,False,0.5702233047355789
synergy,Rocket Raccoon,Hela,Support,Damage,21254,-0.867512645723407,0.5656406702878783,-1.53368152484844,0.12510802107066255,False,0.4343475290137763
synergy,Spider-man,Star-lord,Damage,Damage,4372,-0.8736405288893498,0.8393745858708399,-1.040823183826753,0.29795761809207055,False,0.63005515929287
synergy,Moon Knight,Invisible Woman,Damage,Support,11808,-0.8754957059083875,0.6575204416374099,-1.3315110078222943,0.18302092540335513,False,0.5121436167351525
synergy,Magik,Psylocke,Damage,Damage,4535,-0.8763083562120345,0.8181062822810302,-1.071142436125446,0.2841053897957291,False,0.6127397954075634
synergy,Jubilee,Deadpool (Duelist),Support,Damage,15980,-0.8790608813041232,0.6177602127680313,-1.4229807344912486,0.15474174019259673,False,0.4758278543170046
synergy,Black Widow,Spider-man,Damage,Damage,7636,-0.882081920972683,0.6421974279997806,-1.3735369880257202,0.16958547065744733,False,0.48990976537903863
synergy,Squirrel Girl,White Fox,Damage,Support,3531,-0.8870968776302328,0.942482765847286,-0.9412340572962503,0.3465849272962246,False,0.6695116759774276
synergy,Hulk,Cloak & Dagger,Tank,Support,26148,-0.8893499139591494,0.6005695268520498,-1.4808442223513625,0.13864808925195848,False,0.4567111959447002
synergy,Luna Snow,Namor,Support,Damage,15318,-0.8913686608427747,0.6273982274709988,-1.4207382517413594,0.15539286774359723,True,0.4758278543170046
synergy,The Punisher,White Fox,Damage,Support,6674,-0.8924717417307998,0.7770088927775168,-1.1485991344842224,0.2507213141240916,False,0.5841947525351615
synergy,Human Torch,Black Widow,Damage,Damage,2780,-0.8971297499021141,1.0035611269500269,-0.8939462936638711,0.37135062701248,False,0.6861415880209867
synergy,The Thing,Elsa Bloodstone,Tank,Damage,10354,-0.8985681248352473,0.6345276803353184,-1.416121238966905,0.15674001065148696,False,0.4759737791809079
synergy,Magik,Blade,Damage,Damage,4219,-0.8988655910438696,0.8444533861926751,-1.064434823450136,0.28713176539827345,False,0.6155756078556371
synergy,Hawkeye,Winter Soldier,Damage,Damage,5567,-0.9035942870819609,0.7472945101299501,-1.2091541886542578,0.22660361397714202,False,0.5598787722061143
synergy,Magik,Angela,Damage,Tank,6429,-0.9065341894529415,0.744153573188895,-1.218208474855805,0.22314475992777383,False,0.5589753387741367
synergy,Magneto,Angela,Tank,Tank,12270,-0.907222925697556,0.6429518820102612,-1.4110277161970841,0.15823644175968743,False,0.47756302129906003
synergy,Elsa Bloodstone,White Fox,Damage,Support,8779,-0.9127356893963613,0.7204361896784998,-1.2669209327250435,0.20518356306153396,False,0.5363187009130075
synergy,Black Widow,Deadpool (Vanguard),Damage,Tank,3269,-0.9153358586490766,0.9676550347963527,-0.9459319961495505,0.34418327260843384,False,0.6669593465166662
synergy,Squirrel Girl,Invisible Woman,Damage,Support,6936,-0.9165418202298296,0.7659692607487696,-1.1965778095766775,0.23147115392184847,False,0.5666319369984841
synergy,Luna Snow,Cyclops,Support,Damage,20097,-0.9166670674912395,0.5830547858764559,-1.5721799901072644,0.11590881467402783,False,0.41751538498947866
synergy,Hela,Cloak & Dagger,Damage,Support,36055,-0.9272360032938631,0.5243110496969645,-1.7684845738608346,0.07697992884754527,False,0.34709771616517904
synergy,Cloak & Dagger,Namor,Support,Damage,25432,-0.9297808026832151,0.5812191450862397,-1.5997078047820614,0.10966341962780748,False,0.40911254208786607
synergy,Luna Snow,Squirrel Girl,Support,Damage,5740,-0.9305594921851661,0.7991371408451295,-1.1644553163941929,0.24423954152660554,False,0.5813997775973033
synergy,Iron Man,Emma Frost,Damage,Tank,8059,-0.9314547757867643,0.6942137528713787,-1.3417405978117245,0.17968011869104072,False,0.5053371685109106
synergy,The Punisher,Elsa Bloodstone,Damage,Damage,3614,-0.9339786455030321,0.9144316641819121,-1.0213760984956788,0.3070762849172147,False,0.6378147251224227
synergy,Black Panther,Devil Dinosaur,Damage,Tank,4360,-0.9394129685355135,0.8756109624044096,-1.0728657004886109,0.28333137734378655,False,0.612331027095248
synergy,Iron Fist,Black Cat,Damage,Damage,3584,-0.9466069927291497,0.9198761529469702,-1.0290591724728846,0.30345186991190976,False,0.6369037934546558
synergy,Psylocke,Gambit,Damage,Support,9216,-0.9487148646297776,0.6918897913658701,-1.3711936156145694,0.17031460788916974,False,0.48990976537903863
synergy,Blade,The Hood,Damage,Tank,18866,-0.9527362465368138,0.5644850127241959,-1.6877972400700656,0.0914501575895474,False,0.36993928855472163
synergy,Human Torch,Magik,Damage,Damage,5087,-0.9531626127578299,0.7768152991887106,-1.2270131828676554,0.21981763613166172,False,0.5583932906361743
synergy,Venom,Invisible Woman,Tank,Support,23098,-0.958116397592865,0.5887682837626189,-1.6273233868337258,0.10366843342956418,False,0.3972852584624992
synergy,Mister Fantastic,The Thing,Damage,Tank,5380,-0.9591375693281924,0.8035206698398056,-1.1936688193962846,0.23260754206116385,True,0.5682540666035968
synergy,Cloak & Dagger,Squirrel Girl,Support,Damage,11045,-0.9600600723112455,0.6900729560147869,-1.3912443082187287,0.16415135540004622,False,0.4817026653196432
synergy,Cloak & Dagger,Jubilee,Support,Support,66870,-0.9696873410942721,0.48509551173289095,-1.998961684123379,0.04561249972756313,False,0.27356096711605987
synergy,Loki,Deadpool (Duelist),Support,Damage,2907,-0.9697122596764295,1.045428279929229,-0.9275741610338635,0.353628506150947,False,0.6711776811595177
synergy,Black Widow,White Fox,Damage,Support,7186,-0.9697997266420929,0.7460299036283916,-1.299947524791398,0.19361895498991277,False,0.524326617511517
synergy,The Punisher,Black Cat,Damage,Damage,2847,-0.9702874583057063,1.0130370974747263,-0.9578005195707194,0.3381633571575463,False,0.6629966164115593
synergy,Mantis,Moon Knight,Support,Damage,6933,-0.9711295612986807,0.7580818866848941,-1.2810351735819043,0.20018131183601784,False,0.5330021832348577
synergy,Squirrel Girl,Jeff The Land Shark,Damage,Support,2656,-0.9735797273172195,1.0559266203067648,-0.9220145686206661,0.356520976563224,False,0.6734597029725783
synergy,Doctor Strange,The Hood,Tank,Tank,35299,-0.9764914699810059,0.453844065091487,-2.151601276936743,0.03142877147831547,False,0.22464139268397565
synergy,Storm,Gambit,Damage,Support,8567,-0.9776120637244179,0.7100928582570782,-1.376738341129025,0.16859316014611125,False,0.4884943478259463
synergy,Magneto,Devil Dinosaur,Tank,Tank,14938,-1.0055140307964647,0.5819449029997767,-1.7278509109939753,0.08401495711527254,False,0.3563406361662988
synergy,Scarlet Witch,Invisible Woman,Damage,Support,10223,-1.005661833602095,0.6583776699913717,-1.5274847241026184,0.126640522919632,False,0.43588323455408484
synergy,Moon Knight,Cyclops,Damage,Damage,3669,-1.0155039692753436,0.8889601596250709,-1.1423503722637514,0.25330841099882284,False,0.5850267250470664
synergy,Elsa Bloodstone,Deadpool (Strategist),Damage,Support,5854,-1.0170134282569319,0.832939587318837,-1.2209930272741785,0.22208865984329884,False,0.5589753387741367
synergy,Iron Fist,Deadpool (Duelist),Damage,Damage,3134,-1.0194243159444707,0.9555549593868322,-1.0668400660058555,0.2860440627047357,False,0.6155756078556371
synergy,Squirrel Girl,Gambit,Damage,Support,6098,-1.023130431166353,0.7759274301575131,-1.3185903621923223,0.18730609750015337,False,0.5164911814975494
synergy,Captain America,Jeff The Land Shark,Tank,Support,2511,-1.0257841895360167,1.0885133522032484,-0.9423717104248079,0.34600236561781617,False,0.6695116759774276
synergy,Hawkeye,Jeff The Land Shark,Damage,Support,2741,-1.026858463065513,1.0301844186865134,-0.9967714949278295,0.31887543740152835,False,0.652158716390679
synergy,Captain America,Black Widow,Tank,Damage,2530,-1.0331730369739893,1.074918906558639,-0.9611637032989777,0.3364698633911454,False,0.6629966164115593
synergy,Jubilee,Rogue,Support,Tank,12624,-1.0337925383248932,0.678071631257035,-1.5246066796931308,0.12735723032951313,False,0.4371113960769781
synergy,Storm,Magik,Damage,Damage,3804,-1.038243783799677,0.8847951457956452,-1.1734284356477163,0.24062403964021395,False,0.5777258258219083
synergy,Hela,The Thing,Damage,Tank,13189,-1.0444984652289004,0.5741408728618334,-1.8192372544782376,0.06887524142348846,False,0.32398373367637023
synergy,Hela,Star-lord,Damage,Damage,3023,-1.0519037024898183,0.9876685528031525,-1.0650371518910435,0.28685911778511775,False,0.6155756078556371
synergy,Hulk,Luna Snow,Tank,Support,17189,-1.0594295597179193,0.6340256702994667,-1.6709568860477264,0.09473019401607888,False,0.37768892102795465
synergy,Mantis,Hela,Support,Damage,17213,-1.0611443032075687,0.5898236775961925,-1.7990873264569986,0.07200486808609266,False,0.33155408548663395
synergy,Magik,Moon Knight,Damage,Damage,4991,-1.0646242477684864,0.779103786731357,-1.3664729473784212,0.17179056629784917,False,0.49227913211004126
synergy,The Punisher,Jubilee,Damage,Support,21048,-1.0651891030861065,0.5886629016620459,-1.8095060858746566,0.0703724155323533,False,0.3284502429224038
synergy,Psylocke,Devil Dinosaur,Damage,Tank,2906,-1.0728752812783995,1.0143838999257238,-1.0576619772425002,0.29020957583556095,False,0.6199579451732063
synergy,Black Panther,Emma Frost,Damage,Tank,10475,-1.0874341218410377,0.6374314941562942,-1.705962337616167,0.08801509202421065,False,0.3627976044090745
synergy,Mantis,Rocket Raccoon,Support,Support,16651,-1.0960219463085974,0.6200390338448639,-1.7676660443652428,0.07711674977742411,False,0.34709771616517904
synergy,Luna Snow,Scarlet Witch,Support,Damage,7747,-1.1032325817235944,0.7062236711298376,-1.5621574677022794,0.11825089749986023,False,0.4208959986679002
synergy,Magneto,Mister Fantastic,Tank,Damage,15728,-1.1060923018911983,0.5950450507941965,-1.8588379155744863,0.06305011635856378,False,0.3106770576983087
synergy,Doctor Strange,White Fox,Tank,Support,13500,-1.1097259421094796,0.6566558915883641,-1.6899657131305084,0.09103451437731987,False,0.36951606146853844
synergy,Mantis,Phoenix,Support,Damage,6272,-1.1181556541700732,0.7720568893732347,-1.4482814279111036,0.1475383595587569,False,0.4680225441585178
synergy,Black Panther,Spider-man,Damage,Damage,7294,-1.1236045671409383,0.6670750953713684,-1.684374930105005,0.09210923265357367,False,0.3713782338418878
synergy,Spider-man,Daredevil,Damage,Damage,7432,-1.1284599970667124,0.6521427402911024,-1.7303880383043015,0.08356096953473106,False,0.35606175117907607
synergy,Hawkeye,Venom,Damage,Tank,3457,-1.1295234724183476,0.9349239048604655,-1.208144819643825,0.22699156244943508,False,0.5598787722061143
synergy,Storm,Thor,Damage,Tank,6084,-1.1308874185040738,0.7770323310732798,-1.455393003971958,0.14556049210940475,True,0.46559949409394935
synergy,Magik,Iron Fist,Damage,Damage,8839,-1.1482258809743198,0.6160548810705584,-1.8638369993578714,0.06234459815050047,False,0.3106770576983087
synergy,Mantis,Devil Dinosaur,Support,Tank,8368,-1.1485888238097084,0.7650157731014513,-1.5013923427398275,0.1332541132517674,False,0.4483543025119074
synergy,Magneto,Blade,Tank,Damage,17761,-1.1563825862915125,0.5680044812791755,-2.0358687728788323,0.04176353425914312,False,0.2602356329550243
synergy,Captain America,Rocket Raccoon,Tank,Support,7000,-1.162629670864936,0.7646059192525628,-1.5205606464588444,0.12837012880015344,False,0.43773792679419743
synergy,Groot,Black Cat,Tank,Damage,3843,-1.1626894604835911,0.9215170452554671,-1.2617123757719155,0.20705230204650382,False,0.5375741045558038
synergy,Magneto,White Fox,Tank,Support,37673,-1.1663891336789654,0.500629950440722,-2.3298428962393327,0.019814456038722648,False,0.1734849636383052
synergy,Mantis,Rogue,Support,Tank,6360,-1.1719678689227928,0.8187559157980454,-1.4314007951691805,0.15231538064530734,False,0.47443738329470353
synergy,Luna Snow,Invisible Woman,Support,Support,27515,-1.1730391174845918,0.5776809183837431,-2.0306004234423454,0.04229554474467554,False,0.26151291711978514
synergy,Venom,Jubilee,Tank,Support,28263,-1.1735521994113318,0.5667598028806713,-2.070634144211561,0.03839299881214756,False,0.24795674421167718
synergy,Thor,Mister Fantastic,Tank,Damage,3233,-1.188339698397802,0.969942621834935,-1.2251649444476458,0.2205130796389453,False,0.5586176114612774
synergy,Loki,Cyclops,Support,Damage,5189,-1.1895221778725011,0.8528161204479521,-1.3948167129482614,0.16307111770112392,False,0.48119017388068425
synergy,Scarlet Witch,Cyclops,Damage,Damage,3406,-1.1901006085914445,0.931378282450681,-1.2777843664767474,0.20132546818639285,False,0.5332216936851971
synergy,Magik,Spider-man,Damage,Damage,15102,-1.1903962201248524,0.48936948764846944,-2.4325100975235996,0.01499457341586801,False,0.15363530310981444
synergy,The Punisher,Gambit,Damage,Support,13941,-1.1944683214087524,0.6549088525961773,-1.823869560891815,0.0681717944630236,False,0.322242972591013
synergy,Captain America,Invisible Woman,Tank,Support,7368,-1.1946988225502158,0.7567352406901994,-1.5787540454182638,0.11439248300395914,False,0.41639711406653074
synergy,Ultron,Cyclops,Support,Damage,4031,-1.212459452108631,0.9149016894062154,-1.3252346849370613,0.18509332461166605,False,0.5139338955363274
synergy,Hela,Deadpool (Duelist),Damage,Damage,4540,-1.2172833717332396,0.8150800392074142,-1.493452560704258,0.13531876328035317,False,0.45024925535307525
synergy,Hela,Jeff The Land Shark,Damage,Support,7432,-1.2255149437882462,0.744763581386564,-1.6455086881485843,0.09986495246612188,False,0.38955450563614047
synergy,Rocket Raccoon,Star-lord,Support,Damage,9118,-1.2290431129979218,0.7062149998883543,-1.7403242825375012,0.08180209255512734,False,0.3558616009844187
synergy,Gambit,Jubilee,Support,Support,37321,-1.2293584293069428,0.5407775046045986,-2.2733165097276284,0.023007113333869796,True,0.18763774872766364
synergy,Elsa Bloodstone,Deadpool (Vanguard),Damage,Tank,4159,-1.2323559975002205,0.8951433056509974,-1.3767136387217727,0.16860080033342373,False,0.4884943478259463
synergy,Loki,Jubilee,Support,Support,6394,-1.2330503721751933,0.8437447675199244,-1.4614020965126466,0.14390512569763012,False,0.46339382087062364
synergy,Scarlet Witch,Jeff The Land Shark,Damage,Support,3438,-1.233579769769472,0.9344256606368297,-1.3201475748523028,0.18678575136725983,False,0.5162431077535211
synergy,Hulk,Wolverine,Tank,Damage,4886,-1.235206821290323,0.8258534557080828,-1.4956731279053168,0.13473885625403154,True,0.4498819570092046
synergy,Luna Snow,Gambit,Support,Support,20121,-1.25412323713945,0.6183331330838372,-2.028232307210697,0.04253654405294398,False,0.26232691306687045
synergy,Rocket Raccoon,Luna Snow,Support,Support,21348,-1.2578468854795741,0.5955418087518672,-2.112105089843754,0.034677436536832265,False,0.23500330579621637
synergy,Cyclops,Jubilee,Damage,Support,33503,-1.262870303065691,0.5381516626359186,-2.3466810394676303,0.0189414618237615,False,0.16955435416120834
synergy,Cloak & Dagger,Rogue,Support,Tank,14731,-1.269074369773288,0.6726413237859824,-1.8867029498429622,0.05920029070413585,False,0.3087423856504824
synergy,Rocket Raccoon,White Fox,Support,Support,10150,-1.270367470651545,0.730454246361322,-1.7391472182956589,0.08200887085629814,False,0.3558616009844187
synergy,Wolverine,White Fox,Damage,Support,3497,-1.278875280761742,0.9353449671691044,-1.3672765938243718,0.1715386253364024,False,0.4922501939976428
synergy,Squirrel Girl,Winter Soldier,Damage,Damage,4160,-1.2802249674461132,0.8550684137825435,-1.4972193415294293,0.134336194253243,False,0.4494735425572245
synergy,Luna Snow,Rogue,Support,Tank,8466,-1.2832294767558443,0.7495199475308503,-1.7120684792755654,0.08688404939027963,False,0.36123888126045206
synergy,Storm,Hela,Damage,Damage,2837,-1.2887622548859092,1.001111259854109,-1.2873316948544955,0.19797870083513136,False,0.5300791331512055
synergy,Ultron,Daredevil,Support,Damage,2716,-1.2982208038744372,1.0617433139080206,-1.2227256690659063,0.22143332838840846,False,0.5589753387741367
synergy,Doctor Strange,Wolverine,Tank,Damage,5384,-1.3060933005681938,0.7993018004625327,-1.634042735562957,0.1022498775327654,False,0.3943689006448621
synergy,Peni Parker,Jubilee,Tank,Support,11828,-1.316753677075822,0.6668173581606783,-1.9746841634535448,0.04830400121064586,False,0.28263731440082784
synergy,Moon Knight,Rogue,Damage,Tank,2649,-1.3205314825772771,1.05512569717478,-1.2515394953541095,0.21073771348022974,False,0.5441978198483004
synergy,Doctor Strange,Black Panther,Tank,Damage,8466,-1.3257165540717522,0.6885635284134065,-1.9253365874990191,0.05418726318631114,False,0.2980354710033336
synergy,Hulk,Blade,Tank,Damage,3503,-1.3294515022701694,0.9325715083704897,-1.4255759374347177,0.15399078608239578,False,0.47545215666615137
synergy,Daredevil,Deadpool (Vanguard),Damage,Tank,2847,-1.331952165895378,1.020194357748198,-1.3055866813803014,0.19169315199291204,False,0.5219885035539115
synergy,Namor,Elsa Bloodstone,Damage,Damage,3456,-1.3335919825431344,0.9283528344964896,-1.436514149565164,0.15085609299165756,False,0.47245922596212336
synergy,Iron Man,Magneto,Damage,Tank,18158,-1.3398279769961157,0.5644040415822102,-2.3738809049632903,0.01760222698234277,False,0.16381821027304833
synergy,Groot,Deadpool (Strategist),Tank,Support,3357,-1.3423932812588357,1.0321305286034255,-1.300604181406422,0.193393975050837,False,0.524326617511517
synergy,Doctor Strange,Deadpool (Vanguard),Tank,Tank,3039,-1.3446232626247778,1.032679605929146,-1.3020720607869103,0.192891753028834,False,0.524062644978678
synergy,Human Torch,White Fox,Damage,Support,4095,-1.3477806750130086,0.911080590106966,-1.4793210278519615,0.1390545354339958,False,0.4567111959447002
synergy,Black Widow,Jeff The Land Shark,Damage,Support,5584,-1.355055274500313,0.8108403212912892,-1.671174014067707,0.09468731142611994,False,0.37768892102795465
synergy,Mantis,Namor,Support,Damage,10189,-1.3624905963314484,0.6782557642028819,-2.0088153588089463,0.044556718815616125,False,0.26924828322081384
synergy,Human Torch,Jeff The Land Shark,Damage,Support,3588,-1.3791172853550122,0.9674129884945126,-1.425572430551293,0.15399179897023743,False,0.47545215666615137
synergy,Black Panther,Iron Fist,Damage,Damage,3619,-1.3805373360951654,0.901367988460007,-1.5316023574942152,0.12562059041736653,False,0.43486839308984465
synergy,Namor,Jubilee,Damage,Support,22716,-1.3983874701435441,0.5822983257462526,-2.4014966355113954,0.016328159220115917,False,0.1579486047139439
synergy,Moon Knight,The Thing,Damage,Tank,6240,-1.4006227826359958,0.7467861260574842,-1.8755340167208494,0.06071929425891574,False,0.3101580998451866
synergy,Adam Warlock,Daredevil,Support,Damage,2937,-1.405315706735791,1.022482324239788,-1.374415648486284,0.1693126807966293,False,0.48990976537903863
synergy,Mantis,Captain America,Support,Tank,4671,-1.407063965570982,0.8756127190949006,-1.6069478376529631,0.10806581120827165,False,0.40507793920100577
synergy,Venom,White Fox,Tank,Support,11386,-1.4176156936923372,0.6978736386085167,-2.0313357823902143,0.04222094390635557,False,0.26151291711978514
synergy,Invisible Woman,Deadpool (Strategist),Support,Support,7643,-1.4266662846621503,0.8154986857083584,-1.7494403236504539,0.08021493578200982,False,0.3558616009844187
synergy,The Hood,Deadpool (Strategist),Tank,Support,24408,-1.427759798995672,0.5831658269052216,-2.44829126317739,0.014353557177321312,False,0.15304081630397257
synergy,Phoenix,Devil Dinosaur,Damage,Tank,2842,-1.439007976963797,1.0406964097038909,-1.382735602377294,0.1667459511440319,False,0.4872393870822564
synergy,Winter Soldier,Phoenix,Damage,Damage,4888,-1.4449799667076522,0.795885159484264,-1.8155634006845958,0.06943737215278876,False,0.32471784755271005
synergy,Groot,Magneto,Tank,Tank,12919,-1.452691832571665,0.6162495322241511,-2.3573110511397046,0.018407820542643404,False,0.16684969921402
synergy,Mantis,Scarlet Witch,Support,Damage,5217,-1.4579785026632437,0.7918395064523563,-1.8412550659354703,0.06558418918180517,False,0.3178514542366679
synergy,Doctor Strange,The Thing,Tank,Tank,9564,-1.4612030087188037,0.6613372454886424,-2.2094672856950077,0.027142155435960887,False,0.20736952513015977
synergy,Hulk,Mantis,Tank,Support,11997,-1.472263760763349,0.6869274241390344,-2.1432595482828796,0.03209226306679691,False,0.2264392326389582
synergy,White Fox,The Hood,Support,Tank,39308,-1.4752150612306185,0.49912811954425745,-2.955583954231238,0.003120777493251818,False,0.05425177685732689
synergy,Mantis,Deadpool (Strategist),Support,Support,4142,-1.4834012342677145,0.9480298414447154,-1.564719979707748,0.11764858161724821,False,0.4208959986679002
synergy,Hulk,White Fox,Tank,Support,8616,-1.4904652818418578,0.7605389886527208,-1.9597486836042242,0.050025171866917746,False,0.2871061897338174
synergy,The Punisher,Venom,Damage,Tank,6635,-1.4918583644357897,0.7372255793872243,-2.0236117765688624,0.04301011237034849,False,0.26389068945387734
synergy,Peni Parker,Deadpool (Strategist),Tank,Support,2572,-1.5038724527269474,1.0957600937862164,-1.3724468168306503,0.1699243842994953,False,0.48990976537903863
synergy,Emma Frost,Angela,Tank,Tank,4141,-1.5223975265803567,0.9173628040363332,-1.659537011836443,0.09700762892736638,False,0.3827652990078157
synergy,Loki,Black Panther,Support,Damage,3123,-1.5338744922725096,1.0225904815393285,-1.4999890180510322,0.1336172472723986,False,0.4486913294851119
synergy,The Punisher,Moon Knight,Damage,Damage,2516,-1.5361780772331863,1.0654448791343707,-1.4418184434667956,0.14935359845494778,False,0.47079694429960084
synergy,Invisible Woman,Jubilee,Support,Support,40755,-1.541905946493621,0.527689558974221,-2.9219944193910927,0.0034779777216704727,False,0.05794214273810738
synergy,Blade,Emma Frost,Damage,Tank,7628,-1.5434345667469005,0.7048794542776934,-2.189643289189773,0.028550116929474893,False,0.2140366578556571
synergy,Black Cat,Deadpool (Vanguard),Damage,Tank,2782,-1.5474902143379314,1.0398124656963235,-1.4882397214786562,0.13668768530625064,False,0.45229483730992454
synergy,Adam Warlock,The Hood,Support,Tank,15214,-1.5476741473284141,0.6213456497890215,-2.490842492989093,0.012744060166192124,False,0.140889402482465
synergy,Namor,Jeff The Land Shark,Damage,Support,5337,-1.5523922680043485,0.8360174543228571,-1.8568897814002319,0.06332683668798372,False,0.3106770576983087
synergy,The Punisher,Ultron,Damage,Support,2514,-1.5648652245901322,1.0961441858522842,-1.427608926624378,0.15340445281814896,False,0.47545215666615137
synergy,Spider-man,Iron Fist,Damage,Damage,8143,-1.565093785429007,0.6338723486253738,-2.469099320743515,0.013545361692319735,False,0.1470376592754527
synergy,Scarlet Witch,The Hood,Damage,Tank,19931,-1.5693159403596253,0.5641460694838791,-2.7817546292493835,0.005406589976219366,False,0.07957306351503225
synergy,Jeff The Land Shark,Gambit,Support,Support,7750,-1.569513485139213,0.7911934368509088,-1.9837291514779962,0.04728604195837774,False,0.2790670191266489
synergy,Moon Knight,Devil Dinosaur,Damage,Tank,3917,-1.5758021477017552,0.905329208314277,-1.740584677076639,0.08175640546830047,False,0.3558616009844187
synergy,Hulk,Ultron,Tank,Support,3095,-1.5806319779391624,1.0325176247939298,-1.5308522973199856,0.12580590105706121,False,0.434882358264971
synergy,Scarlet Witch,Gambit,Damage,Support,8589,-1.5832128697870478,0.6789474237548797,-2.3318637266950364,0.019707861247848252,False,0.1731837330900658
synergy,Luna Snow,Peni Parker,Support,Tank,8055,-1.5861098149835824,0.7380472678183347,-2.1490626469929466,0.031629434234587576,False,0.22464139268397565
synergy,Storm,Spider-man,Damage,Damage,3457,-1.5863211418545062,0.9092179248499066,-1.744709489879861,0.08103545057125498,False,0.3558616009844187
synergy,Star-lord,Deadpool (Strategist),Damage,Support,2691,-1.5913997466616174,1.0876055863988572,-1.4632140240570666,0.14340882456200763,False,0.46303872156696674
synergy,Doctor Strange,Rogue,Tank,Tank,3685,-1.5963737686634984,0.9618530812287137,-1.6596856628293168,0.09697770510247655,False,0.3827652990078157
synergy,Star-lord,Jubilee,Damage,Support,13565,-1.5995078288482376,0.651850854008993,-2.4537941754789365,0.014135786515256018,False,0.15139174933079994
synergy,Ultron,Namor,Support,Damage,2574,-1.6253259374077356,1.0881415868058877,-1.4936713724715638,0.13526153450565853,False,0.45024925535307525
synergy,Ultron,Venom,Support,Tank,4022,-1.6341146698898197,0.9282490391059495,-1.7604269986249923,0.07833543499540749,False,0.3499566267299489
synergy,Iron Man,Cyclops,Damage,Damage,3350,-1.63750382651548,0.9343925278752765,-1.7524795818295062,0.07969137778616148,False,0.35535244481227024
synergy,Rocket Raccoon,Ultron,Support,Support,4646,-1.6431573775105532,0.8759353048689219,-1.8758889707687274,0.06067052743737402,False,0.3101580998451866
synergy,Iron Man,Devil Dinosaur,Damage,Tank,3492,-1.6636163683643064,0.9520289293096771,-1.7474430840779245,0.08056050953428902,False,0.3558616009844187
synergy,Storm,Cyclops,Damage,Damage,2717,-1.6669905519612598,1.02882646654447,-1.620283503747914,0.10517139084245984,False,0.39879848631728276
synergy,Rogue,Deadpool (Strategist),Tank,Support,2957,-1.6696084337722956,1.0721614314004801,-1.5572360512832637,0.11941445192702056,False,0.4224052136226068
synergy,Winter Soldier,Adam Warlock,Damage,Support,8629,-1.6797532810170601,0.6734027872438881,-2.4944257921651567,0.01261611034506113,False,0.14068624297208931
synergy,Namor,Adam Warlock,Damage,Support,2685,-1.690329686456032,1.0449468112377251,-1.617622704120088,0.1057439330843915,False,0.40005416301892555
synergy,Magik,Daredevil,Damage,Damage,7604,-1.6941614056181757,0.6528905135106916,-2.594862952608106,0.009462864259459611,False,0.11701758432187427
synergy,Cloak & Dagger,Venom,Support,Tank,32722,-1.6948139823800956,0.5632062727379695,-3.0092242654559422,0.0026191570220978596,False,0.04986791822232353
synergy,Thor,Black Cat,Tank,Damage,5247,-1.7200863598150749,0.8158912068269781,-2.108230050063335,0.035011095174911404,False,0.2365961051397534
synergy,Mantis,Deadpool (Vanguard),Support,Tank,5725,-1.7215152181929465,0.8184383677431896,-2.103414607675291,0.03542954262819743,False,0.23869148671442703
synergy,Jeff The Land Shark,Elsa Bloodstone,Support,Damage,6244,-1.7423170478474488,0.7985273190154752,-2.18191288683222,0.02911596256943972,False,0.21618049522363475
synergy,Jeff The Land Shark,Rogue,Support,Tank,3147,-1.7429453944059303,1.030516573024645,-1.6913317456799866,0.09077346016471508,False,0.3690941202290703
synergy,The Thing,Deadpool (Duelist),Tank,Damage,6688,-1.7430785016088024,0.7350545850548842,-2.3713592664395833,0.01772279463344908,False,0.16381821027304833
synergy,Doctor Strange,Groot,Tank,Tank,3591,-1.746166648326181,0.9530332755702661,-1.83222002115438,0.06691864715821362,False,0.31990956814828897
synergy,Luna Snow,Star-lord,Support,Damage,8630,-1.7484664882274847,0.727341989768067,-2.4039124824692597,0.01622065604093069,False,0.1575439426809422
synergy,Groot,White Fox,Tank,Support,5232,-1.750627236240372,0.8827275350096833,-1.9832022530272246,0.04734484234453776,False,0.2790670191266489
synergy,Cloak & Dagger,Jeff The Land Shark,Support,Support,14275,-1.754255004491453,0.6772194042255423,-2.59037912018719,0.009587028465523454,False,0.11794503225020905
synergy,Hulk,Storm,Tank,Damage,3138,-1.756316524783999,0.9839671992361039,-1.784934016243126,0.07427202030478482,False,0.3380997660553677
synergy,Magik,The Thing,Damage,Tank,16199,-1.7700441525827935,0.5288743114227611,-3.346814383593478,0.000817459269795362,False,0.023346247479036592
synergy,The Punisher,Deadpool (Strategist),Damage,Support,4194,-1.7967530250465034,0.920436168238621,-1.9520669515680085,0.050930256290797844,False,0.29021777872119725
synergy,Venom,Mister Fantastic,Tank,Damage,3689,-1.8645516762079324,0.9147943875934339,-2.0382194091866284,0.041527995284348904,False,0.2602356329550243
synergy,Hulk,Iron Man,Tank,Damage,4920,-1.8690342932751192,0.8249086034528631,-2.2657471208953384,0.02346687067630194,True,0.18891618373304814
synergy,Loki,Rocket Raccoon,Support,Support,4196,-1.870651630196831,0.9578118052407429,-1.9530471643400227,0.05081400677374599,False,0.29021777872119725
synergy,Magik,Black Cat,Damage,Damage,6447,-1.8918422513707849,0.7097713315678832,-2.6654249998963886,0.007689108066246955,False,0.10191254282279805
synergy,Captain America,Elsa Bloodstone,Tank,Damage,2578,-1.8950842274870274,1.0920001617531416,-1.7354248596855353,0.08266557999105953,False,0.3558616009844187
synergy,Psylocke,Deadpool (Strategist),Damage,Support,2781,-1.9168983425355237,1.0512529138784037,-1.8234416449448698,0.06823652775166093,False,0.322242972591013
synergy,Mister Fantastic,The Hood,Damage,Tank,15982,-1.9364419469793366,0.5930992474820789,-3.2649543144764284,0.0010948173336652346,False,0.02764701877329366
synergy,Phoenix,Deadpool (Strategist),Damage,Support,2741,-1.9404546825350877,1.0822580596685796,-1.7929685671542275,0.07297795027984624,False,0.33347448137400215
synergy,Gambit,Cyclops,Support,Damage,22565,-1.9422939036990396,0.5839411807139286,-3.3261807316353065,0.0008804482008426404,True,0.024278106135879246
synergy,Mister Fantastic,Devil Dinosaur,Damage,Tank,2878,-1.9624625463964807,1.0262486479587005,-1.9122680943843313,0.055841815962937136,False,0.2996969049107074
synergy,Black Widow,Adam Warlock,Damage,Support,3202,-1.9726816321205998,0.9758359232679457,-2.0215300391016036,0.04322492599962918,False,0.26453213641099593
synergy,Thor,White Fox,Tank,Support,8778,-1.9802391790721665,0.7674453791904903,-2.5802998268892363,0.009871456719968587,False,0.11960416500608405
synergy,Hawkeye,Black Widow,Damage,Damage,2315,-1.9888769428201354,1.1001913079801207,-1.8077555497794136,0.07064455469964008,True,0.3289101450069493
synergy,Peni Parker,White Fox,Tank,Support,4220,-2.0209441966659725,0.9137908556415484,-2.21160474980582,0.02699398694854635,False,0.20736952513015977
synergy,Black Panther,Groot,Damage,Tank,3692,-2.023017488342176,0.9305413314145969,-2.174022174025103,0.02970346996273036,False,0.21743717371115184
synergy,Adam Warlock,Iron Fist,Support,Damage,3131,-2.026579465097898,0.9880076546445463,-2.051177898846337,0.040249625378882346,False,0.25612427396270226
synergy,Magik,Deadpool (Duelist),Damage,Damage,5661,-2.039434831578501,0.739214198648496,-2.7589226983291124,0.005799225114015313,False,0.08380644365865678
synergy,Blade,The Thing,Damage,Tank,5438,-2.048227773906406,0.7852349433264075,-2.6084266770270257,0.00909594963843626,False,0.11365199574275305
synergy,Venom,Adam Warlock,Tank,Support,3942,-2.0543732686082725,0.9249342532202345,-2.2211019447661315,0.026344057356706384,False,0.20452878187294052
synergy,Mantis,Cyclops,Support,Damage,14477,-2.0866986047591456,0.6200411257210484,-3.365419676529545,0.0007642731583555153,False,0.02235965008408392
synergy,Hela,Adam Warlock,Damage,Support,4057,-2.098803873855189,0.8962932847234891,-2.341648553690414,0.019198783876877484,False,0.17121889412873267
synergy,Star-lord,White Fox,Damage,Support,4219,-2.107962373063135,0.9077343388798835,-2.3222238961063173,0.0202208829280467,False,0.17639962961594197
synergy,Daredevil,Black Cat,Damage,Damage,3238,-2.120320426852776,0.9730538991139279,-2.1790369770714246,0.029328921390463943,False,0.21618049522363475
synergy,Black Panther,Magik,Damage,Damage,7142,-2.128732917246954,0.6743854151618979,-3.15655242445585,0.0015964618664009798,True,0.03431025696823244
synergy,Doctor Strange,Emma Frost,Tank,Tank,11789,-2.130972201775282,0.6047663494624073,-3.52362892490556,0.000425679947406247,False,0.014800089765617195
synergy,Ultron,Thor,Support,Tank,3335,-2.1875273949593366,1.0179414777242963,-2.1489716676539787,0.03163664592742391,False,0.22464139268397565
synergy,Iron Man,The Hood,Damage,Tank,19192,-2.198236159740962,0.558430348247897,-3.936455399743294,8.269398043093227e-05,False,0.004132976230287635
synergy,Black Panther,The Thing,Damage,Tank,6748,-2.1989233424439103,0.7355165227499485,-2.98963146908322,0.00279314218518731,False,0.0507632431989724
synergy,Magik,Wolverine,Damage,Damage,3564,-2.2196349565542923,0.9025746230789099,-2.4592259740059577,0.013923694642826959,False,0.14978898407238508
synergy,Loki,Star-lord,Support,Damage,2508,-2.225343531191224,1.1170010679966658,-1.9922483468904495,0.046343815995667816,False,0.2758779517955511
synergy,Namor,Iron Fist,Damage,Damage,3313,-2.228350677351161,0.9456763821231395,-2.356356486717251,0.018455197275841547,False,0.16684969921402
synergy,Squirrel Girl,Cyclops,Damage,Damage,2512,-2.2540621855105405,1.0894821954140037,-2.0689298044508164,0.03855267427718032,False,0.24795674421167718
synergy,Loki,Namor,Support,Damage,3540,-2.2560987661347736,0.9754451287312702,-2.312891519658525,0.02072860419833005,False,0.1775997195421207
synergy,Doctor Strange,Devil Dinosaur,Tank,Tank,4597,-2.2956512592354694,0.8672082615089742,-2.647174111603771,0.008116755054232774,False,0.10412885227328571
synergy,Peni Parker,Jeff The Land Shark,Tank,Support,2862,-2.328891891009725,1.0347969165374475,-2.2505786920997717,0.024412234245745245,False,0.19456794005163736
synergy,Iron Fist,Daredevil,Damage,Damage,5592,-2.40052851319455,0.7541415799293554,-3.183127117085125,0.001456936361770469,True,0.03346703319803184
synergy,Hulk,Adam Warlock,Tank,Support,3269,-2.4128811077877415,1.0008788866858882,-2.410762320881078,0.01591921884748911,False,0.15668429429390776
synergy,Peni Parker,Gambit,Tank,Support,7517,-2.420165001866508,0.7566578078547174,-3.198493396543651,0.001381476968918559,False,0.03337095151222305
synergy,Human Torch,Angela,Damage,Tank,2536,-2.458241674824676,1.0794028531495958,-2.2774089096130865,0.02276181855212552,False,0.18700548872105863
synergy,Jeff The Land Shark,Phoenix,Support,Damage,3320,-2.4846635636409347,0.9825271351608563,-2.528849814650822,0.011443698375710697,False,0.13176090646046373
synergy,Black Panther,Adam Warlock,Damage,Support,2557,-2.490459951791035,1.0797123722665956,-2.3065957339758136,0.02107736759475455,False,0.17867351540571083
synergy,Storm,Human Torch,Damage,Damage,2622,-2.5094103258224263,1.0587986713783177,-2.37005428289378,0.01778547381630035,True,0.16381821027304833
synergy,Spider-man,Black Cat,Damage,Damage,8269,-2.5136609412298614,0.6406697058059948,-3.9234896210170405,8.727552699101679e-05,True,0.004187479785028985
synergy,Angela,Black Cat,Tank,Damage,2897,-2.5200278209056153,1.0461405140163593,-2.408880821593157,0.016001522343479534,False,0.15668429429390776
synergy,Black Widow,Namor,Damage,Damage,3264,-2.5229547227804927,0.939034671144965,-2.6867535356327727,0.007215016867724942,False,0.09778997438232845
synergy,Doctor Strange,Magneto,Tank,Tank,25549,-2.5459299540847278,0.47549471517005754,-5.354276026336471,8.589964712246589e-08,False,1.2121956085105628e-05
synergy,Daredevil,Rogue,Damage,Tank,4250,-2.610478822543877,0.8912936275627245,-2.9288651257188145,0.0034020200654593007,False,0.057249808023920115
synergy,Cloak & Dagger,Gambit,Support,Support,36652,-2.622552484745793,0.544636965709438,-4.815230419275133,1.470301332561847e-06,False,0.00016032967712799413
synergy,Groot,Venom,Tank,Tank,2972,-2.6312977368599575,1.0420929373173207,-2.5250125421958587,0.011569416017762488,False,0.13216680488862956
synergy,Wolverine,Devil Dinosaur,Damage,Tank,2604,-2.633931386704237,1.055678011191269,-2.4950139709095622,0.012595217098665774,False,0.14068624297208931
synergy,Groot,Blade,Tank,Damage,2780,-2.642352795844845,1.0306954021393457,-2.5636602146087863,0.010357488602745825,False,0.1242596946192204
synergy,Spider-man,Angela,Damage,Tank,6557,-2.662457830962028,0.7319617878894066,-3.6374273562000528,0.0002753748228770307,False,0.011197020340372826
synergy,Invisible Woman,Gambit,Support,Support,25710,-2.7016935183651487,0.5899797313346357,-4.579298872273888,4.665371613410601e-06,False,0.0003997223750204297
synergy,Human Torch,Daredevil,Damage,Damage,2543,-2.7377007476820183,1.0420730829501212,-2.627167702990231,0.00860988892784386,False,0.10814200805181895
synergy,The Punisher,Loki,Damage,Support,3409,-2.7947236035911085,0.9934592413904563,-2.8131235657736533,0.004906279369232396,False,0.07555560838635692
synergy,Wolverine,The Thing,Damage,Tank,4881,-2.841317681193849,0.8229557150896655,-3.4525766442782064,0.0005552597077907891,False,0.017077795371667988
synergy,Star-lord,Invisible Woman,Damage,Support,10519,-2.8464461498421088,0.6952745079376936,-4.093988945869982,4.240145346559464e-05,False,0.002260468596976923
synergy,Doctor Strange,Mister Fantastic,Tank,Damage,5164,-2.874632391736143,0.8148239417220595,-3.52791841837742,0.00041884122212178666,False,0.014776471939267151
synergy,Rocket Raccoon,Jubilee,Support,Support,34943,-2.918369888702604,0.5335681175365927,-5.469535740209326,4.5121593166506426e-08,False,6.765418875403057e-06
synergy,Cloak & Dagger,Invisible Woman,Support,Support,43646,-2.9224735131027026,0.5271244483237135,-5.544181307462286,2.953326980114334e-08,False,4.723354283529525e-06
synergy,Cloak & Dagger,Peni Parker,Support,Tank,13400,-2.967073826143651,0.6649468356776118,-4.462121882451045,8.115204304737391e-06,False,0.0005725992684430883
synergy,Rocket Raccoon,Cloak & Dagger,Support,Support,40371,-2.984491369144876,0.5266725955055334,-5.666691972609993,1.4558070871416916e-08,False,2.910401001710765e-06
synergy,Namor,Gambit,Damage,Support,14862,-2.994886422404673,0.6431723746525879,-4.656428883504788,3.21741345597279e-06,False,0.00029686826464918163
synergy,Hela,Ultron,Damage,Support,3497,-3.0063056521036113,0.9520642137258718,-3.15767109903074,0.0015903487809770256,False,0.03431025696823244
synergy,Doctor Strange,Angela,Tank,Tank,3344,-3.1220055214782843,0.9908400008667132,-3.15086746472426,0.0016278634024211066,False,0.03455968409210827
synergy,Adam Warlock,Cyclops,Support,Damage,3993,-3.2173227851603072,0.9063619357595096,-3.549710836504037,0.00038565450983129733,False,0.014199980645917749
synergy,Adam Warlock,Elsa Bloodstone,Support,Damage,3209,-3.305562117876907,0.9962911397296532,-3.317867625294632,0.0009070746180105831,False,0.02472809100690215
synergy,Mantis,Peni Parker,Support,Tank,5603,-3.39330834428253,0.8132380925033033,-4.172589030891647,3.0115786073018542e-05,False,0.0016801807160272437
synergy,Rocket Raccoon,Gambit,Support,Support,22783,-3.431775171661649,0.5977392181400722,-5.741258173321762,9.39756887628707e-09,False,2.04952433947388e-06
synergy,Hela,Iron Man,Damage,Damage,2852,-3.489620086819482,0.9940550794014263,-3.5104896691647802,0.000447282187808926,False,0.01511309814864244
synergy,Rocket Raccoon,Jeff The Land Shark,Support,Support,7951,-3.586444768344796,0.7732989607871514,-4.637850236723589,3.5205172327164605e-06,False,0.0003128044756032144
synergy,Rocket Raccoon,Invisible Woman,Support,Support,28719,-3.6168573086773437,0.5653457934245582,-6.397601876133868,1.5783617118224284e-10,False,4.207210829624451e-08
synergy,Ultron,Devil Dinosaur,Support,Tank,2672,-3.621235503067362,1.100931673639862,-3.289246362669319,0.001004560517163137,False,0.026587436643932743
