kind,hero_a,hero_b,coef,did
allied,Hulk,The Punisher,-0.0005378012313414957,-0.003243434265214669
allied,Hulk,Storm,-0.025369735892944854,-0.02694251782874665
allied,Hulk,Loki,-0.0043104952258981545,-0.004762843314161934
allied,Hulk,Human Torch,0.009818804028881975,0.005612315899414924
allied,Hulk,Doctor Strange,0.06985392404227288,0.09131228752882183
allied,Hulk,Mantis,-0.023585258611190943,-0.01530410508495263
allied,Hulk,Hawkeye,-0.0035010888453303793,-0.004714387406234129
allied,Hulk,Captain America,0.03599594805971732,0.03748284101982945
allied,Hulk,Rocket Raccoon,0.016208099599696348,0.018896783661106323
allied,Hulk,Hela,0.0075369415353097775,0.006244895163940564
allied,Hulk,Cloak & Dagger,-0.00037603381319177955,0.003997743487250949
allied,Hulk,Black Panther,0.002915654031954453,0.009526847987048271
allied,Hulk,Groot,-0.016041486866417362,-0.017035443005920567
allied,Hulk,Ultron,-0.016597585585282158,-0.002056330445958276
allied,Hulk,Magik,-0.0019770280465741708,-0.008293342339995739
allied,Hulk,Moon Knight,0.01171281296342134,0.01272714024931124
allied,Hulk,Luna Snow,-0.014946426437001517,-0.011221180080515872
allied,Hulk,Squirrel Girl,-0.01115998177592509,-0.012236125212503921
allied,Hulk,Black Widow,0.0335890177256334,0.03606929128325414
allied,Hulk,Iron Man,-0.03133723927610071,-0.029330626046480315
allied,Hulk,Venom,0.03944108830336407,0.03849183772670593
allied,Hulk,Spider-man,-0.008233956704040299,-0.011192720177010207
allied,Hulk,Magneto,-0.03489868514090922,-0.027387121530744536
allied,Hulk,Scarlet Witch,0.013364861110292836,0.008778190883190987
allied,Hulk,Thor,0.010102555340056427,0.0030610941659487646
allied,Hulk,Mister Fantastic,0.020989761224027372,0.029501946194962207
allied,Hulk,Winter Soldier,0.005903152997426651,0.001336400483481895
allied,Hulk,Peni Parker,-0.006246757567219801,-0.012964696182652271
allied,Hulk,Star-lord,0.0069775210959096634,0.0058457304291423635
allied,Hulk,Blade,-0.011660129297131708,-0.007179419649165135
allied,Hulk,Namor,0.022518583861289843,0.011232715418647666
allied,Hulk,Adam Warlock,-0.01965688339235463,-0.008183213063770293
allied,Hulk,Jeff The Land Shark,0.008484094789383227,0.010880872356670823
allied,Hulk,Psylocke,0.0021274073511535225,0.0037655731579081483
allied,Hulk,Wolverine,-0.02064580563534444,-0.01742766588185593
allied,Hulk,Invisible Woman,-0.02200782661965431,-0.029639760429861203
allied,Hulk,The Thing,0.008231184045006843,0.004940446345628648
allied,Hulk,Iron Fist,-0.02200918865660191,-0.028646711866746635
allied,Hulk,Emma Frost,-0.009999857274441967,-0.01283695407071793
allied,Hulk,Phoenix,0.0015175989555505965,-0.0023513891223213923
allied,Hulk,Daredevil,-0.003054738521124193,-0.0028590702291202527
allied,Hulk,Angela,-0.02419226306620073,-0.030087481511883514
allied,Hulk,Gambit,-0.022245111752281277,-0.028526960650792122
allied,Hulk,Elsa Bloodstone,0.009276568957244491,0.012198160869437213
allied,Hulk,White Fox,-0.005640948241225143,0.008525692393273216
allied,Hulk,Black Cat,0.00672762567024994,0.009889949458544095
allied,Hulk,Devil Dinosaur,-0.0021388611673080512,-0.007883254492470095
allied,Hulk,Cyclops,0.0024759808998764533,0.001798687517773404
allied,Hulk,Jubilee,0.008891244248014903,0.005379517978842516
allied,Hulk,Rogue,-0.011148371377966364,-0.022347872353318272
allied,Hulk,The Hood,-0.010960363983941467,-0.026364046948043875
allied,Hulk,Deadpool (Vanguard),-0.007538026079941231,-0.017902819800460806
allied,Hulk,Deadpool (Duelist),-0.0027926236257099536,-0.00011043497066214356
allied,Hulk,Deadpool (Strategist),0.04015012887486106,0.05201378319286849
allied,The Punisher,Storm,0.014782256079817226,0.017892751415597645
allied,The Punisher,Loki,-0.038971819339189064,-0.04183611045603875
allied,The Punisher,Human Torch,-0.0056264102074865055,-0.00012894955484690985
allied,The Punisher,Doctor Strange,0.001447197623778453,-0.0043993681579324075
allied,The Punisher,Mantis,-0.0062495761806801485,-0.006674242491032645
allied,The Punisher,Hawkeye,-0.0331225565265981,-0.032157561899495424
allied,The Punisher,Captain America,-0.009561942007290518,-0.01438757398127989
allied,The Punisher,Rocket Raccoon,0.1258194937866771,0.13258801480597662
allied,The Punisher,Hela,0.011688957918015054,0.011316217053836225
allied,The Punisher,Cloak & Dagger,-0.022762857334999755,-0.034535242223393756
allied,The Punisher,Black Panther,0.01306618984674638,0.01016109486620809
allied,The Punisher,Groot,0.004415863661519509,0.0001391440799443619
allied,The Punisher,Ultron,-0.02305935866242575,-0.022530933370873984
allied,The Punisher,Magik,0.016752983287605456,0.026876456415692092
allied,The Punisher,Moon Knight,-0.02422098526811945,-0.024694742104654756
allied,The Punisher,Luna Snow,-0.011495207539757852,-0.012495787150737294
allied,The Punisher,Squirrel Girl,-0.01059976428172073,-0.009849107194957227
allied,The Punisher,Black Widow,-0.001111957768127212,-9.378973399395506e-05
allied,The Punisher,Iron Man,-0.02632561354300718,-0.027788943228956482
allied,The Punisher,Venom,-0.03823626989347266,-0.0451007459727781
allied,The Punisher,Spider-man,0.005285718860008552,0.009391809818412995
allied,The Punisher,Magneto,0.021481703481519662,0.018186465940490143
allied,The Punisher,Scarlet Witch,-0.008830128208527932,-0.004741946580475781
allied,The Punisher,Thor,-0.00290072357541333,-0.004955647671607
allied,The Punisher,Mister Fantastic,0.013000338548196506,0.011192021981561693
allied,The Punisher,Winter Soldier,-0.008093541662087221,-0.005200089521636173
allied,The Punisher,Peni Parker,0.020960467471098424,0.021415190567809148
allied,The Punisher,Star-lord,-0.0067158580835783655,-0.006564443336896517
allied,The Punisher,Blade,-0.012133235378091424,-0.014573700600429
allied,The Punisher,Namor,0.007189520885044929,0.012864244792212407
allied,The Punisher,Adam Warlock,0.023866061125427135,0.03661628758304064
allied,The Punisher,Jeff The Land Shark,0.02777024824764742,0.030882969646436356
allied,The Punisher,Psylocke,-0.009204785792472438,-0.012311869490772964
allied,The Punisher,Wolverine,-0.0014008254310082793,-0.003335369586840697
allied,The Punisher,Invisible Woman,0.04801356857345989,0.05397582749302462
allied,The Punisher,The Thing,-0.0009733306334565288,0.002514474525520876
allied,The Punisher,Iron Fist,0.016580001127379458,0.02460068443833693
allied,The Punisher,Emma Frost,0.005094425709265834,0.004855971885218809
allied,The Punisher,Phoenix,-0.013618630796197963,-0.015502440185258119
allied,The Punisher,Daredevil,0.033774528490408386,0.038564050686227355
allied,The Punisher,Angela,0.020678240408565907,0.020766242803904187
allied,The Punisher,Gambit,-0.029076467374047402,-0.03326492163210174
allied,The Punisher,Elsa Bloodstone,-0.013469851640943472,-0.016042376895652036
allied,The Punisher,White Fox,-0.02542727184643024,-0.03028750740200207
allied,The Punisher,Black Cat,-0.014465634968660974,-0.014379798850495937
allied,The Punisher,Devil Dinosaur,-0.0031330387297553905,-0.004199785306202239
allied,The Punisher,Cyclops,0.010306630318990153,0.007865747033948855
allied,The Punisher,Jubilee,-0.030475486794003092,-0.03328643426121419
allied,The Punisher,Rogue,-0.0076984087081222305,-0.009163335169917856
allied,The Punisher,The Hood,0.006236615097231177,0.008484337231917773
allied,The Punisher,Deadpool (Vanguard),0.009956851338615312,0.009088063490126865
allied,The Punisher,Deadpool (Duelist),0.01746566279598846,0.01654709989085271
allied,The Punisher,Deadpool (Strategist),-0.0361341852759935,-0.03915192054108381
allied,Storm,Loki,-0.02868632487268164,-0.03358964666205424
allied,Storm,Human Torch,-0.026474817265529603,-0.02334099250700363
allied,Storm,Doctor Strange,-0.006150848069126285,-0.00892338295134642
allied,Storm,Mantis,-0.003579370942043324,-0.006994979078402557
allied,Storm,Hawkeye,0.005844498059078209,0.009422503200824715
allied,Storm,Captain America,-0.02857882941336077,-0.031616618702803884
allied,Storm,Rocket Raccoon,-0.010561618356386148,-0.024165453835805865
allied,Storm,Hela,-0.01367553277090119,-0.016787647687282286
allied,Storm,Cloak & Dagger,0.019030482813635452,0.009157547962984515
allied,Storm,Black Panther,0.03248944597164031,0.030571317473808753
allied,Storm,Groot,0.002708002480840407,0.002168768647660519
allied,Storm,Ultron,0.015712574977892513,0.017762774493647722
allied,Storm,Magik,-0.0037753306984483373,0.0040111382791141814
allied,Storm,Moon Knight,0.029104299496213078,0.032438157925185805
allied,Storm,Luna Snow,-3.5189938017853825e-05,-0.0029279848296161377
allied,Storm,Squirrel Girl,0.006779243511860931,0.00834678562016599
allied,Storm,Black Widow,-0.031802194272546616,-0.03396650234246549
allied,Storm,Iron Man,0.005302643036870985,0.005841735871483109
allied,Storm,Venom,0.005684923739901096,0.007697469802881488
allied,Storm,Spider-man,-0.02114365220530298,-0.019865533346416896
allied,Storm,Magneto,0.024613766593469626,0.025601171108521607
allied,Storm,Scarlet Witch,0.004619890081667793,0.009198064804579789
allied,Storm,Thor,-0.02777592407127766,-0.028702870418863418
allied,Storm,Mister Fantastic,-0.0017023590776260845,-0.005362988513613777
allied,Storm,Winter Soldier,0.031167835882662726,0.03669878620795253
allied,Storm,Peni Parker,-0.02232540382465353,-0.02281643238261894
allied,Storm,Star-lord,0.013644984053750862,0.014861372439374063
allied,Storm,Blade,-0.0008768484761652712,-0.0030098307351470294
allied,Storm,Namor,-0.0021908093578912415,0.0020744226461795073
allied,Storm,Adam Warlock,0.041317401127845786,0.052924327604925284
allied,Storm,Jeff The Land Shark,0.08974728970522589,0.09728242380537579
allied,Storm,Psylocke,0.0008635064417035784,-0.0020349437695979422
allied,Storm,Wolverine,-0.011082913067257151,-0.014452055341309913
allied,Storm,Invisible Woman,-0.014628137933977456,-0.019820809808678737
allied,Storm,The Thing,0.021169285708281103,0.03108103150142049
allied,Storm,Iron Fist,0.008033640888699135,0.014714218600913964
allied,Storm,Emma Frost,0.015339865956662993,0.020185286228679156
allied,Storm,Phoenix,-0.020982277592816203,-0.024107790822239437
allied,Storm,Daredevil,0.006725613211467578,0.008635617229194242
allied,Storm,Angela,0.005358196795949908,0.007650444610811436
allied,Storm,Gambit,-0.028339151347634532,-0.03576015858322361
allied,Storm,Elsa Bloodstone,-0.018008897839662683,-0.021588120164989125
allied,Storm,White Fox,-0.011431780518532261,-0.017867297138953183
allied,Storm,Black Cat,0.01688188067637456,0.018946781669322114
allied,Storm,Devil Dinosaur,0.04278285178071478,0.050817804742050894
allied,Storm,Cyclops,-0.026939579474299633,-0.03310839584102708
allied,Storm,Jubilee,-0.0016041726564331418,-0.004130923337284338
allied,Storm,Rogue,-0.002697701931336784,0.000330492757065177
allied,Storm,The Hood,-0.018832377711748116,-0.015478506083502269
allied,Storm,Deadpool (Vanguard),-0.011676485862841568,-0.011052141031209174
allied,Storm,Deadpool (Duelist),-0.012070210513906127,-0.016075206505309542
allied,Storm,Deadpool (Strategist),-0.026705903116877497,-0.03186982059291465
allied,Loki,Human Torch,-0.0014148049430911394,-0.003395420006289726
allied,Loki,Doctor Strange,0.00515740069192804,-0.0036523087711638896
allied,Loki,Mantis,0.08670875553490005,0.09370024469048197
allied,Loki,Hawkeye,0.03066451384608232,0.031948156729501714
allied,Loki,Captain America,-0.0007819845611818757,-0.0009976633175008659
allied,Loki,Rocket Raccoon,-0.016966150614411403,0.010125975533543576
allied,Loki,Hela,0.0067027305841706976,0.016681877745064255
allied,Loki,Cloak & Dagger,0.017445882578052633,0.04524108707120295
allied,Loki,Black Panther,-0.015419567215544733,-0.012731075495806082
allied,Loki,Groot,-0.010235483096327276,-0.015925823870284798
allied,Loki,Ultron,-0.020304705622555548,-0.04954709302614705
allied,Loki,Magik,0.00828455100028477,0.0028907729722393687
allied,Loki,Moon Knight,0.015058964810370352,0.01815798950067367
allied,Loki,Luna Snow,-0.012357562304530098,-0.0169681014806274
allied,Loki,Squirrel Girl,-0.00984502565619341,-0.010608385838645202
allied,Loki,Black Widow,-0.003350714106792246,-0.0005255392228893346
allied,Loki,Iron Man,0.0050546073559621235,0.001719748054372368
allied,Loki,Venom,-0.005514350642705836,-0.006046159688687255
allied,Loki,Spider-man,0.011983104588495485,0.012455118618642496
allied,Loki,Magneto,0.0006783740686699955,-0.012918635015188284
allied,Loki,Scarlet Witch,-0.0007765996776165585,0.0005212169372086736
allied,Loki,Thor,0.00883899612151306,0.010055553193496037
allied,Loki,Mister Fantastic,-0.03057404976560433,-0.03183061551560197
allied,Loki,Winter Soldier,0.01110339929543264,0.015398486134289372
allied,Loki,Peni Parker,0.030206803337943303,0.032192836455840305
allied,Loki,Star-lord,-0.006950248006545852,-0.003055662282829292
allied,Loki,Blade,0.01059428683091347,0.01197401498830165
allied,Loki,Namor,-0.010023489351307152,-0.001371137754455222
allied,Loki,Adam Warlock,-0.009940141671849107,-0.04993961874366176
allied,Loki,Jeff The Land Shark,-0.04313483681720179,-0.04472756523251718
allied,Loki,Psylocke,0.03429520046791939,0.04558911618477265
allied,Loki,Wolverine,0.01542329040500025,0.01847410350403994
allied,Loki,Invisible Woman,-0.006304283839747817,0.005705538910710333
allied,Loki,The Thing,0.0036589312628953073,-0.011580837575451416
allied,Loki,Iron Fist,-0.017302804192116192,-0.02396920026007689
allied,Loki,Emma Frost,0.019740158505685227,0.013144407202213463
allied,Loki,Phoenix,-0.03735855901517223,-0.031862595649361176
allied,Loki,Daredevil,-0.01539368751794702,-0.01796425852531756
allied,Loki,Angela,0.027939137008894496,0.026467873532697778
allied,Loki,Gambit,0.03201570488003386,0.051025278663494156
allied,Loki,Elsa Bloodstone,0.02367641826396072,0.03130345438514217
allied,Loki,White Fox,-0.014230261147674216,-0.026171287537846165
allied,Loki,Black Cat,-0.008819986861484528,-0.011362019550070294
allied,Loki,Devil Dinosaur,0.03427550302892176,0.0340372983110604
allied,Loki,Cyclops,0.0076869115978171355,0.0203193329999809
allied,Loki,Jubilee,-0.028439036167837436,-0.022321666111576682
allied,Loki,Rogue,-0.024963218924658158,-0.030987383622335534
allied,Loki,The Hood,-0.010480516077139542,-0.014559824662230623
allied,Loki,Deadpool (Vanguard),-0.013124167789237999,-0.014466488858303395
allied,Loki,Deadpool (Duelist),-0.007586832616258618,-0.003331721534793482
allied,Loki,Deadpool (Strategist),0.006368081574653947,0.0037261567899157027
allied,Human Torch,Doctor Strange,0.0006036848748926256,-0.008005287756185413
allied,Human Torch,Mantis,0.0004594931387299344,-0.0029374902525574464
allied,Human Torch,Hawkeye,0.0006728847419316548,0.007905578007654415
allied,Human Torch,Captain America,0.00894537889228793,0.00353696693592873
allied,Human Torch,Rocket Raccoon,-0.00377804838130906,-0.017020170878868944
allied,Human Torch,Hela,-0.0027533824226872506,-0.000871808078134102
allied,Human Torch,Cloak & Dagger,-0.02344370729921681,-0.03911214917899908
allied,Human Torch,Black Panther,-0.017865523237788016,-0.01988821882188116
allied,Human Torch,Groot,0.041607600838008754,0.03885266464591362
allied,Human Torch,Ultron,0.040233679824653326,0.04486278418122884
allied,Human Torch,Magik,-0.006789190304691398,0.004831491905594546
allied,Human Torch,Moon Knight,-0.013576970457223942,-0.009709227336414333
allied,Human Torch,Luna Snow,-0.01984407922382152,-0.025699218541170066
allied,Human Torch,Squirrel Girl,-0.003891642062219604,0.0008730487182848012
allied,Human Torch,Black Widow,-0.011310882634690411,-0.007685347224376802
allied,Human Torch,Iron Man,-0.012782201309091936,-0.00966280117210108
allied,Human Torch,Venom,0.009098937867487483,0.004898778952286529
allied,Human Torch,Spider-man,-0.008350078420343956,-0.001922567870586435
allied,Human Torch,Magneto,0.006825076538772998,-0.0007884406042289037
allied,Human Torch,Scarlet Witch,-0.00014422921836375221,0.008122537130748467
allied,Human Torch,Thor,0.015289208785697714,0.012615754899229921
allied,Human Torch,Mister Fantastic,0.004208695306478854,0.005124831947211539
allied,Human Torch,Winter Soldier,0.007193384996556801,0.014814627360085441
allied,Human Torch,Peni Parker,-0.00410068582639059,-0.009136180739741361
allied,Human Torch,Star-lord,-0.03550255775557069,-0.03429027849652019
allied,Human Torch,Blade,0.013484702517142696,0.016631567652767007
allied,Human Torch,Namor,0.017513795590943994,0.02750341707872068
allied,Human Torch,Adam Warlock,-0.0038764011819770942,0.0015950667413497364
allied,Human Torch,Jeff The Land Shark,-0.03446799502421227,-0.04294600478026694
allied,Human Torch,Psylocke,0.0240737065878769,0.02719131138069985
allied,Human Torch,Wolverine,0.013047616488298495,0.015771100625230808
allied,Human Torch,Invisible Woman,0.02821148696458162,0.02788753493717542
allied,Human Torch,The Thing,-0.011315568686905347,-0.011660081744017874
allied,Human Torch,Iron Fist,-0.0016775407587553853,0.008280032992354075
allied,Human Torch,Emma Frost,0.006369718274187569,0.003607514243262679
allied,Human Torch,Phoenix,-0.0010825736374449604,0.0015325348541815414
allied,Human Torch,Daredevil,-0.03618595517995142,-0.033761227300427965
allied,Human Torch,Angela,-0.030318102608291653,-0.03864158959250418
allied,Human Torch,Gambit,-0.0059212746906188605,-0.011026280609105779
allied,Human Torch,Elsa Bloodstone,-0.0013417036258970248,0.0005507509593246835
allied,Human Torch,White Fox,-0.04362358318505201,-0.0545693084038127
allied,Human Torch,Black Cat,-0.0003248396668109056,0.004393428545546464
allied,Human Torch,Devil Dinosaur,-0.013197637306655572,-0.018065429520789898
allied,Human Torch,Cyclops,-0.013796503267022846,-0.014786849341342017
allied,Human Torch,Jubilee,0.09606337302018166,0.1052588322838825
allied,Human Torch,Rogue,0.012858175227368164,0.011041292366918068
allied,Human Torch,The Hood,0.01193824398920916,0.012160786767043458
allied,Human Torch,Deadpool (Vanguard),-0.0012325378215374669,-0.006029064752530303
allied,Human Torch,Deadpool (Duelist),0.010237123686357784,0.012173064252379172
allied,Human Torch,Deadpool (Strategist),0.017256655430121292,0.01710182450743419
allied,Doctor Strange,Mantis,-7.787411868573387e-05,0.0021022644107978423
allied,Doctor Strange,Hawkeye,0.000732860910283587,-0.003368054500325282
allied,Doctor Strange,Captain America,0.0052018081549549755,0.01865389908365839
allied,Doctor Strange,Rocket Raccoon,-0.012083864781779275,-0.023821091071870956
allied,Doctor Strange,Hela,-0.02027467902829553,-0.028063870774336867
allied,Doctor Strange,Cloak & Dagger,0.0006847512134301799,-0.004649975682755924
allied,Doctor Strange,Black Panther,-0.03254339928872966,-0.033290737365011897
allied,Doctor Strange,Groot,-0.003965004490175084,0.014109062332215535
allied,Doctor Strange,Ultron,0.004665468486082708,0.012745012668111445
allied,Doctor Strange,Magik,0.044948583578393035,0.04055332863483636
allied,Doctor Strange,Moon Knight,0.021105441531044704,0.019813211943307464
allied,Doctor Strange,Luna Snow,-0.004330513328836919,-0.008778125584446465
allied,Doctor Strange,Squirrel Girl,0.007241842425998545,0.004873914151524199
allied,Doctor Strange,Black Widow,0.006509277783419052,0.002574843069326542
allied,Doctor Strange,Iron Man,-0.00800679999168212,-0.006736825395610282
allied,Doctor Strange,Venom,0.0037344591010068004,0.013936502940675702
allied,Doctor Strange,Spider-man,0.02693278128929577,0.024570588652737795
allied,Doctor Strange,Magneto,-0.0715687669000065,-0.05306553414918769
allied,Doctor Strange,Scarlet Witch,0.04217520073599667,0.03746913339730422
allied,Doctor Strange,Thor,-0.0029805900413917255,0.004877512709617329
allied,Doctor Strange,Mister Fantastic,-0.05244593964108044,-0.05556987612273423
allied,Doctor Strange,Winter Soldier,0.0233173884677685,0.01734761172583248
allied,Doctor Strange,Peni Parker,0.01886109837763564,0.03337022686564238
allied,Doctor Strange,Star-lord,0.014983709096342073,0.011389196547005799
allied,Doctor Strange,Blade,-0.0065687753791502206,-0.004879106837325391
allied,Doctor Strange,Namor,0.017111403008606047,0.0018519661916977384
allied,Doctor Strange,Adam Warlock,-0.006804740831584148,-0.003144535095926197
allied,Doctor Strange,Jeff The Land Shark,-0.0013064824736262553,-0.010362178042372541
allied,Doctor Strange,Psylocke,0.02617859642310763,0.027161306951503143
allied,Doctor Strange,Wolverine,-0.02721479011525669,-0.028101081232507843
allied,Doctor Strange,Invisible Woman,0.09321661927959127,0.0942239124844272
allied,Doctor Strange,The Thing,-0.02467238101560375,-0.016347411304756053
allied,Doctor Strange,Iron Fist,0.010129128601667097,0.00374706290338005
allied,Doctor Strange,Emma Frost,-0.04000233413801043,-0.030743069858278377
allied,Doctor Strange,Phoenix,-0.0025206120334737695,-0.01020897133063926
allied,Doctor Strange,Daredevil,-0.0024191182517162386,-0.005516373152643919
allied,Doctor Strange,Angela,-0.037318305924924265,-0.028321067719831824
allied,Doctor Strange,Gambit,-0.020875527770604627,-0.03681625246225337
allied,Doctor Strange,Elsa Bloodstone,-0.016093642085336278,-0.01939420161824973
allied,Doctor Strange,White Fox,-0.02301130358963966,-0.021515314712043848
allied,Doctor Strange,Black Cat,0.007485013217017945,0.007368129357357849
allied,Doctor Strange,Devil Dinosaur,-0.021989298983883427,-0.01395533659803268
allied,Doctor Strange,Cyclops,0.02511527731769209,0.023623496792340704
allied,Doctor Strange,Jubilee,0.01908764445152891,0.007335637853442482
allied,Doctor Strange,Rogue,-0.01539828618856201,-0.010234729416407443
allied,Doctor Strange,The Hood,-0.02574284997144513,-0.02652851656646369
allied,Doctor Strange,Deadpool (Vanguard),-0.005843736357481466,0.0011393662903666883
allied,Doctor Strange,Deadpool (Duelist),-0.004960176549881078,-0.005886653123305388
allied,Doctor Strange,Deadpool (Strategist),0.00069008065623357,-0.003667045993945775
allied,Mantis,Hawkeye,-0.005625883122164924,-0.010529195448092867
allied,Mantis,Captain America,-0.009829771543152318,0.0003316725227075918
allied,Mantis,Rocket Raccoon,-0.01772165341252237,-0.0029499769029078336
allied,Mantis,Hela,-0.018265718196499612,-0.013058282721506278
allied,Mantis,Cloak & Dagger,-0.03505152754207601,-0.02983963033791427
allied,Mantis,Black Panther,0.008765745010324037,0.012826745169979859
allied,Mantis,Groot,0.05488093924694259,0.07148696922243473
allied,Mantis,Ultron,0.0119127666343561,-0.02310997618178624
allied,Mantis,Magik,-0.01177397067192327,-0.021325719497311102
allied,Mantis,Moon Knight,-0.01708145811384155,-0.019650641877381147
allied,Mantis,Luna Snow,0.011689064943463319,-0.00032249311802810387
allied,Mantis,Squirrel Girl,0.008180195951421112,0.00801933288160471
allied,Mantis,Black Widow,0.01302006658153514,0.016240933463162546
allied,Mantis,Iron Man,0.009331113512338948,0.004880161891979869
allied,Mantis,Venom,-0.005011086192253022,0.006369217992726766
allied,Mantis,Spider-man,-0.01415904755030626,-0.018605458125825893
allied,Mantis,Magneto,-0.010606565544248998,-0.014185994193045112
allied,Mantis,Scarlet Witch,-0.019926864673725793,-0.02267348677173064
allied,Mantis,Thor,-0.01312573551672185,-0.00360799315660248
allied,Mantis,Mister Fantastic,-0.0018791995458590602,-0.001199564606704967
allied,Mantis,Winter Soldier,-0.00862594151951454,-0.00844767787084263
allied,Mantis,Peni Parker,-0.04534137089415395,-0.04366577719070556
allied,Mantis,Star-lord,0.11226921252781687,0.12941557523001235
allied,Mantis,Blade,0.006228538010427829,0.00541189197693888
allied,Mantis,Namor,-0.003452286973952608,0.004370809331752213
allied,Mantis,Adam Warlock,0.06737647700807298,0.03054192976463718
allied,Mantis,Jeff The Land Shark,-0.00013138929337160147,-0.005365106126146551
allied,Mantis,Psylocke,0.006615397123116499,0.012798681833552974
allied,Mantis,Wolverine,-0.00044664316797617863,-0.0010302273538749674
allied,Mantis,Invisible Woman,0.016763047242523567,0.021177610545791495
allied,Mantis,The Thing,0.008876045439619082,0.006305972823955684
allied,Mantis,Iron Fist,-0.012863546195316048,-0.020625690601993155
allied,Mantis,Emma Frost,0.04506629793785278,0.054372050487403525
allied,Mantis,Phoenix,-0.008632615831102716,-0.0011965651555993905
allied,Mantis,Daredevil,-0.017662659964688836,-0.022167508116218534
allied,Mantis,Angela,0.02823160252631453,0.038638573881127326
allied,Mantis,Gambit,0.03617515904222822,0.043839150683606984
allied,Mantis,Elsa Bloodstone,0.03821673669565833,0.04601065703248556
allied,Mantis,White Fox,-0.004557155562872356,-0.026750147284030138
allied,Mantis,Black Cat,-0.013286698591287373,-0.01803772583441492
allied,Mantis,Devil Dinosaur,-0.04664114099454775,-0.04805257491475684
allied,Mantis,Cyclops,-0.03625916323573071,-0.030770656776076856
allied,Mantis,Jubilee,-0.024498331091041128,-0.02976993142520533
allied,Mantis,Rogue,-0.027691705118258712,-0.0223231450813406
allied,Mantis,The Hood,-0.01835165282168851,-0.011864734082157956
allied,Mantis,Deadpool (Vanguard),-0.02860355013569846,-0.020602397637592283
allied,Mantis,Deadpool (Duelist),-0.015646654046296882,-0.014049676231902956
allied,Mantis,Deadpool (Strategist),-0.04452358719224843,-0.06943032511326921
allied,Hawkeye,Captain America,-0.010126300493883347,-0.013189388944839455
allied,Hawkeye,Rocket Raccoon,-0.007410947132041011,-0.021852838875471098
allied,Hawkeye,Hela,-0.0015762865731497096,-0.0018415645057018712
allied,Hawkeye,Cloak & Dagger,0.041667120445404646,0.03339187513167135
allied,Hawkeye,Black Panther,-0.00860220566562566,-0.012098979879501728
allied,Hawkeye,Groot,-0.014073974232074633,-0.0186072290150315
allied,Hawkeye,Ultron,0.010984427641891023,0.011211718573592537
allied,Hawkeye,Magik,0.018009854678723135,0.029449030779842334
allied,Hawkeye,Moon Knight,-0.019945149628431195,-0.018852025666452863
allied,Hawkeye,Luna Snow,0.007279832432981333,0.004069525170704439
allied,Hawkeye,Squirrel Girl,-0.022420110472570073,-0.02144177491559366
allied,Hawkeye,Black Widow,-0.023990772990036636,-0.02366499110907467
allied,Hawkeye,Iron Man,-0.008859110005724778,-0.007658095324080609
allied,Hawkeye,Venom,-0.01830346860570745,-0.021096655143439294
allied,Hawkeye,Spider-man,0.004545633629107209,0.009801280769592233
allied,Hawkeye,Magneto,-0.003934458581023882,-0.008266394210597003
allied,Hawkeye,Scarlet Witch,-0.022885544634916728,-0.01875564238024855
allied,Hawkeye,Thor,0.009106668122909113,0.01023033633431334
allied,Hawkeye,Mister Fantastic,0.011756298592129403,0.011055609174441379
allied,Hawkeye,Winter Soldier,-0.021068802925131715,-0.0180437612484744
allied,Hawkeye,Peni Parker,0.014891891875893926,0.016489177997140444
allied,Hawkeye,Star-lord,-0.009283790861548036,-0.00813489684870169
allied,Hawkeye,Blade,0.0013193117914216286,0.0012092297668791121
allied,Hawkeye,Namor,-0.024497564021163785,-0.0202480743049013
allied,Hawkeye,Adam Warlock,-0.007819774289822392,-0.003586884907004928
allied,Hawkeye,Jeff The Land Shark,-0.01913799798793347,-0.026445415016481996
allied,Hawkeye,Psylocke,0.04570641098837867,0.04837907013553653
allied,Hawkeye,Wolverine,0.01132015746199722,0.011655130356154434
allied,Hawkeye,Invisible Woman,-0.00800188171917921,-0.01359816173408422
allied,Hawkeye,The Thing,-0.0011048669937721626,0.0041942336310334645
allied,Hawkeye,Iron Fist,0.001462379600270393,0.009436408073463964
allied,Hawkeye,Emma Frost,0.010700145805817145,0.012919216883674013
allied,Hawkeye,Phoenix,-0.0008600991241957581,-0.00047126740485375814
allied,Hawkeye,Daredevil,0.013079063423840517,0.017357854199412624
allied,Hawkeye,Angela,0.03341505142223363,0.03676380599310706
allied,Hawkeye,Gambit,0.006017693553972827,0.0016594017640311643
allied,Hawkeye,Elsa Bloodstone,0.022602096124222384,0.024241888196867192
allied,Hawkeye,White Fox,0.011513863191649425,0.006714661867947705
allied,Hawkeye,Black Cat,0.020103185872617384,0.024276279158068355
allied,Hawkeye,Devil Dinosaur,0.007961726268314607,0.009970776134876782
allied,Hawkeye,Cyclops,-0.02858076112081384,-0.03304594410035525
allied,Hawkeye,Jubilee,0.012990358828797986,0.011056034416547173
allied,Hawkeye,Rogue,-0.025929151771522687,-0.027621429676354038
allied,Hawkeye,The Hood,0.0038112432108243144,0.0076118892273563275
allied,Hawkeye,Deadpool (Vanguard),-0.0010351147592720356,-0.0013158973046807217
allied,Hawkeye,Deadpool (Duelist),0.01218854204675287,0.012042053968572297
allied,Hawkeye,Deadpool (Strategist),-0.018650051483893336,-0.02403887767286098
allied,Captain America,Rocket Raccoon,-0.018411305923101234,-0.021616867631311196
allied,Captain America,Hela,0.04404498071133281,0.04576156006476733
allied,Captain America,Cloak & Dagger,0.00035575699379015253,0.004516730791898936
allied,Captain America,Black Panther,-0.030218568312182708,-0.028443069298017487
allied,Captain America,Groot,-0.01901999436609759,-0.017802110431174998
allied,Captain America,Ultron,-0.005428460774353461,0.010577419541842208
allied,Captain America,Magik,0.004232513270810361,-0.002487918188478295
allied,Captain America,Moon Knight,-0.0037297831865461587,-0.005558412726307506
allied,Captain America,Luna Snow,0.0065770629460103255,0.013431028785595406
allied,Captain America,Squirrel Girl,-0.016825163645454236,-0.01964296174972285
allied,Captain America,Black Widow,-0.012003444360735667,-0.0157621290117125
allied,Captain America,Iron Man,0.0005192038752268439,0.005010499321374831
allied,Captain America,Venom,-0.010700027660194098,-0.017251361458216857
allied,Captain America,Spider-man,-0.01859677949035103,-0.023826327514494358
allied,Captain America,Magneto,-0.00022996337611694338,0.015730851074184964
allied,Captain America,Scarlet Witch,0.008563534402259246,0.0023325118745591462
allied,Captain America,Thor,0.004199971652602439,-0.001114111774047852
allied,Captain America,Mister Fantastic,0.0159654855907762,0.022808205882173443
allied,Captain America,Winter Soldier,0.027329619815082796,0.024072744491070774
allied,Captain America,Peni Parker,-0.013117978931142351,-0.018269024147881473
allied,Captain America,Star-lord,-0.006864817837047047,-0.01065931657700009
allied,Captain America,Blade,0.022010013406569467,0.029179695605259567
allied,Captain America,Namor,0.03027977641379597,0.018764564708143812
allied,Captain America,Adam Warlock,-0.021618953432886,-0.010791028528557386
allied,Captain America,Jeff The Land Shark,-0.005654952804744607,-0.0058609349113978824
allied,Captain America,Psylocke,-0.0007092894694668967,-0.0004941852342337628
allied,Captain America,Wolverine,0.009258649042798911,0.014741604179297011
allied,Captain America,Invisible Woman,-0.0262407444407726,-0.034883381354258114
allied,Captain America,The Thing,0.020447829449912646,0.021886471951163857
allied,Captain America,Iron Fist,0.01646911866251038,0.013062146984495378
allied,Captain America,Emma Frost,-0.0021327040461313358,-0.000961046564527391
allied,Captain America,Phoenix,-0.005059050178290009,-0.010772358192634116
allied,Captain America,Daredevil,0.024336256650179213,0.026513630875246486
allied,Captain America,Angela,-0.015633503674234262,-0.017405382205455105
allied,Captain America,Gambit,0.022966474618822376,0.023620360790782866
allied,Captain America,Elsa Bloodstone,-0.02917432798962161,-0.031687287223609924
allied,Captain America,White Fox,0.02077326925310249,0.03885463924573318
allied,Captain America,Black Cat,-0.0046872962523317385,-0.003914262687153612
allied,Captain America,Devil Dinosaur,0.0011502551974705395,-0.0013438751644796257
allied,Captain America,Cyclops,0.004254606170556039,0.0026741089250174863
allied,Captain America,Jubilee,-0.005582192597363625,-0.011750419670142176
allied,Captain America,Rogue,-0.00040852003035923525,-0.007123316743569091
allied,Captain America,The Hood,0.020022418342323156,0.012457298027359308
allied,Captain America,Deadpool (Vanguard),-0.01579545701123439,-0.02482302519037646
allied,Captain America,Deadpool (Duelist),0.001878753458321089,0.003983570184953752
allied,Captain America,Deadpool (Strategist),-0.009056577221586343,-0.005431556265392569
allied,Rocket Raccoon,Hela,-0.020583430187861868,-0.02498115512805644
allied,Rocket Raccoon,Cloak & Dagger,-0.047611293526879934,-0.0042263348349056
allied,Rocket Raccoon,Black Panther,-0.01847901200823258,-0.027139052892163965
allied,Rocket Raccoon,Groot,-0.010540504191602323,-0.016436465374597267
allied,Rocket Raccoon,Ultron,-0.022278523452837033,-0.023418755016351416
allied,Rocket Raccoon,Magik,0.020617810585613107,0.0057995880011496945
allied,Rocket Raccoon,Moon Knight,-0.005735665388021806,-0.016202071477101565
allied,Rocket Raccoon,Luna Snow,-0.004920088584734068,0.020438230535459467
allied,Rocket Raccoon,Squirrel Girl,0.009387252856266045,6.182548328763045e-05
allied,Rocket Raccoon,Black Widow,-0.0014847406461455904,-0.009392421084245902
allied,Rocket Raccoon,Iron Man,-0.008798779180955419,-0.024831413804243918
allied,Rocket Raccoon,Venom,-0.004404633438378996,-0.004914694238104677
allied,Rocket Raccoon,Spider-man,-0.017867661492128612,-0.03209309522664367
allied,Rocket Raccoon,Magneto,0.00974624827298992,-0.0025500230467565897
allied,Rocket Raccoon,Scarlet Witch,0.042482337018978744,0.038221418716294336
allied,Rocket Raccoon,Thor,-0.002478941326847466,-0.003237937649219222
allied,Rocket Raccoon,Mister Fantastic,0.0410527118048461,0.03778338924657071
allied,Rocket Raccoon,Winter Soldier,-0.009368099754828997,-0.018598052301839026
allied,Rocket Raccoon,Peni Parker,0.07297876873734674,0.08168226856142251
allied,Rocket Raccoon,Star-lord,-0.022170354670105683,-0.031144384283918157
allied,Rocket Raccoon,Blade,0.009822011253676094,0.00013910295932554825
allied,Rocket Raccoon,Namor,-0.0026234605011763354,-0.004012207302642108
allied,Rocket Raccoon,Adam Warlock,0.019932703044913187,0.0143520752109384
allied,Rocket Raccoon,Jeff The Land Shark,-0.050018439009378184,-0.02448285311094273
allied,Rocket Raccoon,Psylocke,-0.024839895660166526,-0.03190396896390806
allied,Rocket Raccoon,Wolverine,0.02321318680764709,0.016271634952433577
allied,Rocket Raccoon,Invisible Woman,-0.04893837607558557,-0.016891245301028403
allied,Rocket Raccoon,The Thing,0.01845673214032553,0.005438582138554731
allied,Rocket Raccoon,Iron Fist,0.02340575080095232,0.010861822102541129
allied,Rocket Raccoon,Emma Frost,0.006283830129041662,-0.002631144539401751
allied,Rocket Raccoon,Phoenix,0.006286884994874101,0.0062724268573568975
allied,Rocket Raccoon,Daredevil,0.007261608408486416,-0.0034431526126640043
allied,Rocket Raccoon,Angela,-0.0023930677880507245,-0.008895749053910424
allied,Rocket Raccoon,Gambit,-0.04318148054343309,-0.010593394078874607
allied,Rocket Raccoon,Elsa Bloodstone,0.03292790240155428,0.03074527203535087
allied,Rocket Raccoon,White Fox,-0.014501586657525288,0.001997227219572679
allied,Rocket Raccoon,Black Cat,0.015243936902620221,0.004743792679963491
allied,Rocket Raccoon,Devil Dinosaur,0.007409155227879901,0.0026965454518400288
allied,Rocket Raccoon,Cyclops,0.006274142207334258,0.007763865431103605
allied,Rocket Raccoon,Jubilee,-0.04306078519734302,-0.0113499398694463
allied,Rocket Raccoon,Rogue,0.004011185083739197,0.002487021868686037
allied,Rocket Raccoon,The Hood,-0.009244108319486658,-0.01328130767653746
allied,Rocket Raccoon,Deadpool (Vanguard),-0.012428762701250226,-0.013815921399900087
allied,Rocket Raccoon,Deadpool (Duelist),0.0011465975487157498,-0.004472714603781374
allied,Rocket Raccoon,Deadpool (Strategist),0.014916929290332424,0.04246430061925013
allied,Hela,Cloak & Dagger,-0.01275296079284144,-0.01613998907614238
allied,Hela,Black Panther,0.03687800795129894,0.03209913401727768
allied,Hela,Groot,-0.02217130229035163,-0.02893866119145419
allied,Hela,Ultron,-0.04955854784728407,-0.045208401666516324
allied,Hela,Magik,-0.0032843023639014825,0.0013171463781980293
allied,Hela,Moon Knight,-0.007665087501952928,-0.010616315864124924
allied,Hela,Luna Snow,0.0036771478934984167,0.011707232248999276
allied,Hela,Squirrel Girl,-0.027755541777394893,-0.03228716759805323
allied,Hela,Black Widow,0.02086256650640747,0.01985409274040027
allied,Hela,Iron Man,-0.0554447943826223,-0.06318576213420933
allied,Hela,Venom,0.03859008334637346,0.04088319401034393
allied,Hela,Spider-man,0.028815810132246978,0.031024682464719913
allied,Hela,Magneto,-0.006771689814487799,-0.012745246128642503
allied,Hela,Scarlet Witch,-0.015139446978665299,-0.01543112289207032
allied,Hela,Thor,0.037520672503046505,0.040522776788544025
allied,Hela,Mister Fantastic,0.016927996748099815,0.011591539123915211
allied,Hela,Winter Soldier,-0.015418183055978604,-0.016989063299281067
allied,Hela,Peni Parker,-0.024707976728696585,-0.028893157809109095
allied,Hela,Star-lord,-0.023240908272712323,-0.028319299921548163
allied,Hela,Blade,-0.00846435669962255,-0.014454493435693262
allied,Hela,Namor,0.008491493384833826,0.010419619184201995
allied,Hela,Adam Warlock,-0.024407272162736034,-0.01055709282881966
allied,Hela,Jeff The Land Shark,-0.015599431818239464,-0.010773800890363124
allied,Hela,Psylocke,-0.014372178372758287,-0.021764111353520337
allied,Hela,Wolverine,0.01301694063188722,0.008427032392705964
allied,Hela,Invisible Woman,0.0012561672593526846,0.008507870551977279
allied,Hela,The Thing,-0.028931208031181255,-0.028088435513929054
allied,Hela,Iron Fist,0.012419547114774913,0.016239158432101945
allied,Hela,Emma Frost,-0.004111006871715871,-0.004882267410327486
allied,Hela,Phoenix,0.03757049868515256,0.03609070264915902
allied,Hela,Daredevil,0.022009358073642928,0.021965095871005275
allied,Hela,Angela,0.035517031104848246,0.03778050468223684
allied,Hela,Gambit,0.015450345812503553,0.023961862740091346
allied,Hela,Elsa Bloodstone,0.01605392857786054,0.012082859617574722
allied,Hela,White Fox,0.005114200057697785,0.011205768027465228
allied,Hela,Black Cat,0.02457904321587484,0.024058474339211513
allied,Hela,Devil Dinosaur,-0.009290291523417612,-0.010546505882340868
allied,Hela,Cyclops,0.02167195119604261,0.016321740388190332
allied,Hela,Jubilee,0.01002824262350301,0.01941438087080344
allied,Hela,Rogue,-0.0020574525568113466,-0.002382927661677067
allied,Hela,The Hood,-0.0073743839907623055,-0.006155699962913606
allied,Hela,Deadpool (Vanguard),-0.01708546434203167,-0.020496158375101946
allied,Hela,Deadpool (Duelist),-0.022008779719121612,-0.030066538461296265
allied,Hela,Deadpool (Strategist),0.018316953506907766,0.029239730127003382
allied,Cloak & Dagger,Black Panther,-0.0018542528873630477,-0.008404310898669661
allied,Cloak & Dagger,Groot,-0.00022761266581476517,-0.00011574445891836291
allied,Cloak & Dagger,Ultron,0.009176003622705353,0.008152237620864655
allied,Cloak & Dagger,Magik,0.026903973531188886,0.012903409297438521
allied,Cloak & Dagger,Moon Knight,0.05430391846343479,0.051374348338303184
allied,Cloak & Dagger,Luna Snow,-0.0049490106668320325,0.014281122942445369
allied,Cloak & Dagger,Squirrel Girl,-0.016629019608342167,-0.02917459305688053
allied,Cloak & Dagger,Black Widow,-0.0034789348662024955,-0.011604001599293841
allied,Cloak & Dagger,Iron Man,0.0184361672259166,0.005839788886003178
allied,Cloak & Dagger,Venom,-0.03482425299780091,-0.03587278083204391
allied,Cloak & Dagger,Spider-man,-0.01876341046860308,-0.033068924842661364
allied,Cloak & Dagger,Magneto,0.015379473043800355,0.008338941814038152
allied,Cloak & Dagger,Scarlet Witch,0.0044362383459572215,-0.0045485543083388005
allied,Cloak & Dagger,Thor,0.0002244696889271635,0.004250350531623247
allied,Cloak & Dagger,Mister Fantastic,0.002856837055153474,-0.005155081864317419
allied,Cloak & Dagger,Winter Soldier,0.02571756273912798,0.020905205986378655
allied,Cloak & Dagger,Peni Parker,-0.03861623276583118,-0.04349724350294779
allied,Cloak & Dagger,Star-lord,-0.006759885386194387,-0.01377571835700187
allied,Cloak & Dagger,Blade,0.03474402953848601,0.02820826151225278
allied,Cloak & Dagger,Namor,-0.0028830233641866983,-0.004272327541012688
allied,Cloak & Dagger,Adam Warlock,0.0326642951058223,0.023486492830618735
allied,Cloak & Dagger,Jeff The Land Shark,-0.037729780681463834,-0.015879223848983395
allied,Cloak & Dagger,Psylocke,0.004665981162342389,0.0013220304439305482
allied,Cloak & Dagger,Wolverine,0.02821150956422435,0.021926636036099078
allied,Cloak & Dagger,Invisible Woman,-0.06316294831848694,-0.040059669202443283
allied,Cloak & Dagger,The Thing,0.009791241182914343,-0.00026917661376490846
allied,Cloak & Dagger,Iron Fist,-0.01685250967628166,-0.034396832951831026
allied,Cloak & Dagger,Emma Frost,0.0018802966414953612,-0.0033919883713425052
allied,Cloak & Dagger,Phoenix,0.023071144353496394,0.025186606618323063
allied,Cloak & Dagger,Daredevil,0.02431290832527016,0.015771447776233787
allied,Cloak & Dagger,Angela,0.026910107727091237,0.02946726577798341
allied,Cloak & Dagger,Gambit,-0.06004882016912357,-0.03692877062908635
allied,Cloak & Dagger,Elsa Bloodstone,0.00753289072249074,0.0022077718789204706
allied,Cloak & Dagger,White Fox,-0.011107339632260944,-5.7735575362609934e-05
allied,Cloak & Dagger,Black Cat,0.006158150321435017,-0.0054458292413537834
allied,Cloak & Dagger,Devil Dinosaur,-0.020540545766587925,-0.025394671379206066
allied,Cloak & Dagger,Cyclops,0.01733698267733408,0.020241448942369483
allied,Cloak & Dagger,Jubilee,-0.009555642746056126,0.022678401771761128
allied,Cloak & Dagger,Rogue,-0.030558554810124646,-0.0332881686848733
allied,Cloak & Dagger,The Hood,0.0767197731812371,0.09084859803147809
allied,Cloak & Dagger,Deadpool (Vanguard),8.563492061217386e-05,0.00506011909157997
allied,Cloak & Dagger,Deadpool (Duelist),-0.002730733162170558,-0.008802823671012391
allied,Cloak & Dagger,Deadpool (Strategist),-0.007432692235843642,0.009559247411431701
allied,Black Panther,Groot,-0.032467001448237186,-0.03197027078616171
allied,Black Panther,Ultron,0.012772330581391881,0.020388468349553646
allied,Black Panther,Magik,-0.051759844885941306,-0.053838501094505414
allied,Black Panther,Moon Knight,0.015006852468319322,0.01129498969884407
allied,Black Panther,Luna Snow,-0.006329866237271744,-0.004076026864307629
allied,Black Panther,Squirrel Girl,-0.010566832978196073,-0.016315298039590972
allied,Black Panther,Black Widow,0.023443087641780803,0.020002373421406757
allied,Black Panther,Iron Man,-0.01529424548051133,-0.022341627376272627
allied,Black Panther,Venom,-0.00649517144990749,-0.0008565750171936309
allied,Black Panther,Spider-man,-0.027752620308333253,-0.032897181201346506
allied,Black Panther,Magneto,-0.0031484021587149568,-0.0002900709444169143
allied,Black Panther,Scarlet Witch,0.012348976472953948,0.01169739757789374
allied,Black Panther,Thor,0.012984765830768658,0.021646980261614313
allied,Black Panther,Mister Fantastic,0.005327117388740544,-0.0036214732109726595
allied,Black Panther,Winter Soldier,0.015056514506517774,0.013374189287585105
allied,Black Panther,Peni Parker,0.003097610664765336,0.010468147577765055
allied,Black Panther,Star-lord,0.031225733827473484,0.028032026988543193
allied,Black Panther,Blade,-0.004723673163841924,-0.013049524842565592
allied,Black Panther,Namor,0.03938971546545115,0.04124163352909677
allied,Black Panther,Adam Warlock,-0.025011724798974417,-0.015762470260778313
allied,Black Panther,Jeff The Land Shark,0.01331915564938613,0.017234241794525196
allied,Black Panther,Psylocke,0.008718095370700054,0.0006003333525638264
allied,Black Panther,Wolverine,-0.030773181401356434,-0.04165336760653347
allied,Black Panther,Invisible Woman,-0.0010504647452875202,0.0013875413305665756
allied,Black Panther,The Thing,-0.03414369586072171,-0.025464274262538316
allied,Black Panther,Iron Fist,-0.01741107446113523,-0.018720310671753834
allied,Black Panther,Emma Frost,-0.024542957689557717,-0.01919184931899736
allied,Black Panther,Phoenix,0.013026878210362861,0.00685811313803691
allied,Black Panther,Daredevil,-0.004565403185108473,-0.00946762533730415
allied,Black Panther,Angela,0.010765780398341357,0.018665108337002842
allied,Black Panther,Gambit,0.02658370041628091,0.0319615184531504
allied,Black Panther,Elsa Bloodstone,0.04073008966587854,0.03616513749528591
allied,Black Panther,White Fox,-0.011165469016115058,-0.011634227896764694
allied,Black Panther,Black Cat,-0.00035469848657124247,-0.005596694485707994
allied,Black Panther,Devil Dinosaur,-0.015508311249330919,-0.009041136988178166
allied,Black Panther,Cyclops,0.015319493701562848,0.006793818617339945
allied,Black Panther,Jubilee,-0.009045610325401182,-0.006569071912904248
allied,Black Panther,Rogue,0.0037871588196567957,0.012543775288706753
allied,Black Panther,The Hood,0.002799379989062366,0.013587779922523498
allied,Black Panther,Deadpool (Vanguard),0.04958651298784022,0.062109344605854724
allied,Black Panther,Deadpool (Duelist),0.009102178936269507,0.0009859121413934887
allied,Black Panther,Deadpool (Strategist),-0.001413393859486895,0.0025177211236189134
allied,Groot,Ultron,-0.03344660506403656,-0.025898990547458697
allied,Groot,Magik,-0.004197433727744549,-0.012892902957701294
allied,Groot,Moon Knight,0.006726246875972005,0.005049846212531567
allied,Groot,Luna Snow,-0.0017143008326063955,-0.00014822535336059492
allied,Groot,Squirrel Girl,-0.0002221014338436298,-0.002195285172470484
allied,Groot,Black Widow,-0.007887810762595865,-0.012208432073074626
allied,Groot,Iron Man,0.0012221370860618598,0.004767098301610401
allied,Groot,Venom,-0.03979355713058896,-0.045024382911299746
allied,Groot,Spider-man,0.03003494498661643,0.029257635374487473
allied,Groot,Magneto,-0.03754149748070005,-0.02162173791105819
allied,Groot,Scarlet Witch,-0.01390176132364549,-0.023688726286358028
allied,Groot,Thor,0.0297511905433298,0.03481118290979872
allied,Groot,Mister Fantastic,0.005223990358494953,0.009831306182568115
allied,Groot,Winter Soldier,-0.010719129859546737,-0.01928722677213635
allied,Groot,Peni Parker,-0.00878750833132636,-0.007080341377109112
allied,Groot,Star-lord,0.03175609866159701,0.03128624732511093
allied,Groot,Blade,-0.02708147813570613,-0.026466842845850463
allied,Groot,Namor,0.0381370623203114,0.026481363803078747
allied,Groot,Adam Warlock,-0.012995619095154584,-0.004737150925323583
allied,Groot,Jeff The Land Shark,0.004638963798480911,0.002132011392855861
allied,Groot,Psylocke,0.016460474608859747,0.01758402501340321
allied,Groot,Wolverine,0.00045020819895154535,0.003915493016273339
allied,Groot,Invisible Woman,0.025470233443608818,0.021182939651337305
allied,Groot,The Thing,0.008589265248947634,0.014203912971913394
allied,Groot,Iron Fist,0.019105703837999897,0.014970199386942684
allied,Groot,Emma Frost,0.04644332060930966,0.061803814602446897
allied,Groot,Phoenix,-0.008342434071491128,-0.015451084561669519
allied,Groot,Daredevil,0.0007291609605665692,-0.0007780165859500902
allied,Groot,Angela,0.013794126208588702,0.023038569078644915
allied,Groot,Gambit,0.011856995885133972,0.0067700803646900875
allied,Groot,Elsa Bloodstone,-0.01589288298469571,-0.017935366054894108
allied,Groot,White Fox,-0.02484659373709523,-0.018052337192379333
allied,Groot,Black Cat,-0.017880355331709317,-0.019618863919929303
allied,Groot,Devil Dinosaur,-0.0056067454383586564,-0.0030796411121812375
allied,Groot,Cyclops,0.028075165307260397,0.02815224224584944
allied,Groot,Jubilee,0.01662714354544302,0.01007292431398252
allied,Groot,Rogue,0.001582388965501148,0.001338184749219516
allied,Groot,The Hood,-0.021996136954097315,-0.030382173648960537
allied,Groot,Deadpool (Vanguard),-0.00661392409622999,-0.00797955380367441
allied,Groot,Deadpool (Duelist),0.015023031250022603,0.01758287398730727
allied,Groot,Deadpool (Strategist),-0.027100019490099072,-0.030330187222977863
allied,Ultron,Magik,0.013606651394832543,0.010281794739911651
allied,Ultron,Moon Knight,-0.004512726975504888,-0.0024565049346299403
allied,Ultron,Luna Snow,0.004122524536119821,-0.024397901010142616
allied,Ultron,Squirrel Girl,-0.003707882014877689,-0.002300440418358978
allied,Ultron,Black Widow,0.005606988825060992,0.010955535399251596
allied,Ultron,Iron Man,0.022399183728082302,0.022636055296813607
allied,Ultron,Venom,-0.016585069967829873,-0.0019277875842889916
allied,Ultron,Spider-man,0.006525424284441526,0.00771888710038783
allied,Ultron,Magneto,0.008815289546198313,0.013494313199431465
allied,Ultron,Scarlet Witch,-0.004709641973203034,-0.0024997968215200745
allied,Ultron,Thor,-0.024325213038594504,-0.01147030397485444
allied,Ultron,Mister Fantastic,-0.01786852970996196,-0.016133246629198267
allied,Ultron,Winter Soldier,-0.012298060509786542,-0.00952449732277617
allied,Ultron,Peni Parker,0.019235198802699957,0.036426252512778666
allied,Ultron,Star-lord,0.017919584752434745,0.026326558394829915
allied,Ultron,Blade,-0.0006132292060898955,0.0007692182704789033
allied,Ultron,Namor,-0.014683984425821568,-0.005210535889477902
allied,Ultron,Adam Warlock,0.15976044637464226,0.12624192614704627
allied,Ultron,Jeff The Land Shark,-0.0005896936178917472,-0.02092237986942316
allied,Ultron,Psylocke,-0.031248523952456423,-0.026743914964344098
allied,Ultron,Wolverine,-0.00999136023796629,-0.008713719645491379
allied,Ultron,Invisible Woman,0.030741578980538947,0.022920677538611173
allied,Ultron,The Thing,-0.0014690991640541257,-0.0005647015713861997
allied,Ultron,Iron Fist,0.0108656710354006,0.009123993194685535
allied,Ultron,Emma Frost,-0.005678029703543394,0.0006094672089903341
allied,Ultron,Phoenix,0.0036304612723234916,0.01565371099787756
allied,Ultron,Daredevil,-0.03014499460183395,-0.03315582017088432
allied,Ultron,Angela,-0.012674375534427693,-0.00370449649116967
allied,Ultron,Gambit,0.026854883707554532,0.01766215961411332
allied,Ultron,Elsa Bloodstone,-0.0011234887394744604,0.004807217830083632
allied,Ultron,White Fox,0.017623801832170178,-0.015177727231136593
allied,Ultron,Black Cat,-0.00012878139369820082,-0.00018075457500463875
allied,Ultron,Devil Dinosaur,-0.06762674579998718,-0.0672737834728631
allied,Ultron,Cyclops,-0.019137784587095807,-0.008454791384240124
allied,Ultron,Jubilee,0.006840242972972888,-0.007223507926023649
allied,Ultron,Rogue,0.01023095082609519,0.02683130615942041
allied,Ultron,The Hood,-0.008525367613316707,0.00467785826862383
allied,Ultron,Deadpool (Vanguard),-0.008788097086201674,0.0075347645287810044
allied,Ultron,Deadpool (Duelist),-0.023104429343404703,-0.01938535902902679
allied,Ultron,Deadpool (Strategist),0.01997276156525568,-0.007149378221062216
allied,Magik,Moon Knight,-0.015828502834492404,-0.009384040270816144
allied,Magik,Luna Snow,0.002686333625500623,-0.004978086543451456
allied,Magik,Squirrel Girl,-0.008662335612182244,-0.0015305195983793462
allied,Magik,Black Widow,-0.005840551065462617,0.0010041628680661297
allied,Magik,Iron Man,0.012444804348844936,0.020427138293231527
allied,Magik,Venom,0.004018324930470847,-0.001535275575398854
allied,Magik,Spider-man,-0.024730061432629576,-0.01690131853283883
allied,Magik,Magneto,-0.002107574727340646,-0.011508416899178815
allied,Magik,Scarlet Witch,0.0094486858481222,0.02127762966742144
allied,Magik,Thor,-0.004144051137889061,-0.009787590918457953
allied,Magik,Mister Fantastic,0.0027422219089760225,0.006300394899691859
allied,Magik,Winter Soldier,-0.004661245548064401,0.00473773849080714
allied,Magik,Peni Parker,0.026161707074074503,0.023753713535265838
allied,Magik,Star-lord,0.03753427863663277,0.04758726962016998
allied,Magik,Blade,-0.022428975794451043,-0.019506081757695942
allied,Magik,Namor,0.008360046024783194,0.02035212248531069
allied,Magik,Adam Warlock,0.0226668481801631,0.026830639815988655
allied,Magik,Jeff The Land Shark,-0.018734223758975908,-0.029871094564644835
allied,Magik,Psylocke,-0.010782495248499545,-0.00780087951180773
allied,Magik,Wolverine,-0.03437997823014496,-0.032838423037131755
allied,Magik,Invisible Woman,-0.006201790725100076,-0.01545298492148529
allied,Magik,The Thing,-0.045638165401888434,-0.05062985998070439
allied,Magik,Iron Fist,-0.012259303361837509,-0.00041808532264909354
allied,Magik,Emma Frost,-0.013711470067909928,-0.01951674094117476
allied,Magik,Phoenix,-0.0021624111289082937,0.003126901820083845
allied,Magik,Daredevil,-0.03192022537925054,-0.026376541843653387
allied,Magik,Angela,-0.025335302246581336,-0.03387871448836424
allied,Magik,Gambit,-0.015538370848568864,-0.02647109624456833
allied,Magik,Elsa Bloodstone,0.00658203098880747,0.011897787230627978
allied,Magik,White Fox,0.016236713698376842,0.008147943132275955
allied,Magik,Black Cat,-0.03079261940398701,-0.025845223529107304
allied,Magik,Devil Dinosaur,0.011707223802866549,0.008863474712096689
allied,Magik,Cyclops,0.022758495348055623,0.02757357209516637
allied,Magik,Jubilee,-0.003775667127990941,-0.011685670340580467
allied,Magik,Rogue,-0.015723671476067375,-0.021541112917359776
allied,Magik,The Hood,0.09666871173684827,0.10565389618794482
allied,Magik,Deadpool (Vanguard),-0.001180677583871278,-0.0067525378633295765
allied,Magik,Deadpool (Duelist),-0.037603687271774544,-0.03688405524081438
allied,Magik,Deadpool (Strategist),0.04432711063311885,0.04293050415303763
allied,Moon Knight,Luna Snow,-0.0029839494956534545,-0.003711154062661775
allied,Moon Knight,Squirrel Girl,-0.02902549862367947,-0.030776093553218767
allied,Moon Knight,Black Widow,0.0016313690963824523,0.0019095510065910818
allied,Moon Knight,Iron Man,-0.016184760727504587,-0.017772602378255904
allied,Moon Knight,Venom,-0.007251876315814114,-0.008286268573436908
allied,Moon Knight,Spider-man,-0.00267680379565425,-0.00020142564125278528
allied,Moon Knight,Magneto,-0.0017308766644175463,-0.005300634566916692
allied,Moon Knight,Scarlet Witch,-0.019897436983392042,-0.01769828636446042
allied,Moon Knight,Thor,-0.013119055781805564,-0.013984862422102529
allied,Moon Knight,Mister Fantastic,-0.026670550543186795,-0.03274771600127654
allied,Moon Knight,Winter Soldier,-0.005642007810188856,-0.0035128189723116978
allied,Moon Knight,Peni Parker,0.0071473327044683935,0.008386264177488594
allied,Moon Knight,Star-lord,0.014064016962725178,0.01497608639420765
allied,Moon Knight,Blade,0.15791234664408832,0.16865144292694426
allied,Moon Knight,Namor,-0.002574363824084865,0.0013197739562311817
allied,Moon Knight,Adam Warlock,-0.006941621085605346,0.0011671128840871712
allied,Moon Knight,Jeff The Land Shark,0.006511951308149388,0.00617685337795914
allied,Moon Knight,Psylocke,-0.01560798840271556,-0.020216049477240143
allied,Moon Knight,Wolverine,-0.0029994052545400983,-0.006035182170742196
allied,Moon Knight,Invisible Woman,-0.02432118702588965,-0.028191304767785544
allied,Moon Knight,The Thing,-0.018224191390512737,-0.014339394244257375
allied,Moon Knight,Iron Fist,0.00134980471275345,0.007135104762962207
allied,Moon Knight,Emma Frost,-0.004228099182089903,-0.003176534176843257
allied,Moon Knight,Phoenix,0.0006455872400242391,-0.0010196701274740622
allied,Moon Knight,Daredevil,-0.003561244556412279,-0.0028462895971406105
allied,Moon Knight,Angela,0.011890327454454614,0.013328565957732231
allied,Moon Knight,Gambit,-0.009488741131609158,-0.012019261820900648
allied,Moon Knight,Elsa Bloodstone,-0.0027415274337124953,-0.005389687033431275
allied,Moon Knight,White Fox,0.0007942542082658864,-0.0015788228020108533
allied,Moon Knight,Black Cat,0.0008435730387842109,0.0012349043441168557
allied,Moon Knight,Devil Dinosaur,-0.022281747226330757,-0.023165270379566366
allied,Moon Knight,Cyclops,-0.023038667004104965,-0.029222109945479607
allied,Moon Knight,Jubilee,0.008355811549805348,0.009608244164028378
allied,Moon Knight,Rogue,-0.012641353535697706,-0.012322956820356279
allied,Moon Knight,The Hood,-0.008733065371315511,-0.005831405117952907
allied,Moon Knight,Deadpool (Vanguard),0.029039945493152485,0.032660710487368724
allied,Moon Knight,Deadpool (Duelist),0.004664862347508701,0.0017130419260076063
allied,Moon Knight,Deadpool (Strategist),-0.003007370849286238,-0.002674786522580069
allied,Luna Snow,Squirrel Girl,-0.00429985257965832,-0.005940931096601886
allied,Luna Snow,Black Widow,0.010313659693411005,0.013276016333280663
allied,Luna Snow,Iron Man,-0.010669928401976517,-0.01754121964236726
allied,Luna Snow,Venom,0.032272036220773535,0.04369997988152806
allied,Luna Snow,Spider-man,0.021780625323291104,0.021906464476228907
allied,Luna Snow,Magneto,-0.006369379164954718,-0.01521212234339736
allied,Luna Snow,Scarlet Witch,-0.01686182797215203,-0.019145529863202386
allied,Luna Snow,Thor,0.006342405395928161,0.01304466520497603
allied,Luna Snow,Mister Fantastic,-0.02601812733787413,-0.028276067753464154
allied,Luna Snow,Winter Soldier,-0.0035739093423850787,-0.0026843510523142204
allied,Luna Snow,Peni Parker,-0.009239620474371452,-0.007706250651205417
allied,Luna Snow,Star-lord,-0.023315510678687264,-0.02303744775804704
allied,Luna Snow,Blade,-0.01357135017655377,-0.01678319161415765
allied,Luna Snow,Namor,0.005018374743205502,0.013980094382812855
allied,Luna Snow,Adam Warlock,0.011919263009706891,-0.027867572960568965
allied,Luna Snow,Jeff The Land Shark,0.007530443643935647,0.011863918468255845
allied,Luna Snow,Psylocke,0.03500874606529935,0.04482099001276645
allied,Luna Snow,Wolverine,-0.013920355308788929,-0.016108362893031546
allied,Luna Snow,Invisible Woman,-0.024127843411975623,-0.0197763807342849
allied,Luna Snow,The Thing,0.0247613467412078,0.018799978065552336
allied,Luna Snow,Iron Fist,-0.016785267010843524,-0.024957835900203795
allied,Luna Snow,Emma Frost,0.01947136563310121,0.018719356007355192
allied,Luna Snow,Phoenix,0.009379120850619673,0.01914642923059607
allied,Luna Snow,Daredevil,0.05296458186804582,0.05736792956486573
allied,Luna Snow,Angela,0.013580755530526133,0.0156888355632684
allied,Luna Snow,Gambit,-0.03455185240156119,-0.03286886964148661
allied,Luna Snow,Elsa Bloodstone,0.003871655361876782,0.007452231151239081
allied,Luna Snow,White Fox,0.10123332104588684,0.10807105361087252
allied,Luna Snow,Black Cat,0.029587469444298548,0.030275503824877006
allied,Luna Snow,Devil Dinosaur,-0.006534978074999243,-0.007445069580885437
allied,Luna Snow,Cyclops,-0.00569927472995457,0.003689008412179072
allied,Luna Snow,Jubilee,-0.019603195272930612,-0.01585637032074943
allied,Luna Snow,Rogue,-0.035329511868044075,-0.03713274739937458
allied,Luna Snow,The Hood,-0.02475638798918333,-0.025243092599318985
allied,Luna Snow,Deadpool (Vanguard),-0.014776151928069815,-0.010497029915770714
allied,Luna Snow,Deadpool (Duelist),-0.02040962616235914,-0.019328229243215228
allied,Luna Snow,Deadpool (Strategist),-0.006746992072301089,-0.016113362366116293
allied,Squirrel Girl,Black Widow,0.004229673976021328,0.004815163189446345
allied,Squirrel Girl,Iron Man,0.132982716994374,0.14389673782731344
allied,Squirrel Girl,Venom,0.008077234342278937,0.009255333233877023
allied,Squirrel Girl,Spider-man,0.030449369164450204,0.03577197324636279
allied,Squirrel Girl,Magneto,-0.004048111576394774,-0.007393016154873263
allied,Squirrel Girl,Scarlet Witch,0.009151004311990762,0.013858113583928671
allied,Squirrel Girl,Thor,0.004063566819735534,0.00561902602558629
allied,Squirrel Girl,Mister Fantastic,-0.004097479377130309,-0.008205436976973712
allied,Squirrel Girl,Winter Soldier,-0.029751211892050336,-0.02953678049655362
allied,Squirrel Girl,Peni Parker,0.008277936624945031,0.010130076894872176
allied,Squirrel Girl,Star-lord,-0.01610256670106897,-0.017609228693183737
allied,Squirrel Girl,Blade,0.02113731765794367,0.020587859866382816
allied,Squirrel Girl,Namor,-0.01714614224610276,-0.014373248093268166
allied,Squirrel Girl,Adam Warlock,-0.007877477741923797,-0.0006351119187057231
allied,Squirrel Girl,Jeff The Land Shark,0.0034450146009469694,0.0019771635179217837
allied,Squirrel Girl,Psylocke,-0.00850216899200085,-0.012427897554323535
allied,Squirrel Girl,Wolverine,0.015898821216532192,0.014526505079953744
allied,Squirrel Girl,Invisible Woman,-0.0012239723710339764,-0.0029563243455075455
allied,Squirrel Girl,The Thing,0.007953774700656974,0.015273049459748998
allied,Squirrel Girl,Iron Fist,-0.01896433975800084,-0.014778048190528406
allied,Squirrel Girl,Emma Frost,0.015656831079183982,0.019434042738405394
allied,Squirrel Girl,Phoenix,0.002360437712547369,0.0009289842415934261
allied,Squirrel Girl,Daredevil,-0.004358946772619451,-0.0036192323005057856
allied,Squirrel Girl,Angela,-0.012069216765406773,-0.012843857579930614
allied,Squirrel Girl,Gambit,0.00088111191188919,-0.0011025632113996421
allied,Squirrel Girl,Elsa Bloodstone,0.016618757977689854,0.015672502461430184
allied,Squirrel Girl,White Fox,-0.00929085044256408,-0.013673951598629202
allied,Squirrel Girl,Black Cat,-0.007398521024889618,-0.0076018036084242015
allied,Squirrel Girl,Devil Dinosaur,0.015419735807549531,0.019268668823884463
allied,Squirrel Girl,Cyclops,-0.03280258208430479,-0.039707254423121625
allied,Squirrel Girl,Jubilee,0.023723754539979536,0.026147793963539705
allied,Squirrel Girl,Rogue,-0.021211577775658134,-0.02137264796279965
allied,Squirrel Girl,The Hood,0.000335970468522585,0.004745003553665265
allied,Squirrel Girl,Deadpool (Vanguard),-0.01235880097763404,-0.012915221049263024
allied,Squirrel Girl,Deadpool (Duelist),0.0036946512394189493,0.0007532375909552208
allied,Squirrel Girl,Deadpool (Strategist),0.026868503128837845,0.03018618563837489
allied,Black Widow,Iron Man,-0.0004643573940967594,-0.0011750077048393384
allied,Black Widow,Venom,-0.011714829683608766,-0.014250048975353119
allied,Black Widow,Spider-man,-0.02169553833412656,-0.02123326511065678
allied,Black Widow,Magneto,0.007317994547000649,0.003769345895401171
allied,Black Widow,Scarlet Witch,-0.022941161390813,-0.021425994859909595
allied,Black Widow,Thor,0.011751351341047088,0.01268875002958609
allied,Black Widow,Mister Fantastic,0.01808529891957798,0.01530107391945948
allied,Black Widow,Winter Soldier,-0.014340195394951048,-0.013365441981456897
allied,Black Widow,Peni Parker,-0.007100477766062727,-0.008464513824999785
allied,Black Widow,Star-lord,-0.0062067582028400015,-0.007411963482463346
allied,Black Widow,Blade,-0.003220809330308695,-0.006318737841853371
allied,Black Widow,Namor,-0.04236795180668544,-0.04221538676385255
allied,Black Widow,Adam Warlock,-0.01772269631781141,-0.00893423669389973
allied,Black Widow,Jeff The Land Shark,-0.029211841133669793,-0.03198505306084252
allied,Black Widow,Psylocke,-0.010961440072621053,-0.015613654543412568
allied,Black Widow,Wolverine,0.026519032556122032,0.02550844344843623
allied,Black Widow,Invisible Woman,0.03423602125878443,0.03971291461071772
allied,Black Widow,The Thing,-0.011259806560080547,-0.00758869121133328
allied,Black Widow,Iron Fist,-0.008572330390843494,-0.004043298198584796
allied,Black Widow,Emma Frost,0.01762271334228301,0.020137364504558837
allied,Black Widow,Phoenix,0.035133004858046456,0.03590635441903681
allied,Black Widow,Daredevil,0.03231842788711362,0.03558782537635585
allied,Black Widow,Angela,0.007862695226425553,0.007849140120665099
allied,Black Widow,Gambit,0.030815185586870172,0.03535001579563352
allied,Black Widow,Elsa Bloodstone,-0.012878608103690119,-0.01680091903248183
allied,Black Widow,White Fox,-0.02733154539966795,-0.0311929873026915
allied,Black Widow,Black Cat,0.01936028263647031,0.020861457962999642
allied,Black Widow,Devil Dinosaur,0.009443338616960307,0.0111351137253573
allied,Black Widow,Cyclops,0.026648934042019613,0.02416875329035174
allied,Black Widow,Jubilee,-0.016248288262162663,-0.016044008066190715
allied,Black Widow,Rogue,-0.014542331655779282,-0.015436187839514809
allied,Black Widow,The Hood,-0.006322977567363711,-0.004147983117239138
allied,Black Widow,Deadpool (Vanguard),-0.014126357327423145,-0.016365862574921924
allied,Black Widow,Deadpool (Duelist),0.012810569642327952,0.010105725850425025
allied,Black Widow,Deadpool (Strategist),-0.007638252722759446,-0.0058571685719925074
allied,Iron Man,Venom,-0.006674171694990779,-0.001802162538349668
allied,Iron Man,Spider-man,0.037323086441669456,0.04231198768687291
allied,Iron Man,Magneto,-0.019196160152242264,-0.018891831235132918
allied,Iron Man,Scarlet Witch,-0.013026227315882245,-0.011069859829557145
allied,Iron Man,Thor,0.03890912519679336,0.049744965934136125
allied,Iron Man,Mister Fantastic,0.018059850724784655,0.014889786875246804
allied,Iron Man,Winter Soldier,-0.017827121735656714,-0.017526202153321818
allied,Iron Man,Peni Parker,0.004674982308718361,0.011476765043036784
allied,Iron Man,Star-lord,-0.002035923214738465,-0.003277836582964307
allied,Iron Man,Blade,0.02071833849205213,0.019228425519715327
allied,Iron Man,Namor,-0.005493627486421545,-0.0026568402197552476
allied,Iron Man,Adam Warlock,0.012049931307184797,0.01734927001588404
allied,Iron Man,Jeff The Land Shark,0.01400587507702699,0.009424178307854402
allied,Iron Man,Psylocke,0.024873607941341528,0.02281914790569916
allied,Iron Man,Wolverine,-0.002875975017398626,-0.00671595031481389
allied,Iron Man,Invisible Woman,0.005126068640787316,-0.00024648145286599785
allied,Iron Man,The Thing,0.01311888062243636,0.02637540902657419
allied,Iron Man,Iron Fist,-0.036241249875836413,-0.034397993344341675
allied,Iron Man,Emma Frost,-0.0058296084612826544,0.0008828970519074027
allied,Iron Man,Phoenix,-0.008627390675404427,-0.011878627582409733
allied,Iron Man,Daredevil,-0.011355422815808515,-0.012103411264661952
allied,Iron Man,Angela,-0.0035264861416250963,0.0020165734273092147
allied,Iron Man,Gambit,0.002808718455486568,-0.0033679590955099973
allied,Iron Man,Elsa Bloodstone,0.007047024163908587,0.004398804280168544
allied,Iron Man,White Fox,-0.018728178352200295,-0.028724898742627347
allied,Iron Man,Black Cat,0.007537025964719965,0.007670784776547127
allied,Iron Man,Devil Dinosaur,-0.01564668573058599,-0.009941522766613248
allied,Iron Man,Cyclops,-0.028256162982046033,-0.03568816936572871
allied,Iron Man,Jubilee,0.007447175039885989,0.003402688780277058
allied,Iron Man,Rogue,0.00542147575433737,0.0136157522120682
allied,Iron Man,The Hood,-0.04532682418455222,-0.0407056581235094
allied,Iron Man,Deadpool (Vanguard),-0.01138955696616968,-0.006481334212321308
allied,Iron Man,Deadpool (Duelist),0.007024267973165617,0.00345428232277584
allied,Iron Man,Deadpool (Strategist),0.012386591228137863,0.009460081504430002
allied,Venom,Spider-man,-0.0022701617340170656,-0.004469766030116131
allied,Venom,Magneto,0.006050030199053754,0.020044380954494685
allied,Venom,Scarlet Witch,-0.001577719001723269,-0.007760069003502663
allied,Venom,Thor,0.018527520025736186,0.012580295592644834
allied,Venom,Mister Fantastic,-0.025353272718514376,-0.021973631827343767
allied,Venom,Winter Soldier,-0.00893459130561508,-0.015085215165204552
allied,Venom,Peni Parker,-0.013956460217621609,-0.02225336141399211
allied,Venom,Star-lord,0.0013337853973046441,-0.00034628773383840224
allied,Venom,Blade,-0.009337199918618566,-0.004507428591725967
allied,Venom,Namor,-0.010863445115605639,-0.025821964221551884
allied,Venom,Adam Warlock,-0.0221283079692079,-0.010937815070491387
allied,Venom,Jeff The Land Shark,0.0350853634799682,0.041871360749654835
allied,Venom,Psylocke,0.0031863053720345936,0.005031155699300642
allied,Venom,Wolverine,-0.014463714862126274,-0.010461827668220241
allied,Venom,Invisible Woman,-0.02776921041809134,-0.03621306510449201
allied,Venom,The Thing,0.012983602736768662,0.010178632619651143
allied,Venom,Iron Fist,0.008620948199157041,0.005520935861803941
allied,Venom,Emma Frost,0.015276231745960716,0.016325273947341547
allied,Venom,Phoenix,0.039020877637956405,0.03946357300126208
allied,Venom,Daredevil,0.018140006389787335,0.020810407890465468
allied,Venom,Angela,-0.0008562551140631086,-0.003186768111860822
allied,Venom,Gambit,0.0009396864071444157,-0.0015020184100465617
allied,Venom,Elsa Bloodstone,0.04106890451042076,0.04765891429154276
allied,Venom,White Fox,-0.0014987601580247172,0.013447605081257306
allied,Venom,Black Cat,-0.01740305170106553,-0.01687133073039198
allied,Venom,Devil Dinosaur,-0.009179650085215776,-0.01639218004747068
allied,Venom,Cyclops,0.007845380883649085,0.00786029559480074
allied,Venom,Jubilee,-0.026250501742246607,-0.03529599281129886
allied,Venom,Rogue,0.022445536769469258,0.016510275002170137
allied,Venom,The Hood,0.01064093623879581,-0.0014854484751919998
allied,Venom,Deadpool (Vanguard),-0.010755227515248588,-0.021954664088761552
allied,Venom,Deadpool (Duelist),0.007244983176682899,0.011145194429280548
allied,Venom,Deadpool (Strategist),0.018779108228712413,0.027322150034286695
allied,Spider-man,Magneto,0.005518099905673916,0.0010385083754679242
allied,Spider-man,Scarlet Witch,0.0030724543602557576,0.009307589950458377
allied,Spider-man,Thor,-0.01617869359097079,-0.01911546899509967
allied,Spider-man,Mister Fantastic,0.0063960066667013244,0.005194868779953777
allied,Spider-man,Winter Soldier,-0.009619405144608146,-0.0056962457534751754
allied,Spider-man,Peni Parker,0.04611679068708283,0.05001879990029026
allied,Spider-man,Star-lord,-0.016508578857037805,-0.016015259386280116
allied,Spider-man,Blade,0.0016784250748677985,0.0015437490946440969
allied,Spider-man,Namor,-0.01078386255506604,-0.00544786505768813
allied,Spider-man,Adam Warlock,0.012229683829089216,0.020492302780696605
allied,Spider-man,Jeff The Land Shark,0.012348295677896387,0.01050021266150257
allied,Spider-man,Psylocke,-0.012151424702036144,-0.014347009665184703
allied,Spider-man,Wolverine,0.016321814321771703,0.017018452885798247
allied,Spider-man,Invisible Woman,-0.01486643271336532,-0.019797234298617617
allied,Spider-man,The Thing,0.01910569719877388,0.02546889531289108
allied,Spider-man,Iron Fist,-0.032640055402288835,-0.0275578217021721
allied,Spider-man,Emma Frost,-0.006088271742235868,-0.006972570898596436
allied,Spider-man,Phoenix,0.025442792771109488,0.027965552915276973
allied,Spider-man,Daredevil,-0.027297805015666452,-0.026432841875125235
allied,Spider-man,Angela,-0.0628294441351827,-0.07153378287100995
allied,Spider-man,Gambit,0.004619745116673988,0.0016102570759959451
allied,Spider-man,Elsa Bloodstone,0.017773545324239498,0.018957129789461822
allied,Spider-man,White Fox,-0.0053612529494730604,-0.010746296486889115
allied,Spider-man,Black Cat,-0.055575630236118,-0.05775348663177772
allied,Spider-man,Devil Dinosaur,0.03229702093204864,0.03583476704978698
allied,Spider-man,Cyclops,0.004596806746488906,0.00283752523264317
allied,Spider-man,Jubilee,0.011734712953213952,0.011166980110441111
allied,Spider-man,Rogue,-0.00594308081615001,-0.006596547557834918
allied,Spider-man,The Hood,-0.017999049513390146,-0.01786742450641244
allied,Spider-man,Deadpool (Vanguard),-0.002910228540020335,-0.004614586115087411
allied,Spider-man,Deadpool (Duelist),0.033402545489450264,0.03496659031683821
allied,Spider-man,Deadpool (Strategist),0.026662052094486393,0.02846078615674219
allied,Magneto,Scarlet Witch,-0.008617132157960665,-0.018749619576904852
allied,Magneto,Thor,0.01711894560156881,0.03171581093259593
allied,Magneto,Mister Fantastic,-0.0037453428857526015,-0.001089078250897976
allied,Magneto,Winter Soldier,0.008108279161252887,0.0007200827980901592
allied,Magneto,Peni Parker,-0.008637201782873994,0.004724657317711963
allied,Magneto,Star-lord,0.005019215396744972,0.0005970228961920415
allied,Magneto,Blade,-0.010926781688800015,-0.009433293144928545
allied,Magneto,Namor,-0.004924427430216941,-0.02237122773215581
allied,Magneto,Adam Warlock,0.024976443004574234,0.029676882943300613
allied,Magneto,Jeff The Land Shark,0.01253534124423308,0.001636768430971452
allied,Magneto,Psylocke,-0.016593344882190376,-0.020133658678181125
allied,Magneto,Wolverine,0.032784294054179146,0.03895083587755296
allied,Magneto,Invisible Woman,0.0067004605251833205,-0.010264084983253326
allied,Magneto,The Thing,0.014098562349676104,0.03225578231051193
allied,Magneto,Iron Fist,0.014481242776267849,0.008884082079627091
allied,Magneto,Emma Frost,-0.02862689561062761,-0.014074281290736514
allied,Magneto,Phoenix,0.003400236500256292,-0.0033265196943719714
allied,Magneto,Daredevil,0.026834983645918152,0.027327527968187257
allied,Magneto,Angela,-0.014960031479380137,0.0011501982197678956
allied,Magneto,Gambit,0.03351486271210218,0.022247994720288582
allied,Magneto,Elsa Bloodstone,0.019218987656275686,0.020190643944369677
allied,Magneto,White Fox,-0.005411554243075293,-0.005154490276810089
allied,Magneto,Black Cat,0.030976411655779065,0.03380023130004706
allied,Magneto,Devil Dinosaur,-0.017009863204977296,-0.004742243542028733
allied,Magneto,Cyclops,-0.021431717183863136,-0.027871734069442947
allied,Magneto,Jubilee,0.024177496933129636,0.009176046284700588
allied,Magneto,Rogue,0.027137661029569073,0.042757255672302506
allied,Magneto,The Hood,-0.02962000021390491,-0.027639372896312322
allied,Magneto,Deadpool (Vanguard),-0.01154681686066184,-0.0020999412901444047
allied,Magneto,Deadpool (Duelist),-0.009736914854171028,-0.01090673629307685
allied,Magneto,Deadpool (Strategist),-0.013569324683845339,-0.024285597534280105
allied,Scarlet Witch,Thor,0.011581484842949536,0.007710802095136724
allied,Scarlet Witch,Mister Fantastic,-0.00480970228483372,-0.00578662601059904
allied,Scarlet Witch,Winter Soldier,0.016642723566844538,0.02390742121252032
allied,Scarlet Witch,Peni Parker,0.007632044058954969,0.003138492281379626
allied,Scarlet Witch,Star-lord,-0.005575657344154495,-0.0030161896577749706
allied,Scarlet Witch,Blade,-6.600019729277298e-05,0.0008107167855897109
allied,Scarlet Witch,Namor,-0.0007918725464914748,0.006531987665349784
allied,Scarlet Witch,Adam Warlock,0.008992899101932145,0.019271685580587127
allied,Scarlet Witch,Jeff The Land Shark,-0.013419083375314562,-0.016067323155417524
allied,Scarlet Witch,Psylocke,-0.0027742812048793686,-0.00303315868331454
allied,Scarlet Witch,Wolverine,0.016242448994046997,0.018089013508556788
allied,Scarlet Witch,Invisible Woman,-0.015095808379839653,-0.017634516305459015
allied,Scarlet Witch,The Thing,0.012535099502985292,0.014097462192874426
allied,Scarlet Witch,Iron Fist,0.02459144578128828,0.03559186952562858
allied,Scarlet Witch,Emma Frost,-0.0074097319100044304,-0.012503617483316088
allied,Scarlet Witch,Phoenix,-0.02461945456188192,-0.025105344250069373
allied,Scarlet Witch,Daredevil,0.01981207950395068,0.025753114182273985
allied,Scarlet Witch,Angela,0.014370030563654488,0.010300496426070754
allied,Scarlet Witch,Gambit,-0.02711131917500238,-0.03166642463419775
allied,Scarlet Witch,Elsa Bloodstone,-0.03441610096251251,-0.03641816592259801
allied,Scarlet Witch,White Fox,-0.012239227687955802,-0.01606325244973997
allied,Scarlet Witch,Black Cat,0.02347252891248835,0.029028008503742625
allied,Scarlet Witch,Devil Dinosaur,0.01922815618671089,0.01723311921804666
allied,Scarlet Witch,Cyclops,-0.023548023515365793,-0.026492425761247895
allied,Scarlet Witch,Jubilee,0.06306068801620862,0.07132946767425234
allied,Scarlet Witch,Rogue,-0.0008544066342007629,-0.00499543916553338
allied,Scarlet Witch,The Hood,-0.0325041859779988,-0.03806712191591296
allied,Scarlet Witch,Deadpool (Vanguard),0.009114993923443667,0.0047043850629654325
allied,Scarlet Witch,Deadpool (Duelist),-0.022529985915952063,-0.02446299855574365
allied,Scarlet Witch,Deadpool (Strategist),6.075754033462268e-05,0.0009550954012636787
allied,Thor,Mister Fantastic,-0.015433322754784564,-0.01010687562370963
allied,Thor,Winter Soldier,0.003593185929254286,-0.00031689290439591497
allied,Thor,Peni Parker,0.0023047759342508744,-0.004529344526876588
allied,Thor,Star-lord,-0.0030692165717441486,-0.004415782993872771
allied,Thor,Blade,0.009889029754140853,0.01771384212332847
allied,Thor,Namor,0.014395952527334667,0.0031120345921928274
allied,Thor,Adam Warlock,0.010837793090126314,0.02676798761852219
allied,Thor,Jeff The Land Shark,-0.0022215998629589308,-0.00198978631395637
allied,Thor,Psylocke,-0.0031839914286108722,-0.0012272252936915628
allied,Thor,Wolverine,0.0055058807581834755,0.012586539774191021
allied,Thor,Invisible Woman,0.012063501534657736,0.009462910942949525
allied,Thor,The Thing,-0.026931497382701876,-0.037581008750360995
allied,Thor,Iron Fist,-0.0073443684924823,-0.011413222757156723
allied,Thor,Emma Frost,-0.005691451723075585,-0.009347733812401102
allied,Thor,Phoenix,-0.0024937184426192024,-0.005897668454289755
allied,Thor,Daredevil,-0.003305670266968168,-0.002221403986385432
allied,Thor,Angela,-0.005639925461923949,-0.00999438779544036
allied,Thor,Gambit,-0.01966830520005319,-0.025980430423257424
allied,Thor,Elsa Bloodstone,-0.013949764028112861,-0.012727462728495322
allied,Thor,White Fox,-0.02180319410876024,-0.010678463223560067
allied,Thor,Black Cat,-0.03572093866004859,-0.03642304692702904
allied,Thor,Devil Dinosaur,0.0046130443221562905,-0.001545694069624874
allied,Thor,Cyclops,-0.015216811270169713,-0.01697011182136509
allied,Thor,Jubilee,-0.004507617145538115,-0.010617137802118714
allied,Thor,Rogue,-0.008335658907809655,-0.020602152313926328
allied,Thor,The Hood,0.020712350598920112,0.009023214015625346
allied,Thor,Deadpool (Vanguard),-1.9358571404628854e-05,-0.01067145986425916
allied,Thor,Deadpool (Duelist),-0.017830858733729842,-0.015925674941337335
allied,Thor,Deadpool (Strategist),-0.0008322151672259946,0.004000585052001685
allied,Mister Fantastic,Winter Soldier,-0.0053716158322935385,-0.007651304253472486
allied,Mister Fantastic,Peni Parker,-0.011262913315952458,-0.0056447367005304575
allied,Mister Fantastic,Star-lord,-0.01487253569162352,-0.020799361312599858
allied,Mister Fantastic,Blade,-0.004247966863281757,-0.011431982535855997
allied,Mister Fantastic,Namor,0.008534318182871673,0.008921324434549507
allied,Mister Fantastic,Adam Warlock,0.008393167253133691,0.019767286146864467
allied,Mister Fantastic,Jeff The Land Shark,0.001962623483253717,0.0024073959566473903
allied,Mister Fantastic,Psylocke,0.015350285457043648,0.008886578896034029
allied,Mister Fantastic,Wolverine,-0.00034655440816016886,-0.0075929880055604524
allied,Mister Fantastic,Invisible Woman,-0.004363842345707898,-0.00439075562088519
allied,Mister Fantastic,The Thing,-0.003999516096452344,0.007940437658945839
allied,Mister Fantastic,Iron Fist,0.01815847455658408,0.020910882066182544
allied,Mister Fantastic,Emma Frost,0.0001615492639341641,0.008160479392693163
allied,Mister Fantastic,Phoenix,-0.011923076586684268,-0.019065420656181716
allied,Mister Fantastic,Daredevil,0.009127004628287565,0.006466248048109264
allied,Mister Fantastic,Angela,0.007287430320865368,0.014660137330171422
allied,Mister Fantastic,Gambit,0.018545988290933565,0.020868345161155797
allied,Mister Fantastic,Elsa Bloodstone,-0.001727586366206443,-0.008722759940725716
allied,Mister Fantastic,White Fox,0.003796719025444259,0.0031474864990106966
allied,Mister Fantastic,Black Cat,0.0036898299195983098,-0.00011340407420230982
allied,Mister Fantastic,Devil Dinosaur,-0.018119829867382913,-0.012081638926144972
allied,Mister Fantastic,Cyclops,-0.0028224882639940998,-0.011755319005808514
allied,Mister Fantastic,Jubilee,0.00281036628036683,0.004718154617605924
allied,Mister Fantastic,Rogue,0.041686414981928814,0.05457707496071583
allied,Mister Fantastic,The Hood,-0.033401656477622936,-0.026825674566807293
allied,Mister Fantastic,Deadpool (Vanguard),-0.018865791417149207,-0.014188075584061701
allied,Mister Fantastic,Deadpool (Duelist),0.023172037984376163,0.017328640704245446
allied,Mister Fantastic,Deadpool (Strategist),-0.003345571290885194,-0.0017067256376830148
allied,Winter Soldier,Peni Parker,0.002594341742502949,-0.0016062587019895283
allied,Winter Soldier,Star-lord,-0.019217343665375954,-0.019048877769187025
allied,Winter Soldier,Blade,-0.007941434929254646,-0.008975967604336362
allied,Winter Soldier,Namor,-0.018154929309147687,-0.013531688908224397
allied,Winter Soldier,Adam Warlock,-0.022336885463459796,-0.014462051703078457
allied,Winter Soldier,Jeff The Land Shark,-0.008695079627210481,-0.009240548586400082
allied,Winter Soldier,Psylocke,0.002739605787136926,0.0016834702181725372
allied,Winter Soldier,Wolverine,-0.0044413720415601285,-0.005571714925477822
allied,Winter Soldier,Invisible Woman,0.036326820921201236,0.04172821201061234
allied,Winter Soldier,The Thing,0.016395092166996257,0.019252619086119305
allied,Winter Soldier,Iron Fist,-0.01327555925738889,-0.006681683820531507
allied,Winter Soldier,Emma Frost,-8.993575236081696e-06,-0.003408894665190053
allied,Winter Soldier,Phoenix,-0.03400832976170187,-0.036531387354779316
allied,Winter Soldier,Daredevil,0.015912004574937747,0.020272539530902207
allied,Winter Soldier,Angela,-0.01644213283530372,-0.02312188295953743
allied,Winter Soldier,Gambit,-0.0075634324434335565,-0.008162781708782464
allied,Winter Soldier,Elsa Bloodstone,0.06263971035489219,0.06745667540814979
allied,Winter Soldier,White Fox,-0.006934026472131763,-0.008582630729537577
allied,Winter Soldier,Black Cat,0.02171583441354244,0.025869143534219444
allied,Winter Soldier,Devil Dinosaur,-0.027558477569494217,-0.03396305273537745
allied,Winter Soldier,Cyclops,-0.013606547717913716,-0.016979832665712777
allied,Winter Soldier,Jubilee,-0.0012127341431483764,0.0005341380973760684
allied,Winter Soldier,Rogue,0.01720101392004979,0.01595408117701654
allied,Winter Soldier,The Hood,0.013797903689976826,0.01431069785262227
allied,Winter Soldier,Deadpool (Vanguard),0.007524553346351093,0.003795186289597859
allied,Winter Soldier,Deadpool (Duelist),0.015852604472376443,0.015857009864628815
allied,Winter Soldier,Deadpool (Strategist),-0.001122190643443012,0.0011365490469141908
allied,Peni Parker,Star-lord,-0.019860376530861236,-0.023276269362367832
allied,Peni Parker,Blade,-0.0018698124195074464,0.0044525005436104916
allied,Peni Parker,Namor,-0.0049266633259158945,-0.018565044185983714
allied,Peni Parker,Adam Warlock,0.013708272121789532,0.02743515780926189
allied,Peni Parker,Jeff The Land Shark,-0.02286165686567198,-0.028611631163117695
allied,Peni Parker,Psylocke,-0.031385650303199314,-0.03278345908187316
allied,Peni Parker,Wolverine,-0.002660261422779534,0.003322570439081674
allied,Peni Parker,Invisible Woman,0.015943683171423036,0.011302057371754137
allied,Peni Parker,The Thing,-0.005503185006040029,-0.009570158975081554
allied,Peni Parker,Iron Fist,0.029534659924437115,0.029441747721311903
allied,Peni Parker,Emma Frost,0.014855098683837425,0.017635263252579404
allied,Peni Parker,Phoenix,-0.012131025217807073,-0.01679851048352292
allied,Peni Parker,Daredevil,0.01811484422362807,0.02143384632680603
allied,Peni Parker,Angela,-0.0029059109384978656,-0.0037751159910925456
allied,Peni Parker,Gambit,-0.03645573973144427,-0.04813048133249146
allied,Peni Parker,Elsa Bloodstone,-0.007680133301148301,-0.005929651767696247
allied,Peni Parker,White Fox,-0.008099885012414243,0.0025625275779721426
allied,Peni Parker,Black Cat,0.013817395425489988,0.018517140023392234
allied,Peni Parker,Devil Dinosaur,0.015066087411748077,0.013671498607708995
allied,Peni Parker,Cyclops,-0.018818824742650966,-0.021155861027531826
allied,Peni Parker,Jubilee,-0.00397915525234243,-0.012668380361385975
allied,Peni Parker,Rogue,-0.007812420672450145,-0.016959939259573276
allied,Peni Parker,The Hood,0.03156181725096333,0.024702509898893724
allied,Peni Parker,Deadpool (Vanguard),0.007886679464394199,0.0015767387562864675
allied,Peni Parker,Deadpool (Duelist),-0.03694819947588122,-0.03737435696128538
allied,Peni Parker,Deadpool (Strategist),-0.008290799435183696,-0.0073213360871757565
allied,Star-lord,Blade,-0.006222434238072012,-0.009970606723148468
allied,Star-lord,Namor,-0.013424101954828986,-0.011263917385527516
allied,Star-lord,Adam Warlock,0.014080962429304367,0.02836423197388837
allied,Star-lord,Jeff The Land Shark,0.0128010582743429,0.01679881135045461
allied,Star-lord,Psylocke,0.01569843420041796,0.012863812487937418
allied,Star-lord,Wolverine,0.020891749735450677,0.019012461915879145
allied,Star-lord,Invisible Woman,-0.0523856696641999,-0.0562171351003568
allied,Star-lord,The Thing,0.002415238632041972,0.00701205957699377
allied,Star-lord,Iron Fist,0.00948957232519541,0.015120846042222674
allied,Star-lord,Emma Frost,-0.03080303138150802,-0.03435754381685309
allied,Star-lord,Phoenix,-0.0036224344114919997,-0.006474046178933117
allied,Star-lord,Daredevil,0.0162107595669942,0.017739490270796618
allied,Star-lord,Angela,0.01853842940396651,0.01911274541199893
allied,Star-lord,Gambit,0.007730830944335513,0.010899469400064879
allied,Star-lord,Elsa Bloodstone,-0.0014105080693401467,-0.004779181856479812
allied,Star-lord,White Fox,-0.039087004243312476,-0.04289852592450874
allied,Star-lord,Black Cat,0.012838653019449574,0.013396719980636912
allied,Star-lord,Devil Dinosaur,0.01709619210304576,0.01903534901658267
allied,Star-lord,Cyclops,0.009972829537420852,0.005704688109764493
allied,Star-lord,Jubilee,-0.02572377955112207,-0.0251845831889872
allied,Star-lord,Rogue,0.016019973255842663,0.01795395906528825
allied,Star-lord,The Hood,-0.01579625120025152,-0.015302916735860391
allied,Star-lord,Deadpool (Vanguard),-0.02032219010898342,-0.02387419304852216
allied,Star-lord,Deadpool (Duelist),0.010978720670888958,0.0077209582633564365
allied,Star-lord,Deadpool (Strategist),-0.018441251352885095,-0.01649118945360101
allied,Blade,Namor,-0.018627730150926274,-0.019041641625656032
allied,Blade,Adam Warlock,0.0016319101414924919,0.009651123729089212
allied,Blade,Jeff The Land Shark,-0.019434547902352023,-0.02417417001933797
allied,Blade,Psylocke,-0.009561298963812536,-0.01663868465367299
allied,Blade,Wolverine,-0.01766196888156741,-0.02489008026819078
allied,Blade,Invisible Woman,0.011574163060721693,0.011029752294169195
allied,Blade,The Thing,-0.024046292585676258,-0.014718232627671224
allied,Blade,Iron Fist,-0.020770729315275696,-0.019798266872851567
allied,Blade,Emma Frost,-0.026752156721851696,-0.022138593218395293
allied,Blade,Phoenix,-0.004065564495736238,-0.009095198864302415
allied,Blade,Daredevil,-0.0009166523994525828,-0.00295407654937447
allied,Blade,Angela,-0.007984348653863918,-0.002685692315318374
allied,Blade,Gambit,-0.002672735167689324,-0.005512466896973858
allied,Blade,Elsa Bloodstone,-0.0057494100812659635,-0.011620234693913793
allied,Blade,White Fox,0.0018252950628695908,-0.001580113626064709
allied,Blade,Black Cat,-0.02178001878354636,-0.02624337949448422
allied,Blade,Devil Dinosaur,-0.006121391711473909,0.0009143938951468461
allied,Blade,Cyclops,0.020579389328947758,0.0150525594978305
allied,Blade,Jubilee,-0.019273564756675982,-0.022636015966246145
allied,Blade,Rogue,0.005628347422775776,0.01410364400563368
allied,Blade,The Hood,-0.006513225814859713,0.002737520247000894
allied,Blade,Deadpool (Vanguard),0.014792044834152397,0.022907012810400456
allied,Blade,Deadpool (Duelist),-0.005199194029026613,-0.011944113117708047
allied,Blade,Deadpool (Strategist),0.003515820884302432,0.003502592392224161
allied,Namor,Adam Warlock,-0.010640198517438184,0.005694846950033531
allied,Namor,Jeff The Land Shark,-0.016308957450150905,-0.010808035298370383
allied,Namor,Psylocke,0.020147001529908993,0.022048882249538278
allied,Namor,Wolverine,-0.010024527529221094,-0.010109667986917143
allied,Namor,Invisible Woman,0.029658552890535612,0.04122453631495118
allied,Namor,The Thing,0.0067702678993158474,-4.695424320711974e-05
allied,Namor,Iron Fist,-0.03306733614173181,-0.02661041557885672
allied,Namor,Emma Frost,0.02666241706135789,0.017676079083041557
allied,Namor,Phoenix,-0.00677622646062076,-0.00552385209625322
allied,Namor,Daredevil,0.016070930223438175,0.021954408756152906
allied,Namor,Angela,0.003719918221327699,-0.009279465886813604
allied,Namor,Gambit,-0.05472242805561203,-0.054218525933645574
allied,Namor,Elsa Bloodstone,-0.020894748651618184,-0.02151812962490721
allied,Namor,White Fox,0.005345152851358836,0.01222957184822702
allied,Namor,Black Cat,0.01711405632630246,0.022394218472916127
allied,Namor,Devil Dinosaur,0.0015149953281234914,-0.010205454768149642
allied,Namor,Cyclops,0.006979629562324528,0.006828835527036326
allied,Namor,Jubilee,-0.016180918768906184,-0.009306943767763795
allied,Namor,Rogue,-0.002337083219078752,-0.014375369935102451
allied,Namor,The Hood,0.01078134066489485,0.0023637228838792696
allied,Namor,Deadpool (Vanguard),0.02907558430052764,0.01918303429228261
allied,Namor,Deadpool (Duelist),-0.011440586770931233,-0.012197253927327022
allied,Namor,Deadpool (Strategist),0.0020468580444138905,0.011699854659590876
allied,Adam Warlock,Jeff The Land Shark,-0.004265133855881668,-0.03813970399487978
allied,Adam Warlock,Psylocke,-0.02647887926104048,-0.01502194099392104
allied,Adam Warlock,Wolverine,0.005997202761337117,0.01562953742130508
allied,Adam Warlock,Invisible Woman,0.03791918905951403,0.01870907486736882
allied,Adam Warlock,The Thing,0.003033689235724788,0.002085837300897141
allied,Adam Warlock,Iron Fist,-0.03161114324483936,-0.03230629917800429
allied,Adam Warlock,Emma Frost,-0.018341050349971685,-0.016664593704502545
allied,Adam Warlock,Phoenix,-0.03427950541333814,-0.020638877830911655
allied,Adam Warlock,Daredevil,-0.01651009417955487,-0.011460433503240232
allied,Adam Warlock,Angela,-0.006880003551875099,0.0004452018968331246
allied,Adam Warlock,Gambit,0.014181400312516076,-0.010337943501194853
allied,Adam Warlock,Elsa Bloodstone,-0.042679395243016824,-0.035587053293821405
allied,Adam Warlock,White Fox,0.002388876639556998,-0.04624732671543927
allied,Adam Warlock,Black Cat,-0.02699832055180528,-0.02405286243529498
allied,Adam Warlock,Devil Dinosaur,-0.0247810438834026,-0.020118077125716033
allied,Adam Warlock,Cyclops,-0.045513572773829045,-0.03177142940173489
allied,Adam Warlock,Jubilee,0.04072526717222139,0.020569641860912882
allied,Adam Warlock,Rogue,-0.0014884087734998701,0.010652566103858962
allied,Adam Warlock,The Hood,-0.025081494172428297,-0.017114986293519305
allied,Adam Warlock,Deadpool (Vanguard),-0.0176887254078407,-0.0053722338648671914
allied,Adam Warlock,Deadpool (Duelist),-0.038702419514140655,-0.030576974278524616
allied,Adam Warlock,Deadpool (Strategist),-0.009572294306841372,-0.05536748141218441
allied,Jeff The Land Shark,Psylocke,0.010309106709130655,0.016239014773419384
allied,Jeff The Land Shark,Wolverine,0.005245423033397731,0.004658256778271164
allied,Jeff The Land Shark,Invisible Woman,0.024899714805968007,0.04809804597613293
allied,Jeff The Land Shark,The Thing,0.008884106726381777,-0.004723049509380609
allied,Jeff The Land Shark,Iron Fist,0.026666039797920833,0.02313000329599882
allied,Jeff The Land Shark,Emma Frost,0.021983332257230134,0.01654094328120924
allied,Jeff The Land Shark,Phoenix,-0.03112764173808024,-0.02721855964534862
allied,Jeff The Land Shark,Daredevil,-0.00159323887169873,-0.004804499731004179
allied,Jeff The Land Shark,Angela,-0.005289818570007524,-0.011308597646860909
allied,Jeff The Land Shark,Gambit,-0.020307805057867664,-0.006677162573765186
allied,Jeff The Land Shark,Elsa Bloodstone,-0.03117483360468721,-0.0327699498998027
allied,Jeff The Land Shark,White Fox,0.02112397768580185,0.02119464785175193
allied,Jeff The Land Shark,Black Cat,-0.015069881894537196,-0.02075889739497049
allied,Jeff The Land Shark,Devil Dinosaur,0.02691533208512511,0.026287095011534728
allied,Jeff The Land Shark,Cyclops,-0.0006887623250583449,0.008530953904030043
allied,Jeff The Land Shark,Jubilee,0.005340119212932286,0.02315677257849728
allied,Jeff The Land Shark,Rogue,-0.0343597514922695,-0.041101220949503255
allied,Jeff The Land Shark,The Hood,-0.0021311146028438854,-0.004075702833613439
allied,Jeff The Land Shark,Deadpool (Vanguard),0.006137839252927659,0.008684050147305753
allied,Jeff The Land Shark,Deadpool (Duelist),0.03536280324184283,0.0426208728728547
allied,Jeff The Land Shark,Deadpool (Strategist),0.0416124577287641,0.05096043855548027
allied,Psylocke,Wolverine,0.012849767547825871,0.00724996715064157
allied,Psylocke,Invisible Woman,-0.008524228801011939,-0.004629365195441801
allied,Psylocke,The Thing,-0.0010336957719663585,0.006490906792031157
allied,Psylocke,Iron Fist,0.0005302438431032321,0.002364681770818037
allied,Psylocke,Emma Frost,-0.013726304293875669,-0.012041078733369338
allied,Psylocke,Phoenix,-0.014268858495164849,-0.021057672405969934
allied,Psylocke,Daredevil,-0.018260515639556326,-0.022651214692541295
allied,Psylocke,Angela,0.0201392033760209,0.02421008683666654
allied,Psylocke,Gambit,-0.022239233719740938,-0.020573204413192585
allied,Psylocke,Elsa Bloodstone,0.016888485277391146,0.011990868077097138
allied,Psylocke,White Fox,0.007032559714135635,0.011229632461448931
allied,Psylocke,Black Cat,0.001275905904440859,-0.0021794673539429154
allied,Psylocke,Devil Dinosaur,-0.0171258978228854,-0.015725166368321553
allied,Psylocke,Cyclops,0.013308685545566292,0.006266667678185248
allied,Psylocke,Jubilee,-0.01198952373310129,-0.007489896459885274
allied,Psylocke,Rogue,0.0057415475034221924,0.009834059038273668
allied,Psylocke,The Hood,-0.020354415370488117,-0.01705824000247808
allied,Psylocke,Deadpool (Vanguard),0.002995229679855307,0.005385899903062089
allied,Psylocke,Deadpool (Duelist),0.006666183018747302,-1.8021810457918234e-06
allied,Psylocke,Deadpool (Strategist),-0.02856537064126341,-0.02563717471919807
allied,Wolverine,Invisible Woman,-0.016250066335397266,-0.01920504628157397
allied,Wolverine,The Thing,-0.05162403599187638,-0.04565270732886447
allied,Wolverine,Iron Fist,-0.00295838414792305,-0.0008909500286673414
allied,Wolverine,Emma Frost,-0.006651578370178251,-2.438574393251404e-05
allied,Wolverine,Phoenix,-0.004593089891385137,-0.010053629813961462
allied,Wolverine,Daredevil,-0.018672963684615275,-0.022574728374554858
allied,Wolverine,Angela,-0.004443624400474443,0.0010034027695702075
allied,Wolverine,Gambit,0.04241848913013043,0.04628261993296403
allied,Wolverine,Elsa Bloodstone,0.020525371749253615,0.01645359354381285
allied,Wolverine,White Fox,-0.03761919228272199,-0.044887702394964576
allied,Wolverine,Black Cat,-0.0016912961901562958,-0.004870290622416265
allied,Wolverine,Devil Dinosaur,-0.03642914830262582,-0.033057595476116385
allied,Wolverine,Cyclops,0.025574813028627515,0.020076587008231454
allied,Wolverine,Jubilee,-0.018565702007437707,-0.02077221087846242
allied,Wolverine,Rogue,0.010825808742640955,0.01963608665074935
allied,Wolverine,The Hood,3.3357255489443105e-06,0.00973764308255642
allied,Wolverine,Deadpool (Vanguard),0.022139022399850133,0.030831087542225424
allied,Wolverine,Deadpool (Duelist),0.022824121545975046,0.01802372687204159
allied,Wolverine,Deadpool (Strategist),-0.011680242284434312,-0.012525519177714014
allied,Invisible Woman,The Thing,0.050863061050105664,0.03887429846532831
allied,Invisible Woman,Iron Fist,-0.022782346645513776,-0.03218030897281589
allied,Invisible Woman,Emma Frost,0.013728353127326943,0.0018310470686724446
allied,Invisible Woman,Phoenix,0.010573990911373109,0.020014899565335635
allied,Invisible Woman,Daredevil,0.004923361909845298,0.0028457986282820866
allied,Invisible Woman,Angela,-0.013020640906386915,-0.025410097581200438
allied,Invisible Woman,Gambit,-0.04410345892320757,-0.0288952980355386
allied,Invisible Woman,Elsa Bloodstone,-0.004117397885173336,-0.0020112122353003483
allied,Invisible Woman,White Fox,-0.0037407765738361213,-0.0023046409750894104
allied,Invisible Woman,Black Cat,0.0058081524214439175,0.003048013690557499
allied,Invisible Woman,Devil Dinosaur,0.027694069795159988,0.022062762988211766
allied,Invisible Woman,Cyclops,0.002489921759112391,0.012426095978771355
allied,Invisible Woman,Jubilee,-0.01658048196496879,0.0031856010810100686
allied,Invisible Woman,Rogue,-0.030328346665143818,-0.04155013578334583
allied,Invisible Woman,The Hood,-0.020588966240711472,-0.030628218921466055
allied,Invisible Woman,Deadpool (Vanguard),0.011387183661854145,0.009648815185196263
allied,Invisible Woman,Deadpool (Duelist),-0.02721262050765662,-0.02745735636528294
allied,Invisible Woman,Deadpool (Strategist),-0.017649220051752564,-0.013758304077372732
allied,The Thing,Iron Fist,0.018143641620586126,0.02227132239134535
allied,The Thing,Emma Frost,-0.008871625229257222,-0.008994026813744971
allied,The Thing,Phoenix,0.017306269957858757,0.02145817121729161
allied,The Thing,Daredevil,-0.005732341192966583,0.00040422407194611943
allied,The Thing,Angela,-0.02112149029177657,-0.023980172458104847
allied,The Thing,Gambit,-0.007921020332530322,-0.02796900454579165
allied,The Thing,Elsa Bloodstone,-0.020435970287253635,-0.014618625356764477
allied,The Thing,White Fox,-0.030616525210726612,-0.03653203802496574
allied,The Thing,Black Cat,0.01770675062134239,0.02834822916424951
allied,The Thing,Devil Dinosaur,-0.0014223802940677946,-0.004520297536521183
allied,The Thing,Cyclops,0.00043417263042791173,0.005769390425898866
allied,The Thing,Jubilee,0.021450906258643685,0.00388947566254046
allied,The Thing,Rogue,0.0024532587971868754,-0.003964948459636474
allied,The Thing,The Hood,0.0069136053807421875,-0.003000940685501178
allied,The Thing,Deadpool (Vanguard),0.02678574557547525,0.024635499783231995
allied,The Thing,Deadpool (Duelist),-0.030903058055894606,-0.025144659521597466
allied,The Thing,Deadpool (Strategist),0.01456166258412591,0.006244663383911873
allied,Iron Fist,Emma Frost,-0.005640695946918103,-0.008601735286434107
allied,Iron Fist,Phoenix,0.01668934500118381,0.021458726358801253
allied,Iron Fist,Daredevil,-0.04727132822061092,-0.04509325414281331
allied,Iron Fist,Angela,-0.010461662201012861,-0.015394586032927043
allied,Iron Fist,Gambit,-0.015973155259660223,-0.02503442734791129
allied,Iron Fist,Elsa Bloodstone,0.004435582528845079,0.007484356557398358
allied,Iron Fist,White Fox,0.19046590945124706,0.20608158971338977
allied,Iron Fist,Black Cat,-0.007524727305821524,-0.0027298405097728085
allied,Iron Fist,Devil Dinosaur,-0.01593530297794285,-0.019957472559617318
allied,Iron Fist,Cyclops,0.02320721973419728,0.025971232648836655
allied,Iron Fist,Jubilee,-0.037364064118126754,-0.047546815595348436
allied,Iron Fist,Rogue,0.003847213304121933,0.0021693455312681866
allied,Iron Fist,The Hood,-0.003989656912483935,-0.004407204811109117
allied,Iron Fist,Deadpool (Vanguard),-0.007317926551483109,-0.011645909546183648
allied,Iron Fist,Deadpool (Duelist),-0.008998418926720035,-0.007987226270849693
allied,Iron Fist,Deadpool (Strategist),-0.0028162698207504244,-0.008179997498430475
allied,Emma Frost,Phoenix,0.018557664372016777,0.018440804343284708
allied,Emma Frost,Daredevil,-0.008126348839008788,-0.0066691533360747676
allied,Emma Frost,Angela,-0.01918125588792025,-0.018244310640776217
allied,Emma Frost,Gambit,-0.03457036472570148,-0.05284174470272446
allied,Emma Frost,Elsa Bloodstone,0.001046593547425972,0.004873962756347425
allied,Emma Frost,White Fox,-0.013379964851611574,-0.010465781594423492
allied,Emma Frost,Black Cat,-0.0029405608380703,0.000965543941901571
allied,Emma Frost,Devil Dinosaur,-0.0021993383858365215,-0.0019518139537377276
allied,Emma Frost,Cyclops,-0.015976418715450816,-0.016899361703093974
allied,Emma Frost,Jubilee,0.005434032782820601,-0.00864200360818476
allied,Emma Frost,Rogue,-0.012575100977803457,-0.01800904553717643
allied,Emma Frost,The Hood,0.005895730931760321,-0.0007132885960371808
allied,Emma Frost,Deadpool (Vanguard),0.019648377695248985,0.019789777872961392
allied,Emma Frost,Deadpool (Duelist),0.030032823240690714,0.03824516367962381
allied,Emma Frost,Deadpool (Strategist),-0.005153966822670643,-0.010580014735264692
allied,Phoenix,Daredevil,0.00027778143286248175,-0.0009800250901469104
allied,Phoenix,Angela,-0.006151036444376191,-0.010479882935435631
allied,Phoenix,Gambit,-0.007579954564644672,-0.0009227477793650302
allied,Phoenix,Elsa Bloodstone,-0.015267712062906825,-0.021250218668363293
allied,Phoenix,White Fox,-0.004665068233850228,0.0012285686043090902
allied,Phoenix,Black Cat,0.001267322490590677,-0.0005982586942751007
allied,Phoenix,Devil Dinosaur,-0.018942360130454947,-0.023184696874777692
allied,Phoenix,Cyclops,0.06786817298155196,0.06695601068239525
allied,Phoenix,Jubilee,-0.008334192687296791,-0.00021888144901095855
allied,Phoenix,Rogue,0.01124130113449853,0.010514823738277923
allied,Phoenix,The Hood,-0.014950172775380462,-0.016483744449636784
allied,Phoenix,Deadpool (Vanguard),0.025581223477317713,0.025077453799182716
allied,Phoenix,Deadpool (Duelist),0.012621524392362336,0.008039529808404342
allied,Phoenix,Deadpool (Strategist),-0.013424043734016882,-0.005444414364201473
allied,Daredevil,Angela,-0.013494836753760578,-0.014071197139067971
allied,Daredevil,Gambit,0.015061654744037834,0.013736919382568031
allied,Daredevil,Elsa Bloodstone,-0.006920337914553987,-0.009478122258634009
allied,Daredevil,White Fox,0.011025663498757141,0.008068498493157623
allied,Daredevil,Black Cat,-0.024573486668909,-0.02585880244361166
allied,Daredevil,Devil Dinosaur,-0.012857413264453457,-0.011834685237664759
allied,Daredevil,Cyclops,0.026177155692333334,0.024526521486947124
allied,Daredevil,Jubilee,0.008544431245924263,0.00795742716552797
allied,Daredevil,Rogue,-0.049191941938340505,-0.052145788045571816
allied,Daredevil,The Hood,0.013840852084225828,0.020129897922118854
allied,Daredevil,Deadpool (Vanguard),-0.01951970089471935,-0.020523847342291204
allied,Daredevil,Deadpool (Duelist),0.007591242829604459,0.005320949551858499
allied,Daredevil,Deadpool (Strategist),-0.010309191002257016,-0.012752348351306382
allied,Angela,Gambit,-0.01244844212001206,-0.023357718253289965
allied,Angela,Elsa Bloodstone,0.02999099734284088,0.03564972429021552
allied,Angela,White Fox,-0.015832203701844218,-0.009505335406327106
allied,Angela,Black Cat,-0.03458851109671564,-0.03567601153492923
allied,Angela,Devil Dinosaur,0.03714148194576003,0.04320029497374164
allied,Angela,Cyclops,0.005931513039436507,0.0060473581373299634
allied,Angela,Jubilee,-0.020265789837284876,-0.03466536001011934
allied,Angela,Rogue,0.02418357395025966,0.024133106913994735
allied,Angela,The Hood,0.05157322039688535,0.05182535180662035
allied,Angela,Deadpool (Vanguard),-0.004082917830859393,-0.00858004706919161
allied,Angela,Deadpool (Duelist),0.007551128170598717,0.011802326201046038
allied,Angela,Deadpool (Strategist),0.005970927418413985,0.006139603790967812
allied,Gambit,Elsa Bloodstone,0.0006477369462026099,0.0028351057658169334
allied,Gambit,White Fox,-0.016158856634506828,-0.017786719182351828
allied,Gambit,Black Cat,0.007808051625245918,0.004783441610654093
allied,Gambit,Devil Dinosaur,-0.004483160876539535,-0.01389758830485695
allied,Gambit,Cyclops,-0.03379741376703188,-0.02891161517232161
allied,Gambit,Jubilee,-0.010642648681708888,0.009700278533829789
allied,Gambit,Rogue,0.18689272399585305,0.21196968411332232
allied,Gambit,The Hood,-0.013548578551736894,-0.021068120331609468
allied,Gambit,Deadpool (Vanguard),0.015216863605700971,0.015482199428029562
allied,Gambit,Deadpool (Duelist),0.09015386220393214,0.10406547800107374
allied,Gambit,Deadpool (Strategist),0.011076981112021218,0.020064748108294197
allied,Elsa Bloodstone,White Fox,-0.023576705648546015,-0.0255453228917449
allied,Elsa Bloodstone,Black Cat,-0.004490872760292645,-0.007536630081397495
allied,Elsa Bloodstone,Devil Dinosaur,0.034059442091572543,0.04170371863685758
allied,Elsa Bloodstone,Cyclops,-0.02344732569651105,-0.03265803177704818
allied,Elsa Bloodstone,Jubilee,-0.015962701332552936,-0.014299253079445353
allied,Elsa Bloodstone,Rogue,-0.020940058369140917,-0.0193747291536448
allied,Elsa Bloodstone,The Hood,-0.018873278812602423,-0.014932108731946643
allied,Elsa Bloodstone,Deadpool (Vanguard),-0.02535161225868057,-0.025675692153468932
allied,Elsa Bloodstone,Deadpool (Duelist),-0.006477180908271181,-0.013349282064607462
allied,Elsa Bloodstone,Deadpool (Strategist),-0.017162892543084726,-0.015148918678924025
allied,White Fox,Black Cat,0.04369972238587541,0.04403364047789264
allied,White Fox,Devil Dinosaur,0.007284758754087768,0.017541567377996354
allied,White Fox,Cyclops,0.0010278163582085073,0.009138837980104194
allied,White Fox,Jubilee,-0.011177248789388545,-0.012718204540203759
allied,White Fox,Rogue,0.013606267310445359,0.028613581572206448
allied,White Fox,The Hood,-0.019317021291450555,-0.009983670971473358
allied,White Fox,Deadpool (Vanguard),-0.0028068178346094884,0.012341818153544392
allied,White Fox,Deadpool (Duelist),0.015193061691139386,0.018606646685712276
allied,White Fox,Deadpool (Strategist),0.027113949541017254,0.017504756255896814
allied,Black Cat,Devil Dinosaur,0.0035069264201785834,0.008237686303761822
allied,Black Cat,Cyclops,0.012390943355591136,0.008903191805928605
allied,Black Cat,Jubilee,-0.0016428298809311958,-0.004296415865457456
allied,Black Cat,Rogue,0.0003423401689814418,0.004832700751869635
allied,Black Cat,The Hood,0.014835604691133854,0.0231014926325613
allied,Black Cat,Deadpool (Vanguard),-0.02302356991466254,-0.022557587134251898
allied,Black Cat,Deadpool (Duelist),-0.01489741745352589,-0.019728871744687668
allied,Black Cat,Deadpool (Strategist),-0.0007130708003003558,-0.0027498873873781737
allied,Devil Dinosaur,Cyclops,0.0024567934161423104,0.003708545971141052
allied,Devil Dinosaur,Jubilee,0.041202804394201445,0.03689682965654398
allied,Devil Dinosaur,Rogue,-0.002587532345839855,-0.010576441891523573
allied,Devil Dinosaur,The Hood,-0.004172163103219746,-0.01665894616569736
allied,Devil Dinosaur,Deadpool (Vanguard),0.028602560816684736,0.026017784207525572
allied,Devil Dinosaur,Deadpool (Duelist),0.002982145029404741,0.00824599556027083
allied,Devil Dinosaur,Deadpool (Strategist),0.03724938105473258,0.042659665981097154
allied,Cyclops,Jubilee,-0.021999865928605325,-0.014086989635754029
allied,Cyclops,Rogue,0.007731987526518684,0.009693975381988627
allied,Cyclops,The Hood,0.0012319914676090326,0.004604881176608487
allied,Cyclops,Deadpool (Vanguard),-0.009647786210750603,-0.01103591354731491
allied,Cyclops,Deadpool (Duelist),0.01487621683983484,0.00793415704674177
allied,Cyclops,Deadpool (Strategist),0.018420026378037607,0.03188593872158886
allied,Jubilee,Rogue,-0.03299300066416518,-0.045488752309193685
allied,Jubilee,The Hood,0.08047379188884309,0.08583105363049744
allied,Jubilee,Deadpool (Vanguard),0.004273857383179339,0.0005465611918935222
allied,Jubilee,Deadpool (Duelist),-0.03309759607087507,-0.033040028339746653
allied,Jubilee,Deadpool (Strategist),0.010348859953188032,0.01829102551430208
allied,Rogue,The Hood,0.030828325255676817,0.02017803193914861
allied,Rogue,Deadpool (Vanguard),0.014545869550484041,0.005669765944654619
allied,Rogue,Deadpool (Duelist),0.004928297606867308,0.010527408979826947
allied,Rogue,Deadpool (Strategist),-0.027432187698428943,-0.028682605987527428
allied,The Hood,Deadpool (Vanguard),0.026971897856666417,0.015919213359958738
allied,The Hood,Deadpool (Duelist),-0.011821377026499246,-0.005965860562517605
allied,The Hood,Deadpool (Strategist),-0.03128543952398742,-0.03353785155867272
allied,Deadpool (Vanguard),Deadpool (Duelist),-0.0034779114846102766,-0.00021815664852703194
allied,Deadpool (Vanguard),Deadpool (Strategist),-0.00041502133652394,0.0054557439501031904
allied,Deadpool (Duelist),Deadpool (Strategist),-0.008483049790854852,-0.004848114262354317
opposing,Hulk,The Punisher,-0.0025795792549004127,-0.00681346267886597
opposing,Hulk,Storm,0.011123246415650248,0.006780478439563595
opposing,Hulk,Loki,-0.01120691909426753,-0.010862572575371347
opposing,Hulk,Human Torch,0.009787264006210076,0.010306747525302206
opposing,Hulk,Doctor Strange,-0.009910678562881138,-0.007849493378634538
opposing,Hulk,Mantis,-0.014746286391368504,-0.009373772166215965
opposing,Hulk,Hawkeye,-0.00105560149321628,-0.0010533293459744247
opposing,Hulk,Captain America,-0.016458812694407746,-0.015728638817969487
opposing,Hulk,Rocket Raccoon,0.026055565205973977,0.02693194368343041
opposing,Hulk,Hela,-0.026136157590893386,-0.03498714653354969
opposing,Hulk,Cloak & Dagger,-0.0037562954157318207,-0.005898465379788753
opposing,Hulk,Black Panther,0.00990556125810813,-0.0014660783103513778
opposing,Hulk,Groot,-0.024289877091873337,-0.025179835718580575
opposing,Hulk,Ultron,0.003932596906886407,0.005681099687903286
opposing,Hulk,Magik,0.0035132742154385626,0.0101772171659407
opposing,Hulk,Moon Knight,0.009311592706124104,0.009402533427956541
opposing,Hulk,Luna Snow,-0.00442462928615411,-0.0005543687684367875
opposing,Hulk,Squirrel Girl,0.004584899611089185,0.001317793251206941
opposing,Hulk,Black Widow,-0.008136386476767978,-0.01612701050234934
opposing,Hulk,Iron Man,-0.015649715608490697,-0.017765584883626756
opposing,Hulk,Venom,0.016320475422976276,0.025736398163914955
opposing,Hulk,Spider-man,0.0030229516996122573,0.0019524505269932913
opposing,Hulk,Magneto,0.01526315707608735,-0.0011235881853593145
opposing,Hulk,Scarlet Witch,0.012812884993298223,0.012154677638862988
opposing,Hulk,Thor,-0.0007774737033460651,-0.000311252168315719
opposing,Hulk,Mister Fantastic,-0.013633519446307559,-0.016195430973726256
opposing,Hulk,Winter Soldier,-0.0352444815643059,-0.045011840286972825
opposing,Hulk,Peni Parker,-0.03999143789971892,-0.036544766544979346
opposing,Hulk,Star-lord,-0.02595868988371692,-0.03226402289088987
opposing,Hulk,Blade,0.02426965615093197,0.028869692948388335
opposing,Hulk,Namor,0.011964349280554181,0.0050151851672442065
opposing,Hulk,Adam Warlock,0.012875762070459056,0.01130728744812843
opposing,Hulk,Jeff The Land Shark,0.003430077952633481,0.0028626680068837528
opposing,Hulk,Psylocke,-0.004494609032893373,-0.007852108009163132
opposing,Hulk,Wolverine,0.04208306366848239,0.04976835628113124
opposing,Hulk,Invisible Woman,0.009722296326304562,0.005307634303656364
opposing,Hulk,The Thing,-0.0002529138535451892,0.015220707311960735
opposing,Hulk,Iron Fist,0.020784598087703568,0.028474064179415226
opposing,Hulk,Emma Frost,0.02526405707148505,0.030928445060599358
opposing,Hulk,Phoenix,-0.02211050737100578,-0.028834492643464833
opposing,Hulk,Daredevil,0.007537546135922251,0.010601413685694805
opposing,Hulk,Angela,-0.0036422647226709605,-0.0033838305624955215
opposing,Hulk,Gambit,-0.014577247013394166,-0.014701910606366634
opposing,Hulk,Elsa Bloodstone,-0.012408300737239855,-0.01863594968476033
opposing,Hulk,White Fox,-0.009985981437341064,-0.0037770123143176723
opposing,Hulk,Black Cat,0.008044043312815137,0.008224217751453832
opposing,Hulk,Devil Dinosaur,-0.00018773566121080767,0.007480186052620038
opposing,Hulk,Cyclops,0.023722336909129702,0.024060266695520267
opposing,Hulk,Jubilee,-0.026731967292830127,-0.018569654313036837
opposing,Hulk,Rogue,0.028427352105965087,0.03503188181665391
opposing,Hulk,The Hood,-0.01695200293017728,-0.018324388957489134
opposing,Hulk,Deadpool (Vanguard),-0.006841660103798577,-0.005951824071925363
opposing,Hulk,Deadpool (Duelist),0.022621025081343768,0.019901362059020634
opposing,Hulk,Deadpool (Strategist),0.00576209794327061,0.01164712299353176
opposing,The Punisher,Storm,0.015237913260554183,0.017698377794413536
opposing,The Punisher,Loki,0.0036564671213028927,0.002754773883041681
opposing,The Punisher,Human Torch,-0.0020079473407100083,-0.003832562803990296
opposing,The Punisher,Doctor Strange,0.012379165992338723,0.014669452199211752
opposing,The Punisher,Mantis,-0.02470534256289602,-0.030848301533746313
opposing,The Punisher,Hawkeye,-0.00356448884968265,-0.006513479391521996
opposing,The Punisher,Captain America,-0.011673453151647584,-0.011029138489171237
opposing,The Punisher,Rocket Raccoon,-0.00103552728926258,-0.002662026589078696
opposing,The Punisher,Hela,0.006355304023722197,0.009111902882874617
opposing,The Punisher,Cloak & Dagger,-0.003754800254461175,-0.0029377197996953517
opposing,The Punisher,Black Panther,-0.004031748688511866,-0.0013062659527526227
opposing,The Punisher,Groot,0.014849767682731113,0.01697811869967318
opposing,The Punisher,Ultron,0.018623076441446465,0.01793983476158663
opposing,The Punisher,Magik,0.00177994994160753,-0.0048937987744153135
opposing,The Punisher,Moon Knight,-0.015555832367304566,-0.017652408934881198
opposing,The Punisher,Luna Snow,0.0006194031691922968,0.004209109040018967
opposing,The Punisher,Squirrel Girl,-0.005959978350064111,-0.0060359925821821345
opposing,The Punisher,Black Widow,-0.0046853399310937864,-0.004744793358960726
opposing,The Punisher,Iron Man,0.025094252022590965,0.024141674001537723
opposing,The Punisher,Venom,0.020997387780919342,0.023748716986557804
opposing,The Punisher,Spider-man,-0.020581477573649167,-0.022590874614216976
opposing,The Punisher,Magneto,-0.03728644583204246,-0.030385678159795492
opposing,The Punisher,Scarlet Witch,-0.01321264888728367,-0.013557619416066206
opposing,The Punisher,Thor,-0.008863324190077133,-0.005709425893412355
opposing,The Punisher,Mister Fantastic,0.028703128810659388,0.03020722801715057
opposing,The Punisher,Winter Soldier,0.005189475636219465,0.005368452170172162
opposing,The Punisher,Peni Parker,0.0013188048799551333,-0.0034424419248542133
opposing,The Punisher,Star-lord,-0.01932600643671799,-0.0223657478419854
opposing,The Punisher,Blade,0.00828018375383015,0.005250321331400016
opposing,The Punisher,Namor,-0.007340036449851795,-0.0048132372460687155
opposing,The Punisher,Adam Warlock,-0.021608374228722315,-0.022863559396860866
opposing,The Punisher,Jeff The Land Shark,-0.0060926241348640605,-0.007143992102247499
opposing,The Punisher,Psylocke,-0.005269280984238473,-0.005850836459743597
opposing,The Punisher,Wolverine,0.024359157083214275,0.026476321512695137
opposing,The Punisher,Invisible Woman,-0.021125362626658976,-0.019798072960107882
opposing,The Punisher,The Thing,0.05504094850962389,0.05722360698209417
opposing,The Punisher,Iron Fist,-0.009677471914404108,-0.014334931757114918
opposing,The Punisher,Emma Frost,-0.0276959702267769,-0.029590827764118068
opposing,The Punisher,Phoenix,0.02318914923287259,0.025850814492973207
opposing,The Punisher,Daredevil,-0.01985363026602068,-0.024238781663193612
opposing,The Punisher,Angela,-0.01123658032808538,-0.009260299633965212
opposing,The Punisher,Gambit,0.013736173666936033,0.017031542504699952
opposing,The Punisher,Elsa Bloodstone,0.02062338387433971,0.023279115320774004
opposing,The Punisher,White Fox,0.016706982013646045,0.016862794885786438
opposing,The Punisher,Black Cat,-0.02163338062476784,-0.02361481022603603
opposing,The Punisher,Devil Dinosaur,0.014099537940602811,0.014264370644738029
opposing,The Punisher,Cyclops,0.018988403912117147,0.02371818515013357
opposing,The Punisher,Jubilee,0.01328269233990875,0.010115533121839113
opposing,The Punisher,Rogue,-0.0036448126510973183,-0.002867887703215788
opposing,The Punisher,The Hood,-0.046675879397240314,-0.04975536000196098
opposing,The Punisher,Deadpool (Vanguard),0.00671506881256831,0.008343331379352434
opposing,The Punisher,Deadpool (Duelist),-0.01221584476465765,-0.014756251650994798
opposing,The Punisher,Deadpool (Strategist),0.01790825314499081,0.017340084184763828
opposing,Storm,Loki,0.0017797814078694785,0.001401567887546016
opposing,Storm,Human Torch,0.01681548569311022,0.015255313399520534
opposing,Storm,Doctor Strange,-0.002121934630959309,0.00018732054269788917
opposing,Storm,Mantis,0.0027336004565482325,0.0007785747952453964
opposing,Storm,Hawkeye,-0.04315249095080446,-0.050509953133748564
opposing,Storm,Captain America,-0.012028707781162369,-0.009772073366887806
opposing,Storm,Rocket Raccoon,-0.033670873256294094,-0.03861872536987222
opposing,Storm,Hela,-0.014193806255885346,-0.014322567692116546
opposing,Storm,Cloak & Dagger,-0.021527589988569063,-0.0221740428184498
opposing,Storm,Black Panther,0.013038925649295903,0.015888630859064754
opposing,Storm,Groot,0.015447684143822667,0.019295717590351025
opposing,Storm,Ultron,-0.02795934181019434,-0.03370732033939235
opposing,Storm,Magik,0.0281868229672496,0.022384192620263105
opposing,Storm,Moon Knight,0.023319115411660884,0.023091103193386472
opposing,Storm,Luna Snow,-0.0015663753591146552,0.0025081736277905715
opposing,Storm,Squirrel Girl,-0.019570875756622783,-0.02197719325428052
opposing,Storm,Black Widow,-0.03675780912068638,-0.04062449155673574
opposing,Storm,Iron Man,-0.017300695762568014,-0.02288630107944899
opposing,Storm,Venom,-0.03081555053492947,-0.0322479593553491
opposing,Storm,Spider-man,-0.007910900536670838,-0.010148082887295396
opposing,Storm,Magneto,-0.013091000712421353,-0.0018125872177317407
opposing,Storm,Scarlet Witch,0.01463003150867635,0.015271043938555598
opposing,Storm,Thor,-0.0253517917013965,-0.022402776202807097
opposing,Storm,Mister Fantastic,0.021792652000429177,0.021502481589086922
opposing,Storm,Winter Soldier,-0.003640641576337601,-0.0054095058924044865
opposing,Storm,Peni Parker,0.03158172364472076,0.03188154689161484
opposing,Storm,Star-lord,-0.009223344967893286,-0.012696304928669733
opposing,Storm,Blade,0.019485859842249844,0.016111020033878272
opposing,Storm,Namor,0.006651264132331161,0.009055935909673862
opposing,Storm,Adam Warlock,-0.010404329049309885,-0.009500943137904958
opposing,Storm,Jeff The Land Shark,0.0028025355088396485,0.003621127929036099
opposing,Storm,Psylocke,-0.004049154085931299,-0.005774530882586866
opposing,Storm,Wolverine,0.019844930192712842,0.020359524997938572
opposing,Storm,Invisible Woman,-0.009435210546838924,-0.0058885864381933994
opposing,Storm,The Thing,0.0393831055314639,0.04145444056261576
opposing,Storm,Iron Fist,0.05839462984053356,0.057941506665202744
opposing,Storm,Emma Frost,-0.009138108465308674,-0.007290322701317825
opposing,Storm,Phoenix,-0.013625685684316123,-0.015150638690605619
opposing,Storm,Daredevil,0.002395823844751763,-0.001450802696574393
opposing,Storm,Angela,-0.002486013835701511,0.0021282422860351264
opposing,Storm,Gambit,0.03202611214538156,0.0383657887250681
opposing,Storm,Elsa Bloodstone,0.02574460193177498,0.02756859934978908
opposing,Storm,White Fox,0.03098462922154625,0.03368321342679109
opposing,Storm,Black Cat,-0.011390329694068247,-0.01379374669389549
opposing,Storm,Devil Dinosaur,-0.03362973050985321,-0.03718866202825656
opposing,Storm,Cyclops,0.003647262680126011,0.005908321146568127
opposing,Storm,Jubilee,0.03741255267243697,0.03801969142805028
opposing,Storm,Rogue,0.03134949263400919,0.037720418532863315
opposing,Storm,The Hood,-0.03940424708721812,-0.040012335510137775
opposing,Storm,Deadpool (Vanguard),0.020056201187454797,0.024839508415873544
opposing,Storm,Deadpool (Duelist),-0.013972783094419086,-0.017895176520152167
opposing,Storm,Deadpool (Strategist),-0.005724341817316373,-0.008488519715714828
opposing,Loki,Human Torch,-0.002317378980385903,-0.0015688084176241981
opposing,Loki,Doctor Strange,0.013238139039194595,0.015660720579555306
opposing,Loki,Mantis,0.025353755384141505,0.02708848880511298
opposing,Loki,Hawkeye,0.01040873813992816,0.0140897636966389
opposing,Loki,Captain America,0.01576572577019331,0.016666428025260853
opposing,Loki,Rocket Raccoon,-0.0019060488316930402,0.004459686459477983
opposing,Loki,Hela,0.01531168504009012,0.016011605261284534
opposing,Loki,Cloak & Dagger,-0.0020617009449124925,-0.003879878818971015
opposing,Loki,Black Panther,-0.02160966459118044,-0.019578343082128205
opposing,Loki,Groot,0.00303720937957693,0.005631880591946663
opposing,Loki,Ultron,0.007825123577315143,0.014061926166611938
opposing,Loki,Magik,-0.01889213748712024,-0.01706190345439428
opposing,Loki,Moon Knight,-0.00905050097612082,-0.010462561019034576
opposing,Loki,Luna Snow,0.0022931623359432624,-0.010779365792840633
opposing,Loki,Squirrel Girl,-0.007495050807126382,-0.008126681946402564
opposing,Loki,Black Widow,-0.020655172580643814,-0.0189079739657531
opposing,Loki,Iron Man,-0.0171350188737151,-0.01570260924309608
opposing,Loki,Venom,-0.02024036862555346,-0.025946545830110863
opposing,Loki,Spider-man,-0.005205935155125508,-0.0066672336164412494
opposing,Loki,Magneto,-0.016787198034699028,-0.015392163715240867
opposing,Loki,Scarlet Witch,0.00427545195008294,0.0024792665206071164
opposing,Loki,Thor,0.005819577432838992,0.003476777996106688
opposing,Loki,Mister Fantastic,0.004760129040869603,0.0050244502391565745
opposing,Loki,Winter Soldier,-0.022696465481444307,-0.02150058441647175
opposing,Loki,Peni Parker,-0.016588065689301507,-0.013359632365464606
opposing,Loki,Star-lord,-0.028930347817739486,-0.02861197552076766
opposing,Loki,Blade,0.015390940616856828,0.019883684017544142
opposing,Loki,Namor,0.014381930093000324,0.01588044801519504
opposing,Loki,Adam Warlock,-0.002183714631510978,-0.0019055997208453634
opposing,Loki,Jeff The Land Shark,-0.02047777921389258,-0.022698508561715965
opposing,Loki,Psylocke,0.02755355425534687,0.03142857905337551
opposing,Loki,Wolverine,0.014781333235386761,0.00958677964363497
opposing,Loki,Invisible Woman,-0.004261389768465887,-0.00711543109096352
opposing,Loki,The Thing,-0.0006068064795598149,-0.0036080108055120005
opposing,Loki,Iron Fist,0.026806515778419606,0.02907708815412122
opposing,Loki,Emma Frost,-0.00158704764192305,-0.00016060169917050037
opposing,Loki,Phoenix,-0.0011267891758996453,-0.0013152354633780335
opposing,Loki,Daredevil,0.01898962533544278,0.021588432519610273
opposing,Loki,Angela,-0.009043320141225554,-0.012072870300070272
opposing,Loki,Gambit,0.019083243753238787,0.01605935822961345
opposing,Loki,Elsa Bloodstone,-0.0015353662145711309,-0.0015102114121053963
opposing,Loki,White Fox,0.00558312433018125,0.00119080353426822
opposing,Loki,Black Cat,-0.0008274535714021564,-0.0027833070675862023
opposing,Loki,Devil Dinosaur,0.00957872484946286,0.01166660880371536
opposing,Loki,Cyclops,-0.00041537284154800945,-0.007932228620404476
opposing,Loki,Jubilee,-0.008408063344409264,-0.014484679739658814
opposing,Loki,Rogue,-0.009093898868099262,-0.009319507281284698
opposing,Loki,The Hood,0.004901087297082083,0.005934052865093617
opposing,Loki,Deadpool (Vanguard),0.00663862877034698,0.009960290559803969
opposing,Loki,Deadpool (Duelist),-0.004844150140741567,0.000835901895007183
opposing,Loki,Deadpool (Strategist),-0.0015658690600244165,-0.0019967994700892545
opposing,Human Torch,Doctor Strange,0.014512714229167676,0.013682919348520154
opposing,Human Torch,Mantis,0.005945666536965014,0.003954592396711481
opposing,Human Torch,Hawkeye,0.030560401639271297,0.032005382012571755
opposing,Human Torch,Captain America,0.0005281960173520227,-0.0008135260719257072
opposing,Human Torch,Rocket Raccoon,-0.014038814682073263,-0.016970216212876584
opposing,Human Torch,Hela,0.0032422622694710575,0.007413797464306874
opposing,Human Torch,Cloak & Dagger,-0.014133412097644004,-0.014293149430161906
opposing,Human Torch,Black Panther,-0.021547611888699598,-0.018559418532931884
opposing,Human Torch,Groot,0.007588984148071352,0.005539101323011994
opposing,Human Torch,Ultron,-0.021952179276385594,-0.027386819227860307
opposing,Human Torch,Magik,0.03857985438204468,0.036514077697280295
opposing,Human Torch,Moon Knight,0.020579790653418157,0.02303804360352283
opposing,Human Torch,Luna Snow,0.006619895596547571,0.01128017171390778
opposing,Human Torch,Squirrel Girl,0.03612643536506366,0.04108131390617935
opposing,Human Torch,Black Widow,0.025276007652498097,0.029277441707341995
opposing,Human Torch,Iron Man,-0.025025341026825736,-0.02832350681580883
opposing,Human Torch,Venom,-0.035337591648976464,-0.0422920842845281
opposing,Human Torch,Spider-man,-0.04559302483117452,-0.04793936597632087
opposing,Human Torch,Magneto,0.006711403108011339,0.015207574112606488
opposing,Human Torch,Scarlet Witch,0.006341446974539613,0.009224783790726426
opposing,Human Torch,Thor,-0.008487600778513536,-0.008651780321665681
opposing,Human Torch,Mister Fantastic,0.01740314037232303,0.019667220179770788
opposing,Human Torch,Winter Soldier,-0.018213985485822915,-0.018243306165610124
opposing,Human Torch,Peni Parker,0.00752071031441288,9.76314470906195e-05
opposing,Human Torch,Star-lord,-0.03396089072209347,-0.036507443194167426
opposing,Human Torch,Blade,0.0075094678901025825,0.00608192787459773
opposing,Human Torch,Namor,0.031453343130234984,0.03874759237644849
opposing,Human Torch,Adam Warlock,-0.024284837632095213,-0.025554072032541248
opposing,Human Torch,Jeff The Land Shark,0.0014678158224999626,0.001682011542901157
opposing,Human Torch,Psylocke,0.010439332885410919,0.012778446195501232
opposing,Human Torch,Wolverine,-0.0015380001556471652,0.00017137137074826615
opposing,Human Torch,Invisible Woman,0.01886970189028739,0.02551688331457091
opposing,Human Torch,The Thing,-0.02237018254739548,-0.03226730804993965
opposing,Human Torch,Iron Fist,0.01878297948639369,0.018066335431770192
opposing,Human Torch,Emma Frost,0.020559679753188773,0.02073981302796608
opposing,Human Torch,Phoenix,0.0022117474155028743,0.004859200206237402
opposing,Human Torch,Daredevil,-0.0029647458372508637,-0.004334806804098724
opposing,Human Torch,Angela,0.009227786228791343,0.010148720865945789
opposing,Human Torch,Gambit,-0.037579921264963415,-0.040378555600572796
opposing,Human Torch,Elsa Bloodstone,-0.03392237390642836,-0.03396632340643203
opposing,Human Torch,White Fox,0.024344262750107728,0.02577524440741996
opposing,Human Torch,Black Cat,-0.038247506432180785,-0.039894086422018527
opposing,Human Torch,Devil Dinosaur,0.021043525791321453,0.018630112639170946
opposing,Human Torch,Cyclops,-0.02424895612290297,-0.02131418401166467
opposing,Human Torch,Jubilee,0.03744377781050658,0.03761726296937581
opposing,Human Torch,Rogue,0.02834118821406223,0.02936053360673517
opposing,Human Torch,The Hood,-0.015602132765557513,-0.01854194683640036
opposing,Human Torch,Deadpool (Vanguard),0.0017575269288528665,-0.0005330132812855404
opposing,Human Torch,Deadpool (Duelist),-0.017150539132665975,-0.0184217418924203
opposing,Human Torch,Deadpool (Strategist),0.017488026357100665,0.017187837741501545
opposing,Doctor Strange,Mantis,0.009850573574644559,0.01673567258336987
opposing,Doctor Strange,Hawkeye,-0.029767107578629135,-0.02995142693206112
opposing,Doctor Strange,Captain America,-0.010105584135938563,-0.01198389544442567
opposing,Doctor Strange,Rocket Raccoon,-0.00042286598477652245,-0.00624243165965575
opposing,Doctor Strange,Hela,-0.009167068061334811,-0.013059306690890693
opposing,Doctor Strange,Cloak & Dagger,0.024644492676576646,0.02462625308781853
opposing,Doctor Strange,Black Panther,-0.009727725604729377,-0.020263410003188025
opposing,Doctor Strange,Groot,0.026687296013562862,0.030054074439925183
opposing,Doctor Strange,Ultron,0.006129717210279632,0.005790846614805376
opposing,Doctor Strange,Magik,-0.021199896660110705,-0.014272183277303264
opposing,Doctor Strange,Moon Knight,0.014668556220451875,0.018410288006416423
opposing,Doctor Strange,Luna Snow,0.0035279573097668744,0.006235830105149311
opposing,Doctor Strange,Squirrel Girl,-0.00598362818627663,-0.00739374882208016
opposing,Doctor Strange,Black Widow,0.007844515554227731,0.004701335008117451
opposing,Doctor Strange,Iron Man,0.028036171858025743,0.03388836255372436
opposing,Doctor Strange,Venom,-0.028597364992226117,-0.029677784201393047
opposing,Doctor Strange,Spider-man,-0.010304368568893505,-0.009828627125446774
opposing,Doctor Strange,Magneto,0.021705063319578912,0.0027234755939795625
opposing,Doctor Strange,Scarlet Witch,0.005675380635162698,0.00726062043614805
opposing,Doctor Strange,Thor,0.010580050013484164,0.009207677926413924
opposing,Doctor Strange,Mister Fantastic,-0.011571319563839624,-0.0108535535131324
opposing,Doctor Strange,Winter Soldier,0.03473100542516912,0.0358928978283954
opposing,Doctor Strange,Peni Parker,0.029617110682012827,0.04018688454771359
opposing,Doctor Strange,Star-lord,0.017114392690929826,0.01870809492776009
opposing,Doctor Strange,Blade,-0.022500589087469866,-0.020121232541436097
opposing,Doctor Strange,Namor,0.009020298067452826,0.00478692061216344
opposing,Doctor Strange,Adam Warlock,0.008418222765400808,0.0036928759009350618
opposing,Doctor Strange,Jeff The Land Shark,-0.03639462590594257,-0.04580291668278563
opposing,Doctor Strange,Psylocke,0.019439011444278804,0.02182472917905495
opposing,Doctor Strange,Wolverine,-0.012783764068959279,-0.008231129406800701
opposing,Doctor Strange,Invisible Woman,-0.010246623136581444,-0.020311057783872793
opposing,Doctor Strange,The Thing,-0.025883105948447505,-0.01793849622223179
opposing,Doctor Strange,Iron Fist,-0.0009079087194132757,0.007385567438685357
opposing,Doctor Strange,Emma Frost,-0.00951130015371599,-0.01278287208547631
opposing,Doctor Strange,Phoenix,0.013351547289680268,0.013669311150036539
opposing,Doctor Strange,Daredevil,0.011079791553370891,0.017590045106912793
opposing,Doctor Strange,Angela,-0.013671385852562442,-0.01854179836782939
opposing,Doctor Strange,Gambit,0.007936574676114536,0.008989721857990922
opposing,Doctor Strange,Elsa Bloodstone,-0.016314155160921003,-0.019934352427436745
opposing,Doctor Strange,White Fox,-0.030257359076064336,-0.02974677192737223
opposing,Doctor Strange,Black Cat,0.00044489987990875514,0.0028165236660954943
opposing,Doctor Strange,Devil Dinosaur,-0.013192655960329217,-0.011111396178744903
opposing,Doctor Strange,Cyclops,0.02086545217934991,0.023928986826552773
opposing,Doctor Strange,Jubilee,0.016266889111272182,0.028899250587902582
opposing,Doctor Strange,Rogue,0.0038578346310620586,0.0030965336132297923
opposing,Doctor Strange,The Hood,0.0003025567270367607,-0.002001186623855096
opposing,Doctor Strange,Deadpool (Vanguard),0.010887756067452946,0.010919289624059619
opposing,Doctor Strange,Deadpool (Duelist),-0.023542963757985206,-0.02841501990985735
opposing,Doctor Strange,Deadpool (Strategist),0.017467654655753496,0.022793447895270064
opposing,Mantis,Hawkeye,0.003329784345840218,0.007821980200354182
opposing,Mantis,Captain America,-0.028238928561827317,-0.04000739748912496
opposing,Mantis,Rocket Raccoon,-0.0023097888360918035,0.006857579466788244
opposing,Mantis,Hela,0.04075970421045588,0.04633666635001023
opposing,Mantis,Cloak & Dagger,-0.010011102682475235,-0.010399586041763638
opposing,Mantis,Black Panther,-0.056090858142671035,-0.05667364630549091
opposing,Mantis,Groot,-0.0068381460287297285,-0.01142758010027115
opposing,Mantis,Ultron,0.0075921558995071525,0.016661641014438566
opposing,Mantis,Magik,-0.03600118160565435,-0.03461353856568093
opposing,Mantis,Moon Knight,0.02059663167818069,0.02458650273911884
opposing,Mantis,Luna Snow,0.012749954866319984,0.004453702028295202
opposing,Mantis,Squirrel Girl,-0.007833517384818172,-0.006811417324241613
opposing,Mantis,Black Widow,0.006094078697503674,0.01288097324422704
opposing,Mantis,Iron Man,0.007228239692907246,0.013402096166418275
opposing,Mantis,Venom,-0.02376682035511549,-0.0356367433237858
opposing,Mantis,Spider-man,-0.026698741049994073,-0.029150600726104172
opposing,Mantis,Magneto,0.02254844933019688,0.024668289525722874
opposing,Mantis,Scarlet Witch,0.001809940834146675,0.0014016060372430358
opposing,Mantis,Thor,0.013774811428464737,0.0071135371477389865
opposing,Mantis,Mister Fantastic,-0.009141165465596719,-0.008918466558553821
opposing,Mantis,Winter Soldier,0.009048135215828972,0.0159081308900249
opposing,Mantis,Peni Parker,-0.012879530508464345,-0.014652077195283343
opposing,Mantis,Star-lord,0.026067608196403073,0.03495676451720694
opposing,Mantis,Blade,-0.013176243874233183,-0.010558359012867903
opposing,Mantis,Namor,0.028544051361869115,0.033508873964736646
opposing,Mantis,Adam Warlock,-0.007140773459993801,-0.004888901687452627
opposing,Mantis,Jeff The Land Shark,-0.016733465408504372,-0.015398370142839287
opposing,Mantis,Psylocke,0.018870867939103485,0.023356596469665918
opposing,Mantis,Wolverine,-0.008075288029508899,-0.014430879757308435
opposing,Mantis,Invisible Woman,-0.004856589233616408,-0.0049438083554507895
opposing,Mantis,The Thing,0.03078685281126508,0.02723406342090503
opposing,Mantis,Iron Fist,-0.020206306234813162,-0.022116297088701425
opposing,Mantis,Emma Frost,-0.0011638237245488162,-0.0052663542455087045
opposing,Mantis,Phoenix,0.0008610059919237598,0.002617073622487515
opposing,Mantis,Daredevil,-0.018939765817053426,-0.019386093004883746
opposing,Mantis,Angela,-0.026819897716590733,-0.038303392436195294
opposing,Mantis,Gambit,0.007989045949691681,0.005823073837930217
opposing,Mantis,Elsa Bloodstone,0.007252178882476834,0.010071816344137782
opposing,Mantis,White Fox,0.009688942187735843,0.008918174014796087
opposing,Mantis,Black Cat,-0.04784364016733756,-0.05398047746594932
opposing,Mantis,Devil Dinosaur,0.04264093391354535,0.04444539258837781
opposing,Mantis,Cyclops,0.03621923807220503,0.034977748179631916
opposing,Mantis,Jubilee,0.005770092035946183,0.005146362358724605
opposing,Mantis,Rogue,0.016194631480598364,0.014436256565877464
opposing,Mantis,The Hood,0.02872845122920904,0.02799381997873625
opposing,Mantis,Deadpool (Vanguard),0.008707001705012637,0.006764085979964738
opposing,Mantis,Deadpool (Duelist),-0.034918931184600925,-0.03130218725727038
opposing,Mantis,Deadpool (Strategist),0.010263684513936765,0.014858622311646398
opposing,Hawkeye,Captain America,-0.01834101414567545,-0.022512214704203476
opposing,Hawkeye,Rocket Raccoon,-0.012108870167928117,-0.01614071898837307
opposing,Hawkeye,Hela,-0.008173177123059927,-0.003915025321785342
opposing,Hawkeye,Cloak & Dagger,0.024992911541532648,0.028382274310002054
opposing,Hawkeye,Black Panther,-0.035859632871498036,-0.03301654943651295
opposing,Hawkeye,Groot,-0.002299744433958718,-0.006167567967771411
opposing,Hawkeye,Ultron,-0.0014808727977502123,-0.005698289793305279
opposing,Hawkeye,Magik,0.004754016760490897,0.0009820248238434559
opposing,Hawkeye,Moon Knight,0.005780789782971339,0.008054974421281514
opposing,Hawkeye,Luna Snow,-0.005266325036955238,-0.003433516852692656
opposing,Hawkeye,Squirrel Girl,0.003582617208850446,0.006933842055310321
opposing,Hawkeye,Black Widow,0.0035991588646436946,0.006866296774300488
opposing,Hawkeye,Iron Man,-0.019377490068641676,-0.021223976023128796
opposing,Hawkeye,Venom,0.01214284493596274,0.009832323052772441
opposing,Hawkeye,Spider-man,-0.002402320247653923,-0.00029355326827737726
opposing,Hawkeye,Magneto,-0.01644812042707743,-0.011264677474849369
opposing,Hawkeye,Scarlet Witch,-0.000296306105714601,0.003055862221893123
opposing,Hawkeye,Thor,0.018033748444252488,0.020152763329700413
opposing,Hawkeye,Mister Fantastic,-0.014542790340273462,-0.013834533231992177
opposing,Hawkeye,Winter Soldier,-0.004054651536619021,-0.0019513737426286699
opposing,Hawkeye,Peni Parker,0.03131027124148782,0.025862685373855377
opposing,Hawkeye,Star-lord,0.010194874522210457,0.012180635027522058
opposing,Hawkeye,Blade,-0.01388592990100308,-0.01602524998195514
opposing,Hawkeye,Namor,-0.007348095285743695,-0.002158109354967234
opposing,Hawkeye,Adam Warlock,0.01349071232686915,0.015601731317383884
opposing,Hawkeye,Jeff The Land Shark,-0.011752935388238498,-0.014533023923089387
opposing,Hawkeye,Psylocke,0.002693780049866744,0.005413100890954772
opposing,Hawkeye,Wolverine,0.005081087004120539,0.008319837261138633
opposing,Hawkeye,Invisible Woman,-0.026913605456266806,-0.02733102780421234
opposing,Hawkeye,The Thing,0.017010460107513878,0.01084496593114636
opposing,Hawkeye,Iron Fist,0.043099550605541014,0.04532808399829055
opposing,Hawkeye,Emma Frost,-0.011708928001095187,-0.015867546001176736
opposing,Hawkeye,Phoenix,0.009987121496014837,0.014256455971031569
opposing,Hawkeye,Daredevil,-0.013652233230524865,-0.0148774414309934
opposing,Hawkeye,Angela,-0.011986413549556445,-0.014159090827333977
opposing,Hawkeye,Gambit,0.03355314483108109,0.038304453403567494
opposing,Hawkeye,Elsa Bloodstone,-0.023398839304623536,-0.021601054278641566
opposing,Hawkeye,White Fox,-0.004914730960883713,-0.008482813871355183
opposing,Hawkeye,Black Cat,-0.00960486397990242,-0.007960180815716646
opposing,Hawkeye,Devil Dinosaur,0.010195413097739341,0.00585599674075409
opposing,Hawkeye,Cyclops,-0.006963760167068698,-0.0016463206215224081
opposing,Hawkeye,Jubilee,0.0071891877125170355,0.002239158755227789
opposing,Hawkeye,Rogue,0.006931598738708487,0.004835324036292187
opposing,Hawkeye,The Hood,-0.010496459513441648,-0.013565284416114796
opposing,Hawkeye,Deadpool (Vanguard),-0.019467106057053065,-0.024852433351106647
opposing,Hawkeye,Deadpool (Duelist),0.0009199179825520606,0.0020942035498564228
opposing,Hawkeye,Deadpool (Strategist),0.014961244095987775,0.013003517343839768
opposing,Captain America,Rocket Raccoon,0.00663460504395458,0.0038773743657536707
opposing,Captain America,Hela,0.014870769254014612,0.012622837182662798
opposing,Captain America,Cloak & Dagger,-0.007638940447811338,-0.010917490350213844
opposing,Captain America,Black Panther,0.012596526426524764,0.0035121348592154922
opposing,Captain America,Groot,-0.0006024484405444438,-0.0011104861810866892
opposing,Captain America,Ultron,0.0028022688924890593,0.003856728398716427
opposing,Captain America,Magik,-0.004566554705688504,0.0031714424062075715
opposing,Captain America,Moon Knight,-0.006474573180038343,-0.006177599768148368
opposing,Captain America,Luna Snow,-0.01383111176285065,-0.011984990772792352
opposing,Captain America,Squirrel Girl,-0.004539933901367122,-0.006850692660966686
opposing,Captain America,Black Widow,0.0025136869509767472,-0.002293196110178413
opposing,Captain America,Iron Man,0.007816392722932603,0.010327828783241486
opposing,Captain America,Venom,0.005266250433211819,0.009719224269378053
opposing,Captain America,Spider-man,0.0471385995371261,0.05302131336959415
opposing,Captain America,Magneto,0.010681336238398079,-0.009672603442886384
opposing,Captain America,Scarlet Witch,-0.01582156258279279,-0.01772093381114596
opposing,Captain America,Thor,-0.012299108849142797,-0.01686774547365909
opposing,Captain America,Mister Fantastic,-0.011520704613342352,-0.011860489468603968
opposing,Captain America,Winter Soldier,0.021118167783198687,0.01968349401591993
opposing,Captain America,Peni Parker,-0.013329638411594177,-0.009043450657336395
opposing,Captain America,Star-lord,-0.02558622727063492,-0.029865462289758508
opposing,Captain America,Blade,-0.013753239999031563,-0.011451857162110637
opposing,Captain America,Namor,-0.01314980475419354,-0.0209436161612152
opposing,Captain America,Adam Warlock,0.005666899835624278,0.002427474653076697
opposing,Captain America,Jeff The Land Shark,0.013243792792620928,0.013741203602250673
opposing,Captain America,Psylocke,-0.014198482400566311,-0.016664855298706913
opposing,Captain America,Wolverine,-0.013674090761675962,-0.01028499219057351
opposing,Captain America,Invisible Woman,0.04618485571732806,0.047117864467190136
opposing,Captain America,The Thing,-0.01867261782560258,-0.009295096177529548
opposing,Captain America,Iron Fist,0.005184517612540198,0.013100976564229618
opposing,Captain America,Emma Frost,-0.015643794192900854,-0.01953522068926998
opposing,Captain America,Phoenix,0.005208710097631142,0.003546034211786698
opposing,Captain America,Daredevil,-0.01613721655660505,-0.013755867055953415
opposing,Captain America,Angela,0.0027652542026978307,0.0007471615988905579
opposing,Captain America,Gambit,-0.02251532432953452,-0.024428133763648056
opposing,Captain America,Elsa Bloodstone,-0.019232238049986083,-0.024244372517586207
opposing,Captain America,White Fox,-0.017634497879697265,-0.013167138028813913
opposing,Captain America,Black Cat,-0.011607329117771617,-0.011656488660288013
opposing,Captain America,Devil Dinosaur,0.006795618359692073,0.01227560332423776
opposing,Captain America,Cyclops,0.005990799999002933,0.006315641013960547
opposing,Captain America,Jubilee,-0.026386641822653267,-0.018681213521914347
opposing,Captain America,Rogue,0.0013421444425032766,0.000517420221696987
opposing,Captain America,The Hood,0.0327028045110436,0.03570732072218782
opposing,Captain America,Deadpool (Vanguard),-0.017190127062711558,-0.02115466177701825
opposing,Captain America,Deadpool (Duelist),0.01584097348704833,0.014341768116229291
opposing,Captain America,Deadpool (Strategist),-0.0169113441049358,-0.01518264851346919
opposing,Rocket Raccoon,Hela,-0.026039069933165314,-0.030369687323393613
opposing,Rocket Raccoon,Cloak & Dagger,-0.0047257742605142285,-0.013740618725251914
opposing,Rocket Raccoon,Black Panther,0.004295701397470347,0.009703500415338146
opposing,Rocket Raccoon,Groot,-0.006624819789496138,-0.00012639310389172745
opposing,Rocket Raccoon,Ultron,0.013152271864501292,0.013645357245443992
opposing,Rocket Raccoon,Magik,-0.01672051569307474,-0.014480522175858872
opposing,Rocket Raccoon,Moon Knight,0.019368569908610942,0.021647200486522876
opposing,Rocket Raccoon,Luna Snow,0.018722952962713715,0.0019253698691365075
opposing,Rocket Raccoon,Squirrel Girl,0.04867262856453483,0.05520026410695052
opposing,Rocket Raccoon,Black Widow,-0.03196370206645851,-0.03149176287706041
opposing,Rocket Raccoon,Iron Man,0.026163557594656446,0.03314659604405613
opposing,Rocket Raccoon,Venom,-0.005172590249389231,-0.003000578625227387
opposing,Rocket Raccoon,Spider-man,-0.04100097479347922,-0.04679834644935496
opposing,Rocket Raccoon,Magneto,0.023505550980569112,0.03683278726717394
opposing,Rocket Raccoon,Scarlet Witch,0.01743194407237121,0.01741862691841564
opposing,Rocket Raccoon,Thor,-0.027832042506492554,-0.030126556415210295
opposing,Rocket Raccoon,Mister Fantastic,0.03328816052909103,0.037256792423639905
opposing,Rocket Raccoon,Winter Soldier,-0.0028768020931051594,0.0009348436556440079
opposing,Rocket Raccoon,Peni Parker,-0.010782945671192236,-0.001164965040466352
opposing,Rocket Raccoon,Star-lord,-0.03494876406051094,-0.03524438703365131
opposing,Rocket Raccoon,Blade,-0.020819558847264948,-0.020714821119358635
opposing,Rocket Raccoon,Namor,0.038807395970251686,0.04349740388733705
opposing,Rocket Raccoon,Adam Warlock,0.0038437737819114483,-0.001494493947370435
opposing,Rocket Raccoon,Jeff The Land Shark,-0.009246386711429515,-0.01613733431937483
opposing,Rocket Raccoon,Psylocke,-0.021121220103258714,-0.023192235339821555
opposing,Rocket Raccoon,Wolverine,0.0022272950831745664,-0.00439820651736953
opposing,Rocket Raccoon,Invisible Woman,0.013426132654769959,0.007075714875927268
opposing,Rocket Raccoon,The Thing,0.01951453865893015,0.025203703534213844
opposing,Rocket Raccoon,Iron Fist,-0.05271547798070875,-0.06024684806466395
opposing,Rocket Raccoon,Emma Frost,-0.012219381315635028,-0.007045121695036195
opposing,Rocket Raccoon,Phoenix,-0.0036015753316418534,-0.003961063128353797
opposing,Rocket Raccoon,Daredevil,-0.038504916140022785,-0.042954619880054265
opposing,Rocket Raccoon,Angela,-0.0102432010236706,-0.008009007591786849
opposing,Rocket Raccoon,Gambit,0.02146780016667782,0.01216518073038073
opposing,Rocket Raccoon,Elsa Bloodstone,0.001295924011338741,0.0018132968522774299
opposing,Rocket Raccoon,White Fox,0.0014450817435385413,-0.010411900055970192
opposing,Rocket Raccoon,Black Cat,-0.0010554973129452948,-0.0029015495165880135
opposing,Rocket Raccoon,Devil Dinosaur,0.017982248332426756,0.026877280150419878
opposing,Rocket Raccoon,Cyclops,0.0346687769316959,0.03167574663472915
opposing,Rocket Raccoon,Jubilee,0.009782751527192206,0.00030126639348225786
opposing,Rocket Raccoon,Rogue,-0.006590400781524496,-0.0009570796982461371
opposing,Rocket Raccoon,The Hood,-0.010932369294731752,-0.006987484803568876
opposing,Rocket Raccoon,Deadpool (Vanguard),-0.012613800542686423,-0.006929697588845523
opposing,Rocket Raccoon,Deadpool (Duelist),-0.0145384770872517,-0.009931909159582496
opposing,Rocket Raccoon,Deadpool (Strategist),0.021024588055032534,0.01798872385986284
opposing,Hela,Cloak & Dagger,0.003239188550966327,0.007503309643651514
opposing,Hela,Black Panther,0.006260508005955338,0.007561196740017314
opposing,Hela,Groot,-0.011130144361873946,-0.009964347457022783
opposing,Hela,Ultron,0.04271079182273762,0.0476113066027801
opposing,Hela,Magik,-0.00020747028402596796,-0.009288387155354138
opposing,Hela,Moon Knight,-0.012319651739681832,-0.016405508394303287
opposing,Hela,Luna Snow,0.00951789061845001,0.016792699457674816
opposing,Hela,Squirrel Girl,0.013670786866733523,0.012917059314704667
opposing,Hela,Black Widow,-0.047482391800147884,-0.0532137839147938
opposing,Hela,Iron Man,0.040116181342990935,0.03811718313031505
opposing,Hela,Venom,-0.0011476254065361851,0.0010731025802617348
opposing,Hela,Spider-man,0.0019547718804041464,-0.0004998997410940401
opposing,Hela,Magneto,-0.05568245281029009,-0.048890008184967394
opposing,Hela,Scarlet Witch,0.011783270030293929,0.011189798477662959
opposing,Hela,Thor,0.0028976478535025067,0.009340025685371912
opposing,Hela,Mister Fantastic,0.006479254640534293,0.003957269376160822
opposing,Hela,Winter Soldier,-0.030443256215804328,-0.035363072767268175
opposing,Hela,Peni Parker,0.010268470039444472,0.008479044576851556
opposing,Hela,Star-lord,0.0020387514189370553,-0.0015399838951325943
opposing,Hela,Blade,0.012145028297761583,0.007176178901591319
opposing,Hela,Namor,0.03733840989034426,0.04119131026408838
opposing,Hela,Adam Warlock,-0.028136072215850867,-0.027634427595139566
opposing,Hela,Jeff The Land Shark,-0.005569846009967163,-0.003983074674497563
opposing,Hela,Psylocke,-0.004392635430282315,-0.00715223379872559
opposing,Hela,Wolverine,0.0019624320714397925,3.968396272404882e-05
opposing,Hela,Invisible Woman,-0.045105035144749527,-0.044202412505718824
opposing,Hela,The Thing,0.031122403097435965,0.03257469435871947
opposing,Hela,Iron Fist,-0.021278081824038755,-0.02911176499677498
opposing,Hela,Emma Frost,-0.012119014655156492,-0.010295570336826902
opposing,Hela,Phoenix,-0.00040777924500808667,-0.0018820428003925673
opposing,Hela,Daredevil,0.026648249656976236,0.02373507411638841
opposing,Hela,Angela,-0.03158423411248734,-0.029936104814336298
opposing,Hela,Gambit,0.017615211663385873,0.023968252287946946
opposing,Hela,Elsa Bloodstone,0.008048605205256035,0.007450179820908991
opposing,Hela,White Fox,-0.004555704127073251,-0.004484934985281843
opposing,Hela,Black Cat,0.004385615041521618,0.0022375305563019365
opposing,Hela,Devil Dinosaur,0.00830148046509748,0.009776989928935994
opposing,Hela,Cyclops,-0.009006326665986494,-0.008764298411473005
opposing,Hela,Jubilee,0.021163999049125814,0.021554795206949234
opposing,Hela,Rogue,-0.005890894945592709,-0.0034032081214655516
opposing,Hela,The Hood,-0.01793009483271976,-0.01580797141498696
opposing,Hela,Deadpool (Vanguard),0.01689147623549743,0.021629737157687633
opposing,Hela,Deadpool (Duelist),0.009025863324210258,0.005936618547727897
opposing,Hela,Deadpool (Strategist),-0.0043671294083144525,-0.0051469291504636664
opposing,Cloak & Dagger,Black Panther,-0.006713481325255248,-0.005465319022959913
opposing,Cloak & Dagger,Groot,-0.013561809097089175,-0.00995089913718014
opposing,Cloak & Dagger,Ultron,-0.00821048695893164,-0.0034459267648780114
opposing,Cloak & Dagger,Magik,-0.03322396940087101,-0.03583039647236144
opposing,Cloak & Dagger,Moon Knight,0.00683988147402249,0.004768937122379105
opposing,Cloak & Dagger,Luna Snow,-0.028617402032394296,-0.0458667096168015
opposing,Cloak & Dagger,Squirrel Girl,-0.012231944389950034,-0.016100869342076714
opposing,Cloak & Dagger,Black Widow,-0.007270036900789487,-0.006494878440914527
opposing,Cloak & Dagger,Iron Man,0.010032104043678339,0.012215221923973993
opposing,Cloak & Dagger,Venom,0.05807046138088635,0.0686338914300817
opposing,Cloak & Dagger,Spider-man,0.021333882640458723,0.020544879288593467
opposing,Cloak & Dagger,Magneto,-0.011197866026997075,-0.005220608060726172
opposing,Cloak & Dagger,Scarlet Witch,0.01631878727260097,0.013382836643442359
opposing,Cloak & Dagger,Thor,0.006751393059285932,0.008242287850950382
opposing,Cloak & Dagger,Mister Fantastic,-0.0023443121206475734,-0.0056132281825477925
opposing,Cloak & Dagger,Winter Soldier,0.004645031711180562,0.00661341781023368
opposing,Cloak & Dagger,Peni Parker,-0.029774791187938125,-0.024981714887950042
opposing,Cloak & Dagger,Star-lord,0.01725514632437379,0.02070152327411224
opposing,Cloak & Dagger,Blade,-0.038201411836726075,-0.04305289460773416
opposing,Cloak & Dagger,Namor,-0.011982815097517108,-0.01642507243913461
opposing,Cloak & Dagger,Adam Warlock,0.0017247954262250712,0.004156871686008037
opposing,Cloak & Dagger,Jeff The Land Shark,-0.014407707192526292,-0.014081463925117742
opposing,Cloak & Dagger,Psylocke,0.0065250787398926265,0.005126361983491941
opposing,Cloak & Dagger,Wolverine,-0.053815304549725426,-0.07022961997961377
opposing,Cloak & Dagger,Invisible Woman,-0.022621240484512747,-0.027370113325853554
opposing,Cloak & Dagger,The Thing,-0.0015797189542914108,-0.0010533460681076765
opposing,Cloak & Dagger,Iron Fist,0.017085192908925986,0.015495417810943359
opposing,Cloak & Dagger,Emma Frost,-0.03764886013089732,-0.03833412447829786
opposing,Cloak & Dagger,Phoenix,-0.0007267385698017721,-0.0035103606465154693
opposing,Cloak & Dagger,Daredevil,0.03299393406747891,0.034698097728153375
opposing,Cloak & Dagger,Angela,-0.010693316308729455,-0.010304106277490944
opposing,Cloak & Dagger,Gambit,0.009333872719297632,0.0059806974372119725
opposing,Cloak & Dagger,Elsa Bloodstone,0.010289373836272996,0.009147439030096705
opposing,Cloak & Dagger,White Fox,0.007966538001829197,0.005450888303017502
opposing,Cloak & Dagger,Black Cat,0.003986716084345698,-1.2548319867410827e-05
opposing,Cloak & Dagger,Devil Dinosaur,-0.026157556842357252,-0.026129065728715203
opposing,Cloak & Dagger,Cyclops,0.04819743601837589,0.04411199923201237
opposing,Cloak & Dagger,Jubilee,0.025105509084363337,0.026565592651146875
opposing,Cloak & Dagger,Rogue,-0.011388112208162101,-0.008298495333996994
opposing,Cloak & Dagger,The Hood,0.014310064800186567,0.020539125612486244
opposing,Cloak & Dagger,Deadpool (Vanguard),0.02475085844661605,0.03466735243676263
opposing,Cloak & Dagger,Deadpool (Duelist),0.007794967842929651,0.012409727511639759
opposing,Cloak & Dagger,Deadpool (Strategist),0.01632483240984031,0.02059007996927985
opposing,Black Panther,Groot,-0.00343432070517824,0.005178608261557411
opposing,Black Panther,Ultron,-0.007592908584873789,-0.014926926347549366
opposing,Black Panther,Magik,0.016871538303172277,0.00835709402523442
opposing,Black Panther,Moon Knight,0.03355552977016306,0.032339839542743644
opposing,Black Panther,Luna Snow,-0.007259684157142745,-0.008028642156633667
opposing,Black Panther,Squirrel Girl,0.008805077345179095,0.006862244937840335
opposing,Black Panther,Black Widow,-0.007795367517319454,-0.01115164578292464
opposing,Black Panther,Iron Man,0.003954154933919832,-0.0017376534850672945
opposing,Black Panther,Venom,0.0077156472185046995,0.017515005639995217
opposing,Black Panther,Spider-man,-0.02013521758956614,-0.025156936462247502
opposing,Black Panther,Magneto,-0.007687911982843587,0.011090805924145969
opposing,Black Panther,Scarlet Witch,0.0020815523823766737,-8.790467567322778e-05
opposing,Black Panther,Thor,-0.04945376198173492,-0.04232781410218228
opposing,Black Panther,Mister Fantastic,0.010663384356953454,0.007676281376307966
opposing,Black Panther,Winter Soldier,0.006995266449632857,0.004270683617818431
opposing,Black Panther,Peni Parker,-0.007267586530918102,-0.004451932374784194
opposing,Black Panther,Star-lord,-0.01984788688261212,-0.025977401354391257
opposing,Black Panther,Blade,-0.007094356979602099,-0.014402205291547007
opposing,Black Panther,Namor,0.010283958052027763,0.011172654185121013
opposing,Black Panther,Adam Warlock,-0.00944682937194964,-0.01255559938751732
opposing,Black Panther,Jeff The Land Shark,0.026547488654428585,0.026202356831181016
opposing,Black Panther,Psylocke,-0.0018652214715287228,-0.00522247481685726
opposing,Black Panther,Wolverine,0.025248149346376578,0.02438841052607023
opposing,Black Panther,Invisible Woman,-0.00792848476641936,-0.008325363321864027
opposing,Black Panther,The Thing,-0.028110090430079653,-0.026749296240298096
opposing,Black Panther,Iron Fist,0.013431047156719639,0.0075742462088585335
opposing,Black Panther,Emma Frost,0.013168250714108095,0.024420280693814817
opposing,Black Panther,Phoenix,0.02088315167113556,0.02031231449545702
opposing,Black Panther,Daredevil,-0.0017837264409426975,-0.0077713081629495855
opposing,Black Panther,Angela,-0.00022279393017383798,0.011538100060494466
opposing,Black Panther,Gambit,0.0066118429022437985,0.0056428924398954795
opposing,Black Panther,Elsa Bloodstone,-0.028411349981256204,-0.03272641987410978
opposing,Black Panther,White Fox,-0.011466770193847392,-0.01820645430216939
opposing,Black Panther,Black Cat,-0.006231520891394821,-0.010028824344833365
opposing,Black Panther,Devil Dinosaur,0.005067177501201769,0.012758678391088926
opposing,Black Panther,Cyclops,-0.022143778854315736,-0.023752594868454137
opposing,Black Panther,Jubilee,0.007825529521290779,0.0006024469963681849
opposing,Black Panther,Rogue,-0.01053623470986032,-0.001991491923462674
opposing,Black Panther,The Hood,-0.01863607668518833,-0.010013178419515371
opposing,Black Panther,Deadpool (Vanguard),-0.022110585677896543,-0.015185119365178107
opposing,Black Panther,Deadpool (Duelist),0.009481810941197032,0.005629193880488064
opposing,Black Panther,Deadpool (Strategist),-0.032211591279178005,-0.042418518746951794
opposing,Groot,Ultron,-0.030196245388561884,-0.03818474191186895
opposing,Groot,Magik,-0.05195888036414248,-0.04805556053469862
opposing,Groot,Moon Knight,-0.02094471483534085,-0.02077415072752614
opposing,Groot,Luna Snow,-0.003358616496158459,-0.003569039286890169
opposing,Groot,Squirrel Girl,-0.013061494743993304,-0.014828630353493058
opposing,Groot,Black Widow,0.011238235821606123,0.008917532224406482
opposing,Groot,Iron Man,-0.006695322060690025,-0.004314977991986974
opposing,Groot,Venom,-0.013129304002917203,-0.011091062099543102
opposing,Groot,Spider-man,0.022456434276088476,0.027062483398340758
opposing,Groot,Magneto,0.016175150379609763,-0.0029182337610298005
opposing,Groot,Scarlet Witch,0.004663758168280601,0.006575268731075823
opposing,Groot,Thor,0.006176454725834253,0.004865565862542145
opposing,Groot,Mister Fantastic,0.014251892179875431,0.018318533944685064
opposing,Groot,Winter Soldier,0.020877738709944325,0.020919452934919897
opposing,Groot,Peni Parker,0.0098320513497433,0.018096929355434565
opposing,Groot,Star-lord,-0.004055094485017936,-0.0044056502036077284
opposing,Groot,Blade,-0.010092761205628901,-0.005875602402462059
opposing,Groot,Namor,0.023649745930468924,0.021504408147774646
opposing,Groot,Adam Warlock,0.014742392702488848,0.009221905496321821
opposing,Groot,Jeff The Land Shark,0.029606432850809467,0.02899393029256826
opposing,Groot,Psylocke,0.025315925180074483,0.028803820226962117
opposing,Groot,Wolverine,-0.019421327495507353,-0.015176113223589194
opposing,Groot,Invisible Woman,-0.004089223755600869,-0.014975601155396485
opposing,Groot,The Thing,-0.005047663667207591,0.006841358139538539
opposing,Groot,Iron Fist,-0.007176233583594047,0.0008514122421132318
opposing,Groot,Emma Frost,-0.030616247515360167,-0.036395775003956854
opposing,Groot,Phoenix,0.009423058676233824,0.00973854518848475
opposing,Groot,Daredevil,0.002709472176163592,0.008717132279088628
opposing,Groot,Angela,0.014469384077334738,0.01466728020393009
opposing,Groot,Gambit,-0.009867009393538139,-0.013486677304446365
opposing,Groot,Elsa Bloodstone,0.033509884990537586,0.03594195345108437
opposing,Groot,White Fox,0.0037325026151479724,0.007894221311194483
opposing,Groot,Black Cat,-0.0026019486487344687,-0.00013329659670545857
opposing,Groot,Devil Dinosaur,-0.014046437252368255,-0.011357569016911827
opposing,Groot,Cyclops,-0.01502246116138121,-0.015561029174972344
opposing,Groot,Jubilee,-0.024598609260457784,-0.020345441960874417
opposing,Groot,Rogue,0.012415005751971941,0.013709152020773161
opposing,Groot,The Hood,0.0013092921576825524,-0.0001006093973856776
opposing,Groot,Deadpool (Vanguard),0.007237760966258028,0.007446716236866679
opposing,Groot,Deadpool (Duelist),-0.022995704092126885,-0.027365901110094765
opposing,Groot,Deadpool (Strategist),0.024012357141194835,0.028578452769995474
opposing,Ultron,Magik,0.05163200652238202,0.06393013316291235
opposing,Ultron,Moon Knight,0.02862741661967227,0.03357747088284922
opposing,Ultron,Luna Snow,0.01652523626869862,0.0012263050979034748
opposing,Ultron,Squirrel Girl,0.03215279824059978,0.03812952283890594
opposing,Ultron,Black Widow,-0.06755412219431965,-0.07001691767452184
opposing,Ultron,Iron Man,0.000517122799995912,0.00580842474644538
opposing,Ultron,Venom,0.03184600266822883,0.035539829659665484
opposing,Ultron,Spider-man,-0.014795861180100423,-0.01580352578792146
opposing,Ultron,Magneto,-0.0023350277909724953,0.0024116569842921897
opposing,Ultron,Scarlet Witch,0.014202010321954913,0.015299019295579658
opposing,Ultron,Thor,-0.0013547146943135413,-0.003821545127702031
opposing,Ultron,Mister Fantastic,0.017753965070166657,0.02129489037873233
opposing,Ultron,Winter Soldier,-0.04218389509112851,-0.041771568120749905
opposing,Ultron,Peni Parker,0.00048014770301140576,0.007480666988677638
opposing,Ultron,Star-lord,-0.01683007564343382,-0.01334679471805721
opposing,Ultron,Blade,-0.0139003435677894,-0.011416636083566292
opposing,Ultron,Namor,-0.01918562877518832,-0.02023068110490061
opposing,Ultron,Adam Warlock,-0.009631860558864115,-0.015522006846593113
opposing,Ultron,Jeff The Land Shark,0.025146747971683526,0.026407334355089025
opposing,Ultron,Psylocke,-5.210773028419577e-05,0.002024583926157131
opposing,Ultron,Wolverine,0.018737410338066918,0.015689740990766712
opposing,Ultron,Invisible Woman,0.009183222811719653,0.003959603655834442
opposing,Ultron,The Thing,0.01867413964301827,0.019800639039116608
opposing,Ultron,Iron Fist,-0.02071016350451045,-0.022726801432558518
opposing,Ultron,Emma Frost,-0.012653572280232948,-0.01197669470200116
opposing,Ultron,Phoenix,-0.005563320087411445,-0.0046539581322122365
opposing,Ultron,Daredevil,-0.038716392371913266,-0.04167846279454871
opposing,Ultron,Angela,-0.007427665898476955,-0.009168577101672315
opposing,Ultron,Gambit,0.006619958757628094,-0.003484031431347774
opposing,Ultron,Elsa Bloodstone,0.004027416288085248,0.006400293509999602
opposing,Ultron,White Fox,0.050500579575151354,0.049461015975811574
opposing,Ultron,Black Cat,0.003550708476546,0.003794499842972045
opposing,Ultron,Devil Dinosaur,-0.02102727098167006,-0.02282922754792773
opposing,Ultron,Cyclops,0.02214376419431075,0.019099175151553203
opposing,Ultron,Jubilee,-0.0018071034773081292,-0.01149759819923333
opposing,Ultron,Rogue,-0.027847278191386927,-0.030057842329178835
opposing,Ultron,The Hood,-0.005698091888016894,-0.005339585593831509
opposing,Ultron,Deadpool (Vanguard),-0.007046615284330749,-0.004895387479882208
opposing,Ultron,Deadpool (Duelist),-0.006674283228031437,0.0004293767784226513
opposing,Ultron,Deadpool (Strategist),-0.003949292052771317,-0.009627624945847813
opposing,Magik,Moon Knight,0.035918655346284044,0.04475618250714595
opposing,Magik,Luna Snow,-0.03551896835405368,-0.039279558513824676
opposing,Magik,Squirrel Girl,-0.026768628866600867,-0.021693190428690383
opposing,Magik,Black Widow,0.014898385260930002,0.023221774559776413
opposing,Magik,Iron Man,-0.04191471321421963,-0.04141186374286627
opposing,Magik,Venom,-0.017140768703447346,-0.028896764288691777
opposing,Magik,Spider-man,0.00037875628092724225,0.006862322660076993
opposing,Magik,Magneto,0.03020237355244843,0.034493360419040955
opposing,Magik,Scarlet Witch,0.010747023329190367,0.0191349712890772
opposing,Magik,Thor,-0.013271671672502837,-0.020825861438480347
opposing,Magik,Mister Fantastic,0.023988985248742673,0.03193209768163196
opposing,Magik,Winter Soldier,-0.020657793172128756,-0.015730453431492472
opposing,Magik,Peni Parker,-0.02938857704904954,-0.04782016579647299
opposing,Magik,Star-lord,-0.013866010728299983,-0.009652807765542505
opposing,Magik,Blade,0.015696563561588727,0.020076156235130725
opposing,Magik,Namor,-0.017231530683945742,-0.008679906307538735
opposing,Magik,Adam Warlock,0.013790085700814391,0.014126708433676008
opposing,Magik,Jeff The Land Shark,-0.0033224732629017783,-0.00686057196148185
opposing,Magik,Psylocke,0.011816565025434596,0.019418021942054765
opposing,Magik,Wolverine,-0.006061580140474695,0.00043807002246249425
opposing,Magik,Invisible Woman,0.023962839256870625,0.028093154568671
opposing,Magik,The Thing,-0.07890673792931098,-0.10202313701733154
opposing,Magik,Iron Fist,0.010453873327551122,0.014223065815548176
opposing,Magik,Emma Frost,0.015868568716446315,0.008669162521549681
opposing,Magik,Phoenix,0.02867298801331548,0.03858950508720298
opposing,Magik,Daredevil,-0.012918865688728381,-0.009933091208366485
opposing,Magik,Angela,0.004369023233513596,-0.0021084654734562992
opposing,Magik,Gambit,-0.042551531727724384,-0.04912512565448494
opposing,Magik,Elsa Bloodstone,-0.046299790364825254,-0.04218176814617271
opposing,Magik,White Fox,-0.009568943452163579,-0.015530620853441306
opposing,Magik,Black Cat,-0.029808403517129857,-0.025627690238435568
opposing,Magik,Devil Dinosaur,0.06418132262259897,0.059775692040853694
opposing,Magik,Cyclops,0.002862250140015267,0.013118083787614986
opposing,Magik,Jubilee,0.009857083674422961,0.0034287237829756824
opposing,Magik,Rogue,0.019671757953716097,0.012863456491638864
opposing,Magik,The Hood,0.05977566906215441,0.05847506669593056
opposing,Magik,Deadpool (Vanguard),-0.011002488593940502,-0.02158142839443441
opposing,Magik,Deadpool (Duelist),-0.00746044674810425,-0.002804277081765682
opposing,Magik,Deadpool (Strategist),0.02909401145428413,0.027091062692526893
opposing,Moon Knight,Luna Snow,0.006666050609206272,0.012651086459357416
opposing,Moon Knight,Squirrel Girl,0.00026828241401208547,0.0015426390212124235
opposing,Moon Knight,Black Widow,0.0032163217234950484,0.004641111206187483
opposing,Moon Knight,Iron Man,-0.018617693442149492,-0.022215117122189702
opposing,Moon Knight,Venom,0.0056980187634315055,0.003740633495483525
opposing,Moon Knight,Spider-man,-0.009029992154827185,-0.009263160383696968
opposing,Moon Knight,Magneto,-0.018498522164689026,-0.012466966218560119
opposing,Moon Knight,Scarlet Witch,0.003926671305402937,0.005804956370227597
opposing,Moon Knight,Thor,0.01411351541029787,0.016870030423849765
opposing,Moon Knight,Mister Fantastic,0.025773404934355856,0.027895236208935022
opposing,Moon Knight,Winter Soldier,0.019961461956307013,0.02217430737405898
opposing,Moon Knight,Peni Parker,0.028690649852243004,0.02402706157819008
opposing,Moon Knight,Star-lord,0.024126401911605384,0.025414963152396112
opposing,Moon Knight,Blade,-0.039108809240171113,-0.045077681123929084
opposing,Moon Knight,Namor,0.014379755329065621,0.01949624785335436
opposing,Moon Knight,Adam Warlock,-0.0018416089282467102,0.0010135506154969147
opposing,Moon Knight,Jeff The Land Shark,-0.00266289368018289,-0.0016460462914084548
opposing,Moon Knight,Psylocke,-0.04561743788733077,-0.04857473593689101
opposing,Moon Knight,Wolverine,0.008819067364209801,0.010545134594362569
opposing,Moon Knight,Invisible Woman,0.0033531194135621198,0.009379718384463576
opposing,Moon Knight,The Thing,0.03732305851957904,0.03452458669463091
opposing,Moon Knight,Iron Fist,0.01631968395133698,0.014594106556077723
opposing,Moon Knight,Emma Frost,-0.011355922758307522,-0.014395714340871819
opposing,Moon Knight,Phoenix,0.019901079593868352,0.023151809261040896
opposing,Moon Knight,Daredevil,0.03734489794268715,0.03838773878040311
opposing,Moon Knight,Angela,-0.006468404106588457,-0.006940482515729529
opposing,Moon Knight,Gambit,0.01476655212844588,0.019830217323221256
opposing,Moon Knight,Elsa Bloodstone,0.013392096331640993,0.01632143475285166
opposing,Moon Knight,White Fox,0.017975593463038925,0.019929481815676154
opposing,Moon Knight,Black Cat,0.016302233549534292,0.018207763060402535
opposing,Moon Knight,Devil Dinosaur,0.02215566664404541,0.020242486540962723
opposing,Moon Knight,Cyclops,-0.013620480059196187,-0.010647299560692564
opposing,Moon Knight,Jubilee,0.032922577852174485,0.0338499033724608
opposing,Moon Knight,Rogue,-0.018201709068944007,-0.022049868439194834
opposing,Moon Knight,The Hood,-0.019073921507904785,-0.022029824269783987
opposing,Moon Knight,Deadpool (Vanguard),-0.016669701792757893,-0.020660872010278268
opposing,Moon Knight,Deadpool (Duelist),0.005123890001626909,0.0048227718747847915
opposing,Moon Knight,Deadpool (Strategist),-0.017531697700803633,-0.020890361467432193
opposing,Luna Snow,Squirrel Girl,-0.029143258261737942,-0.03735194743594228
opposing,Luna Snow,Black Widow,0.02854476230046198,0.03157092067238921
opposing,Luna Snow,Iron Man,-0.011409957915140635,-0.014132947767801513
opposing,Luna Snow,Venom,-0.006745924806990512,-0.012719255248938922
opposing,Luna Snow,Spider-man,0.03309250690886965,0.03154748160245159
opposing,Luna Snow,Magneto,-0.01531826476668389,-0.016123055023097632
opposing,Luna Snow,Scarlet Witch,0.016224949700152272,0.011051419386333408
opposing,Luna Snow,Thor,0.004513126035688915,-0.00047554194095970697
opposing,Luna Snow,Mister Fantastic,-0.021339121662639036,-0.02920823890539235
opposing,Luna Snow,Winter Soldier,-0.007568603093748278,-0.00935277133341543
opposing,Luna Snow,Peni Parker,-0.017864249484465165,-0.01727682026451105
opposing,Luna Snow,Star-lord,0.002588076261919107,0.0019752194657465558
opposing,Luna Snow,Blade,0.007770599972214751,0.0064397686892201
opposing,Luna Snow,Namor,0.015865215154728187,0.012678111606537182
opposing,Luna Snow,Adam Warlock,-0.024324293239225258,-0.014582271340097746
opposing,Luna Snow,Jeff The Land Shark,-0.02029763972459917,-0.008996149702686541
opposing,Luna Snow,Psylocke,-0.012798142851224397,-0.01883811229461887
opposing,Luna Snow,Wolverine,-0.00012851340522408976,-0.012057829930153944
opposing,Luna Snow,Invisible Woman,-0.013131536105232556,-0.004108864571823275
opposing,Luna Snow,The Thing,0.02923462365923805,0.028593460325932612
opposing,Luna Snow,Iron Fist,-0.006987198632200315,-0.013811872660927893
opposing,Luna Snow,Emma Frost,0.02335584126875688,0.02635506264963722
opposing,Luna Snow,Phoenix,0.0170256977380818,0.014235280211749387
opposing,Luna Snow,Daredevil,0.0026467864450718413,-0.001668293335158742
opposing,Luna Snow,Angela,0.0021340518831953603,-0.0015350380513846206
opposing,Luna Snow,Gambit,-0.000327308852026063,0.0066090809768922084
opposing,Luna Snow,Elsa Bloodstone,-0.0037409910794952324,-0.008862571488246715
opposing,Luna Snow,White Fox,-0.01979478038705581,-0.015311798941692906
opposing,Luna Snow,Black Cat,0.014963074920012859,0.010110005382153982
opposing,Luna Snow,Devil Dinosaur,0.00028433499581432013,-0.00155742541321532
opposing,Luna Snow,Cyclops,0.0007768114412251888,-0.011462053405386334
opposing,Luna Snow,Jubilee,-0.02648970658725646,-0.022364427745886463
opposing,Luna Snow,Rogue,0.010040337719875635,0.010453971335811826
opposing,Luna Snow,The Hood,-0.0033052880959356734,-0.006027107424319191
opposing,Luna Snow,Deadpool (Vanguard),-0.01669631887722027,-0.01956081966792522
opposing,Luna Snow,Deadpool (Duelist),0.028820813880730194,0.03383795431606121
opposing,Luna Snow,Deadpool (Strategist),-0.0030711212059214956,0.009713732910987777
opposing,Squirrel Girl,Black Widow,-0.001586770233637919,-0.0017991221215954939
opposing,Squirrel Girl,Iron Man,-0.016182799319312848,-0.0208383254836055
opposing,Squirrel Girl,Venom,-0.05306500270701844,-0.0588156548965069
opposing,Squirrel Girl,Spider-man,-0.00201482189821796,-0.002939670520638377
opposing,Squirrel Girl,Magneto,-0.01689616429160215,-0.007858478143153807
opposing,Squirrel Girl,Scarlet Witch,0.01553308160685632,0.01708698548171788
opposing,Squirrel Girl,Thor,0.010178568636559922,0.015317506460893292
opposing,Squirrel Girl,Mister Fantastic,0.010646654140059436,0.010305451337015515
opposing,Squirrel Girl,Winter Soldier,0.0004296696704436053,-0.00017292230875287342
opposing,Squirrel Girl,Peni Parker,0.03282398954187033,0.03145161458683508
opposing,Squirrel Girl,Star-lord,-0.027448112947970765,-0.0315384069100255
opposing,Squirrel Girl,Blade,0.025407820528805723,0.02334738501248653
opposing,Squirrel Girl,Namor,0.024471545834508626,0.029142487585153434
opposing,Squirrel Girl,Adam Warlock,-0.003020449337173013,-0.0008986424770584438
opposing,Squirrel Girl,Jeff The Land Shark,0.005897196081669508,0.0073980570581622255
opposing,Squirrel Girl,Psylocke,-0.02334346928067259,-0.02577174385577955
opposing,Squirrel Girl,Wolverine,-0.018546553839940562,-0.020262630320199194
opposing,Squirrel Girl,Invisible Woman,-0.008003189063846469,-0.0039821262851343535
opposing,Squirrel Girl,The Thing,0.03047986102841872,0.029736234323553386
opposing,Squirrel Girl,Iron Fist,0.012032625478118696,0.008711189390922604
opposing,Squirrel Girl,Emma Frost,0.015165084222437543,0.017938193758165168
opposing,Squirrel Girl,Phoenix,-0.0028559510771825956,-0.002678677877773498
opposing,Squirrel Girl,Daredevil,-1.8924184712773746e-05,-0.0032180831312681813
opposing,Squirrel Girl,Angela,-0.011100262178683037,-0.009268416027681704
opposing,Squirrel Girl,Gambit,-0.011530232096723655,-0.010339662562607736
opposing,Squirrel Girl,Elsa Bloodstone,0.030601002790996038,0.03365415971487574
opposing,Squirrel Girl,White Fox,0.008223287374640887,0.008372139833715094
opposing,Squirrel Girl,Black Cat,-0.013423229454119558,-0.015148630997622994
opposing,Squirrel Girl,Devil Dinosaur,-0.0018352854122674947,-0.0036250982446389647
opposing,Squirrel Girl,Cyclops,0.010805827778837766,0.014480218890304734
opposing,Squirrel Girl,Jubilee,0.030201860062035575,0.030203098226041253
opposing,Squirrel Girl,Rogue,-0.009552027958576209,-0.009600265223407277
opposing,Squirrel Girl,The Hood,-0.023216526980206046,-0.023813397059438652
opposing,Squirrel Girl,Deadpool (Vanguard),-0.008924402792187919,-0.009217518119952578
opposing,Squirrel Girl,Deadpool (Duelist),0.008550909653639291,0.007271059084878792
opposing,Squirrel Girl,Deadpool (Strategist),-0.003609594408340779,-0.005813992895924751
opposing,Black Widow,Iron Man,0.059943792974729536,0.061463804463226815
opposing,Black Widow,Venom,-0.017817915997829552,-0.016307803748337027
opposing,Black Widow,Spider-man,0.017570195451151755,0.018297558485947458
opposing,Black Widow,Magneto,-0.03988444412196311,-0.030145471633768788
opposing,Black Widow,Scarlet Witch,0.013053872992308112,0.014494850447272355
opposing,Black Widow,Thor,0.0030893010147955355,0.010720347982590434
opposing,Black Widow,Mister Fantastic,-0.04601985974706261,-0.05080897339180975
opposing,Black Widow,Winter Soldier,0.010556112366862618,0.010849046072646201
opposing,Black Widow,Peni Parker,0.00045736918327099707,-0.001270070975034137
opposing,Black Widow,Star-lord,0.034429627903317835,0.035374963478632726
opposing,Black Widow,Blade,-0.022076017248814517,-0.02784974951807679
opposing,Black Widow,Namor,0.011487178824596742,0.01520478148371514
opposing,Black Widow,Adam Warlock,0.007726256409653115,0.007167556512264374
opposing,Black Widow,Jeff The Land Shark,-0.014737534428694533,-0.0198398597418539
opposing,Black Widow,Psylocke,0.004104568595449907,0.003957547319699288
opposing,Black Widow,Wolverine,-0.036254834624523946,-0.039302163298282705
opposing,Black Widow,Invisible Woman,-0.04016026990020804,-0.04418268720189769
opposing,Black Widow,The Thing,0.04419774225676232,0.04828988706583771
opposing,Black Widow,Iron Fist,-0.04586400326383634,-0.05373175938112229
opposing,Black Widow,Emma Frost,-0.037228096834360305,-0.03706579148164471
opposing,Black Widow,Phoenix,0.007379164733031133,0.00846065746652387
opposing,Black Widow,Daredevil,0.009012795464501977,0.006621584359150291
opposing,Black Widow,Angela,-0.018677601615237214,-0.014408621442769907
opposing,Black Widow,Gambit,0.00992185754311967,0.009770093306359428
opposing,Black Widow,Elsa Bloodstone,-0.008128646419822522,-0.00808845116354177
opposing,Black Widow,White Fox,-0.025467505255322587,-0.03355384685085039
opposing,Black Widow,Black Cat,-0.009230414780237247,-0.010534980880563559
opposing,Black Widow,Devil Dinosaur,-0.001086082512376798,0.0004991184453831973
opposing,Black Widow,Cyclops,-0.0013796320671526656,0.001405332525901609
opposing,Black Widow,Jubilee,0.0016793186210135003,-0.0059086058709651584
opposing,Black Widow,Rogue,0.0008247148661581745,0.005235912097278879
opposing,Black Widow,The Hood,-0.0017685160114605004,0.00334108685005113
opposing,Black Widow,Deadpool (Vanguard),0.02004906251778596,0.026310067460409387
opposing,Black Widow,Deadpool (Duelist),-0.029132173967535,-0.0333412609567229
opposing,Black Widow,Deadpool (Strategist),0.008768671082406802,0.004087710805309701
opposing,Iron Man,Venom,0.012244280812865532,0.010419483297731071
opposing,Iron Man,Spider-man,-0.06473244805173302,-0.06731380454768701
opposing,Iron Man,Magneto,-0.0231053239431637,-0.018197431939123074
opposing,Iron Man,Scarlet Witch,0.008698846400111634,0.013066913677181241
opposing,Iron Man,Thor,-0.0024146603523761264,-0.0021246014055063926
opposing,Iron Man,Mister Fantastic,-0.00019915689689249091,0.0019528776358550565
opposing,Iron Man,Winter Soldier,-0.024544722459615496,-0.02378436359046908
opposing,Iron Man,Peni Parker,0.017907495333165605,0.011424555033604861
opposing,Iron Man,Star-lord,-0.015920929028014126,-0.01572814605772471
opposing,Iron Man,Blade,0.03960896496001176,0.04204552321693668
opposing,Iron Man,Namor,0.021676525747753587,0.029484768110205613
opposing,Iron Man,Adam Warlock,0.0041306752586511754,0.003877335915024974
opposing,Iron Man,Jeff The Land Shark,0.004899487732570285,0.0030065983872068058
opposing,Iron Man,Psylocke,-0.026818653924881617,-0.026164041052777677
opposing,Iron Man,Wolverine,0.009725826313090921,0.01363244246382243
opposing,Iron Man,Invisible Woman,-0.006998323314915158,-0.006120689095805422
opposing,Iron Man,The Thing,0.04149605430739049,0.03856285178271048
opposing,Iron Man,Iron Fist,-0.01969059614527789,-0.022188987743598086
opposing,Iron Man,Emma Frost,0.025605124075107774,0.026123761388607634
opposing,Iron Man,Phoenix,-0.014853336783884027,-0.01227495222226342
opposing,Iron Man,Daredevil,0.005291677346160641,0.00587826874082273
opposing,Iron Man,Angela,-0.0020063854548765998,-0.002580639790617909
opposing,Iron Man,Gambit,0.03241082130350537,0.035824985734431124
opposing,Iron Man,Elsa Bloodstone,0.005176724913430585,0.00955684182585267
opposing,Iron Man,White Fox,0.012569478898406388,0.00999256851973249
opposing,Iron Man,Black Cat,-0.0040677675490197514,-0.0016838299213675794
opposing,Iron Man,Devil Dinosaur,-0.012690314979402595,-0.019133220490628256
opposing,Iron Man,Cyclops,0.005426925968533497,0.012031907153923747
opposing,Iron Man,Jubilee,0.00622742906179305,-3.717342745038275e-05
opposing,Iron Man,Rogue,-0.000648540780159626,-0.003124323507999777
opposing,Iron Man,The Hood,-0.0044639709270569775,-0.006379013326815063
opposing,Iron Man,Deadpool (Vanguard),-0.009111223485593956,-0.012855792580611453
opposing,Iron Man,Deadpool (Duelist),0.004794001181995942,0.0065745001542516
opposing,Iron Man,Deadpool (Strategist),-0.00603076284300732,-0.011806844163143402
opposing,Venom,Spider-man,0.003673186411094863,0.006233013557730359
opposing,Venom,Magneto,0.014461034682414244,-0.00895419439238599
opposing,Venom,Scarlet Witch,0.0007146391475700438,0.002250804884791353
opposing,Venom,Thor,0.002928942633415414,-0.0029396983017640314
opposing,Venom,Mister Fantastic,0.003605029576268664,0.0065419103427056344
opposing,Venom,Winter Soldier,-0.004149984804525493,-0.006857853823376936
opposing,Venom,Peni Parker,-0.030434002670580024,-0.03242203703337679
opposing,Venom,Star-lord,0.0014091745675406662,0.0017435732294320036
opposing,Venom,Blade,-0.014379367643893828,-0.010575567358937516
opposing,Venom,Namor,0.001383359801639357,-0.003200531464411469
opposing,Venom,Adam Warlock,-0.011226103314725686,-0.016360289714699588
opposing,Venom,Jeff The Land Shark,-0.019265688862506947,-0.023172830458571398
opposing,Venom,Psylocke,-0.03706128726438046,-0.04052992339024674
opposing,Venom,Wolverine,-0.031003561906369992,-0.02799346644627914
opposing,Venom,Invisible Woman,0.037723514339497576,0.03811685037108824
opposing,Venom,The Thing,0.008311147101241565,0.018197235737772356
opposing,Venom,Iron Fist,-0.014018854677296553,-0.00669247011945074
opposing,Venom,Emma Frost,0.03246102176094689,0.032327554718728384
opposing,Venom,Phoenix,0.0003406576564259184,-0.0002974000029492427
opposing,Venom,Daredevil,-0.026718311214373704,-0.023955845495162408
opposing,Venom,Angela,-0.0035953262684267724,-0.010234751175771477
opposing,Venom,Gambit,0.002747708906952492,0.005715215531868581
opposing,Venom,Elsa Bloodstone,0.0024012442323224263,0.0013987909682906603
opposing,Venom,White Fox,-0.007960867960953315,-0.0011186318699633328
opposing,Venom,Black Cat,-0.007523948491427021,-0.005540223994920446
opposing,Venom,Devil Dinosaur,-0.017928527055777195,-0.01989503823236043
opposing,Venom,Cyclops,-0.019356666197587247,-0.020313954109926237
opposing,Venom,Jubilee,0.01654414683093439,0.03196935188273697
opposing,Venom,Rogue,0.011893592502775933,0.009049386521724097
opposing,Venom,The Hood,-0.0008943487470747936,-0.006701406806697823
opposing,Venom,Deadpool (Vanguard),0.018392752161243506,0.016259725096488563
opposing,Venom,Deadpool (Duelist),0.015520501390091826,0.015558141702099758
opposing,Venom,Deadpool (Strategist),-0.01167026523641912,-0.00827906768077526
opposing,Spider-man,Magneto,0.019589267318023018,0.03036403737707643
opposing,Spider-man,Scarlet Witch,-0.005408881562944056,-0.004766671871103548
opposing,Spider-man,Thor,-0.014497013921471194,-0.01451000751860393
opposing,Spider-man,Mister Fantastic,0.004425974558075047,0.004350780259035353
opposing,Spider-man,Winter Soldier,0.015641644257022316,0.017019673115315114
opposing,Spider-man,Peni Parker,-0.015564396894834085,-0.024759650960966224
opposing,Spider-man,Star-lord,-0.013531847513256253,-0.015745177369970848
opposing,Spider-man,Blade,-0.013428509762184649,-0.017832188831220095
opposing,Spider-man,Namor,-0.06111890185686089,-0.06253153305096266
opposing,Spider-man,Adam Warlock,-0.006681714368786659,-0.0039017588590841285
opposing,Spider-man,Jeff The Land Shark,-0.010273372688337827,-0.009678026029556358
opposing,Spider-man,Psylocke,-0.005218135185180829,-0.005432720162085467
opposing,Spider-man,Wolverine,0.010502654297218578,0.011874177338495655
opposing,Spider-man,Invisible Woman,0.037756604809026754,0.048613448600387694
opposing,Spider-man,The Thing,0.00473476468163514,-0.001281260657165673
opposing,Spider-man,Iron Fist,-0.01765157018096689,-0.02258407905032685
opposing,Spider-man,Emma Frost,0.025212798631296756,0.026745117337982734
opposing,Spider-man,Phoenix,-0.029959085264613782,-0.031186399929636198
opposing,Spider-man,Daredevil,-0.026003369720192158,-0.030517621439022938
opposing,Spider-man,Angela,0.007121981716072439,0.008633794480124836
opposing,Spider-man,Gambit,-0.04480366483744773,-0.04665646761738266
opposing,Spider-man,Elsa Bloodstone,-0.03310724578096365,-0.03438708587227775
opposing,Spider-man,White Fox,-0.01314935943157768,-0.014556281044741123
opposing,Spider-man,Black Cat,0.009006093242849284,0.009838700385666333
opposing,Spider-man,Devil Dinosaur,-0.014453213956854772,-0.020036815863024228
opposing,Spider-man,Cyclops,0.012119506465927011,0.016662654742924096
opposing,Spider-man,Jubilee,0.004257615288871451,0.0021316296347712784
opposing,Spider-man,Rogue,0.01762941911459675,0.018270289480165965
opposing,Spider-man,The Hood,0.02976827944993285,0.032766939346253285
opposing,Spider-man,Deadpool (Vanguard),0.02148824452867947,0.022248190705368587
opposing,Spider-man,Deadpool (Duelist),0.005048411990933706,0.00425202447971974
opposing,Spider-man,Deadpool (Strategist),-0.019237775969039795,-0.022279890373171476
opposing,Magneto,Scarlet Witch,0.044690060201300785,0.04046512561771449
opposing,Magneto,Thor,-0.020263773319851883,-0.004060520760362334
opposing,Magneto,Mister Fantastic,-0.03224632880428577,-0.04406202626196874
opposing,Magneto,Winter Soldier,0.018216123429291575,0.007313138085191698
opposing,Magneto,Peni Parker,0.0004124886268267962,0.028810071951110433
opposing,Magneto,Star-lord,0.013297462356298913,0.004256550631822556
opposing,Magneto,Blade,-0.019040699368562383,-0.026476314964617997
opposing,Magneto,Namor,0.03097836902096454,0.01901360577143955
opposing,Magneto,Adam Warlock,-0.007859099105244174,-0.018998397507751074
opposing,Magneto,Jeff The Land Shark,0.02646469881060064,0.023360846125800232
opposing,Magneto,Psylocke,0.014564329284574417,0.006196290682142811
opposing,Magneto,Wolverine,-0.02283010724853939,-0.029613751181321816
opposing,Magneto,Invisible Woman,0.0028702201387893447,-0.008884103790933484
opposing,Magneto,The Thing,-0.025591620104268655,0.004718661834278376
opposing,Magneto,Iron Fist,-0.013836227313405055,-0.017203647860112477
opposing,Magneto,Emma Frost,-0.03368196839864332,-0.018351276439473277
opposing,Magneto,Phoenix,0.04085985182503257,0.03407139356383308
opposing,Magneto,Daredevil,-0.029368432914385963,-0.03761884568329947
opposing,Magneto,Angela,-0.04301652546054916,-0.030080746602279506
opposing,Magneto,Gambit,0.009577726523419306,0.007096676871925033
opposing,Magneto,Elsa Bloodstone,0.043574440702023896,0.03649525193052188
opposing,Magneto,White Fox,-0.0076913777526456655,-0.007352068414377341
opposing,Magneto,Black Cat,-0.030165484183294983,-0.04144641832234752
opposing,Magneto,Devil Dinosaur,-0.03715944105139587,-0.01644455073982571
opposing,Magneto,Cyclops,0.009404183466019603,0.0009720660378315777
opposing,Magneto,Jubilee,0.0218250653113808,0.031552751725626875
opposing,Magneto,Rogue,-0.02391873136982163,-0.006632521997639897
opposing,Magneto,The Hood,-0.02472897803058409,-0.00856289849249843
opposing,Magneto,Deadpool (Vanguard),0.008650472706278634,0.030658637059008443
opposing,Magneto,Deadpool (Duelist),-0.008810611358694473,-0.02222793918590953
opposing,Magneto,Deadpool (Strategist),0.0014479564612624916,0.00040120196783408095
opposing,Scarlet Witch,Thor,0.009548919839788205,0.012934815252089211
opposing,Scarlet Witch,Mister Fantastic,0.00908668405368199,0.00830942629741482
opposing,Scarlet Witch,Winter Soldier,-0.013819094502925972,-0.01587284496230507
opposing,Scarlet Witch,Peni Parker,0.008996719853283668,0.0032583836495006305
opposing,Scarlet Witch,Star-lord,0.02251916157572826,0.02211499222925639
opposing,Scarlet Witch,Blade,0.010500926009522278,0.006936681585347356
opposing,Scarlet Witch,Namor,-0.014898294169773046,-0.013688196965783824
opposing,Scarlet Witch,Adam Warlock,0.012222045573862502,0.01888503143270731
opposing,Scarlet Witch,Jeff The Land Shark,-0.008344474681730605,-0.005987955415812099
opposing,Scarlet Witch,Psylocke,0.007047343222540482,0.006739076301377517
opposing,Scarlet Witch,Wolverine,0.009031323849494309,0.009210220238077414
opposing,Scarlet Witch,Invisible Woman,-0.033757370194311326,-0.030319712922056513
opposing,Scarlet Witch,The Thing,0.0037066223037927424,-0.0017347918324511773
opposing,Scarlet Witch,Iron Fist,0.023772757592322325,0.02107927472794947
opposing,Scarlet Witch,Emma Frost,0.0054326648157796975,0.005427419865284486
opposing,Scarlet Witch,Phoenix,0.011694645875157573,0.012724709484440832
opposing,Scarlet Witch,Daredevil,0.017655253262063828,0.015558771164937498
opposing,Scarlet Witch,Angela,-0.02114727300208972,-0.022129216084802162
opposing,Scarlet Witch,Gambit,0.01758776567395502,0.025053952064256577
opposing,Scarlet Witch,Elsa Bloodstone,0.008146561428276909,0.00909210569682602
opposing,Scarlet Witch,White Fox,0.028072375353035254,0.03333823094425956
opposing,Scarlet Witch,Black Cat,0.015135902742938813,0.015383974428886994
opposing,Scarlet Witch,Devil Dinosaur,0.0056495944570132475,0.0030207383205988372
opposing,Scarlet Witch,Cyclops,-0.017157416797816506,-0.01603134259879493
opposing,Scarlet Witch,Jubilee,0.038668752562484074,0.04236421942389662
opposing,Scarlet Witch,Rogue,0.009868860152432789,0.010326020072324874
opposing,Scarlet Witch,The Hood,0.022113879741081133,0.02494078669003708
opposing,Scarlet Witch,Deadpool (Vanguard),0.014300636187036095,0.014941407564864962
opposing,Scarlet Witch,Deadpool (Duelist),0.009848428510375562,0.008361122103840912
opposing,Scarlet Witch,Deadpool (Strategist),-0.020607696599057486,-0.022300990725630243
opposing,Thor,Mister Fantastic,-0.017729172381672403,-0.020961320791664056
opposing,Thor,Winter Soldier,-0.020309577771884548,-0.02860362165778587
opposing,Thor,Peni Parker,-0.04356602114038898,-0.041255118542836075
opposing,Thor,Star-lord,0.0068536964215061315,0.0040353507319363414
opposing,Thor,Blade,0.02609644008875662,0.030693327673422362
opposing,Thor,Namor,-0.006187784535632884,-0.015390470465894139
opposing,Thor,Adam Warlock,-0.022451864164981253,-0.028565362852901104
opposing,Thor,Jeff The Land Shark,0.022504529253522223,0.026135286274807577
opposing,Thor,Psylocke,0.010364824894107973,0.008472140028004308
opposing,Thor,Wolverine,0.02642010433823314,0.03213224918317096
opposing,Thor,Invisible Woman,0.010048850110859604,0.006819300097264287
opposing,Thor,The Thing,-0.029531636233056144,-0.01914826676917395
opposing,Thor,Iron Fist,-0.027311898033420427,-0.025248807754545806
opposing,Thor,Emma Frost,-0.006504072432903983,-0.006312921856933116
opposing,Thor,Phoenix,-0.029948658012870274,-0.03776442523923878
opposing,Thor,Daredevil,-0.0007171263143219081,0.0012080433635643624
opposing,Thor,Angela,0.024667539192920387,0.028695494927641674
opposing,Thor,Gambit,-0.009651625180265735,-0.007852040827807456
opposing,Thor,Elsa Bloodstone,-0.003250585293142675,-0.008655646662912086
opposing,Thor,White Fox,-0.015988266571272714,-0.009611320265381803
opposing,Thor,Black Cat,0.02573918065807335,0.027703575361132347
opposing,Thor,Devil Dinosaur,0.01079169239253602,0.019562924009859713
opposing,Thor,Cyclops,-0.00015024801373853544,-0.002710176570051804
opposing,Thor,Jubilee,-0.018476998063487782,-0.007855363449586511
opposing,Thor,Rogue,0.019255921392105496,0.023863628888193867
opposing,Thor,The Hood,-0.00020937840035135168,0.00040819108753411675
opposing,Thor,Deadpool (Vanguard),-0.01497294145549798,-0.01591990465943134
opposing,Thor,Deadpool (Duelist),0.00840305595691277,0.003873005052698792
opposing,Thor,Deadpool (Strategist),-0.0006488618436542831,0.005338460534529044
opposing,Mister Fantastic,Winter Soldier,0.006609634451065643,0.007694374788567604
opposing,Mister Fantastic,Peni Parker,-0.00458903873045732,-0.012932788024875626
opposing,Mister Fantastic,Star-lord,0.03785389912640906,0.040180701264553385
opposing,Mister Fantastic,Blade,0.012767875633729562,0.01088917966005295
opposing,Mister Fantastic,Namor,-0.004046407670247278,-0.00046396706573426734
opposing,Mister Fantastic,Adam Warlock,-0.0013239229580739352,0.0016458948428643618
opposing,Mister Fantastic,Jeff The Land Shark,-0.022334927373187687,-0.02372713668511578
opposing,Mister Fantastic,Psylocke,0.017539236812262146,0.01957451385883864
opposing,Mister Fantastic,Wolverine,-0.014093776558984914,-0.01426069572251842
opposing,Mister Fantastic,Invisible Woman,0.013784979443072278,0.02116550842858558
opposing,Mister Fantastic,The Thing,-0.038107909792425246,-0.049334351618237286
opposing,Mister Fantastic,Iron Fist,-0.012426822559287178,-0.016512079355227065
opposing,Mister Fantastic,Emma Frost,-0.006926788133327156,-0.009399318341985112
opposing,Mister Fantastic,Phoenix,-0.005110854633235497,-0.003921038584061956
opposing,Mister Fantastic,Daredevil,0.008136156818259398,0.006782339486190441
opposing,Mister Fantastic,Angela,0.002866647819382829,0.003514420370248729
opposing,Mister Fantastic,Gambit,-0.013457156405499425,-0.011871507266544134
opposing,Mister Fantastic,Elsa Bloodstone,-0.005384996897479575,-0.004017784814429254
opposing,Mister Fantastic,White Fox,0.007419489600594713,0.008103812481349493
opposing,Mister Fantastic,Black Cat,0.04561187088110753,0.049802212498670936
opposing,Mister Fantastic,Devil Dinosaur,-0.03389322756428879,-0.04205123195875606
opposing,Mister Fantastic,Cyclops,-0.026154771320255822,-0.024244293002467665
opposing,Mister Fantastic,Jubilee,0.005418175659094865,0.002957398416169296
opposing,Mister Fantastic,Rogue,-0.007236118778319442,-0.009780767647489716
opposing,Mister Fantastic,The Hood,0.03033316869457963,0.033010725599677285
opposing,Mister Fantastic,Deadpool (Vanguard),0.008939209552326386,0.007900934899713068
opposing,Mister Fantastic,Deadpool (Duelist),0.02998182271197268,0.03160938032212753
opposing,Mister Fantastic,Deadpool (Strategist),0.020159540640738705,0.021562229177726017
opposing,Winter Soldier,Peni Parker,0.03619340441915564,0.03721452738123885
opposing,Winter Soldier,Star-lord,0.0008833181027416598,-0.00030349582242411544
opposing,Winter Soldier,Blade,0.011055733175305716,0.008484096223538486
opposing,Winter Soldier,Namor,-0.009712131344971358,-0.007138918215852983
opposing,Winter Soldier,Adam Warlock,0.026482069116666028,0.028564001744972
opposing,Winter Soldier,Jeff The Land Shark,-0.009569847502808324,-0.013730056012913812
opposing,Winter Soldier,Psylocke,-0.018804826678770314,-0.020233044292893125
opposing,Winter Soldier,Wolverine,-0.010645365578643404,-0.011092381445166298
opposing,Winter Soldier,Invisible Woman,-0.05248068717102324,-0.057747000694246695
opposing,Winter Soldier,The Thing,0.005674721590304948,0.004151085310988405
opposing,Winter Soldier,Iron Fist,-0.008970098024016262,-0.013334786438551184
opposing,Winter Soldier,Emma Frost,-0.017208312296810746,-0.016067680852914868
opposing,Winter Soldier,Phoenix,-0.0054103592261332345,-0.004800473125808223
opposing,Winter Soldier,Daredevil,-0.004227227229721639,-0.007126084867045788
opposing,Winter Soldier,Angela,0.025618016759598076,0.03359968892250036
opposing,Winter Soldier,Gambit,0.016935924908414404,0.0179570750296341
opposing,Winter Soldier,Elsa Bloodstone,-0.019287365912467498,-0.01958831293203292
opposing,Winter Soldier,White Fox,0.01863400567455529,0.016356508882580317
opposing,Winter Soldier,Black Cat,0.00514692603499459,0.005544102483452252
opposing,Winter Soldier,Devil Dinosaur,-0.011632532585068658,-0.012511905588380853
opposing,Winter Soldier,Cyclops,0.02618210613017603,0.031723565062582025
opposing,Winter Soldier,Jubilee,0.005221458013828884,-0.0016275431167297536
opposing,Winter Soldier,Rogue,0.006487714988482654,0.010260127978299489
opposing,Winter Soldier,The Hood,-0.04118055149292724,-0.04178686600391574
opposing,Winter Soldier,Deadpool (Vanguard),-0.012806860804421394,-0.011523310051524372
opposing,Winter Soldier,Deadpool (Duelist),-0.009220939411047149,-0.011285572352150598
opposing,Winter Soldier,Deadpool (Strategist),-0.02974278144262294,-0.038941517348030655
opposing,Peni Parker,Star-lord,-0.011230451625257704,-0.007023714790402801
opposing,Peni Parker,Blade,0.030253857298033378,0.04438105865849102
opposing,Peni Parker,Namor,-0.006344317753371973,-0.006502601906488714
opposing,Peni Parker,Adam Warlock,0.005198972915811219,-0.0056431023607516305
opposing,Peni Parker,Jeff The Land Shark,4.270736775808669e-05,-0.009108932390653293
opposing,Peni Parker,Psylocke,0.006852875291563665,0.01362664695046986
opposing,Peni Parker,Wolverine,-0.020550550486696198,-0.011067023056632553
opposing,Peni Parker,Invisible Woman,-0.023154149388849545,-0.04089235687009705
opposing,Peni Parker,The Thing,0.028792898052912887,0.039135905403177566
opposing,Peni Parker,Iron Fist,-0.0021642606817889147,0.011793426410890095
opposing,Peni Parker,Emma Frost,0.009588045847205953,0.003241539539427141
opposing,Peni Parker,Phoenix,-0.0100030670625791,-0.00651018226210738
opposing,Peni Parker,Daredevil,0.019665086656500765,0.03294808831408933
opposing,Peni Parker,Angela,-0.00039120050071692384,-0.00923180287647566
opposing,Peni Parker,Gambit,0.029935085537306703,0.028924358707033054
opposing,Peni Parker,Elsa Bloodstone,-0.0020680304618911445,0.0017221412916614716
opposing,Peni Parker,White Fox,0.007813424190143687,0.008843181106063308
opposing,Peni Parker,Black Cat,0.01229311022826658,0.0218050082862317
opposing,Peni Parker,Devil Dinosaur,-0.012615622486997173,-0.016458883624137485
opposing,Peni Parker,Cyclops,-0.026813611209975077,-0.023314797409798766
opposing,Peni Parker,Jubilee,-0.04016278001059238,-0.04219882147196041
opposing,Peni Parker,Rogue,-0.00781743801108166,-0.01638823011925021
opposing,Peni Parker,The Hood,-0.02585115948662718,-0.03819184678501228
opposing,Peni Parker,Deadpool (Vanguard),0.011594814985541003,0.005721831538000896
opposing,Peni Parker,Deadpool (Duelist),0.003214403717535361,0.007161949975391248
opposing,Peni Parker,Deadpool (Strategist),-0.0006875181264521678,-0.0038788694846317133
opposing,Star-lord,Blade,0.03046339937601773,0.03070185509369257
opposing,Star-lord,Namor,-0.033362595180159126,-0.03142393978447067
opposing,Star-lord,Adam Warlock,0.019925451749772297,0.02128608068318038
opposing,Star-lord,Jeff The Land Shark,0.016246295454673446,0.015411378290217001
opposing,Star-lord,Psylocke,-0.00534562818032636,-0.004439630541188545
opposing,Star-lord,Wolverine,0.010537338795597633,0.013042418652399131
opposing,Star-lord,Invisible Woman,-0.01723756419502627,-0.01800021387028628
opposing,Star-lord,The Thing,0.0030794843505271333,-0.0011525712374887236
opposing,Star-lord,Iron Fist,-0.02849501279386268,-0.03316421501660021
opposing,Star-lord,Emma Frost,-0.006322608870842739,-0.006371939133185792
opposing,Star-lord,Phoenix,-0.03248785076654175,-0.032786684616064314
opposing,Star-lord,Daredevil,-0.009936712383230751,-0.012034849459450521
opposing,Star-lord,Angela,-0.03348913209549905,-0.034581231923241376
opposing,Star-lord,Gambit,0.013479845598268293,0.014167259281683553
opposing,Star-lord,Elsa Bloodstone,-0.010934082734985381,-0.009309287726967125
opposing,Star-lord,White Fox,0.013868560677306416,0.011093656736639165
opposing,Star-lord,Black Cat,0.010544448648252092,0.012630906279155462
opposing,Star-lord,Devil Dinosaur,-0.002557907833602181,-0.004831237668577931
opposing,Star-lord,Cyclops,0.005357722374102803,0.010490709979408049
opposing,Star-lord,Jubilee,-0.03106835515230501,-0.04235530945266656
opposing,Star-lord,Rogue,-0.006135252582357505,-0.006200755998969532
opposing,Star-lord,The Hood,0.011982908918902671,0.014948687746786059
opposing,Star-lord,Deadpool (Vanguard),-0.006234030798289573,-0.006626232439030616
opposing,Star-lord,Deadpool (Duelist),0.01812364404374752,0.019504057152412754
opposing,Star-lord,Deadpool (Strategist),-0.014035455053388173,-0.021172501684177718
opposing,Blade,Namor,-0.00677626140930508,-0.0005120830795417174
opposing,Blade,Adam Warlock,0.0014588965008388013,0.0018769959787392494
opposing,Blade,Jeff The Land Shark,0.01884329870290887,0.019698796895090912
opposing,Blade,Psylocke,0.02179139959271965,0.027066975686107726
opposing,Blade,Wolverine,0.009917580793475073,0.014571696242513341
opposing,Blade,Invisible Woman,-0.015409016309440771,-0.014577307548393542
opposing,Blade,The Thing,-0.0014943671927013786,-0.011489390733290956
opposing,Blade,Iron Fist,-6.79929154144412e-05,-0.00026441731546953274
opposing,Blade,Emma Frost,0.030540513172234468,0.029395566377753233
opposing,Blade,Phoenix,-0.018171967073204107,-0.015126913994853077
opposing,Blade,Daredevil,0.004552432543357446,0.005812043293671309
opposing,Blade,Angela,0.003040133602602611,0.0008148125445243043
opposing,Blade,Gambit,-0.01643078650692905,-0.018116411886054402
opposing,Blade,Elsa Bloodstone,-0.000641152273913764,0.004005693403396797
opposing,Blade,White Fox,-0.009448449439296071,-0.013772189693929578
opposing,Blade,Black Cat,-0.009945850389495145,-0.007300000449204978
opposing,Blade,Devil Dinosaur,0.008354581181092714,0.0020626239508917603
opposing,Blade,Cyclops,0.009301264146695085,0.016948351326214292
opposing,Blade,Jubilee,-0.013649771396926231,-0.021393612777256377
opposing,Blade,Rogue,0.009533621235575936,0.005985237063663927
opposing,Blade,The Hood,0.012398858037382214,0.010163706899312844
opposing,Blade,Deadpool (Vanguard),-0.002292978024213599,-0.0074890512521176905
opposing,Blade,Deadpool (Duelist),0.007947006936591073,0.010711905309090369
opposing,Blade,Deadpool (Strategist),-0.008105514921290706,-0.013135529084959015
opposing,Namor,Adam Warlock,-0.013589409325735336,-0.012184248913146121
opposing,Namor,Jeff The Land Shark,0.012668607968879541,0.015620368982318448
opposing,Namor,Psylocke,-0.010022749307483318,-0.01409858436861925
opposing,Namor,Wolverine,-0.011109473738568083,-0.014943801894601035
opposing,Namor,Invisible Woman,-0.024247197442697727,-0.02165216216029708
opposing,Namor,The Thing,0.011729924247808547,0.013387613616269426
opposing,Namor,Iron Fist,0.01724171376161071,0.011623786653209863
opposing,Namor,Emma Frost,-0.019908538167134584,-0.016572769453595693
opposing,Namor,Phoenix,0.004201209676559824,0.002229837652384197
opposing,Namor,Daredevil,0.028868103421337568,0.025266688599382074
opposing,Namor,Angela,-0.0025965441777900857,0.004706397843355119
opposing,Namor,Gambit,0.04183425813782524,0.05029986250230471
opposing,Namor,Elsa Bloodstone,0.008659216621431513,0.007243812567861926
opposing,Namor,White Fox,0.018993067418884183,0.021092615934533737
opposing,Namor,Black Cat,0.025260762007751857,0.023916861697314013
opposing,Namor,Devil Dinosaur,-0.019275309295587094,-0.018516260920596876
opposing,Namor,Cyclops,0.02032625689574331,0.022049064252678607
opposing,Namor,Jubilee,-0.004670510941996418,-0.008423845602449806
opposing,Namor,Rogue,0.014977534689320822,0.02220550216970826
opposing,Namor,The Hood,-0.034144600698452154,-0.031459120678103254
opposing,Namor,Deadpool (Vanguard),0.022744312392869864,0.03053153712357534
opposing,Namor,Deadpool (Duelist),0.0032179286686711494,-0.0012017784627709185
opposing,Namor,Deadpool (Strategist),0.02249352784178067,0.02415649318650681
opposing,Adam Warlock,Jeff The Land Shark,0.02775507638927506,0.03362880321654181
opposing,Adam Warlock,Psylocke,-0.0023007337033624092,-0.00496210813904824
opposing,Adam Warlock,Wolverine,0.001974996749117424,-0.007624962142293845
opposing,Adam Warlock,Invisible Woman,0.022042603731134532,0.02329595274671482
opposing,Adam Warlock,The Thing,-0.0072562828881482695,-0.005542901022780016
opposing,Adam Warlock,Iron Fist,0.013297796974106537,0.011075166260393211
opposing,Adam Warlock,Emma Frost,-0.011131398241982069,-0.0054556137458239935
opposing,Adam Warlock,Phoenix,0.01750904335506515,0.01684546289508155
opposing,Adam Warlock,Daredevil,0.006080639657482158,0.004261210393028762
opposing,Adam Warlock,Angela,0.0055795225752616,0.010683324181410186
opposing,Adam Warlock,Gambit,0.0106751277842534,0.005447339968054017
opposing,Adam Warlock,Elsa Bloodstone,-0.002330022628889374,-0.0052088131170892294
opposing,Adam Warlock,White Fox,-0.019073973633209965,-0.028624557084316278
opposing,Adam Warlock,Black Cat,0.01901470830665144,0.01673451180634828
opposing,Adam Warlock,Devil Dinosaur,-0.007903653415371605,-0.002842185353838204
opposing,Adam Warlock,Cyclops,-0.03524069635264161,-0.04991533080926059
opposing,Adam Warlock,Jubilee,-0.030367470014839366,-0.041111859739289276
opposing,Adam Warlock,Rogue,-0.02790320707777504,-0.025368487981957642
opposing,Adam Warlock,The Hood,-0.012254524776938636,-0.008195459106693994
opposing,Adam Warlock,Deadpool (Vanguard),-0.012263377330974497,-0.006196285907957735
opposing,Adam Warlock,Deadpool (Duelist),0.012680480858161128,0.017746498529896907
opposing,Adam Warlock,Deadpool (Strategist),-0.022042900071816286,-0.026872080964056348
opposing,Jeff The Land Shark,Psylocke,-0.015098995282220395,-0.017624500854286306
opposing,Jeff The Land Shark,Wolverine,0.005705677268052702,-0.0016922949975144905
opposing,Jeff The Land Shark,Invisible Woman,0.013726985626674057,0.01264105477586297
opposing,Jeff The Land Shark,The Thing,-0.011718303548874409,-0.01324115319949715
opposing,Jeff The Land Shark,Iron Fist,-0.008256045766334565,-0.011437255261625862
opposing,Jeff The Land Shark,Emma Frost,0.004806597763585549,0.010524724850835556
opposing,Jeff The Land Shark,Phoenix,0.0032618396395393302,0.002553010276092171
opposing,Jeff The Land Shark,Daredevil,0.014462470254705876,0.01542642137588261
opposing,Jeff The Land Shark,Angela,0.009161503212851627,0.012321859225952888
opposing,Jeff The Land Shark,Gambit,-0.03317670517827688,-0.047204902835062144
opposing,Jeff The Land Shark,Elsa Bloodstone,0.004332392778057379,0.0040220557767030336
opposing,Jeff The Land Shark,White Fox,0.01774070592545911,0.014056351273984977
opposing,Jeff The Land Shark,Black Cat,-0.012545059780761574,-0.017034575731014193
opposing,Jeff The Land Shark,Devil Dinosaur,-0.01046943747519658,-0.008339448618795056
opposing,Jeff The Land Shark,Cyclops,0.015189711758004395,0.008554529876193337
opposing,Jeff The Land Shark,Jubilee,0.037012086168897784,0.03769117553954698
opposing,Jeff The Land Shark,Rogue,0.004167435396890706,0.009337243837762235
opposing,Jeff The Land Shark,The Hood,-0.008813342703664528,-0.006720350967160839
opposing,Jeff The Land Shark,Deadpool (Vanguard),0.006554161895209127,0.013126379641202534
opposing,Jeff The Land Shark,Deadpool (Duelist),-0.002198263562432117,0.002743562617706671
opposing,Jeff The Land Shark,Deadpool (Strategist),-0.027762847245108246,-0.034459367834436316
opposing,Psylocke,Wolverine,0.023071720181186108,0.025245902655270762
opposing,Psylocke,Invisible Woman,0.00404548867093529,0.00944705586199946
opposing,Psylocke,The Thing,0.02936012816425652,0.02755807841139976
opposing,Psylocke,Iron Fist,-0.016732860637898334,-0.021794738581722636
opposing,Psylocke,Emma Frost,0.010040274332108315,0.011303839506457566
opposing,Psylocke,Phoenix,0.003831701087694638,0.005104783492947066
opposing,Psylocke,Daredevil,0.013575375285541598,0.012024557329259692
opposing,Psylocke,Angela,-0.007916610394231294,-0.0066584653939874
opposing,Psylocke,Gambit,0.015182685121799152,0.019586789003734756
opposing,Psylocke,Elsa Bloodstone,-0.028297329176879108,-0.029395241777776276
opposing,Psylocke,White Fox,-0.011338656834346091,-0.013760627705890921
opposing,Psylocke,Black Cat,-0.04394601435136855,-0.04755244165399876
opposing,Psylocke,Devil Dinosaur,-0.0037832365072311396,-0.006724760704799694
opposing,Psylocke,Cyclops,-0.011461120275016974,-0.009007287975205235
opposing,Psylocke,Jubilee,-0.024787477372001977,-0.03178548669174666
opposing,Psylocke,Rogue,0.00492507097545904,0.005575196661884059
opposing,Psylocke,The Hood,-0.00943663130940577,-0.00941366957417524
opposing,Psylocke,Deadpool (Vanguard),-0.006779643903857857,-0.0077634785382617935
opposing,Psylocke,Deadpool (Duelist),-0.006471575142583455,-0.008392427462388621
opposing,Psylocke,Deadpool (Strategist),0.013964634513649722,0.013831434336818896
opposing,Wolverine,Invisible Woman,-0.009009229071433202,0.0022335491641203254
opposing,Wolverine,The Thing,-0.020980704781491614,-0.034249418568374865
opposing,Wolverine,Iron Fist,0.018235211922173304,0.01564233492356497
opposing,Wolverine,Emma Frost,0.02685490401596119,0.02421601935357418
opposing,Wolverine,Phoenix,0.01001410465466354,0.011453334485683716
opposing,Wolverine,Daredevil,0.011078073337215503,0.008999026365477747
opposing,Wolverine,Angela,0.0031757686301679008,-0.0001130754289552396
opposing,Wolverine,Gambit,-0.030567597897602366,-0.024409228630806534
opposing,Wolverine,Elsa Bloodstone,0.01423283296937944,0.016208888480593195
opposing,Wolverine,White Fox,-0.036869536069959574,-0.035009816083670674
opposing,Wolverine,Black Cat,0.018896731522023362,0.019989279029674747
opposing,Wolverine,Devil Dinosaur,0.027253427085936387,0.02201138544251591
opposing,Wolverine,Cyclops,0.02171543242767127,0.026494944084108307
opposing,Wolverine,Jubilee,-0.021239142116451202,-0.02032055876696662
opposing,Wolverine,Rogue,-0.021804058332316287,-0.029961036654761478
opposing,Wolverine,The Hood,0.0316740336663207,0.03053118690263589
opposing,Wolverine,Deadpool (Vanguard),-0.02416270852194018,-0.032900931087529124
opposing,Wolverine,Deadpool (Duelist),-0.01722471948441055,-0.020334268211151647
opposing,Wolverine,Deadpool (Strategist),-0.011773768572246417,-0.007651218372528842
opposing,Invisible Woman,The Thing,-0.004279518451057637,0.0002516523902786381
opposing,Invisible Woman,Iron Fist,-0.03685151642136757,-0.04786490969394688
opposing,Invisible Woman,Emma Frost,0.007412736750919958,0.018408209062372886
opposing,Invisible Woman,Phoenix,-0.0011675402088736292,-0.006687791998781303
opposing,Invisible Woman,Daredevil,-0.04494907829924033,-0.05566932069271577
opposing,Invisible Woman,Angela,0.006739252369080532,0.014368819526385619
opposing,Invisible Woman,Gambit,0.00024346300730621246,-0.004126594014621211
opposing,Invisible Woman,Elsa Bloodstone,0.024852031970939208,0.022848899923286196
opposing,Invisible Woman,White Fox,0.00888870181124047,0.0071766382855693155
opposing,Invisible Woman,Black Cat,-0.027681189283165448,-0.03832047136662744
opposing,Invisible Woman,Devil Dinosaur,0.0008126850595358169,0.009614373638829225
opposing,Invisible Woman,Cyclops,0.03499030167079152,0.02657244358266996
opposing,Invisible Woman,Jubilee,0.014562746125752365,0.014741883726036038
opposing,Invisible Woman,Rogue,-0.020039735660410608,-0.013901863966795469
opposing,Invisible Woman,The Hood,-0.013683584592592776,-0.007514808844142663
opposing,Invisible Woman,Deadpool (Vanguard),-0.016632192919965042,-0.008927852168029018
opposing,Invisible Woman,Deadpool (Duelist),-0.052902891928297044,-0.058556894239300265
opposing,Invisible Woman,Deadpool (Strategist),-0.01378455313645934,-0.014357819286735784
opposing,The Thing,Iron Fist,0.008391671922932747,0.022645566720777204
opposing,The Thing,Emma Frost,-0.0032699217803936562,-0.01750790768069664
opposing,The Thing,Phoenix,-0.03380983045167391,-0.0338912613958897
opposing,The Thing,Daredevil,-0.0043395163868888914,0.005346885389127305
opposing,The Thing,Angela,0.034038361825734956,0.024581284465767655
opposing,The Thing,Gambit,0.024570199318436323,0.03149531294005608
opposing,The Thing,Elsa Bloodstone,-0.004701653342658117,-0.002100910628184654
opposing,The Thing,White Fox,-0.00016064950517052467,0.008385614161071168
opposing,The Thing,Black Cat,0.031604516294735235,0.0423988154972384
opposing,The Thing,Devil Dinosaur,-0.031829964535451484,-0.04454260902217054
opposing,The Thing,Cyclops,-0.027458407768882413,-0.02492500685614722
opposing,The Thing,Jubilee,0.0037979362602953504,0.017625064222388985
opposing,The Thing,Rogue,0.056981882700929846,0.05246688612940806
opposing,The Thing,The Hood,0.022432339404619746,0.011606551978148402
opposing,The Thing,Deadpool (Vanguard),0.02140487721813852,0.011127803387335334
opposing,The Thing,Deadpool (Duelist),0.059192449375690355,0.06855243035846655
opposing,The Thing,Deadpool (Strategist),0.012419007445261643,0.020132116291033675
opposing,Iron Fist,Emma Frost,-0.016257589187735105,-0.02615572785161207
opposing,Iron Fist,Phoenix,-0.0011552096758870368,0.0034421689610712935
opposing,Iron Fist,Daredevil,0.0021053341776259846,0.003360162025503267
opposing,Iron Fist,Angela,0.02139861655283858,0.01775916955316243
opposing,Iron Fist,Gambit,-0.04258368887314319,-0.04388930912786426
opposing,Iron Fist,Elsa Bloodstone,0.005714156929553189,0.011060412309963043
opposing,Iron Fist,White Fox,-0.0316804708896797,-0.03513409590543012
opposing,Iron Fist,Black Cat,-0.010969882026494487,-0.008214969650342331
opposing,Iron Fist,Devil Dinosaur,0.026649242464100175,0.018935970588025642
opposing,Iron Fist,Cyclops,-0.015336760543486639,-0.009469730372360034
opposing,Iron Fist,Jubilee,-0.04086443904311245,-0.04836099595903482
opposing,Iron Fist,Rogue,-0.006616267376762315,-0.015465709451990692
opposing,Iron Fist,The Hood,0.040460349573773036,0.03790399379089799
opposing,Iron Fist,Deadpool (Vanguard),0.00948032739285512,0.0021283911935184112
opposing,Iron Fist,Deadpool (Duelist),-0.013644440114205663,-0.01241587253894817
opposing,Iron Fist,Deadpool (Strategist),0.0046184852388341325,0.004828089015362472
opposing,Emma Frost,Phoenix,0.02198081126039013,0.022941738749068737
opposing,Emma Frost,Daredevil,-0.002590746120596195,0.002050880216675318
opposing,Emma Frost,Angela,-0.014717249028754754,-0.017940268586093426
opposing,Emma Frost,Gambit,-0.0066634134038418506,-0.009343176568101344
opposing,Emma Frost,Elsa Bloodstone,-0.004995250849025383,-0.007669330492744566
opposing,Emma Frost,White Fox,-0.012462850666001977,-0.010478915498978449
opposing,Emma Frost,Black Cat,0.004982426398923439,0.00753633129826905
opposing,Emma Frost,Devil Dinosaur,-0.016549236687355254,-0.013176078955663235
opposing,Emma Frost,Cyclops,0.012255131443047209,0.01402000836421111
opposing,Emma Frost,Jubilee,0.007998752639829524,0.017915822778835182
opposing,Emma Frost,Rogue,-0.019286413832870997,-0.02180007347550433
opposing,Emma Frost,The Hood,0.01265016086254107,0.014054343902146202
opposing,Emma Frost,Deadpool (Vanguard),-0.004932326939440507,-0.005526357321936505
opposing,Emma Frost,Deadpool (Duelist),-0.02734458761937524,-0.032973662563573654
opposing,Emma Frost,Deadpool (Strategist),-0.010490309951892924,-0.01104424471474813
opposing,Phoenix,Daredevil,0.018734895073549147,0.01663029238207099
opposing,Phoenix,Angela,0.0028784950578884354,0.006734850232547723
opposing,Phoenix,Gambit,-0.0050720020731957844,-0.002721305934033335
opposing,Phoenix,Elsa Bloodstone,0.0675764436144319,0.07318188651860276
opposing,Phoenix,White Fox,0.0009922872229118033,0.0005901125151254221
opposing,Phoenix,Black Cat,-0.013584445183554492,-0.015728493270996426
opposing,Phoenix,Devil Dinosaur,0.00870064472364624,0.0085475499502982
opposing,Phoenix,Cyclops,-0.022276246521436033,-0.021654170639574675
opposing,Phoenix,Jubilee,-0.0013068505472240372,-0.0048913533572702665
opposing,Phoenix,Rogue,-0.020254956010723045,-0.02105876418826278
opposing,Phoenix,The Hood,-0.017479196604253757,-0.016979850245777275
opposing,Phoenix,Deadpool (Vanguard),-0.001560804111928338,-0.0005745244292459982
opposing,Phoenix,Deadpool (Duelist),0.000525858196359149,-0.0018017457745674666
opposing,Phoenix,Deadpool (Strategist),0.02181805844158559,0.023144964412347955
opposing,Daredevil,Angela,0.0016007873314919869,-0.0011351493902512263
opposing,Daredevil,Gambit,-0.04530952346649765,-0.048261219159226015
opposing,Daredevil,Elsa Bloodstone,-0.023684394934968597,-0.021776424817387688
opposing,Daredevil,White Fox,-0.017551873194442458,-0.020544769612126194
opposing,Daredevil,Black Cat,0.048256272719579156,0.05466287636175
opposing,Daredevil,Devil Dinosaur,0.018464208697048835,0.012962481751726209
opposing,Daredevil,Cyclops,-0.01439085473634931,-0.009534553214318923
opposing,Daredevil,Jubilee,0.0038537781883861205,0.0006416523125630856
opposing,Daredevil,Rogue,-0.013489145517046284,-0.019979244912353904
opposing,Daredevil,The Hood,0.02861686559154167,0.027859976555840563
opposing,Daredevil,Deadpool (Vanguard),-0.010146921662802118,-0.016576133884224395
opposing,Daredevil,Deadpool (Duelist),0.026822273869929435,0.030201777450250534
opposing,Daredevil,Deadpool (Strategist),-0.013817989546429514,-0.017218291231897106
opposing,Angela,Gambit,-0.06993781116593133,-0.07952900737774585
opposing,Angela,Elsa Bloodstone,-0.0029650825117397265,-0.007427685310889849
opposing,Angela,White Fox,0.028235783378234548,0.04001823703800545
opposing,Angela,Black Cat,-0.009669114620794988,-0.01078271662313627
opposing,Angela,Devil Dinosaur,-0.004083217358100829,0.0021666169002375057
opposing,Angela,Cyclops,-0.02175652030225855,-0.025839822095279012
opposing,Angela,Jubilee,0.011956406801059553,0.025767195094472253
opposing,Angela,Rogue,-0.03976732168851127,-0.044473062832943625
opposing,Angela,The Hood,0.022750029244168916,0.02666686558770858
opposing,Angela,Deadpool (Vanguard),-0.005378544752043551,-0.005082396629717458
opposing,Angela,Deadpool (Duelist),-0.004569852725270233,-0.009650837558884219
opposing,Angela,Deadpool (Strategist),-0.028142229730762205,-0.02827541357958347
opposing,Gambit,Elsa Bloodstone,0.0006178811452217377,-0.00202490689015941
opposing,Gambit,White Fox,-0.01757065601950442,-0.019679188854782453
opposing,Gambit,Black Cat,0.010694987795027573,0.0072423407118262515
opposing,Gambit,Devil Dinosaur,-0.040595088004961984,-0.04664350227744731
opposing,Gambit,Cyclops,-0.018406048916717682,-0.031108837962791347
opposing,Gambit,Jubilee,0.012734491609943166,0.016995542321517357
opposing,Gambit,Rogue,0.015542632368163892,0.019203816742815474
opposing,Gambit,The Hood,-0.01932249784704947,-0.02225525819519292
opposing,Gambit,Deadpool (Vanguard),-0.016892017809174455,-0.017424716809417255
opposing,Gambit,Deadpool (Duelist),0.03784649090029398,0.04592577430835119
opposing,Gambit,Deadpool (Strategist),-0.005410722163093051,-4.7150567683433445e-05
opposing,Elsa Bloodstone,White Fox,0.01435908298442199,0.015363084527046324
opposing,Elsa Bloodstone,Black Cat,0.006780009112775224,0.006065789954023359
opposing,Elsa Bloodstone,Devil Dinosaur,-0.006795277084275429,-0.008097296979651019
opposing,Elsa Bloodstone,Cyclops,-0.013409115607694509,-0.012276996667750135
opposing,Elsa Bloodstone,Jubilee,0.0025868413243029568,-0.0007756232215804565
opposing,Elsa Bloodstone,Rogue,0.003603236257438914,0.0060832465763315975
opposing,Elsa Bloodstone,The Hood,-0.02070401267253804,-0.01997140644893215
opposing,Elsa Bloodstone,Deadpool (Vanguard),0.0063963046943984496,0.008875346769295514
opposing,Elsa Bloodstone,Deadpool (Duelist),-0.008921128048235714,-0.012203818333746225
opposing,Elsa Bloodstone,Deadpool (Strategist),0.021133210469020457,0.02210983722343413
opposing,White Fox,Black Cat,0.006000750676484836,0.0054722309624279505
opposing,White Fox,Devil Dinosaur,0.01386877175378941,0.010977727051258936
opposing,White Fox,Cyclops,-0.00983596585534722,-0.0179565875097873
opposing,White Fox,Jubilee,-0.00472642160023984,-0.0047262142769671465
opposing,White Fox,Rogue,-0.0038112688093536397,-0.008856283586647556
opposing,White Fox,The Hood,-0.013549177064688462,-0.021149833035511222
opposing,White Fox,Deadpool (Vanguard),0.010624015050030295,0.008917784868029504
opposing,White Fox,Deadpool (Duelist),0.011681770217462362,0.02000137054912789
opposing,White Fox,Deadpool (Strategist),0.009892751306110885,0.016952640727652995
opposing,Black Cat,Devil Dinosaur,0.01508652932234527,0.01214509309774376
opposing,Black Cat,Cyclops,-0.00968495116450168,-0.0069982791813279965
opposing,Black Cat,Jubilee,-0.036042939768659674,-0.042164629572117515
opposing,Black Cat,Rogue,0.004682599819213399,0.0031800615104222107
opposing,Black Cat,The Hood,0.034633822924205394,0.03749541171087941
opposing,Black Cat,Deadpool (Vanguard),-0.00858293354833239,-0.011895238656022274
opposing,Black Cat,Deadpool (Duelist),-0.00045558286530362156,-0.0018044096484056815
opposing,Black Cat,Deadpool (Strategist),-0.026594830235216506,-0.02951471118978655
opposing,Devil Dinosaur,Cyclops,0.009608608119395678,0.01372343320181082
opposing,Devil Dinosaur,Jubilee,-0.010321301906561824,-0.0022154651093248497
opposing,Devil Dinosaur,Rogue,-0.03638950575251052,-0.047453604450988916
opposing,Devil Dinosaur,The Hood,-0.02650081498742179,-0.03703905314678839
opposing,Devil Dinosaur,Deadpool (Vanguard),-0.001086568501719315,-0.007008137885081801
opposing,Devil Dinosaur,Deadpool (Duelist),0.03141218616412576,0.035049364824566644
opposing,Devil Dinosaur,Deadpool (Strategist),-0.004143204494066709,-0.002544007598012776
opposing,Cyclops,Jubilee,0.010124481070430479,0.015386231245763096
opposing,Cyclops,Rogue,-0.02093337148730778,-0.023713018951868618
opposing,Cyclops,The Hood,-0.031105057923823044,-0.03403991700501152
opposing,Cyclops,Deadpool (Vanguard),0.02592569031453261,0.028108551880591855
opposing,Cyclops,Deadpool (Duelist),0.022651699265710524,0.019689986976755777
opposing,Cyclops,Deadpool (Strategist),0.0224119003596983,0.031230373103396793
opposing,Jubilee,Rogue,0.03932148246486334,0.0365638539873808
opposing,Jubilee,The Hood,0.010100220078381133,0.0016556970648639203
opposing,Jubilee,Deadpool (Vanguard),0.011805015037692216,0.005643925413020739
opposing,Jubilee,Deadpool (Duelist),0.0029446152362147,0.013067007076217139
opposing,Jubilee,Deadpool (Strategist),0.0024161014550267562,0.007257043289419089
opposing,Rogue,The Hood,0.011102240428261254,0.011814800915553442
opposing,Rogue,Deadpool (Vanguard),-0.009133551075835435,-0.010827404580200546
opposing,Rogue,Deadpool (Duelist),0.0046886433695420456,0.0027049835531661845
opposing,Rogue,Deadpool (Strategist),-0.007186972575658772,-0.00676441770845954
opposing,The Hood,Deadpool (Vanguard),-0.009854087288698405,-0.010663316016448276
opposing,The Hood,Deadpool (Duelist),-0.034718675790445686,-0.042131572422767036
opposing,The Hood,Deadpool (Strategist),-0.026393589776018373,-0.028067192449241187
opposing,Deadpool (Vanguard),Deadpool (Duelist),-0.0019609882162440347,-0.004378072890552539
opposing,Deadpool (Vanguard),Deadpool (Strategist),0.012566644251609152,0.015145059276727163
opposing,Deadpool (Duelist),Deadpool (Strategist),0.04883529129292947,0.04720618292627744
