kind,hero_a,hero_b,role_a,role_b,coef,slope,did,is_teamup,support,support_dev,support_third0,support_third1,support_third2
allied,Hulk,The Punisher,Tank,Damage,0.0016989817277185237,0.0016026755628308108,-0.0003383435826026189,False,5292,5060,1557,1615,1888
allied,Hulk,Storm,Tank,Damage,-0.02744125989104323,0.0010507265809819172,-0.030010878466181595,False,3103,2974,799,1027,1148
allied,Hulk,Loki,Tank,Support,-0.006225665294257651,8.67134903161379e-05,-0.0076163535569486575,False,4019,3850,910,1186,1754
allied,Hulk,Human Torch,Tank,Damage,0.011780277478280638,-4.580674677801434e-05,0.008181142311378594,False,4036,3803,835,1290,1678
allied,Hulk,Doctor Strange,Tank,Tank,0.0724949953195258,0.0006239269245741526,0.09590681734871036,True,8544,8175,2391,2866,2918
allied,Hulk,Mantis,Tank,Support,-0.02425830476370527,0.0005650204985019709,-0.016994502293020564,False,11561,10991,2158,3394,5439
allied,Hulk,Hawkeye,Tank,Damage,-0.0031122916457456593,0.0005789044765604753,-0.004242712452964237,False,2970,2828,841,1061,926
allied,Hulk,Captain America,Tank,Tank,0.022427336049619086,0.00019203062059295657,0.023434051272789674,True,3027,2810,842,947,1021
allied,Hulk,Rocket Raccoon,Tank,Support,0.01807155078854423,-0.001837610065617151,0.020736352615305632,False,16407,15727,3977,5337,6413
allied,Hulk,Hela,Tank,Damage,0.004793798208182942,0.00040585363530088917,0.003459011915596173,False,8093,7698,1825,2374,3499
allied,Hulk,Cloak & Dagger,Tank,Support,-0.0013126757892019999,-0.0004883768071265363,0.0037785275734215596,False,24470,23343,6982,8016,8345
allied,Hulk,Black Panther,Tank,Damage,0.005342836162176505,-0.0017505001252560487,0.011240470692040984,False,5735,5445,1202,1908,2335
allied,Hulk,Groot,Tank,Tank,-0.011619728049444777,0.0009067418478850941,-0.011205775418297707,False,2229,2131,527,757,847
allied,Hulk,Ultron,Tank,Support,-0.015850464319717573,-0.0003452161683841508,-0.0041465640991368196,False,3049,2819,838,987,994
allied,Hulk,Magik,Tank,Damage,-0.002830908984074055,-0.0016194110929791006,-0.009042600189483569,False,11877,11383,2834,3936,4613
allied,Hulk,Moon Knight,Tank,Damage,0.005593555987665658,0.0016192106614221439,0.0052398566739808635,False,3644,3472,1335,1222,915
allied,Hulk,Luna Snow,Tank,Support,-0.012371983596034726,-0.003213434030921157,-0.008977570787565477,False,16568,15810,3886,5221,6703
allied,Hulk,Squirrel Girl,Tank,Damage,-0.01360675272917725,-0.00033561370478185024,-0.0144736293571491,False,2140,2045,999,639,407
allied,Hulk,Black Widow,Tank,Damage,0.034088135041532054,-0.0005682048451047195,0.0363627922832841,False,6169,5863,1310,1801,2752
allied,Hulk,Iron Man,Tank,Damage,-0.03316712085021622,-0.0016403202578722487,-0.03160733637887087,True,4834,4611,1740,1630,1241
allied,Hulk,Venom,Tank,Tank,0.033847997706036755,0.0010070307226019068,0.03241464231304704,False,4279,4071,1090,1382,1599
allied,Hulk,Spider-man,Tank,Damage,-0.006598272075123943,6.0752904114273754e-05,-0.008966562405193994,False,11220,10687,2617,3567,4503
allied,Hulk,Magneto,Tank,Tank,-0.033028842669107966,-0.0030347557190024133,-0.023779269776995158,False,18579,17688,3719,5491,8478
allied,Hulk,Scarlet Witch,Tank,Damage,0.013456107703903552,0.0009002720122974091,0.00837182967541203,False,2692,2585,1217,841,527
allied,Hulk,Thor,Tank,Tank,0.011559163787281364,0.00027774213361944525,0.00631060643488866,False,2988,2837,801,965,1071
allied,Hulk,Mister Fantastic,Tank,Damage,0.016892730085339428,0.0005741970779639389,0.024697246231711,False,3151,3028,915,1095,1018
allied,Hulk,Winter Soldier,Tank,Damage,0.0065637403463269985,-0.0023607149785034223,0.0018855105376301931,False,17217,16421,3772,5480,7169
allied,Hulk,Peni Parker,Tank,Tank,-0.009567095962237137,-0.0007932320829230822,-0.015214427503798441,False,1483,1401,450,434,517
allied,Hulk,Star-lord,Tank,Damage,0.00855276809599231,-0.0012178133708172017,0.007422960620251542,False,3791,3621,973,1214,1434
allied,Hulk,Blade,Tank,Damage,-0.007216746283388638,-0.0004462623284415792,-0.002808494755123493,False,3449,3285,1099,1160,1026
allied,Hulk,Namor,Tank,Damage,0.027178239457459345,0.0016262031362134738,0.015236714543886537,True,9797,9394,3237,3299,2858
allied,Hulk,Adam Warlock,Tank,Support,-0.0186199551278748,0.00014585187672630785,-0.008590743233373145,False,3224,3057,767,998,1292
allied,Hulk,Jeff The Land Shark,Tank,Support,0.005984949229844481,0.0007672712132774745,0.005748160256679513,False,5650,5404,1751,1825,1828
allied,Hulk,Psylocke,Tank,Damage,0.0062209044428327915,0.0010237154658148194,0.007276334305826556,False,3587,3422,851,1122,1449
allied,Hulk,Wolverine,Tank,Damage,-0.019663176083709415,0.0015842797539848423,-0.01684222620687086,True,4785,4536,1118,1487,1931
allied,Hulk,Invisible Woman,Tank,Support,-0.024068389492507926,-0.001329266283436328,-0.033060591775489596,False,17840,17038,4561,5576,6901
allied,Hulk,The Thing,Tank,Tank,0.007341031778345699,-0.0003852502400422152,0.00783790816275223,False,5201,4963,1321,1678,1964
allied,Hulk,Iron Fist,Tank,Damage,-0.02469779082051522,0.00028326927858062846,-0.031695170483446944,False,6890,6571,1511,2112,2948
allied,Hulk,Emma Frost,Tank,Tank,-0.0066285523957151414,0.0012685957305161885,-0.00809875944407209,False,6067,5700,1809,1894,1997
allied,Hulk,Phoenix,Tank,Damage,-0.0009721665976384455,-9.242813822721024e-05,-0.0057769523314725665,False,2875,2786,867,981,938
allied,Hulk,Daredevil,Tank,Damage,-0.00361160489278433,0.0001680080928432925,-0.003452995871318195,False,6434,6123,1213,1903,3007
allied,Hulk,Angela,Tank,Tank,-0.025657306390115167,-0.001012563929936099,-0.02997868928024622,False,1716,1624,389,546,689
allied,Hulk,Gambit,Tank,Support,-0.012014794014720644,0.0012999136935718174,-0.017272552547205645,False,14923,14133,3702,4871,5560
allied,Hulk,Elsa Bloodstone,Tank,Damage,0.008756951098319294,-0.0020438711243865163,0.0103241161623605,False,6264,5984,1623,2063,2298
allied,Hulk,White Fox,Tank,Support,-0.0014119615816019703,0.00014802621085646732,0.011604749314664759,False,8419,8080,2923,2803,2354
allied,Hulk,Black Cat,Tank,Damage,0.004049772590846046,0.0011122926312054937,0.006892862596070369,False,5109,4979,1674,1901,1404
allied,Hulk,Devil Dinosaur,Tank,Tank,-0.001894171697906757,0.0007883566323610051,-0.006989532660990517,False,2429,2304,828,729,747
allied,Hulk,Cyclops,Tank,Damage,0.004638241544743803,0.0009512137985434686,0.004793110471180731,False,7725,7369,2548,2534,2287
allied,Hulk,Jubilee,Tank,Support,0.010453705938773797,0.0020557741210669124,0.006131512461247595,False,21055,20156,6462,7174,6520
allied,Hulk,Rogue,Tank,Tank,-0.011485959321513205,-0.0003660632038443051,-0.021323424087906242,False,1943,1804,497,625,682
allied,Hulk,The Hood,Tank,Tank,-0.017003961484736218,0.0003139390141546597,-0.03179988561120175,False,18820,18223,5155,6253,6815
allied,Hulk,Deadpool (Vanguard),Tank,Tank,-0.008273027427493364,-6.322942220880032e-05,-0.017247848976578762,False,1363,1317,489,455,373
allied,Hulk,Deadpool (Duelist),Tank,Damage,0.004115256864030365,-0.000919772345552651,0.007873943460067876,False,4783,4534,1204,1530,1800
allied,Hulk,Deadpool (Strategist),Tank,Support,0.03830790279798723,0.001921207212862434,0.04865957607142084,False,5345,5149,1658,1792,1699
allied,The Punisher,Storm,Damage,Damage,0.013218798055627526,-0.00011324555303508849,0.015844598676038026,False,2024,1936,688,606,642
allied,The Punisher,Loki,Damage,Support,-0.040582879770477975,0.0002684458575840474,-0.04371698586936291,False,3336,3226,1042,944,1240
allied,The Punisher,Human Torch,Damage,Damage,-0.003412012509590199,0.0006926339457791884,0.00154695807966702,False,2239,2147,670,729,748
allied,The Punisher,Doctor Strange,Damage,Tank,0.001686331782147295,9.957902617409249e-05,-0.0035595437810772654,False,9755,9376,3448,3125,2803
allied,The Punisher,Mantis,Damage,Support,-0.00197754670293404,0.0008249040108139421,-0.0023518644552033684,False,9619,9158,2566,2776,3816
allied,The Punisher,Hawkeye,Damage,Damage,-0.03263393076805403,-0.0003235417921205417,-0.03213864663494455,False,1782,1726,691,588,447
allied,The Punisher,Captain America,Damage,Tank,-0.005277332771614028,-0.0008302423900866849,-0.009040530382624921,False,2298,2182,911,676,595
allied,The Punisher,Rocket Raccoon,Damage,Support,0.12511863390608935,0.002036873670292852,0.13210782003125363,True,23638,22765,8105,7408,7252
allied,The Punisher,Hela,Damage,Damage,0.013242435344869909,-0.0003931795780455697,0.012319988551372807,False,4601,4380,1415,1284,1681
allied,The Punisher,Cloak & Dagger,Damage,Support,-0.01891445554844093,-0.0019268854448992916,-0.030231885635989553,False,21789,20921,8231,6755,5935
allied,The Punisher,Black Panther,Damage,Damage,0.0134836455513155,-0.00026110674822092266,0.010364082460400457,False,2720,2608,847,876,885
allied,The Punisher,Groot,Damage,Tank,-0.0026147065741152155,-0.0014280617300564916,-0.006959614117620795,False,4418,4251,1557,1386,1308
allied,The Punisher,Ultron,Damage,Support,-0.018994964389737162,-0.0003460906811382712,-0.01823082172750309,False,2480,2323,892,763,668
allied,The Punisher,Magik,Damage,Damage,0.019178090299378878,-0.0005507328922613803,0.02915932014544646,False,6588,6354,2289,2031,2034
allied,The Punisher,Moon Knight,Damage,Damage,-0.02403898497753263,0.0007837315774858473,-0.024736894775051373,False,2459,2350,1212,709,429
allied,The Punisher,Luna Snow,Damage,Support,-0.009929893774089501,-0.003422744639503331,-0.011367701109023659,False,13132,12597,4181,4032,4384
allied,The Punisher,Squirrel Girl,Damage,Damage,-0.008820182135936525,0.0007590991775110155,-0.008596798867905018,False,1564,1508,907,422,179
allied,The Punisher,Black Widow,Damage,Damage,0.0034874212369316844,-0.0007003064403665786,0.00426805672032051,False,3734,3565,1175,1076,1314
allied,The Punisher,Iron Man,Damage,Damage,-0.03046337077345278,0.0008021323336586498,-0.03305678040857461,False,2296,2183,966,720,497
allied,The Punisher,Venom,Damage,Tank,-0.03656873662323394,-0.001545637999319267,-0.0423523413706058,False,6479,6196,2365,1994,1837
allied,The Punisher,Spider-man,Damage,Damage,0.003747215188879298,-1.6637376370951105e-05,0.006879088536395358,False,6179,5927,2070,1887,1970
allied,The Punisher,Magneto,Damage,Tank,0.016145241232595024,0.002344708321231202,0.013195696762905827,False,28084,26871,8475,8538,9858
allied,The Punisher,Scarlet Witch,Damage,Damage,-0.007761870207267854,0.0010843118603338546,-0.0036950138577754575,False,2215,2138,1245,593,300
allied,The Punisher,Thor,Damage,Tank,-0.00908661793335946,0.0008739330462882282,-0.011500747832874705,False,5614,5392,2052,1759,1581
allied,The Punisher,Mister Fantastic,Damage,Damage,0.009742766112953749,-0.0005741059559676474,0.00761367927634364,False,2122,2047,803,711,533
allied,The Punisher,Winter Soldier,Damage,Damage,-0.002339103393835456,-0.0021360218798845924,0.00033621546288186246,True,11142,10666,3540,3447,3679
allied,The Punisher,Peni Parker,Damage,Tank,0.02030731954036154,0.0008545497238192294,0.02181544926431084,False,3596,3418,1387,1068,963
allied,The Punisher,Star-lord,Damage,Damage,-0.009195443279862981,4.8210720941064606e-05,-0.009399721519738533,False,2174,2100,808,664,628
allied,The Punisher,Blade,Damage,Damage,-0.014521590137640244,0.000597034095727645,-0.017221298417349446,False,2038,1951,893,592,466
allied,The Punisher,Namor,Damage,Damage,0.009352173151293055,0.00013060284488205953,0.015588483099840787,False,3174,3061,1336,967,758
allied,The Punisher,Adam Warlock,Damage,Support,0.025356327561857517,-0.0002956555506728006,0.03800770616664827,False,2600,2468,882,764,822
allied,The Punisher,Jeff The Land Shark,Damage,Support,0.024776096424154605,-0.00036625162029375,0.0282229308939019,False,4849,4659,2119,1409,1131
allied,The Punisher,Psylocke,Damage,Damage,-0.009807186505423003,-0.001323199322010969,-0.01275083753263376,False,1916,1842,688,572,582
allied,The Punisher,Wolverine,Damage,Damage,-0.0012274819664515918,-0.0003776681554154932,-0.0033833830432325406,False,1741,1672,481,555,636
allied,The Punisher,Invisible Woman,Damage,Support,0.044096312688086454,0.0017380241579028506,0.04926812977512257,False,15621,15011,5277,4772,4962
allied,The Punisher,The Thing,Damage,Tank,0.002610270149765736,-0.001346279072122936,0.0059429362185311665,False,8601,8223,2738,2680,2805
allied,The Punisher,Iron Fist,Damage,Damage,0.021418947129717647,-0.0009429324083169848,0.029696752945375243,False,3470,3341,1027,1061,1253
allied,The Punisher,Emma Frost,Damage,Tank,0.004643768590879194,-0.0025705973775084646,0.005352496195875264,False,12681,12112,4901,3699,3512
allied,The Punisher,Phoenix,Damage,Damage,-0.012637755909598055,0.00018153312790953634,-0.014926968416066196,False,1532,1489,620,477,392
allied,The Punisher,Daredevil,Damage,Damage,0.030104027167994037,0.0016890221003081891,0.0342824215041425,True,4055,3862,1085,1285,1492
allied,The Punisher,Angela,Damage,Tank,0.02249556345477989,-0.0005164056324949944,0.023542274901998065,False,3310,3138,1064,1001,1073
allied,The Punisher,Gambit,Damage,Support,-0.02402386231435999,0.00023269938839455624,-0.028099199532908986,False,13195,12543,4273,4083,4187
allied,The Punisher,Elsa Bloodstone,Damage,Damage,-0.01551087039661859,7.809571402180497e-05,-0.017825849283243253,False,3517,3375,1278,1058,1039
allied,The Punisher,White Fox,Damage,Support,-0.03192642282758958,0.0013726431735768018,-0.03703873816331556,False,6529,6320,3172,1931,1217
allied,The Punisher,Black Cat,Damage,Damage,-0.013224318790609178,0.0007843077242706192,-0.013620476878863343,False,2771,2712,1314,821,577
allied,The Punisher,Devil Dinosaur,Damage,Tank,-0.0036650643552730558,0.00024026073045807446,-0.0035665879536581906,True,6387,6134,2888,1938,1308
allied,The Punisher,Cyclops,Damage,Damage,0.008245120949632995,0.00013360247783753842,0.00505292837873738,False,4680,4513,2117,1426,970
allied,The Punisher,Jubilee,Damage,Support,-0.03490542214227617,0.0002781303030487792,-0.038112926261362465,False,20160,19455,8026,6398,5031
allied,The Punisher,Rogue,Damage,Tank,-0.010177591576382905,0.0006196855672412915,-0.01150618964027829,False,3753,3565,1370,1104,1091
allied,The Punisher,The Hood,Damage,Tank,0.008050539061424071,0.0022638047221514054,0.01110294822735768,False,27886,27100,9868,8762,8470
allied,The Punisher,Deadpool (Vanguard),Damage,Tank,0.008240240741135035,-0.0006636050905475313,0.007872097090363756,False,3155,3039,1437,927,675
allied,The Punisher,Deadpool (Duelist),Damage,Damage,0.019427147777921084,0.0004957210216538952,0.018333067594302893,False,2555,2438,863,809,766
allied,The Punisher,Deadpool (Strategist),Damage,Support,-0.03563381577175244,-0.0009398206534685291,-0.038456464112256776,False,4129,3987,1810,1239,938
allied,Storm,Loki,Damage,Support,-0.028914439196479187,-0.0004023815783744729,-0.03322986875704497,False,1754,1690,483,513,694
allied,Storm,Human Torch,Damage,Damage,-0.03191367037683444,0.000655623894794882,-0.029609802611004557,True,2570,2461,734,893,834
allied,Storm,Doctor Strange,Damage,Tank,-0.005899986423820975,-0.00017314610464069343,-0.009250378164157998,False,5568,5341,1726,1882,1733
allied,Storm,Mantis,Damage,Support,-0.0020573995515523265,-3.4344471709200334e-05,-0.005081577443329641,False,6183,5947,1532,1881,2534
allied,Storm,Hawkeye,Damage,Damage,0.0022264995534876076,-8.950875326397627e-05,0.005338406600476736,False,964,926,327,341,258
allied,Storm,Captain America,Damage,Tank,-0.0262679742489396,-1.937895159267849e-05,-0.029645515658287266,False,1299,1230,464,425,341
allied,Storm,Rocket Raccoon,Damage,Support,-0.010465852855139731,0.0005401814249488044,-0.02306460610855979,False,7819,7517,2343,2580,2594
allied,Storm,Hela,Damage,Damage,-0.01237072871204469,0.0009701917591703577,-0.0157079556439497,False,2784,2675,740,858,1077
allied,Storm,Cloak & Dagger,Damage,Support,0.0184785943010513,-0.0020137349572162846,0.009195416911258504,False,14195,13689,4892,4642,4155
allied,Storm,Black Panther,Damage,Damage,0.0327780901091597,-0.0010622283226925328,0.030980059916584677,True,2913,2787,872,1020,895
allied,Storm,Groot,Damage,Tank,0.0022437449295112572,0.000460641290525283,0.0011960672476113061,False,2669,2572,818,895,859
allied,Storm,Ultron,Damage,Support,0.017463962607099686,0.00035555088260528735,0.020145592610507666,False,1944,1816,571,669,576
allied,Storm,Magik,Damage,Damage,-0.014813323321902463,-0.0006455418629533863,-0.007943943977998111,False,3728,3594,1120,1258,1216
allied,Storm,Moon Knight,Damage,Damage,0.026824257807153036,-0.00013562399199948554,0.030074404920447523,False,1417,1350,596,432,322
allied,Storm,Luna Snow,Damage,Support,-0.0010598145370631768,-0.0004072657513977109,-0.004028740500799743,False,8308,7988,2383,2635,2970
allied,Storm,Squirrel Girl,Damage,Damage,0.003722988459768276,0.0004171659965106242,0.004706198632489803,False,837,800,441,225,134
allied,Storm,Black Widow,Damage,Damage,-0.025911746820667204,0.0003836841762451199,-0.027860887008543226,False,2220,2141,596,674,871
allied,Storm,Iron Man,Damage,Damage,0.010369806905070368,4.4955710955574574e-06,0.010889952763929043,False,1552,1484,555,560,369
allied,Storm,Venom,Damage,Tank,-0.0008476860410747856,-0.0004032947427705505,0.00014222083749919996,False,3562,3392,1205,1123,1064
allied,Storm,Spider-man,Damage,Damage,-0.013043023277361674,-0.00042473888207844774,-0.01159186265910948,False,3407,3287,993,1059,1235
allied,Storm,Magneto,Damage,Tank,0.02673287659846392,0.0008839939152404715,0.027725882150687876,False,17348,16664,4626,5398,6640
allied,Storm,Scarlet Witch,Damage,Damage,-0.0005436264141872848,-2.9954955982005832e-05,0.0038400229300167956,False,1282,1251,639,394,218
allied,Storm,Thor,Damage,Tank,-0.029290083712536028,-0.0009282463295981574,-0.031229892015816316,True,5992,5756,2162,2017,1577
allied,Storm,Mister Fantastic,Damage,Damage,0.0013173462355774484,0.00017630939252733503,-0.0017965004237029897,False,1064,1032,382,363,287
allied,Storm,Winter Soldier,Damage,Damage,0.030049141808243602,0.00019716483598750646,0.03513539777690128,False,6226,5975,1743,1919,2313
allied,Storm,Peni Parker,Damage,Tank,-0.024304812537271882,0.0010673047579333567,-0.025071689014441283,False,2006,1918,709,628,581
allied,Storm,Star-lord,Damage,Damage,0.01029507163592391,0.00012265500739994982,0.01142863934816921,False,1221,1185,385,421,379
allied,Storm,Blade,Damage,Damage,0.0017454007025905806,0.0004099764501596814,0.0001153411719159631,False,1110,1064,434,362,268
allied,Storm,Namor,Damage,Damage,-0.009460535523408772,0.0003159658205352828,-0.005073207825468849,False,1818,1756,670,659,427
allied,Storm,Adam Warlock,Damage,Support,0.040407115583915444,0.0010116391733096133,0.05229996415803274,True,2238,2124,546,740,838
allied,Storm,Jeff The Land Shark,Damage,Support,0.0869681577614132,-0.0005395357651170016,0.09554912136488712,True,7838,7545,2605,2623,2317
allied,Storm,Psylocke,Damage,Damage,0.003967516712905753,-0.0002633216960903005,0.0018861561045873314,False,1046,1000,337,325,338
allied,Storm,Wolverine,Damage,Damage,-0.008620410429758984,0.00021865649436477938,-0.011675168043559728,False,977,937,250,314,373
allied,Storm,Invisible Woman,Damage,Support,-0.01410374350064022,0.00030839960012005857,-0.01884681197062564,False,9934,9554,3002,3149,3403
allied,Storm,The Thing,Damage,Tank,0.02669999084657942,-0.0007380343666361963,0.03549604621904025,False,5255,5034,1446,1726,1862
allied,Storm,Iron Fist,Damage,Damage,0.0083141498760314,-8.660942172402728e-05,0.015217871671309677,False,1951,1882,491,631,760
allied,Storm,Emma Frost,Damage,Tank,0.013463194739927057,0.002160079705335648,0.017915305944062484,False,7569,7245,2627,2388,2230
allied,Storm,Phoenix,Damage,Damage,-0.019919705655725248,9.209720792288225e-05,-0.02309854126994379,False,872,848,335,271,242
allied,Storm,Daredevil,Damage,Damage,0.008364218720661874,-0.00025764146088941736,0.010450096105119681,False,1589,1519,401,498,620
allied,Storm,Angela,Damage,Tank,0.005018055874127287,-0.000620759387176456,0.006846133659721848,False,1971,1890,576,641,673
allied,Storm,Gambit,Damage,Support,-0.0276052228777824,0.00019606295338245135,-0.034768108700189905,False,8261,7882,2405,2687,2790
allied,Storm,Elsa Bloodstone,Damage,Damage,-0.016756615912919524,-0.0010520928628824995,-0.019459005715373043,False,2186,2078,738,664,676
allied,Storm,White Fox,Damage,Support,-0.015993816083447368,-4.667850585324828e-05,-0.021754434109586263,False,3583,3467,1629,1090,748
allied,Storm,Black Cat,Damage,Damage,0.016062329698721404,-0.0004128280480401718,0.01781905587590692,False,1453,1430,625,475,330
allied,Storm,Devil Dinosaur,Damage,Tank,0.03883397861838788,0.0016773998364705519,0.046469421832903465,False,2998,2855,1141,987,727
allied,Storm,Cyclops,Damage,Damage,-0.020650515389247174,-0.0006135145554166615,-0.02653058979241024,False,2673,2561,1071,874,616
allied,Storm,Jubilee,Damage,Support,-0.002578434738232149,0.0006295094161115728,-0.004384943965243639,False,12041,11603,4317,4051,3235
allied,Storm,Rogue,Damage,Tank,0.004542624340457493,-0.0004900771112002222,0.007622059272623152,False,2190,2068,717,652,699
allied,Storm,The Hood,Damage,Tank,-0.018692619616641044,-0.0032591658866646923,-0.015902502615061574,False,16872,16387,5293,5694,5400
allied,Storm,Deadpool (Vanguard),Damage,Tank,-0.0033757317691421526,0.0009599175610452168,-0.002302281230203545,False,1657,1606,654,531,421
allied,Storm,Deadpool (Duelist),Damage,Damage,-0.009629396545356609,0.00046559622011718276,-0.013424746105544123,False,1286,1238,407,422,409
allied,Storm,Deadpool (Strategist),Damage,Support,-0.027575736521635953,-0.00046809564784581,-0.03203100348930643,False,2433,2339,894,799,646
allied,Loki,Human Torch,Support,Damage,0.00013890453755340912,0.0007566537663636846,-0.001635261890797586,False,2050,1953,493,613,847
allied,Loki,Doctor Strange,Support,Tank,0.007350146150117761,-0.0014908468182052246,-0.0003986009100439673,False,6062,5828,1684,2007,2137
allied,Loki,Mantis,Support,Support,0.08304783147430335,0.0020881483301194385,0.08953472359352611,True,7359,6996,1577,2052,3367
allied,Loki,Hawkeye,Support,Damage,0.03119032867006295,-0.000469081625275195,0.03253174706802681,False,1858,1787,567,636,584
allied,Loki,Captain America,Support,Tank,0.00402009017162672,0.0011735243525820714,0.005018081551522903,False,1579,1513,490,429,594
allied,Loki,Rocket Raccoon,Support,Support,-0.01510037185922458,-0.0019497244562189518,0.009728000938327163,False,4123,3985,1226,1303,1456
allied,Loki,Hela,Support,Damage,0.0008359978296341671,-0.0005728977944586532,0.010146559448461882,True,6211,5953,1422,1737,2794
allied,Loki,Cloak & Dagger,Support,Support,0.020546702916099672,-0.0006489428409820759,0.045531224379961696,False,8980,8641,2648,2759,3234
allied,Loki,Black Panther,Support,Damage,-0.012901467452939585,-0.0011891991308250428,-0.009232287733655175,False,3057,2936,755,976,1205
allied,Loki,Groot,Support,Tank,-0.014382734550731299,0.0007906105984051448,-0.019510380639287263,False,3170,3053,756,944,1353
allied,Loki,Ultron,Support,Support,-0.01841109286585619,0.0002520124076909333,-0.044757406145551404,False,686,651,226,211,214
allied,Loki,Magik,Support,Damage,0.011264665557648936,8.712476412919303e-05,0.005713543178669164,False,7171,6909,1837,2240,2832
allied,Loki,Moon Knight,Support,Damage,0.012752002854960866,0.00013774162296824327,0.01584919628588732,False,2301,2185,878,704,603
allied,Loki,Luna Snow,Support,Support,-0.014483241593390195,0.0013388898014897815,-0.019137592489282956,False,4648,4462,1045,1276,2141
allied,Loki,Squirrel Girl,Support,Damage,-0.011537843979864635,0.00033840304229541406,-0.012710363881483598,False,1362,1321,690,400,231
allied,Loki,Black Widow,Support,Damage,-0.0018066039465671944,-0.0003754458408063539,0.0017747324726760535,False,4244,4046,975,1128,1943
allied,Loki,Iron Man,Support,Damage,0.006720056589879408,0.0007360749706318705,0.004463652535779532,False,2024,1940,757,649,534
allied,Loki,Venom,Support,Tank,-0.007682847444976412,-0.0025338926737766784,-0.00746669068066666,False,4893,4674,1433,1422,1819
allied,Loki,Spider-man,Support,Damage,0.011402974950892599,-0.0007065184010898238,0.01203895695277374,False,6575,6289,1660,2032,2597
allied,Loki,Magneto,Support,Tank,-0.004403083518365314,0.0001296110206727867,-0.018828222192480485,False,19775,18897,4279,5574,9044
allied,Loki,Scarlet Witch,Support,Damage,-0.0029954719768539827,1.177434864239519e-05,-0.00214643598090691,False,1935,1892,930,592,370
allied,Loki,Thor,Support,Tank,0.006872516314636579,0.0001307975656195554,0.008957450606259128,False,3985,3827,1191,1250,1386
allied,Loki,Mister Fantastic,Support,Damage,-0.029339328446000536,0.00029993125350216975,-0.031039409066535576,False,1789,1737,565,593,579
allied,Loki,Winter Soldier,Support,Damage,0.0063572266694011765,0.003225294725304362,0.010687228821825625,False,11371,10883,2564,3286,5033
allied,Loki,Peni Parker,Support,Tank,0.02845620639135358,-0.00022465237926600588,0.029565343840927343,False,1922,1846,610,585,651
allied,Loki,Star-lord,Support,Damage,-0.008797117463121359,-0.0002995112346297393,-0.005614155379065423,False,2479,2409,696,751,962
allied,Loki,Blade,Support,Damage,0.008661301425130264,-0.00036678332913747913,0.009604388214060077,False,2205,2116,732,680,704
allied,Loki,Namor,Support,Damage,-0.011111391436087137,-0.0008291482131820059,-0.0029670151696565305,False,3482,3362,1106,1176,1080
allied,Loki,Adam Warlock,Support,Support,-0.010690909339610538,0.000673064693436105,-0.05015508572983926,False,862,818,208,231,379
allied,Loki,Jeff The Land Shark,Support,Support,-0.0358213464678079,-0.0005263017749810747,-0.03697908626206289,False,1174,1134,474,360,300
allied,Loki,Psylocke,Support,Damage,0.035084897988143134,-0.0004734967233074556,0.04628280605257016,False,2172,2088,525,652,911
allied,Loki,Wolverine,Support,Damage,0.017447493061173776,0.0006715328553726314,0.020831444517358303,False,2180,2085,442,563,1080
allied,Loki,Invisible Woman,Support,Support,-0.009051411121334431,-0.0005022770106996842,0.002330035832842711,False,5889,5663,1511,1762,2390
allied,Loki,The Thing,Support,Tank,0.0039000108165588884,0.000512989843247153,-0.010572227316005477,False,6104,5850,1429,1773,2648
allied,Loki,Iron Fist,Support,Damage,-0.006598642254396672,-0.00021802833093309716,-0.012553790233510857,False,4010,3860,885,1237,1738
allied,Loki,Emma Frost,Support,Tank,0.02044645560303668,0.0009180714200581725,0.014465466216876633,False,7938,7595,2387,2324,2884
allied,Loki,Phoenix,Support,Damage,-0.040247300397437076,-0.00016369673521151844,-0.034356978412923,False,2231,2152,700,694,758
allied,Loki,Daredevil,Support,Damage,-0.02120629856805171,0.0005251749040951452,-0.024905640513937757,False,3723,3557,746,1008,1803
allied,Loki,Angela,Support,Tank,0.029282063811001242,0.00042655048728996515,0.028042160721762327,True,3277,3104,883,1003,1218
allied,Loki,Gambit,Support,Support,0.028093742563036418,0.002542315510105472,0.04623526831464215,False,6643,6326,1515,1938,2873
allied,Loki,Elsa Bloodstone,Support,Damage,0.03092705919910536,0.0007439311801944995,0.039131502317098804,False,4506,4317,1207,1333,1777
allied,Loki,White Fox,Support,Support,-0.013123226603588103,-0.00028377699646813296,-0.026037108585799038,False,1558,1516,707,486,323
allied,Loki,Black Cat,Support,Damage,-0.008893324546163348,0.0012611482157450706,-0.011236279758078921,False,2957,2896,1131,914,851
allied,Loki,Devil Dinosaur,Support,Tank,0.03445682063140819,5.53714784104858e-05,0.034457752757938685,False,3384,3237,1160,1025,1052
allied,Loki,Cyclops,Support,Damage,0.005725826357477833,-0.0010305276378004555,0.017603124360863316,False,5094,4920,1808,1640,1472
allied,Loki,Jubilee,Support,Support,-0.0227603797755488,-0.002325886367224005,-0.016735954246553594,False,6272,6077,2287,2052,1738
allied,Loki,Rogue,Support,Tank,-0.02316377915653358,0.00022320924404402502,-0.0277489733133121,False,2259,2114,631,642,841
allied,Loki,The Hood,Support,Tank,-0.006702411739967117,-0.0029617264481775684,-0.009617372468045397,False,17844,17333,4930,5490,6913
allied,Loki,Deadpool (Vanguard),Support,Tank,-0.017201946373044823,-5.226346396888934e-05,-0.018747434618497004,False,2039,1971,772,648,551
allied,Loki,Deadpool (Duelist),Support,Damage,-0.005212019051766207,0.00013461601513907971,-0.0013144095790915983,False,2864,2740,768,869,1103
allied,Loki,Deadpool (Strategist),Support,Support,0.004367253656200686,5.728003954456106e-05,0.00038700603587655657,False,887,864,379,287,198
allied,Human Torch,Doctor Strange,Damage,Tank,-0.0019092872423362036,0.0010860018695359429,-0.010257504271418784,False,6761,6411,1819,2412,2180
allied,Human Torch,Mantis,Damage,Support,0.0033353650389345213,-0.0015615948577557262,-0.00010512211357122241,False,7480,7066,1430,2246,3390
allied,Human Torch,Hawkeye,Damage,Damage,0.0022083010135938944,0.00016820506479369883,0.009035547349936699,False,1195,1139,326,429,384
allied,Human Torch,Captain America,Damage,Tank,0.01077332194200591,-0.0010168597035700082,0.006120687324648649,False,1541,1482,427,532,523
allied,Human Torch,Rocket Raccoon,Damage,Support,0.0009117359907337738,-0.0002548930305495492,-0.01135522349149138,False,9485,9038,2338,3147,3553
allied,Human Torch,Hela,Damage,Damage,-7.900311763796899e-05,-0.0006675692726972235,0.0013232949277844892,False,3458,3288,732,1061,1495
allied,Human Torch,Cloak & Dagger,Damage,Support,-0.024598514626429507,0.002029793220329117,-0.04035673546669669,False,15777,15009,4370,5427,5212
allied,Human Torch,Black Panther,Damage,Damage,-0.013308635335231824,3.9668175452766506e-05,-0.015224227676907391,False,2367,2241,520,795,926
allied,Human Torch,Groot,Damage,Tank,0.036455449057618126,0.0015068521428990038,0.033813960380410825,False,3033,2889,676,1083,1130
allied,Human Torch,Ultron,Damage,Support,0.03515649352182446,-0.0010678684973747055,0.03895928505503376,False,2533,2326,637,853,836
allied,Human Torch,Magik,Damage,Damage,-0.005147017852843597,-0.00045629985376314223,0.006243451513959285,False,4987,4767,1254,1647,1866
allied,Human Torch,Moon Knight,Damage,Damage,-0.01719509669930533,0.0003283329576020153,-0.013890506473075347,False,1521,1444,608,509,327
allied,Human Torch,Luna Snow,Damage,Support,-0.013664475738727604,-0.0007431289511440215,-0.019299389187211507,False,10138,9654,2265,3248,4141
allied,Human Torch,Squirrel Girl,Damage,Damage,-0.004980673177258678,0.00030421139390183046,-0.0010047542448649608,False,852,812,384,276,152
allied,Human Torch,Black Widow,Damage,Damage,-0.0052192749021676916,0.0013433865426942563,-0.0017299480185517205,False,2733,2593,604,825,1164
allied,Human Torch,Iron Man,Damage,Damage,-0.011283271289764123,0.000562674070032533,-0.008847808128842845,False,1693,1598,533,640,425
allied,Human Torch,Venom,Damage,Tank,0.009581379104537354,-0.0012165446993221132,0.006298661256259249,False,4950,4713,1270,1637,1806
allied,Human Torch,Spider-man,Damage,Damage,-0.008407155730851846,-0.0010015907837184804,-0.0028534375248572023,False,5022,4785,1166,1715,1904
allied,Human Torch,Magneto,Damage,Tank,0.0072951760054198265,0.0005319007187387446,0.0006514431074815124,False,21170,20101,4587,6712,8802
allied,Human Torch,Scarlet Witch,Damage,Damage,0.0029605237435864533,0.000581947591976764,0.011352571788790141,False,1405,1342,641,442,259
allied,Human Torch,Thor,Damage,Tank,0.011862701753355758,-0.0005912232025904428,0.009110907550507627,False,3832,3623,991,1236,1396
allied,Human Torch,Mister Fantastic,Damage,Damage,-0.0038663686585806204,0.0003848865561028719,-0.003694646989182178,False,1364,1304,386,486,432
allied,Human Torch,Winter Soldier,Damage,Damage,0.007272088985984522,-0.000927147576928687,0.014180147567703078,False,7456,7086,1654,2401,3031
allied,Human Torch,Peni Parker,Damage,Tank,-0.008511483185126296,0.0009506467696701955,-0.012946767816433858,False,2067,1954,620,685,649
allied,Human Torch,Star-lord,Damage,Damage,-0.03345433692150433,4.7449797134517356e-05,-0.032243866593364236,False,1623,1536,398,551,587
allied,Human Torch,Blade,Damage,Damage,0.007081526684606837,0.00012456804017351,0.009612286243508806,False,1405,1331,436,507,388
allied,Human Torch,Namor,Damage,Damage,0.017626210984802354,-6.087285145648683e-06,0.027984009400098275,False,2114,2037,650,744,643
allied,Human Torch,Adam Warlock,Damage,Support,-0.0017785581020994122,0.0007523922121783166,0.0037506764267267404,False,1905,1784,439,648,697
allied,Human Torch,Jeff The Land Shark,Damage,Support,-0.03887181856034996,-0.00015461326423257975,-0.04711125683163573,False,3528,3374,1103,1194,1077
allied,Human Torch,Psylocke,Damage,Damage,0.022624918332690827,0.00023169341520933536,0.02581270694701136,False,1389,1317,320,457,540
allied,Human Torch,Wolverine,Damage,Damage,0.011826683104299891,-0.0007341853744147654,0.01418997708040568,False,1321,1245,271,418,556
allied,Human Torch,Invisible Woman,Damage,Support,0.02499483830487972,0.0013154750969148628,0.024048687726045008,True,15278,14581,3994,5055,5532
allied,Human Torch,The Thing,Damage,Tank,-0.003956066023021085,-0.0007517030211957084,-0.0040603551648401475,True,12103,11499,3204,4107,4188
allied,Human Torch,Iron Fist,Damage,Damage,-0.0026540091971149825,0.0010217884206020448,0.0070540151711503485,False,2863,2747,664,923,1160
allied,Human Torch,Emma Frost,Damage,Tank,0.004818421087836996,-0.0007036728323672756,0.002849480667576952,False,8422,7952,2400,2762,2790
allied,Human Torch,Phoenix,Damage,Damage,-0.00285707027887102,-0.0004879893235112041,-0.0008994412218624587,False,1069,1023,339,397,287
allied,Human Torch,Daredevil,Damage,Damage,-0.02761157049141965,-0.0009766571694635687,-0.024802025361534193,False,2504,2361,532,812,1017
allied,Human Torch,Angela,Damage,Tank,-0.029085485697294043,-0.0010916421278754562,-0.03654606801052512,False,2491,2363,578,825,960
allied,Human Torch,Gambit,Damage,Support,-0.008247670118530087,-0.0031959778309256235,-0.014081266680570331,False,9404,8906,2218,3201,3487
allied,Human Torch,Elsa Bloodstone,Damage,Damage,-0.0003889455064316011,0.0003682073769060716,0.001987308276807508,False,2707,2586,711,885,990
allied,Human Torch,White Fox,Damage,Support,-0.04494610583180595,0.0014951421110795996,-0.05541616491102895,False,4043,3889,1527,1345,1017
allied,Human Torch,Black Cat,Damage,Damage,0.004359938411796266,1.4176895957866527e-05,0.00885987904178245,False,1964,1910,682,678,550
allied,Human Torch,Devil Dinosaur,Damage,Tank,-0.016130949547876867,0.0010780906213474564,-0.020133937999188518,False,3233,3053,1012,1064,977
allied,Human Torch,Cyclops,Damage,Damage,-0.01016235788001329,-0.0014536764022187892,-0.011452964170535264,False,3050,2895,1028,1055,812
allied,Human Torch,Jubilee,Damage,Support,0.09872761798508117,-0.0010171289882195801,0.10849396051394455,True,21097,20113,5972,7325,6816
allied,Human Torch,Rogue,Damage,Tank,0.007517227616173406,0.00033125422349272054,0.00548438689658108,False,2570,2407,688,853,866
allied,Human Torch,The Hood,Damage,Tank,0.01166765533399184,0.0002629783191006709,0.012430146515328696,False,20376,19638,5334,6920,7384
allied,Human Torch,Deadpool (Vanguard),Damage,Tank,0.0026940137102436524,7.168255864240265e-05,-0.0009961827477667526,False,1987,1896,704,682,510
allied,Human Torch,Deadpool (Duelist),Damage,Damage,0.005564323235178911,-0.00024296736470385367,0.006749944568604786,False,1940,1828,479,614,735
allied,Human Torch,Deadpool (Strategist),Damage,Support,0.014405791634007653,0.0013285103910593004,0.014107810851253339,False,2853,2723,839,973,911
allied,Doctor Strange,Mantis,Tank,Support,-0.001610160078831997,0.0006401993720669454,0.0007536371508905704,False,17836,16965,4404,5745,6816
allied,Doctor Strange,Hawkeye,Tank,Damage,0.0025730547862959498,0.00014915149226746898,-0.0011241089895344901,False,5477,5226,1887,1940,1399
allied,Doctor Strange,Captain America,Tank,Tank,-0.0006293060679164096,-0.0008665928820737272,0.011954382243837873,False,2382,2280,842,819,619
allied,Doctor Strange,Rocket Raccoon,Tank,Support,-0.014719609645896442,-0.0012838602140123534,-0.025864701382844055,False,24275,23303,7489,8273,7541
allied,Doctor Strange,Hela,Tank,Damage,-0.018507382383252016,0.0022750974117836187,-0.02567387760039169,False,13718,13070,3855,4369,4846
allied,Doctor Strange,Cloak & Dagger,Tank,Support,-0.002474393902608346,-0.00016230191443914366,-0.006109780873527577,False,38913,37236,13561,13121,10554
allied,Doctor Strange,Black Panther,Tank,Damage,-0.026410756548297866,-0.00110312150615232,-0.027296888351998973,False,8174,7750,2261,2784,2705
allied,Doctor Strange,Groot,Tank,Tank,-0.004720237459921115,0.00028742489591870423,0.012233834507133065,False,3537,3378,1143,1134,1101
allied,Doctor Strange,Ultron,Tank,Support,0.008037299204232417,-0.0003913679554587895,0.015040418640131222,False,4936,4594,1625,1605,1364
allied,Doctor Strange,Magik,Tank,Damage,0.04152279773820419,-0.000708758742331675,0.0370998656847864,True,25636,24603,7565,8814,8224
allied,Doctor Strange,Moon Knight,Tank,Damage,0.027045970752709664,0.0003049277698585697,0.025901489463965477,False,6775,6429,2857,2254,1318
allied,Doctor Strange,Luna Snow,Tank,Support,-0.0024411308748319848,-0.0016697584669274155,-0.00599057380148621,False,24088,23023,7313,7915,7795
allied,Doctor Strange,Squirrel Girl,Tank,Damage,0.012948873211533912,-0.0005261108637731632,0.011866026856311331,False,4134,3955,2125,1224,606
allied,Doctor Strange,Black Widow,Tank,Damage,0.005161808043112016,-0.0008796154522708716,0.0009711547045793243,False,10390,9941,2904,3268,3769
allied,Doctor Strange,Iron Man,Tank,Damage,-0.016543075786481908,0.0004358395031285651,-0.016317928119189626,False,6508,6209,2497,2258,1454
allied,Doctor Strange,Venom,Tank,Tank,0.006070416705523077,-0.0013010350756053235,0.01543186701222127,False,7984,7597,2562,2601,2434
allied,Doctor Strange,Spider-man,Tank,Damage,0.02645781475376047,0.0007187036511850074,0.024605749466810854,False,17247,16437,5181,5763,5493
allied,Doctor Strange,Magneto,Tank,Tank,-0.0762737264771561,0.0003217012535958289,-0.058791977936307846,False,24080,22879,6593,7728,8558
allied,Doctor Strange,Scarlet Witch,Tank,Damage,0.03804674599552389,0.0009632439824423535,0.032525167213373056,True,9280,8960,4525,2969,1466
allied,Doctor Strange,Thor,Tank,Tank,-0.007449781668467919,-0.0009718608856642287,-0.0004507416332827621,False,6035,5756,2001,2054,1701
allied,Doctor Strange,Mister Fantastic,Tank,Damage,-0.053246787298815254,2.5176244656876204e-05,-0.05654972680364908,False,5051,4850,1770,1775,1305
allied,Doctor Strange,Winter Soldier,Tank,Damage,0.02036656809173325,0.0023512264474314553,0.014035927000820052,False,29171,27909,8302,9930,9677
allied,Doctor Strange,Peni Parker,Tank,Tank,0.023212453909586175,5.439106356396634e-05,0.03839306217673902,False,3182,3004,1095,1054,855
allied,Doctor Strange,Star-lord,Tank,Damage,0.01237365514391501,-0.0006078680447853622,0.008467096911790742,False,6391,6147,2039,2176,1932
allied,Doctor Strange,Blade,Tank,Damage,0.003639149295402614,0.00048608855945017545,0.006063054874332641,False,5904,5649,2279,1919,1451
allied,Doctor Strange,Namor,Tank,Damage,0.016732275177019324,-0.0007761833030572882,0.000407019000296887,False,9841,9438,3620,3418,2400
allied,Doctor Strange,Adam Warlock,Tank,Support,-0.001783733395716436,1.579592058542693e-05,0.0024114142118510412,False,5039,4798,1493,1572,1733
allied,Doctor Strange,Jeff The Land Shark,Tank,Support,0.004523207643131719,0.0011043264828523422,-0.004488389721786,False,8877,8507,3341,2895,2271
allied,Doctor Strange,Psylocke,Tank,Damage,0.031068761602514598,-0.00046844692685104385,0.03171586316676806,False,5773,5535,1808,1892,1835
allied,Doctor Strange,Wolverine,Tank,Damage,-0.03099745748297286,-0.0008018071122883879,-0.032660296566733825,False,5263,5008,1323,1716,1969
allied,Doctor Strange,Invisible Woman,Tank,Support,0.09102031034578513,0.0005351391689141605,0.09198462061435521,True,42770,40971,13488,14428,13055
allied,Doctor Strange,The Thing,Tank,Tank,-0.02550197654870561,-0.0008980155860130354,-0.015049536861907353,False,9182,8723,2714,3127,2882
allied,Doctor Strange,Iron Fist,Tank,Damage,0.010673959297509084,0.0001422627755453713,0.004453634883342666,False,10321,9921,2845,3488,3588
allied,Doctor Strange,Emma Frost,Tank,Tank,-0.03653533588846038,0.0010940560558940046,-0.027563504513948848,False,11365,10791,3953,3795,3043
allied,Doctor Strange,Phoenix,Tank,Damage,-0.0025793475470347036,0.0005141691798935572,-0.010772287300686603,False,5519,5324,2007,1879,1438
allied,Doctor Strange,Daredevil,Tank,Damage,2.918252449130666e-06,0.0011035110935677301,-0.0026384677682107,False,9336,8860,2340,3079,3441
allied,Doctor Strange,Angela,Tank,Tank,-0.03624055577675789,0.00032827337519230986,-0.02691836796608632,False,3293,3120,978,1075,1067
allied,Doctor Strange,Gambit,Tank,Support,-0.02426544938210965,-0.0014384478092864324,-0.040031948878241796,False,22713,21536,6847,7597,7092
allied,Doctor Strange,Elsa Bloodstone,Tank,Damage,-0.014679150200215816,0.0005224385933629582,-0.018958891173340445,False,11287,10830,3791,3791,3248
allied,Doctor Strange,White Fox,Tank,Support,-0.027497137723456043,-0.0009505753619915027,-0.027212572915304063,False,13106,12615,5442,4349,2824
allied,Doctor Strange,Black Cat,Tank,Damage,0.006558735241875529,-0.0007530125075318355,0.006477302786670689,False,8381,8161,3492,2907,1762
allied,Doctor Strange,Devil Dinosaur,Tank,Tank,-0.020502265980105915,8.246935979506853e-05,-0.013283616343425994,False,4537,4318,1813,1457,1048
allied,Doctor Strange,Cyclops,Tank,Damage,0.022976051950875143,-0.0009842978444247247,0.021989318081605917,False,14144,13561,5608,4680,3273
allied,Doctor Strange,Jubilee,Tank,Support,0.015712635380640372,0.000849490272185693,0.0036957413552402433,False,34440,33091,12583,11843,8665
allied,Doctor Strange,Rogue,Tank,Tank,-0.016285262073431176,-0.0005294427267912846,-0.011520869122617489,False,3615,3368,1178,1154,1036
allied,Doctor Strange,The Hood,Tank,Tank,-0.023506976505949403,0.0010618606420452383,-0.02398331477047606,False,32947,31952,10750,11368,9834
allied,Doctor Strange,Deadpool (Vanguard),Tank,Tank,-0.005093524329333448,0.0006278429722801433,0.0018554441689782961,False,2986,2878,1210,1010,658
allied,Doctor Strange,Deadpool (Duelist),Tank,Damage,-0.010431791268858034,-0.0003496610147251623,-0.011518771205064612,False,7422,7038,2260,2522,2256
allied,Doctor Strange,Deadpool (Strategist),Tank,Support,0.0004786501866185239,0.0012818197595532545,-0.0037892634892346096,False,7922,7606,3006,2639,1961
allied,Mantis,Hawkeye,Support,Damage,-0.0059762215403290206,-0.0021819976701136575,-0.01134650020549154,False,5635,5396,1478,1997,1921
allied,Mantis,Captain America,Support,Tank,-0.014279750487045674,-0.0010537164031572798,-0.004670211422042047,False,4582,4315,1217,1391,1707
allied,Mantis,Rocket Raccoon,Support,Support,-0.010225226006955329,-0.00010656925355124162,0.004857046105161712,False,15978,15209,3625,4782,6802
allied,Mantis,Hela,Support,Damage,-0.019546172275067785,-0.0013691921510402792,-0.014849260206155204,False,16141,15303,3280,4341,7682
allied,Mantis,Cloak & Dagger,Support,Support,-0.0324062959075844,-0.004507865088147664,-0.02863792035413956,False,27262,25963,7375,8744,9844
allied,Mantis,Black Panther,Support,Damage,0.006524434279417927,0.0017853253642335636,0.010555973428419636,False,9503,8998,1998,2974,4026
allied,Mantis,Groot,Support,Tank,0.05321510788342719,-0.0012709315404412131,0.07050399426275505,True,13803,13159,3439,4405,5315
allied,Mantis,Ultron,Support,Support,0.011430843548039379,-0.0009777467576852863,-0.019709479727181182,False,4006,3696,929,1181,1586
allied,Mantis,Magik,Support,Damage,-0.01828142708899808,0.0007709091763394787,-0.029591689335636117,False,20657,19770,4723,6334,8713
allied,Mantis,Moon Knight,Support,Damage,-0.016443618228261465,-0.0005027521950206304,-0.019061755719565192,False,6765,6425,2398,2152,1875
allied,Mantis,Luna Snow,Support,Support,0.009298892916436988,0.00154636003393901,-0.0013514121543004686,False,15932,15116,3244,4579,7293
allied,Mantis,Squirrel Girl,Support,Damage,0.006855423195304915,-0.0008093913244781851,0.005916183403754756,False,3866,3701,1761,1177,763
allied,Mantis,Black Widow,Support,Damage,0.016196702287948388,0.003773563941602581,0.019962573699678698,False,13284,12533,2567,3604,6362
allied,Mantis,Iron Man,Support,Damage,0.006535784741066916,-0.0002919510030424273,0.002190468419038093,False,6485,6158,1970,2143,2045
allied,Mantis,Venom,Support,Tank,-0.0020550927248322937,-0.001040492609706168,0.010618118124751842,False,14538,13812,3512,4251,6049
allied,Mantis,Spider-man,Support,Damage,-0.014666280845413028,0.0007427966725186255,-0.019354834104897474,False,19589,18566,4264,5974,8328
allied,Mantis,Magneto,Support,Tank,-0.009808529123841014,-0.0004826053728799859,-0.013549806622156418,False,51206,48755,10889,15392,22474
allied,Mantis,Scarlet Witch,Support,Damage,-0.017416135497857782,-0.0012317245145661133,-0.02043556072886357,False,5106,4937,2213,1608,1116
allied,Mantis,Thor,Support,Tank,-0.018736268011396738,-0.000597581405225109,-0.009214437695492605,False,10924,10394,2771,3334,4289
allied,Mantis,Mister Fantastic,Support,Damage,0.00020927550422151483,0.00013187022382945423,0.0001368920906368461,False,5119,4895,1362,1671,1862
allied,Mantis,Winter Soldier,Support,Damage,-0.00643458810886868,0.0005452761509658855,-0.00576944109055535,False,30987,29485,6539,9343,13603
allied,Mantis,Peni Parker,Support,Tank,-0.0411009061380363,-0.00011869685836808206,-0.03961799683972039,False,5497,5194,1507,1660,2027
allied,Mantis,Star-lord,Support,Damage,0.11408800045867903,-0.002899332487392083,0.13056572399613262,True,17627,16889,4360,5706,6823
allied,Mantis,Blade,Support,Damage,0.008138985797503304,0.00011551091989133641,0.006950904846152362,False,6167,5843,1798,1955,2090
allied,Mantis,Namor,Support,Damage,-0.00013932908480900595,-0.0009750427960559813,0.007310676688703979,False,9899,9444,2950,3174,3320
allied,Mantis,Adam Warlock,Support,Support,0.06944954707316647,-1.1755120363373782e-05,0.035167926637603764,True,4579,4275,984,1333,1958
allied,Mantis,Jeff The Land Shark,Support,Support,-0.002919965699297351,-3.100988926128717e-05,-0.008264883550972232,False,5110,4907,1540,1542,1825
allied,Mantis,Psylocke,Support,Damage,0.004698372525081599,0.0002720952230241684,0.010032086619798548,False,6403,6085,1473,1863,2749
allied,Mantis,Wolverine,Support,Damage,0.0007960348918729647,0.00018946832362544378,3.2675790067500756e-05,False,5997,5665,1043,1617,3005
allied,Mantis,Invisible Woman,Support,Support,0.013607920280842413,0.001571821250630488,0.018770708311549995,False,19848,18860,4345,5802,8713
allied,Mantis,The Thing,Support,Tank,0.0075071839767299805,-0.0010250941568258007,0.005167263607301478,False,16810,15944,3588,5019,7337
allied,Mantis,Iron Fist,Support,Damage,-0.014272897984646697,-0.001131378540194665,-0.023253206216869524,False,11195,10715,2140,3301,5274
allied,Mantis,Emma Frost,Support,Tank,0.0428300190990427,0.0019055128728755746,0.051998981637134845,True,30099,28531,8143,9170,11218
allied,Mantis,Phoenix,Support,Damage,-0.008121844189482884,0.0005259082663359529,-0.00028171846580191194,False,6113,5856,1701,1929,2226
allied,Mantis,Daredevil,Support,Damage,-0.015302480720837596,0.002112798631767358,-0.020329723722649264,False,11083,10471,1934,3089,5448
allied,Mantis,Angela,Support,Tank,0.0267303757840776,-0.0004830410068088379,0.03663297348147718,False,6940,6548,1474,2118,2956
allied,Mantis,Gambit,Support,Support,0.02879211776592886,0.002636041829205878,0.036359092455364,False,15965,15008,3474,4987,6547
allied,Mantis,Elsa Bloodstone,Support,Damage,0.03577703459623496,0.0034237867198975112,0.04252184635204222,False,11445,10927,3044,3642,4241
allied,Mantis,White Fox,Support,Support,-0.0023973612501075616,-0.0006514116593331657,-0.023896870628256742,False,5889,5665,2191,1828,1646
allied,Mantis,Black Cat,Support,Damage,-0.016851729676537155,0.003522342363603839,-0.02225536381657684,False,8007,7810,2760,2794,2256
allied,Mantis,Devil Dinosaur,Support,Tank,-0.04585471341451145,-0.001609247051213322,-0.04720839861153824,False,8177,7705,2570,2544,2591
allied,Mantis,Cyclops,Support,Damage,-0.038578603863515436,-0.000519579829239756,-0.0343052379245815,False,14020,13354,4478,4392,4484
allied,Mantis,Jubilee,Support,Support,-0.025231769923645373,-0.0019569262285901324,-0.030410609245446685,False,23241,22296,6769,7687,7840
allied,Mantis,Rogue,Support,Tank,-0.027431661495717477,0.002447354531444208,-0.02115017180889933,False,6200,5724,1491,1804,2429
allied,Mantis,The Hood,Support,Tank,-0.012709583721881823,-0.0007097337260266384,-0.00503738929894517,False,48359,46700,12319,15549,18832
allied,Mantis,Deadpool (Vanguard),Support,Tank,-0.026710929501014412,-0.0007807553171940512,-0.018232053672496192,False,5607,5389,1798,1846,1745
allied,Mantis,Deadpool (Duelist),Support,Damage,-0.009143451868440497,-0.0007189674840207088,-0.007803149784677563,False,7918,7506,1797,2436,3273
allied,Mantis,Deadpool (Strategist),Support,Support,-0.04611900764230492,-0.0004945859378246042,-0.07082613092011826,False,4063,3888,1226,1249,1413
allied,Hawkeye,Captain America,Damage,Tank,-0.012598627791011098,0.0005060178408625203,-0.015737643117279997,False,1122,1078,449,357,272
allied,Hawkeye,Rocket Raccoon,Damage,Support,-0.009671312155601455,6.855918455747943e-05,-0.024026995846367347,False,7518,7229,2393,2672,2164
allied,Hawkeye,Hela,Damage,Damage,0.001923026919249131,-0.00031467527943160344,0.00145947100669705,False,2351,2237,689,793,755
allied,Hawkeye,Cloak & Dagger,Damage,Support,0.04129763306585405,0.002050960891215547,0.033010587496873474,True,14436,13883,5288,5075,3520
allied,Hawkeye,Black Panther,Damage,Damage,-0.0027876168038323194,-2.39642999561882e-05,-0.005860283260738993,False,1482,1404,433,542,429
allied,Hawkeye,Groot,Damage,Tank,-0.014834360656323054,-0.00011367234028162256,-0.01910682416117247,False,2313,2206,733,836,637
allied,Hawkeye,Ultron,Damage,Support,0.007926655020437021,-5.7618346290342473e-05,0.0075598735507240505,False,1393,1298,512,447,339
allied,Hawkeye,Magik,Damage,Damage,0.01964538250029612,-0.0008430110850572434,0.03106615671943668,False,3425,3304,1206,1195,903
allied,Hawkeye,Moon Knight,Damage,Damage,-0.020602905409272794,-0.0002023925577088799,-0.01961426772475565,False,1312,1255,591,462,202
allied,Hawkeye,Luna Snow,Damage,Support,0.006617314000621576,0.0004892707315755023,0.002751781079307486,False,7844,7504,2407,2760,2337
allied,Hawkeye,Squirrel Girl,Damage,Damage,-0.022153761424028393,-2.289401229788704e-05,-0.02163906629080946,False,829,799,440,257,102
allied,Hawkeye,Black Widow,Damage,Damage,-0.028161040494032022,-0.001187976218382381,-0.028612891364702707,True,2263,2174,760,747,667
allied,Hawkeye,Iron Man,Damage,Damage,-0.0030846913214893,4.16277651464075e-06,-0.0019995291642511018,False,1238,1180,511,441,228
allied,Hawkeye,Venom,Damage,Tank,-0.021211409387689104,0.0003840023138358836,-0.02381637165127332,False,3378,3214,1146,1167,901
allied,Hawkeye,Spider-man,Damage,Damage,0.000647397808478937,0.0005270713878641384,0.004922032011902357,False,3262,3126,1023,1157,946
allied,Hawkeye,Magneto,Damage,Tank,-0.003170592032781256,-0.0006963942069950678,-0.006846987371808537,False,15602,14914,4584,5390,4940
allied,Hawkeye,Scarlet Witch,Damage,Damage,-0.02124594184612354,5.4482388693513287e-05,-0.01690029459502727,False,1071,1035,533,345,157
allied,Hawkeye,Thor,Damage,Tank,0.013208856811949408,-0.0006962673149855672,0.01475486403331062,False,2845,2711,1043,940,728
allied,Hawkeye,Mister Fantastic,Damage,Damage,0.005003705820358477,-0.00015654716074632444,0.0038809948293611093,False,952,906,337,321,248
allied,Hawkeye,Winter Soldier,Damage,Damage,-0.021188686482728137,0.00019075666878019964,-0.018680987277050025,False,5427,5188,1644,1911,1633
allied,Hawkeye,Peni Parker,Damage,Tank,0.013071937210988377,-0.0005286619260902195,0.015213926198501043,False,1740,1655,676,576,403
allied,Hawkeye,Star-lord,Damage,Damage,-0.0035864389418013543,0.00048605114660429824,-0.0019233823587935098,False,1169,1127,391,393,343
allied,Hawkeye,Blade,Damage,Damage,0.0007252564171183965,-0.00020572048648433912,0.0006947514327217808,False,1041,992,412,356,224
allied,Hawkeye,Namor,Damage,Damage,-0.02406562051917859,0.00024530182547725243,-0.019209005342057425,False,1644,1570,642,584,344
allied,Hawkeye,Adam Warlock,Damage,Support,-0.0033493287388725694,0.0007000791142300225,0.001217716270108104,False,1316,1256,444,435,377
allied,Hawkeye,Jeff The Land Shark,Damage,Support,-0.01812747238854317,-0.0009073991125530885,-0.024539710578601912,False,2716,2596,1096,924,576
allied,Hawkeye,Psylocke,Damage,Damage,0.03688030409022882,0.00021531101774009424,0.039221717942532965,True,3737,3584,1191,1426,967
allied,Hawkeye,Wolverine,Damage,Damage,0.011235674894476888,0.0001350757127850348,0.011517374130481855,False,966,916,265,322,329
allied,Hawkeye,Invisible Woman,Damage,Support,-0.005301851506856795,-0.0012960349071446224,-0.010800931502407407,False,9016,8632,2992,3090,2550
allied,Hawkeye,The Thing,Damage,Tank,0.0009611870059041032,-1.10261961808433e-05,0.005556938345392165,False,4572,4375,1488,1549,1338
allied,Hawkeye,Iron Fist,Damage,Damage,0.0004726855241642602,-0.00013919235157970307,0.008408428036196479,False,1820,1769,539,641,589
allied,Hawkeye,Emma Frost,Damage,Tank,0.009009265035651323,-0.00011405859551627816,0.011658544293606245,False,7082,6785,2637,2452,1696
allied,Hawkeye,Phoenix,Damage,Damage,-0.0010962927460248873,-9.534348824980103e-05,-0.0010245898553270724,False,762,732,315,251,166
allied,Hawkeye,Daredevil,Damage,Damage,0.014762080699330238,0.0009700306446570738,0.01906469075124254,False,1403,1333,401,444,488
allied,Hawkeye,Angela,Damage,Tank,0.03146797228018686,6.182332925557371e-05,0.034974145840819995,False,1796,1701,528,656,517
allied,Hawkeye,Gambit,Damage,Support,0.006596550790631462,-0.000894721489024335,0.001852638651987578,False,7703,7321,2475,2740,2106
allied,Hawkeye,Elsa Bloodstone,Damage,Damage,0.020758543964447262,-0.00012383620382003973,0.022861846014619946,False,1845,1774,666,616,492
allied,Hawkeye,White Fox,Damage,Support,0.004789563655361832,-0.000673963762825894,-0.00022937992821403343,False,3587,3467,1619,1192,656
allied,Hawkeye,Black Cat,Damage,Damage,0.021515668557474613,0.00019223251923276155,0.02541054307853769,False,1387,1356,622,476,258
allied,Hawkeye,Devil Dinosaur,Damage,Tank,0.009258453778247636,0.0009433836077061112,0.012261434825235342,False,2669,2564,1123,904,537
allied,Hawkeye,Cyclops,Damage,Damage,-0.023701896721481062,0.0006898879132665183,-0.0281514155006567,False,2361,2273,975,823,475
allied,Hawkeye,Jubilee,Damage,Support,0.016240269611420537,0.0015088178943061304,0.014929850403327513,False,11300,10873,4247,4024,2602
allied,Hawkeye,Rogue,Damage,Tank,-0.02173051085065691,-0.0007843070500218244,-0.02291156562555194,False,1958,1855,675,703,477
allied,Hawkeye,The Hood,Damage,Tank,-0.003317770448786693,0.0020043132359787784,-9.702403691153638e-05,False,15358,14920,5301,5526,4093
allied,Hawkeye,Deadpool (Vanguard),Damage,Tank,-0.0006193816287119974,-0.00014245891162480089,-0.0005366161303688886,False,1657,1595,705,560,330
allied,Hawkeye,Deadpool (Duelist),Damage,Damage,0.012935165680987055,5.4655025819469295e-05,0.012701618248860621,False,1259,1202,414,444,344
allied,Hawkeye,Deadpool (Strategist),Damage,Support,-0.01781878091734994,-8.224106055793082e-05,-0.022910676459272784,False,2249,2158,878,755,525
allied,Captain America,Rocket Raccoon,Tank,Support,-0.020881841780601942,0.0002369188059347547,-0.02373536624545468,False,6850,6565,2250,2224,2091
allied,Captain America,Hela,Tank,Damage,0.040386692157279344,-0.0011154339193770392,0.042120916933193996,False,3010,2843,926,873,1044
allied,Captain America,Cloak & Dagger,Tank,Support,-0.004906442364679973,-0.0015929459417166427,0.00034923174102611317,False,10642,10196,4149,3341,2706
allied,Captain America,Black Panther,Tank,Damage,-0.029456865015710418,0.0007667185672750124,-0.028419055681647584,False,2312,2191,711,768,712
allied,Captain America,Groot,Tank,Tank,-0.017460303470384755,0.0005856905306922053,-0.016726884988253393,False,891,844,320,281,243
allied,Captain America,Ultron,Tank,Support,-0.006199597538815977,9.961595091620824e-05,0.007797375214265448,False,1320,1227,465,419,343
allied,Captain America,Magik,Tank,Damage,-0.003949268085496299,-0.0011632450315289986,-0.011227006945127646,False,4801,4605,1561,1582,1462
allied,Captain America,Moon Knight,Tank,Damage,-0.00307581030765469,0.00021725177493301003,-0.005346082811137749,False,1585,1510,753,492,265
allied,Captain America,Luna Snow,Tank,Support,0.006147813105383193,0.0012832723172150286,0.013260662183578954,False,6560,6270,2071,2062,2137
allied,Captain America,Squirrel Girl,Tank,Damage,-0.021368429348471264,0.0005671643510772875,-0.024049639395040612,False,1025,981,598,271,112
allied,Captain America,Black Widow,Tank,Damage,-0.011331112093320767,0.0022422442910280983,-0.01511243769636927,False,2490,2356,755,735,866
allied,Captain America,Iron Man,Tank,Damage,0.0065411589377354674,-0.00044254024827067735,0.011633500684706049,False,1521,1439,639,500,300
allied,Captain America,Venom,Tank,Tank,-0.008749519733000484,0.0002833792896914978,-0.015953316828300125,False,1604,1537,630,489,418
allied,Captain America,Spider-man,Tank,Damage,-0.017082526680506617,0.00047667741531511027,-0.021571814433101737,False,4711,4491,1534,1473,1484
allied,Captain America,Magneto,Tank,Tank,0.0068203789662607105,-0.0011978854503486272,0.023959324913953327,False,7430,7091,2164,2230,2697
allied,Captain America,Scarlet Witch,Tank,Damage,0.011426593406869202,-0.00015112467566656836,0.005173637605968769,False,1260,1220,712,352,156
allied,Captain America,Thor,Tank,Tank,0.010700652646853829,0.00105475573853089,0.006596991913814341,True,2536,2437,1056,796,585
allied,Captain America,Mister Fantastic,Tank,Damage,0.016417457584504004,-0.00021726578784720155,0.02322836165529128,False,1259,1208,508,396,304
allied,Captain America,Winter Soldier,Tank,Damage,0.02953703635186981,0.0013882445273811525,0.026506379381768665,True,7937,7579,2535,2516,2528
allied,Captain America,Peni Parker,Tank,Tank,-0.01182936684392535,0.00020426748331832305,-0.01656437734456716,False,619,578,222,210,146
allied,Captain America,Star-lord,Tank,Damage,-0.003910419001856395,0.0001030487818934604,-0.0073841256369109876,False,1607,1536,578,505,453
allied,Captain America,Blade,Tank,Damage,0.01492181186544335,-0.0009676971769288947,0.02088361356163068,True,3297,3137,1293,1039,805
allied,Captain America,Namor,Tank,Damage,0.030870622397434388,0.0006800419809897005,0.018404919125511423,False,2264,2172,919,743,510
allied,Captain America,Adam Warlock,Tank,Support,-0.026731496887677862,2.418134922125633e-05,-0.017263885261860214,False,1211,1141,389,361,391
allied,Captain America,Jeff The Land Shark,Tank,Support,-0.0027265970003258985,-0.0014968277707636535,-0.003621415532055334,False,2484,2380,997,765,618
allied,Captain America,Psylocke,Tank,Damage,0.0026239627080764773,8.350950530854935e-05,0.0023341639059508896,False,1446,1388,485,465,438
allied,Captain America,Wolverine,Tank,Damage,0.005873103704301259,0.00010401088273379119,0.010630314153474985,False,1165,1103,309,361,433
allied,Captain America,Invisible Woman,Tank,Support,-0.020051835434506348,-0.0032671049807572647,-0.027656479729739142,False,7212,6887,2496,2252,2139
allied,Captain America,The Thing,Tank,Tank,0.018297559494803717,-0.0012997829548307778,0.02189685372929006,False,1673,1599,559,519,521
allied,Captain America,Iron Fist,Tank,Damage,0.014260311455719741,0.00032064286255298287,0.010710991051983617,False,2741,2614,810,892,912
allied,Captain America,Emma Frost,Tank,Tank,0.002881733466585919,0.00028383918511854303,0.004274330233300533,False,2613,2507,1020,856,631
allied,Captain America,Phoenix,Tank,Damage,-0.0064138407961642566,-0.0009392272026956849,-0.01277164099460825,False,1260,1207,542,397,268
allied,Captain America,Daredevil,Tank,Damage,0.020535161615448293,-0.0005316091701706177,0.02247352009806581,False,2746,2595,729,861,1005
allied,Captain America,Angela,Tank,Tank,-0.01772944555194752,-0.0003167249460366694,-0.019450201554082364,False,583,544,168,186,190
allied,Captain America,Gambit,Tank,Support,0.021590346732687823,-0.00040923515282930675,0.022475454763034957,False,6039,5731,1956,1997,1778
allied,Captain America,Elsa Bloodstone,Tank,Damage,-0.02618340859419019,-0.0006593554896717783,-0.029491912130070203,False,2526,2413,940,801,672
allied,Captain America,White Fox,Tank,Support,0.020466639571467465,0.0004999160008929773,0.037741594595761846,False,3858,3729,1734,1189,806
allied,Captain America,Black Cat,Tank,Damage,-0.003508928513096638,0.0013972348427056895,-0.002457309299740679,False,2280,2222,1007,766,449
allied,Captain America,Devil Dinosaur,Tank,Tank,-0.0006861403458448572,-8.144778035123726e-05,-0.004294218951174785,False,1084,1021,482,322,217
allied,Captain America,Cyclops,Tank,Damage,0.006059717499299087,0.0005868389230033034,0.005434619093753411,False,3443,3325,1481,1101,743
allied,Captain America,Jubilee,Tank,Support,0.0005492866001865819,0.0019138507834711156,-0.0046226481854710795,False,8982,8617,3701,2915,2001
allied,Captain America,Rogue,Tank,Tank,-0.0015766551831171284,0.00012149056042413088,-0.008485206597570787,False,702,658,268,197,193
allied,Captain America,The Hood,Tank,Tank,0.018178475565519315,0.0013914528740028313,0.01049872941544325,False,7443,7229,2736,2408,2085
allied,Captain America,Deadpool (Vanguard),Tank,Tank,-0.012635242457811426,-0.0002036812777868099,-0.021045662706578722,False,520,497,232,155,110
allied,Captain America,Deadpool (Duelist),Tank,Damage,0.003814372469208751,-5.3410541361704094e-05,0.006599089605998678,False,1792,1716,586,577,553
allied,Captain America,Deadpool (Strategist),Tank,Support,-0.008623552070555571,0.0011055034397560674,-0.005072393672567711,False,2272,2176,904,764,508
allied,Rocket Raccoon,Hela,Support,Damage,-0.020341256216946556,-0.0004585833926203608,-0.02426724833946314,False,20252,19319,5129,6117,8073
allied,Rocket Raccoon,Cloak & Dagger,Support,Support,-0.04622592031040552,-0.00021359613871980792,-0.007389734373367551,False,36937,35470,12015,12140,11315
allied,Rocket Raccoon,Black Panther,Support,Damage,-0.024712011698770974,0.0008785643783353915,-0.0331085469957372,False,13014,12418,3216,4350,4852
allied,Rocket Raccoon,Groot,Support,Tank,-0.011620607766764008,-0.0006778373091947347,-0.016153760260323117,True,13803,13270,4440,4608,4222
allied,Rocket Raccoon,Ultron,Support,Support,-0.023797573935481944,0.0013989869509085174,-0.024116459008405294,False,4567,4295,1382,1467,1446
allied,Rocket Raccoon,Magik,Support,Damage,0.021302302073733945,0.0019723488740886956,0.006416487273743094,False,28814,27736,8044,9628,10064
allied,Rocket Raccoon,Moon Knight,Support,Damage,-0.0071166355496032774,-0.0006270650023811005,-0.01709241890476905,False,10025,9575,4090,3304,2181
allied,Rocket Raccoon,Luna Snow,Support,Support,-0.004843876769111527,0.0003377086426918767,0.019509533611632924,False,20400,19590,5179,6530,7881
allied,Rocket Raccoon,Squirrel Girl,Support,Damage,0.007503225154286212,0.0005638312684621412,-0.001878558091085602,True,6265,6010,3065,1913,1032
allied,Rocket Raccoon,Black Widow,Support,Damage,-0.0004947175238316403,-0.0007386936660578337,-0.007338792287268152,False,15768,15107,3900,4804,6403
allied,Rocket Raccoon,Iron Man,Support,Damage,-0.011942143505336648,-0.0004639743710404923,-0.027120719556860236,False,9621,9224,3501,3287,2436
allied,Rocket Raccoon,Venom,Support,Tank,-0.005613257606393728,0.0024490971884557505,-0.0049139078275953615,False,20690,19794,6096,6665,7033
allied,Rocket Raccoon,Spider-man,Support,Damage,-0.016909128038002933,-0.000754290926149924,-0.03040155589525544,False,27377,26203,7242,9045,9916
allied,Rocket Raccoon,Magneto,Support,Tank,0.011057764128984378,-0.0003199406314816782,-0.0007320150970903426,False,69927,66940,17915,21825,27200
allied,Rocket Raccoon,Scarlet Witch,Support,Damage,0.042857984329619875,-0.00033149044501493483,0.03884930537835447,False,8155,7871,3987,2508,1376
allied,Rocket Raccoon,Thor,Support,Tank,-0.005496726166861366,0.001642153020177194,-0.005249125483620306,False,16129,15454,5035,5253,5166
allied,Rocket Raccoon,Mister Fantastic,Support,Damage,0.04226768033294851,-0.001497932513041851,0.0389290788242604,True,10937,10499,3612,3807,3080
allied,Rocket Raccoon,Winter Soldier,Support,Damage,-0.009161937920590583,-0.0016419638938567818,-0.01736122832743681,False,41364,39644,10973,13382,15289
allied,Rocket Raccoon,Peni Parker,Support,Tank,0.07435444071350361,-0.0006248311815218935,0.08299066046956788,True,13980,13302,4512,4487,4303
allied,Rocket Raccoon,Star-lord,Support,Damage,-0.015187559560787713,0.0009516033752856734,-0.023392799724461774,False,8944,8613,2833,2858,2922
allied,Rocket Raccoon,Blade,Support,Damage,0.009694354258207761,-0.0011826321949746038,0.00017717566575055788,False,8896,8515,3171,2952,2392
allied,Rocket Raccoon,Namor,Support,Damage,-0.004978575460295347,0.00038318561764630105,-0.00665699418241247,False,14314,13798,4883,4926,3989
allied,Rocket Raccoon,Adam Warlock,Support,Support,0.028691095609611864,0.0009734503961077587,0.024134047132372827,False,4346,4140,1133,1357,1650
allied,Rocket Raccoon,Jeff The Land Shark,Support,Support,-0.046825459693675346,0.0003293226036958272,-0.023070012369999792,False,7756,7432,2743,2473,2216
allied,Rocket Raccoon,Psylocke,Support,Damage,-0.02788068542968372,0.0017230187795637703,-0.035142872278006755,False,8677,8314,2347,2776,3191
allied,Rocket Raccoon,Wolverine,Support,Damage,0.021898516564010335,-0.0005630240206359211,0.015249448972527727,False,8566,8141,1940,2548,3653
allied,Rocket Raccoon,Invisible Woman,Support,Support,-0.049171227861001955,0.0006934176080299856,-0.01865160936187941,False,27154,26093,7609,8662,9822
allied,Rocket Raccoon,The Thing,Support,Tank,0.015776414493930982,-0.00023684953590762386,0.0033634644570892445,False,23096,22095,6355,7363,8377
allied,Rocket Raccoon,Iron Fist,Support,Damage,0.020277191556520108,-0.0005448280677315058,0.007092125818248819,False,15812,15245,3982,5037,6226
allied,Rocket Raccoon,Emma Frost,Support,Tank,0.008992425270103955,-0.0012082385388260633,0.0013211899422961187,False,30320,28918,9985,9718,9215
allied,Rocket Raccoon,Phoenix,Support,Damage,0.009137691154873017,0.002773689613304688,0.01061174009790416,False,8545,8262,2857,2929,2476
allied,Rocket Raccoon,Daredevil,Support,Damage,0.005960706858984137,-0.0048583848925913085,-0.004932156394044131,False,14859,14180,3294,4542,6344
allied,Rocket Raccoon,Angela,Support,Tank,-0.0026156621727730666,0.0008169240724037787,-0.008831405147545029,False,9060,8641,2341,2970,3330
allied,Rocket Raccoon,Gambit,Support,Support,-0.0441235083918078,-0.0003437300766485644,-0.01321024432801899,False,21283,20235,5865,6981,7389
allied,Rocket Raccoon,Elsa Bloodstone,Support,Damage,0.03731235160930832,-0.001736366619393273,0.03572555929305543,False,16317,15648,4993,5340,5315
allied,Rocket Raccoon,White Fox,Support,Support,-0.014423968850195111,-0.00040557714807374295,-0.0005000281483411996,False,9876,9551,4060,3154,2337
allied,Rocket Raccoon,Black Cat,Support,Damage,0.013207288063581948,0.0019119209301295828,0.003037512442362832,False,12482,12191,4853,4335,3003
allied,Rocket Raccoon,Devil Dinosaur,Support,Tank,0.008678877840251816,-0.0012979658101277276,0.004687506665777154,False,13100,12563,4898,4290,3375
allied,Rocket Raccoon,Cyclops,Support,Damage,0.007990017134227438,0.0019097122386839362,0.009560941999184919,False,20026,19288,7496,6551,5241
allied,Rocket Raccoon,Jubilee,Support,Support,-0.04242952428016308,0.00033721942893526717,-0.013210595523236706,False,32906,31719,11291,11288,9140
allied,Rocket Raccoon,Rogue,Support,Tank,0.0035660757328094712,-0.0004926940252976448,0.003427331473677481,False,8763,8256,2683,2767,2806
allied,Rocket Raccoon,The Hood,Support,Tank,-0.010876260028477917,-0.001618824886963375,-0.014311437441064749,False,67998,65952,20538,22715,22699
allied,Rocket Raccoon,Deadpool (Vanguard),Support,Tank,-0.01559770358790845,0.0012039280085854853,-0.016734786738175883,False,8243,7968,3157,2680,2131
allied,Rocket Raccoon,Deadpool (Duelist),Support,Damage,-0.004067728215155982,0.0018650755335190069,-0.010616479373426798,False,11232,10734,3194,3693,3847
allied,Rocket Raccoon,Deadpool (Strategist),Support,Support,0.012889547278580948,0.00027428069345748264,0.03769549309319517,False,6349,6099,2244,2112,1743
allied,Hela,Cloak & Dagger,Damage,Support,-0.013786569633117168,0.0012323655431243535,-0.017195705963551695,False,32943,31425,9744,10047,11634
allied,Hela,Black Panther,Damage,Damage,0.039400882759413274,0.0003132076264734498,0.03460365487896678,False,3921,3707,889,1179,1639
allied,Hela,Groot,Damage,Tank,-0.01962253722275749,0.0003729367090373969,-0.02552921490318082,False,6213,5936,1697,1788,2451
allied,Hela,Ultron,Damage,Support,-0.05263650181468977,-0.0005107055719590143,-0.048810243312876145,False,3442,3179,1002,987,1190
allied,Hela,Magik,Damage,Damage,-0.005432534543149936,-0.0005155132543375953,-0.0013328876092259414,False,9431,9009,2426,2888,3695
allied,Hela,Moon Knight,Damage,Damage,-0.008408724241694907,-0.000348763033664203,-0.011640175271237136,False,2801,2655,1101,859,695
allied,Hela,Luna Snow,Damage,Support,0.003353562402935815,0.0006396405395819536,0.010843495107828451,False,22685,21641,5453,6609,9579
allied,Hela,Squirrel Girl,Damage,Damage,-0.024372462348793207,0.00015495927557942617,-0.02927700771971656,False,1835,1759,879,528,352
allied,Hela,Black Widow,Damage,Damage,0.01482175518709182,-0.00013057760075449045,0.012711428329888783,False,5677,5395,1147,1515,2733
allied,Hela,Iron Man,Damage,Damage,-0.05217490798012697,0.0013688614343682535,-0.06040869643608929,False,2812,2659,969,914,776
allied,Hela,Venom,Damage,Tank,0.03777603699666489,-0.0008951264232727238,0.04072037852723842,True,10521,9967,2899,2969,4099
allied,Hela,Spider-man,Damage,Damage,0.033298899979065974,-0.002070477683662383,0.03505549457588038,False,9145,8683,2135,2744,3804
allied,Hela,Magneto,Damage,Tank,-0.004482374844944454,-0.0018789471557369454,-0.00940141253557554,False,41840,39801,9386,12018,18397
allied,Hela,Scarlet Witch,Damage,Damage,-0.015827376023746478,-0.0007320256544745568,-0.016265548683430293,False,2427,2340,1108,718,514
allied,Hela,Thor,Damage,Tank,0.03920169687968397,0.001421873989254253,0.04258058245844085,True,10915,10438,3333,3381,3724
allied,Hela,Mister Fantastic,Damage,Damage,0.022032552157454182,0.0003037913748890103,0.017091996594501318,False,2380,2270,700,722,848
allied,Hela,Winter Soldier,Damage,Damage,-0.015942234056498604,0.0020398183550195737,-0.018232674596160046,False,15253,14485,3488,4187,6810
allied,Hela,Peni Parker,Damage,Tank,-0.02372456835236922,-0.00012341614767908958,-0.026822127301072914,False,4418,4172,1352,1271,1549
allied,Hela,Star-lord,Damage,Damage,-0.024712757507164354,0.0008149868261530346,-0.030042055215996566,False,2976,2855,816,867,1172
allied,Hela,Blade,Damage,Damage,-0.007473655368688396,0.0001934230966127502,-0.013420954400865992,False,2572,2447,853,754,840
allied,Hela,Namor,Damage,Damage,0.006850308301027896,0.00016207026558947644,0.009044484168788383,True,10965,10547,3860,3721,2966
allied,Hela,Adam Warlock,Damage,Support,-0.021607395556702075,5.6412668728802796e-05,-0.007559174324032641,False,3967,3782,963,1099,1720
allied,Hela,Jeff The Land Shark,Damage,Support,-0.01601916923486178,0.0005566239756728825,-0.010404434954792903,False,7276,6964,2418,2227,2319
allied,Hela,Psylocke,Damage,Damage,-0.016061677787028505,0.0009365687052941392,-0.023359681414114025,False,2808,2678,680,779,1219
allied,Hela,Wolverine,Damage,Damage,0.010221821701777389,0.0014836814439929975,0.005184523764947903,False,2808,2645,530,712,1403
allied,Hela,Invisible Woman,Damage,Support,0.005300991427736078,0.003171755318903842,0.012890701374927023,False,25223,24029,6319,7392,10318
allied,Hela,The Thing,Damage,Tank,-0.029391358555519435,-0.0006990064903512079,-0.029309324492689227,False,12635,12010,3117,3633,5260
allied,Hela,Iron Fist,Damage,Damage,0.008174076125341212,0.0010379608925421512,0.011515929748189496,False,5053,4806,1124,1443,2239
allied,Hela,Emma Frost,Damage,Tank,-0.005490599157940537,-0.0008368916596176273,-0.00556943295664045,False,17573,16647,5281,5167,6199
allied,Hela,Phoenix,Damage,Damage,0.03894454874583814,-0.001822412169507199,0.0371130050614571,True,4848,4617,1510,1440,1667
allied,Hela,Daredevil,Damage,Damage,0.021529887417809573,-0.0005316000134395683,0.0211609344014975,False,4331,4116,866,1108,2142
allied,Hela,Angela,Damage,Tank,0.026629329619317302,0.0013945222369782556,0.028495604636596752,False,4948,4687,1129,1525,2033
allied,Hela,Gambit,Damage,Support,0.01705695484382564,-0.00145996218791959,0.025384027787748478,False,19852,18750,5132,6028,7590
allied,Hela,Elsa Bloodstone,Damage,Damage,0.01781839825678002,0.00017171619904915466,0.014442435596872935,False,4855,4623,1337,1420,1866
allied,Hela,White Fox,Damage,Support,0.006265687768484441,-0.0008632840479863714,0.01319469427496635,False,9390,8989,3687,2805,2497
allied,Hela,Black Cat,Damage,Damage,0.02168260237415694,0.00024711861023867887,0.02035672120156613,False,3650,3557,1323,1168,1066
allied,Hela,Devil Dinosaur,Damage,Tank,-0.010434612685287895,0.0007453745072418367,-0.010744693302283847,False,6563,6261,2287,2007,1967
allied,Hela,Cyclops,Damage,Damage,0.02231429422460532,-0.0011942668866170684,0.016458677944942213,False,5534,5291,2007,1669,1615
allied,Hela,Jubilee,Damage,Support,0.012409873890130638,-0.0002741425031967337,0.02238408979279382,False,29104,27964,9415,9283,9266
allied,Hela,Rogue,Damage,Tank,0.002002064935479859,-0.0017987648277512007,0.0023992983104378935,False,5116,4767,1419,1499,1849
allied,Hela,The Hood,Damage,Tank,-0.008878550998649192,-0.0013509480085793836,-0.00737904283740441,False,39221,37875,10795,12007,15073
allied,Hela,Deadpool (Vanguard),Damage,Tank,-0.016541158769663007,0.000648331150631504,-0.019346666852265187,False,5690,5480,2139,1759,1582
allied,Hela,Deadpool (Duelist),Damage,Damage,-0.021596229434811112,-0.0026218941868923137,-0.029937433527773807,False,4459,4225,1305,1345,1575
allied,Hela,Deadpool (Strategist),Damage,Support,0.017194322369317692,0.0024311133438579555,0.02824249931414575,False,7360,7053,2608,2320,2125
allied,Cloak & Dagger,Black Panther,Support,Damage,-0.0016456900975870374,-0.001408419510411819,-0.007461415225301883,False,18126,17243,5105,6014,6124
allied,Cloak & Dagger,Groot,Support,Tank,-0.0005073811169573354,0.0007160930277088113,0.002287244336916709,False,16929,16219,5614,5637,4968
allied,Cloak & Dagger,Ultron,Support,Support,0.010141663994787367,-0.0017624447341817318,0.009640183089981581,False,7755,7264,2769,2420,2075
allied,Cloak & Dagger,Magik,Support,Damage,0.02691919462221492,0.0008089680767249342,0.012433011359887575,False,42366,40677,13656,13857,13164
allied,Cloak & Dagger,Moon Knight,Support,Damage,0.049124554466301415,-0.0012328014749741528,0.04587643983222712,True,20141,19222,8958,6442,3822
allied,Cloak & Dagger,Luna Snow,Support,Support,-0.00375499179976258,-0.003172829401226449,0.013900050260982994,True,36560,35050,11760,11618,11672
allied,Cloak & Dagger,Squirrel Girl,Support,Damage,-0.01590157184908205,-0.003315629244390334,-0.028511434750771517,False,10573,10146,5803,3007,1336
allied,Cloak & Dagger,Black Widow,Support,Damage,-0.00679018288523321,-0.00020930874478258487,-0.014723670849741535,False,25330,24217,7445,7724,9048
allied,Cloak & Dagger,Iron Man,Support,Damage,0.016442736959509402,0.0007935231143452497,0.004509790935194956,False,16648,15897,6622,5595,3680
allied,Cloak & Dagger,Venom,Support,Tank,-0.039844107883328705,-0.0005394567191095731,-0.03910442109175209,False,29596,28253,10092,9404,8757
allied,Cloak & Dagger,Spider-man,Support,Damage,-0.02103867202574398,0.0009004912529404819,-0.03534977291236074,False,38837,37177,12070,12591,12516
allied,Cloak & Dagger,Magneto,Support,Tank,0.01632962801961156,-0.0005775506350145757,0.010928836297530435,False,93436,89600,28461,29655,31484
allied,Cloak & Dagger,Scarlet Witch,Support,Damage,0.007203764472462201,0.0001445776805915132,-0.0015641719918445254,False,14525,14060,7728,4265,2067
allied,Cloak & Dagger,Thor,Support,Tank,-0.0025616740046383517,0.0025954463564171358,0.003699355154817063,False,24932,23899,8982,8156,6761
allied,Cloak & Dagger,Mister Fantastic,Support,Damage,0.0061344672081358395,-0.0004419834888092174,-0.0020232659720504738,False,12308,11828,4582,4207,3039
allied,Cloak & Dagger,Winter Soldier,Support,Damage,0.026400309913764804,0.0014468280134221645,0.022343820455316382,False,62398,59863,19187,20150,20526
allied,Cloak & Dagger,Peni Parker,Support,Tank,-0.03866927291638946,0.0012165657537280747,-0.042655854900700924,False,12652,12063,4706,4029,3328
allied,Cloak & Dagger,Star-lord,Support,Damage,-0.00864616959797029,0.001303832054120342,-0.016336216047188795,False,14866,14341,5210,4852,4279
allied,Cloak & Dagger,Blade,Support,Damage,0.029263496978540224,0.002146095609182087,0.021889981195227958,False,15139,14511,6050,4909,3552
allied,Cloak & Dagger,Namor,Support,Damage,-0.0016107171651525592,0.002199798279903634,-0.0031706336312734545,False,23383,22522,8924,7824,5774
allied,Cloak & Dagger,Adam Warlock,Support,Support,0.03428900665974091,-0.0009524815432916589,0.023927942142988316,False,7755,7394,2498,2335,2561
allied,Cloak & Dagger,Jeff The Land Shark,Support,Support,-0.03519059565885694,0.0024550762295754603,-0.016041752212442507,False,13784,13232,5647,4346,3239
allied,Cloak & Dagger,Psylocke,Support,Damage,0.006432738748731694,0.0024744908460661366,0.0031572498918139703,True,15792,15160,5077,5015,5068
allied,Cloak & Dagger,Wolverine,Support,Damage,0.029482033221379437,0.0004036847648065026,0.02347842518117135,False,12876,12282,3423,4135,4724
allied,Cloak & Dagger,Invisible Woman,Support,Support,-0.05822992290018512,-0.001524108596062215,-0.03642141586324964,False,39675,38036,13620,12676,11740
allied,Cloak & Dagger,The Thing,Support,Tank,0.00551141232846384,0.0038987745211616193,-0.0030095465348280344,False,33676,32173,10765,10836,10572
allied,Cloak & Dagger,Iron Fist,Support,Damage,-0.016300256883705823,0.002313032762200652,-0.03435998370790197,False,24550,23582,7079,8187,8316
allied,Cloak & Dagger,Emma Frost,Support,Tank,-0.0019000118990397058,-0.00160458682308529,-0.005780093821745689,False,48990,46725,18258,15601,12866
allied,Cloak & Dagger,Phoenix,Support,Damage,0.019217757495973938,-0.0013877591421361662,0.021649334700746075,False,14855,14359,5683,4970,3706
allied,Cloak & Dagger,Daredevil,Support,Damage,0.02865190819205109,-0.0030638680188499945,0.020292965074759573,False,21717,20715,5865,6812,8038
allied,Cloak & Dagger,Angela,Support,Tank,0.026827695618147178,0.0009478116252173382,0.030885644524201627,False,14407,13723,4452,4780,4491
allied,Cloak & Dagger,Gambit,Support,Support,-0.055269328919166076,-0.00011920940159346942,-0.03348115162100401,False,31925,30323,10602,10571,9150
allied,Cloak & Dagger,Elsa Bloodstone,Support,Damage,0.007869461078201703,-0.0023026569398316666,0.00229982741466387,False,25017,24067,9324,8312,6431
allied,Cloak & Dagger,White Fox,Support,Support,-0.010797196176713729,-0.00021077411701399577,-0.003068241109741512,False,17312,16725,7954,5387,3384
allied,Cloak & Dagger,Black Cat,Support,Damage,0.006663449995511019,-0.0017344127837927421,-0.00462678541511358,False,17443,17095,8161,5622,3312
allied,Cloak & Dagger,Devil Dinosaur,Support,Tank,-0.0220854148994229,-0.0003690293403568044,-0.025479323742631056,False,20870,19999,8857,6639,4503
allied,Cloak & Dagger,Cyclops,Support,Damage,0.017457052606868542,0.0005088869269000822,0.019908876875009543,False,32959,31652,13754,10507,7391
allied,Cloak & Dagger,Jubilee,Support,Support,-0.009662803228553835,0.008023440291004862,0.01914096436518563,False,57583,55458,21962,19055,14441
allied,Cloak & Dagger,Rogue,Support,Tank,-0.030388621331418657,-0.00015183933248270152,-0.030442646811444516,False,14189,13332,5096,4481,3755
allied,Cloak & Dagger,The Hood,Support,Tank,0.07604615335098727,-0.0021279328006767488,0.09212237318167156,True,97745,94581,32729,31632,30220
allied,Cloak & Dagger,Deadpool (Vanguard),Support,Tank,0.0013948658010817492,0.0009397539663588727,0.008530454967044823,False,13180,12748,5706,4160,2882
allied,Cloak & Dagger,Deadpool (Duelist),Support,Damage,0.001963302584808018,-0.002004139703286576,-0.0041340497543639184,False,17242,16446,5748,5700,4998
allied,Cloak & Dagger,Deadpool (Strategist),Support,Support,-0.004669733278903123,0.00021758082156292507,0.009739034524439562,False,11340,10955,4488,3768,2699
allied,Black Panther,Groot,Damage,Tank,-0.03744665140029875,-0.0002643365124893653,-0.038190411657701956,False,3625,3468,971,1254,1243
allied,Black Panther,Ultron,Damage,Support,0.013228636840701151,0.00018587397791347424,0.02136383893521706,False,2468,2294,718,778,798
allied,Black Panther,Magik,Damage,Damage,-0.047399061256898724,-0.0018847416632169285,-0.04900821433215284,True,6861,6568,1694,2333,2541
allied,Black Panther,Moon Knight,Damage,Damage,0.01818015080795763,0.0007845252218657504,0.014943709195952273,False,1760,1664,667,590,407
allied,Black Panther,Luna Snow,Damage,Support,-0.013212482631589953,0.0007157619357930898,-0.011717504295234622,False,13294,12691,3202,4313,5176
allied,Black Panther,Squirrel Girl,Damage,Damage,-0.009307866070421852,0.0005697911064641689,-0.015176222017578928,False,1068,1020,495,319,206
allied,Black Panther,Black Widow,Damage,Damage,0.02067634088166961,0.00015354474411782978,0.016835930567661226,False,3171,3008,705,976,1327
allied,Black Panther,Iron Man,Damage,Damage,-0.01975437816154752,-0.00038202443078925,-0.027507963523198238,False,1863,1784,607,672,505
allied,Black Panther,Venom,Damage,Tank,-0.001953532164648732,0.0005957669884522364,0.003686354112201333,False,7442,7043,1914,2472,2657
allied,Black Panther,Spider-man,Damage,Damage,-0.02574422591578358,-0.0008351906643583384,-0.03111720438001487,False,6959,6610,1676,2383,2551
allied,Black Panther,Magneto,Damage,Tank,-0.004529878653721654,0.0019196996688718583,-0.0022836884127630367,False,23854,22668,5294,7581,9793
allied,Black Panther,Scarlet Witch,Damage,Damage,0.011804681411331407,0.00023292934336226383,0.011448310943651858,False,1530,1480,721,444,315
allied,Black Panther,Thor,Damage,Tank,0.016822058013273068,0.0009980466757150666,0.0248507387286664,False,5165,4928,1497,1734,1697
allied,Black Panther,Mister Fantastic,Damage,Damage,0.008060380714553235,2.0736455479175875e-06,-0.0002598444990431994,False,1588,1517,468,574,475
allied,Black Panther,Winter Soldier,Damage,Damage,0.00767248303745674,0.0006197188026395331,0.0051296019734181665,False,8652,8241,1998,2812,3431
allied,Black Panther,Peni Parker,Damage,Tank,0.0030848136532357867,-4.223287892800943e-06,0.010177571422906602,True,2689,2557,797,876,884
allied,Black Panther,Star-lord,Damage,Damage,0.028977999332477793,0.00010741479291601242,0.025898587606109594,False,1949,1868,541,682,645
allied,Black Panther,Blade,Damage,Damage,-0.00835204654867396,-0.00014060730179383502,-0.016589612713620572,False,1709,1622,556,568,498
allied,Black Panther,Namor,Damage,Damage,0.030605675022715564,-0.0005382594419393871,0.03255911241512625,False,2538,2390,815,823,752
allied,Black Panther,Adam Warlock,Damage,Support,-0.02395614448476839,-0.0005899271031618962,-0.014125715607328834,False,2512,2387,662,778,947
allied,Black Panther,Jeff The Land Shark,Damage,Support,0.011161343275011787,0.0010338081876025398,0.016249442879593273,False,4769,4557,1485,1662,1410
allied,Black Panther,Psylocke,Damage,Damage,0.008123321919109487,1.166732245831416e-06,0.0006203252809804327,False,1737,1653,415,561,677
allied,Black Panther,Wolverine,Damage,Damage,-0.030743060088677318,0.0007212542891258352,-0.04140582117706685,False,1476,1388,292,473,623
allied,Black Panther,Invisible Woman,Damage,Support,-0.003425541964146175,-0.0005365815153110937,-0.0008508474301620985,False,14150,13488,3619,4672,5197
allied,Black Panther,The Thing,Damage,Tank,-0.0368764727425861,-6.845078619484178e-05,-0.030466963565500986,False,6495,6222,1585,2136,2501
allied,Black Panther,Iron Fist,Damage,Damage,-0.014662911887980521,0.0016013712258111583,-0.01543828065443482,False,3536,3384,774,1161,1449
allied,Black Panther,Emma Frost,Damage,Tank,-0.021419603783664656,-0.0004593502188897636,-0.016122060017518886,False,10097,9562,2942,3379,3241
allied,Black Panther,Phoenix,Damage,Damage,0.012938323854082164,-0.00029328165299551335,0.0067258772721128166,False,1334,1283,446,453,384
allied,Black Panther,Daredevil,Damage,Damage,-0.005577392065640524,0.00015587459409672024,-0.010418855721569859,False,3563,3387,710,1094,1583
allied,Black Panther,Angela,Damage,Tank,0.014682176782467986,0.0013060449503710632,0.022373334648504842,False,3042,2873,764,942,1167
allied,Black Panther,Gambit,Damage,Support,0.0230932957252379,0.00016983934313539713,0.028250712540115682,False,11744,11067,2877,3897,4293
allied,Black Panther,Elsa Bloodstone,Damage,Damage,0.0380087384674602,-0.000670517575058668,0.0340954271264875,False,2845,2710,826,900,984
allied,Black Panther,White Fox,Damage,Support,-0.00627419683701941,0.0002354788747413181,-0.004836874645447068,False,6595,6347,2296,2256,1795
allied,Black Panther,Black Cat,Damage,Damage,2.4131713381739227e-05,-0.00039201086935750345,-0.005320919204779781,True,2734,2662,1007,972,683
allied,Black Panther,Devil Dinosaur,Damage,Tank,-0.014825612203572886,-0.0009682862751291354,-0.008459704790324788,False,4248,4015,1385,1480,1150
allied,Black Panther,Cyclops,Damage,Damage,0.01296857724789131,0.0011444341083739493,0.004118212329171384,False,3736,3563,1346,1232,985
allied,Black Panther,Jubilee,Damage,Support,-0.008900413833495654,-0.000255495530591375,-0.00551418263550734,False,17034,16303,5120,5872,5311
allied,Black Panther,Rogue,Damage,Tank,0.0043358365710713855,-0.0008502524408308346,0.012166518463385933,False,3378,3145,885,1146,1114
allied,Black Panther,The Hood,Damage,Tank,-0.0012680103675919746,-0.00011098941018423423,0.008259307653905179,False,23015,22217,6075,7802,8340
allied,Black Panther,Deadpool (Vanguard),Damage,Tank,0.04696611444044458,-0.0003410508678699324,0.05848447675584496,False,2539,2435,848,864,723
allied,Black Panther,Deadpool (Duelist),Damage,Damage,0.013060696219341195,6.764997605812056e-05,0.005385763354209757,False,2547,2402,639,825,938
allied,Black Panther,Deadpool (Strategist),Damage,Support,0.004846861222743828,-0.0007214361054217432,0.010427406785028565,False,4171,4002,1305,1476,1221
allied,Groot,Ultron,Tank,Support,-0.03270208129303085,-0.00023559021089614418,-0.02613247692423571,False,2030,1880,693,631,556
allied,Groot,Magik,Tank,Damage,-0.004199359581576339,0.0010570899957564898,-0.012386889212814275,False,7721,7448,2308,2547,2593
allied,Groot,Moon Knight,Tank,Damage,0.011060901572117022,-0.00015540203904593105,0.00950132988606562,False,3392,3210,1304,1136,770
allied,Groot,Luna Snow,Tank,Support,-0.0031516635895120475,0.0014349658416447962,-0.0007014139039262056,False,10939,10474,2864,3412,4198
allied,Groot,Squirrel Girl,Tank,Damage,0.00176706018560509,-0.0003880842187689891,0.0008101495384083062,False,1784,1709,936,526,247
allied,Groot,Black Widow,Tank,Damage,-0.007105414260886802,-0.0008629775373838161,-0.011292389529857623,False,4945,4715,1228,1508,1979
allied,Groot,Iron Man,Tank,Damage,0.012777750717565596,-0.00032363641629264107,0.017690944589391997,False,2669,2543,955,943,645
allied,Groot,Venom,Tank,Tank,-0.03595355686971232,0.0007155673437118311,-0.04261636061061029,False,2931,2808,949,943,916
allied,Groot,Spider-man,Tank,Damage,0.027503545084188244,-0.001093351345266857,0.027154693740458435,False,7522,7199,2129,2479,2591
allied,Groot,Magneto,Tank,Tank,-0.039372906723201505,-0.0006969658511617495,-0.024839115110320296,False,12395,11814,2911,3730,5173
allied,Groot,Scarlet Witch,Tank,Damage,-0.009835868025184814,-0.0002579706278068336,-0.019365392530040552,False,2105,2040,1077,613,350
allied,Groot,Thor,Tank,Tank,0.027104729741159163,-0.0012418506958172242,0.03076707537121058,False,2404,2306,804,770,732
allied,Groot,Mister Fantastic,Tank,Damage,0.007224251731459273,-0.0011431462495664737,0.01211803621570712,False,2297,2206,807,791,608
allied,Groot,Winter Soldier,Tank,Damage,-0.01503487444908122,0.0017253784877509404,-0.023967615024579367,False,13558,12997,3561,4293,5143
allied,Groot,Peni Parker,Tank,Tank,-0.008333592271720936,0.000896253091912125,-0.007441250081572584,False,1512,1421,543,493,385
allied,Groot,Star-lord,Tank,Damage,0.03293018805892406,-0.0008819483468592592,0.032724489116085075,True,5409,5188,1676,1825,1687
allied,Groot,Blade,Tank,Damage,-0.028674750384284742,-0.0005365007699881318,-0.028505171605032485,False,2754,2621,982,902,737
allied,Groot,Namor,Tank,Damage,0.04023620974971831,0.0013090888419285023,0.027943800411636344,False,4561,4387,1650,1572,1165
allied,Groot,Adam Warlock,Tank,Support,-0.013877641854721312,-6.042659828052075e-05,-0.005512272736680255,False,2127,2026,585,650,791
allied,Groot,Jeff The Land Shark,Tank,Support,0.004848877229142313,-5.529993206491907e-05,0.0020035049890756596,True,4586,4413,1658,1456,1299
allied,Groot,Psylocke,Tank,Damage,0.017845526760330938,3.358642015373774e-05,0.01838862366319688,False,2593,2481,762,842,877
allied,Groot,Wolverine,Tank,Damage,-0.005534314896447547,0.0016308459233150224,-0.0029436271180326603,False,2379,2264,551,763,950
allied,Groot,Invisible Woman,Tank,Support,0.027109971401794573,-0.0019959614077778437,0.02391686256717982,False,12630,12113,3575,3985,4553
allied,Groot,The Thing,Tank,Tank,0.009315956184307339,0.0011099753086702127,0.016475345235526913,False,3548,3381,1060,1115,1206
allied,Groot,Iron Fist,Tank,Damage,0.02486680886416317,-0.00022186577032946758,0.021630555230264033,False,4461,4284,1153,1460,1671
allied,Groot,Emma Frost,Tank,Tank,0.04333820324572421,2.1683537877871944e-05,0.056481818181300866,False,5261,4985,1732,1706,1547
allied,Groot,Phoenix,Tank,Damage,-0.008576062103189262,-0.00020200473536386915,-0.016059030332164964,False,2388,2310,860,786,664
allied,Groot,Daredevil,Tank,Damage,-0.0020655278855323243,0.000708655042532317,-0.003554472587161298,False,3958,3770,914,1267,1589
allied,Groot,Angela,Tank,Tank,0.01344243997165256,-0.0003882818559250185,0.02193442782385272,False,1434,1363,390,487,486
allied,Groot,Gambit,Tank,Support,0.011963008245786161,-0.0018063144267107811,0.008132824809808061,False,9470,8968,2615,3197,3156
allied,Groot,Elsa Bloodstone,Tank,Damage,-0.01657959124777199,0.0001710356792053009,-0.019687967251570605,False,5068,4855,1549,1636,1670
allied,Groot,White Fox,Tank,Support,-0.028968459594146217,6.445592678390849e-05,-0.02280647185954151,False,5136,4958,2196,1690,1072
allied,Groot,Black Cat,Tank,Damage,-0.019191778078659585,-0.0005558495881601123,-0.020788254804077252,False,3737,3636,1490,1308,838
allied,Groot,Devil Dinosaur,Tank,Tank,-0.0009107088590880904,-0.0001916491659479777,0.0004921770228660282,False,1916,1846,737,644,465
allied,Groot,Cyclops,Tank,Damage,0.028758592192714132,-0.001524560543593798,0.0298086140424006,False,6265,5998,2404,2082,1512
allied,Groot,Jubilee,Tank,Support,0.01710456361840016,0.0013059496949731884,0.011425257715453642,False,14970,14433,5284,5073,4076
allied,Groot,Rogue,Tank,Tank,0.005408371238536847,-0.0006679890343915109,0.004705273413007006,False,1343,1242,429,433,380
allied,Groot,The Hood,Tank,Tank,-0.019600928195594745,-0.0008611880644089256,-0.028491812739690807,False,14777,14381,4532,5048,4801
allied,Groot,Deadpool (Vanguard),Tank,Tank,-0.009503643061404832,0.0006769425131375325,-0.012347047334898763,False,1237,1184,529,382,273
allied,Groot,Deadpool (Duelist),Tank,Damage,0.012656554677724544,0.0010459398405412398,0.015555610773370598,False,3221,3073,998,1068,1007
allied,Groot,Deadpool (Strategist),Tank,Support,-0.02517584084912516,0.0005692503313055696,-0.02745291235719488,False,3303,3185,1223,1092,870
allied,Ultron,Magik,Support,Damage,0.018349993812266954,-0.0006406930612635056,0.014884296803640841,False,5664,5327,1732,1847,1748
allied,Ultron,Moon Knight,Support,Damage,-0.006209089433245682,-0.00011064424549466172,-0.004282273199818641,False,1899,1742,837,571,334
allied,Ultron,Luna Snow,Support,Support,0.005904091833503868,0.00046399045399136556,-0.018128683444635595,False,4208,3902,1217,1240,1445
allied,Ultron,Squirrel Girl,Support,Damage,-0.0028655348292296635,-0.00028134482020774037,-0.0017542567484928524,False,1326,1252,693,373,186
allied,Ultron,Black Widow,Support,Damage,0.005389951416725673,0.0007023284468640835,0.011070616594906933,False,2814,2617,856,795,966
allied,Ultron,Iron Man,Support,Damage,0.017686600919183636,-0.0003778188938429505,0.018000774244773192,True,4301,4055,1632,1474,949
allied,Ultron,Venom,Support,Tank,-0.011415731359398634,0.0008392077105025307,0.002841928816742508,False,3961,3707,1359,1189,1159
allied,Ultron,Spider-man,Support,Damage,0.006282897853287244,-3.6394004462480614e-05,0.00747862955649412,False,5202,4843,1568,1657,1618
allied,Ultron,Magneto,Support,Tank,0.010780450145518808,-0.00019068697749007288,0.013436953422605683,False,14425,13431,3900,4286,5245
allied,Ultron,Scarlet Witch,Support,Damage,-0.0037973420878891478,0.00025929068868789487,-0.0018487805172950657,False,1689,1600,867,491,242
allied,Ultron,Thor,Support,Tank,-0.015518165694003747,-0.0007331704350645509,-0.002390302684263432,False,3293,3081,1075,1079,927
allied,Ultron,Mister Fantastic,Support,Damage,-0.020076942170825483,0.00037514174853486534,-0.019419465168437233,False,1464,1355,491,481,383
allied,Ultron,Winter Soldier,Support,Damage,-0.00909100377620704,-0.0012966849883296648,-0.005492271090957216,False,7617,7078,2248,2292,2538
allied,Ultron,Peni Parker,Support,Tank,0.015409939786954702,-0.0001865547240718861,0.029063787001756467,True,2609,2422,941,783,698
allied,Ultron,Star-lord,Support,Damage,0.014310128504871374,0.0007520370391783807,0.021581255673452805,False,1677,1573,536,560,477
allied,Ultron,Blade,Support,Damage,0.0023164692069739343,0.0002192358297060585,0.0036662113071606116,False,1808,1692,704,575,413
allied,Ultron,Namor,Support,Damage,-0.014540690480576022,0.0008908051296444642,-0.0056252172561801215,False,2530,2359,971,799,589
allied,Ultron,Adam Warlock,Support,Support,0.13996954773175668,0.0020102180628117578,0.10696624421107757,True,6374,5927,1550,1922,2455
allied,Ultron,Jeff The Land Shark,Support,Support,-0.005684353651787349,0.0009984647383263702,-0.0242867010899499,False,1765,1667,702,526,439
allied,Ultron,Psylocke,Support,Damage,-0.03377668838763105,-8.3846976856753e-06,-0.029986719281649397,False,1557,1449,491,476,482
allied,Ultron,Wolverine,Support,Damage,-0.01362527212227897,0.0004989736896180398,-0.012925656975499635,False,1352,1253,383,422,448
allied,Ultron,Invisible Woman,Support,Support,0.02569473067028967,-0.0015545685410761662,0.020545781347621108,False,5134,4756,1581,1554,1621
allied,Ultron,The Thing,Support,Tank,-0.003015706574607057,-0.0006523653267710661,-0.003957968104102415,False,4584,4260,1343,1424,1493
allied,Ultron,Iron Fist,Support,Damage,0.007444570315131976,0.0002685230635173744,0.004444583245735276,False,2891,2732,818,898,1016
allied,Ultron,Emma Frost,Support,Tank,-0.002464035558382542,0.0007658304126159381,0.0025143630168785705,False,5883,5411,1975,1825,1611
allied,Ultron,Phoenix,Support,Damage,0.008708936583607055,-0.0012540752589782747,0.021918547529278066,False,1582,1507,602,532,373
allied,Ultron,Daredevil,Support,Damage,-0.021551459273834107,0.0007020024023077063,-0.024094186969416547,False,2664,2468,699,777,992
allied,Ultron,Angela,Support,Tank,-0.00915779766543497,-0.0003728677397138627,-0.0019341044510233136,False,1875,1706,506,583,617
allied,Ultron,Gambit,Support,Support,0.021511147346691458,0.00016886849528087322,0.014924841381854315,False,4308,3964,1323,1357,1284
allied,Ultron,Elsa Bloodstone,Support,Damage,-0.00430117395045213,-0.0004545592412375813,0.0006994993623730336,False,3069,2827,1018,940,869
allied,Ultron,White Fox,Support,Support,0.01921885603010839,-0.0009805100257480712,-0.010702260409033064,False,1893,1787,851,584,352
allied,Ultron,Black Cat,Support,Damage,0.0011674906066185553,0.00033715551858008453,0.0012818966273271237,False,2425,2355,1064,785,506
allied,Ultron,Devil Dinosaur,Support,Tank,-0.05622640634908653,-0.0009653084182460022,-0.056158133089200576,False,2639,2440,1120,795,525
allied,Ultron,Cyclops,Support,Damage,-0.013967649886075066,-7.208715599504905e-05,-0.0033522770746072924,False,3961,3724,1630,1287,807
allied,Ultron,Jubilee,Support,Support,0.005660664611054911,0.0013061892468412871,-0.006099870911345092,False,6728,6309,2597,2134,1578
allied,Ultron,Rogue,Support,Tank,0.0022445949449341226,0.00014541220857383158,0.016384320666826442,False,1764,1602,614,529,459
allied,Ultron,The Hood,Support,Tank,-0.013218543874154694,0.002735167084278627,-0.002539308940006729,False,14548,13860,4850,4662,4348
allied,Ultron,Deadpool (Vanguard),Support,Tank,-0.0048942534952266204,-0.00010293973177720727,0.01017971151276266,False,1586,1493,669,487,337
allied,Ultron,Deadpool (Duelist),Support,Damage,-0.020428091525833848,-0.0006630433116910587,-0.017232731773891286,False,2101,1943,677,643,623
allied,Ultron,Deadpool (Strategist),Support,Support,0.022981591246889206,-0.00010153161737999328,-0.0007287493512926459,False,1379,1274,522,411,341
allied,Magik,Moon Knight,Damage,Damage,-0.018221525153108858,0.0010755351444839622,-0.011859571071131196,False,4903,4706,2020,1615,1071
allied,Magik,Luna Snow,Damage,Support,0.003620514861471355,-0.00038140866508567465,-0.005021450840128394,False,28789,27641,7850,9292,10499
allied,Magik,Squirrel Girl,Damage,Damage,-0.005964498857865228,0.0009911138435816993,0.0010723284810061568,False,2664,2560,1327,792,441
allied,Magik,Black Widow,Damage,Damage,-0.0064050317246135,0.0015048117633137887,0.00012840289447911275,False,7415,7108,1934,2214,2960
allied,Magik,Iron Man,Damage,Damage,0.014853304863984677,0.00015999696685543803,0.02260609386400199,False,4500,4317,1629,1578,1110
allied,Magik,Venom,Damage,Tank,0.005524268354458735,-0.0010417915890305253,0.0008177777209789825,False,14641,14027,4363,4752,4912
allied,Magik,Spider-man,Damage,Damage,-0.02183358408723773,-9.370180819250102e-05,-0.014254182017390257,False,14333,13731,3928,4769,5034
allied,Magik,Magneto,Damage,Tank,-0.0031089007440316396,0.0011109714579302108,-0.011891311938089972,False,50256,48171,13026,15914,19231
allied,Magik,Scarlet Witch,Damage,Damage,0.011517100041050906,-0.0008609675005978077,0.02376381793730777,False,4714,4577,2293,1485,799
allied,Magik,Thor,Damage,Tank,0.0005967287729459774,-0.0016755000154310923,-0.0043908254443444,False,11020,10562,3491,3600,3471
allied,Magik,Mister Fantastic,Damage,Damage,0.007603956845987002,0.000321526210453287,0.011872772300469606,False,3871,3749,1324,1332,1093
allied,Magik,Winter Soldier,Damage,Damage,-0.0036714170784010163,0.0024922369469966604,0.005468904501864794,False,21073,20279,5409,7018,7852
allied,Magik,Peni Parker,Damage,Tank,0.023872721761733814,0.0010482768998093665,0.022118318036363313,False,5550,5292,1835,1793,1664
allied,Magik,Star-lord,Damage,Damage,0.03514046080310727,0.0007129834459116528,0.04520078100503919,False,4886,4706,1427,1617,1662
allied,Magik,Blade,Damage,Damage,-0.017305976629153775,8.899834250090718e-05,-0.013661494642852559,False,4148,3989,1491,1351,1147
allied,Magik,Namor,Damage,Damage,0.00839917207883024,-0.00019862645580888966,0.021132043560253416,False,6213,5972,2130,2104,1738
allied,Magik,Adam Warlock,Damage,Support,0.019775338324997036,-0.0004605113965281809,0.022831133829069525,False,5670,5372,1568,1762,2042
allied,Magik,Jeff The Land Shark,Damage,Support,-0.0181678063382671,0.0022879279526071164,-0.02898691915993322,False,10457,10070,3717,3381,2972
allied,Magik,Psylocke,Damage,Damage,-0.011908925140776504,-8.723018877524223e-05,-0.008451589600344324,False,4420,4259,1276,1383,1600
allied,Magik,Wolverine,Damage,Damage,-0.032952233676511025,-0.0003055511529576094,-0.031171782873464577,False,3505,3358,824,1155,1379
allied,Magik,Invisible Woman,Damage,Support,-0.0003092381857007689,-0.004794799526253651,-0.009586074403998762,False,33297,31996,9753,10861,11382
allied,Magik,The Thing,Damage,Tank,-0.043202177764748925,-0.00094506238608413,-0.04869383595731254,False,15241,14601,4221,4889,5491
allied,Magik,Iron Fist,Damage,Damage,-0.01712365687976132,0.00012809134032899146,-0.005476744495588032,False,8569,8201,2099,2801,3301
allied,Magik,Emma Frost,Damage,Tank,-0.016444389476838187,0.0031941305447180765,-0.021775107331746195,False,22150,21156,7296,7225,6635
allied,Magik,Phoenix,Damage,Damage,-0.005871136318073928,0.0002994672308842557,-0.0010215148524229149,False,3247,3140,1134,1076,930
allied,Magik,Daredevil,Damage,Damage,-0.03167803635941921,0.0006341553846589621,-0.026064058486647185,False,7380,7040,1751,2343,2946
allied,Magik,Angela,Damage,Tank,-0.024684845670563667,0.00097696462336388,-0.032616542027652524,False,6270,5961,1672,2073,2216
allied,Magik,Gambit,Damage,Support,-0.015334399691256113,0.0016039923153335315,-0.02722151352802783,False,26680,25433,7630,8956,8847
allied,Magik,Elsa Bloodstone,Damage,Damage,0.004116903921103063,0.00041550727654725403,0.010010807079817188,False,7219,6932,2384,2427,2121
allied,Magik,White Fox,Damage,Support,0.016028057103339533,-0.00014591087080583078,0.008012092312869,False,14873,14378,5790,4965,3623
allied,Magik,Black Cat,Damage,Damage,-0.034176612376193606,0.0004908082748050221,-0.029740150068664047,False,6098,5985,2457,2123,1405
allied,Magik,Devil Dinosaur,Damage,Tank,0.014215877119546588,0.000998064661707423,0.012664284658081603,False,9365,8959,3509,3060,2390
allied,Magik,Cyclops,Damage,Damage,0.02558773662261262,0.0004480443639836141,0.030414300897813253,False,9467,9115,3530,3104,2481
allied,Magik,Jubilee,Damage,Support,-0.003229602514939215,-0.0005174554800531614,-0.011375588626719092,False,42404,40918,14174,14557,12187
allied,Magik,Rogue,Damage,Tank,-0.02067320072096986,0.0007518301312964351,-0.026848127470460677,False,7499,7062,2313,2355,2394
allied,Magik,The Hood,Damage,Tank,0.09918261829594525,-0.00532505576278166,0.10883577356623793,True,61464,59539,18554,20530,20455
allied,Magik,Deadpool (Vanguard),Damage,Tank,0.0020641590111318033,-0.00036329518492508525,-0.0026637731494164093,False,5829,5655,2245,1967,1443
allied,Magik,Deadpool (Duelist),Damage,Damage,-0.03930262879525059,-0.0001292589691552853,-0.03870717516765232,False,5557,5310,1549,1819,1942
allied,Magik,Deadpool (Strategist),Damage,Support,0.04334137951263128,-7.78005169510375e-05,0.0414926711365642,False,9464,9146,3296,3198,2652
allied,Moon Knight,Luna Snow,Damage,Support,-0.002692579139457238,0.00040232760622196213,-0.0036612829434308288,False,9564,9107,3868,3137,2102
allied,Moon Knight,Squirrel Girl,Damage,Damage,-0.025033947840175506,0.001155167713185928,-0.026667177637179625,False,1317,1256,811,341,104
allied,Moon Knight,Black Widow,Damage,Damage,0.006025023710993521,-0.0018020121635362102,0.006509159961781352,False,2408,2294,968,741,585
allied,Moon Knight,Iron Man,Damage,Damage,-0.017069373053154285,0.0014111358896024002,-0.019056029836390223,False,1689,1591,840,527,224
allied,Moon Knight,Venom,Damage,Tank,-0.0060857901377153155,-1.4710663351742839e-05,-0.007190924764141952,False,4640,4395,2055,1443,897
allied,Moon Knight,Spider-man,Damage,Damage,-0.001530856154405828,0.0008001405776771201,0.0006542538989059717,False,4146,3939,1698,1304,937
allied,Moon Knight,Magneto,Damage,Tank,-0.0038497685513801216,0.00018723035316552719,-0.007806546765643995,False,19020,18092,7212,6273,4607
allied,Moon Knight,Scarlet Witch,Damage,Damage,-0.02235879635019685,0.00035887517389186584,-0.020014032014239087,False,1853,1765,1144,451,170
allied,Moon Knight,Thor,Damage,Tank,-0.009522168492157068,0.00018594595311129962,-0.010740406234509958,False,3838,3676,1742,1236,698
allied,Moon Knight,Mister Fantastic,Damage,Damage,-0.029494189250028145,0.00019294590516769975,-0.03539541853128128,False,1376,1312,620,445,247
allied,Moon Knight,Winter Soldier,Damage,Damage,-0.009286701281858342,5.186670230999462e-05,-0.007697050327867465,False,7001,6710,2686,2351,1673
allied,Moon Knight,Peni Parker,Damage,Tank,0.014321138050946494,-0.0011644528365694082,0.01639995150306003,False,2460,2305,1146,717,442
allied,Moon Knight,Star-lord,Damage,Damage,0.014853248438145361,8.817037160067244e-05,0.016142193590765165,False,1571,1498,697,494,307
allied,Moon Knight,Blade,Damage,Damage,0.15192793109782649,-0.0007111339147413194,0.16256919522646518,True,4304,4063,1755,1447,861
allied,Moon Knight,Namor,Damage,Damage,0.0004649234736032792,-0.0007107845212121891,0.005454186490524285,False,2340,2239,1138,755,346
allied,Moon Knight,Adam Warlock,Damage,Support,-0.004032682973695096,-0.001095345129566585,0.004509508515783112,False,1950,1850,827,622,401
allied,Moon Knight,Jeff The Land Shark,Damage,Support,0.005876608802261012,0.0016291960074878951,0.006525446520903139,False,3854,3678,1898,1161,619
allied,Moon Knight,Psylocke,Damage,Damage,-0.015858251512322858,-0.00032448848037240207,-0.01981297890655062,False,1298,1246,589,385,272
allied,Moon Knight,Wolverine,Damage,Damage,-0.0019629758608045843,-0.00026071857940225394,-0.004687697788038642,False,1153,1089,398,388,303
allied,Moon Knight,Invisible Woman,Damage,Support,-0.021480833204870563,-0.0022631327480273846,-0.024941720152822547,False,11496,10955,4718,3825,2412
allied,Moon Knight,The Thing,Damage,Tank,-0.019147821037885628,-0.0008622857247878534,-0.017020977553119945,False,6073,5787,2458,2043,1286
allied,Moon Knight,Iron Fist,Damage,Damage,0.002786273383514457,0.0003081534888605805,0.009006212985045005,False,2312,2211,860,802,549
allied,Moon Knight,Emma Frost,Damage,Tank,-0.004772095969385851,0.00023834464590114315,-0.0038789950920081,False,8858,8382,4102,2725,1555
allied,Moon Knight,Phoenix,Damage,Damage,-0.0012217650273466777,-2.7595418670527337e-05,-0.003068794850854443,False,1119,1078,568,352,158
allied,Moon Knight,Daredevil,Damage,Damage,-0.0019420979315119794,-0.0004252301145277849,-0.0009375689620853569,False,1918,1804,711,595,498
allied,Moon Knight,Angela,Damage,Tank,0.00920342042543948,-0.0005526217050929144,0.009997891361434688,False,2332,2207,878,756,573
allied,Moon Knight,Gambit,Damage,Support,-0.012201441545936473,0.001953302094474327,-0.015234536966800997,False,10040,9481,4007,3380,2094
allied,Moon Knight,Elsa Bloodstone,Damage,Damage,-0.0037379814691849995,-0.00044392809092255573,-0.005581083755490127,True,3234,3089,1454,1065,570
allied,Moon Knight,White Fox,Damage,Support,0.005126650110143318,0.00036386442663122973,0.0042104080932654905,False,5483,5306,2959,1652,695
allied,Moon Knight,Black Cat,Damage,Damage,0.004690232838707573,0.0007780536614890479,0.0052769376875696225,False,2030,1988,1119,621,248
allied,Moon Knight,Devil Dinosaur,Damage,Tank,-0.02707488833615948,0.0016245701618478126,-0.028368281344156,False,3860,3650,1895,1166,589
allied,Moon Knight,Cyclops,Damage,Damage,-0.021355001290959783,0.0021923641650868422,-0.027517551790715657,False,3611,3421,1833,1072,516
allied,Moon Knight,Jubilee,Damage,Support,0.010257646817509222,0.0004464328653260496,0.012259965520027635,False,17117,16401,7939,5505,2957
allied,Moon Knight,Rogue,Damage,Tank,-0.007450469924403733,0.0003465855186745031,-0.00722694077442839,False,2613,2430,1151,810,469
allied,Moon Knight,The Hood,Damage,Tank,-0.007386705401588877,-0.003109830486529129,-0.0048281553149567315,False,25056,24246,10760,8402,5084
allied,Moon Knight,Deadpool (Vanguard),Damage,Tank,0.022844948256361675,-0.0008193280636731895,0.02536679176559614,False,2285,2194,1198,688,308
allied,Moon Knight,Deadpool (Duelist),Damage,Damage,0.004371460716154769,-0.000808591739449053,0.0015171196105546823,False,1796,1706,769,595,342
allied,Moon Knight,Deadpool (Strategist),Damage,Support,-0.005469328634206944,-0.0012542950916118996,-0.004956976880886564,False,3340,3218,1649,1038,531
allied,Luna Snow,Squirrel Girl,Support,Damage,-0.0027177400340352067,-0.0003025844346448875,-0.004923071428023276,False,5619,5395,2777,1710,908
allied,Luna Snow,Black Widow,Support,Damage,0.01090013083052271,0.002237154349888421,0.013934484611304414,False,17032,16270,4040,4796,7434
allied,Luna Snow,Iron Man,Support,Damage,-0.003400673469947385,-0.001820718712720725,-0.009057493267123391,False,9163,8770,3318,3091,2361
allied,Luna Snow,Venom,Support,Tank,0.02549629820969395,0.0011763668060962708,0.0368177198953073,False,20847,19901,5935,6511,7455
allied,Luna Snow,Spider-man,Support,Damage,0.022844805230733095,0.0017084819710365897,0.022775691531996514,False,28423,27199,7457,9003,10739
allied,Luna Snow,Magneto,Support,Tank,-0.0023116561055698138,-0.0005951509041404607,-0.010627770290111282,False,71846,68709,17680,21980,29049
allied,Luna Snow,Scarlet Witch,Support,Damage,-0.017117628223829714,0.00020658466514204474,-0.02016918624435239,False,7597,7366,3651,2305,1410
allied,Luna Snow,Thor,Support,Tank,0.007551563260181331,-0.002689845756634742,0.015518532323426572,False,15864,15199,4681,5078,5440
allied,Luna Snow,Mister Fantastic,Support,Damage,-0.02434398265698505,0.001101681924839559,-0.027554969539490933,False,6956,6681,2146,2385,2150
allied,Luna Snow,Winter Soldier,Support,Damage,0.00047164887504573836,-0.002865044194995501,0.0019306293175779755,False,43848,41961,11070,13566,17325
allied,Luna Snow,Peni Parker,Support,Tank,-0.00694625515447878,0.0018293072661958074,-0.005753896797967932,False,7870,7487,2462,2439,2586
allied,Luna Snow,Star-lord,Support,Damage,-0.02324668031675159,-0.00018595580503290234,-0.024005238074997215,False,8426,8108,2521,2657,2930
allied,Luna Snow,Blade,Support,Damage,-0.01081037130603597,0.0003357630498641389,-0.01443656809409972,False,8742,8374,3005,2844,2525
allied,Luna Snow,Namor,Support,Damage,0.003917758508223143,0.00041208145747197747,0.01180545403209475,True,14815,14262,5060,4893,4309
allied,Luna Snow,Adam Warlock,Support,Support,0.009414319530223541,-0.0005108224663206811,-0.028571351419677725,True,5350,5084,1339,1527,2218
allied,Luna Snow,Jeff The Land Shark,Support,Support,0.005535960499344468,-0.0002775804454649187,0.01007201436306685,False,7347,7064,2464,2286,2314
allied,Luna Snow,Psylocke,Support,Damage,0.036858119592547006,0.001039938999658932,0.046142355871926735,False,9270,8908,2483,2882,3543
allied,Luna Snow,Wolverine,Support,Damage,-0.015402221632155542,0.0002094568240983315,-0.018259808998234966,False,7955,7547,1712,2387,3448
allied,Luna Snow,Invisible Woman,Support,Support,-0.02445038247305459,0.0006416303174832256,-0.018632585494395462,False,25730,24615,6637,7809,10169
allied,Luna Snow,The Thing,Support,Tank,0.023652622752178203,0.0020247674525346654,0.01812781376464137,False,23566,22488,6207,7333,8948
allied,Luna Snow,Iron Fist,Support,Damage,-0.01763579628014598,-0.001243541862131313,-0.02710591299807661,False,16789,16116,4049,5276,6791
allied,Luna Snow,Emma Frost,Support,Tank,0.01654874718770369,0.00043645989057565347,0.01571424260445384,True,36685,34932,12026,11460,11446
allied,Luna Snow,Phoenix,Support,Damage,0.002719055315546045,0.00016722186258781937,0.011844847278585239,False,9032,8714,3041,2931,2742
allied,Luna Snow,Daredevil,Support,Damage,0.055034190898798775,0.0012711419804444944,0.05872958565067126,False,15573,14834,3362,4587,6885
allied,Luna Snow,Angela,Support,Tank,0.012996519924188802,0.00044271122699923433,0.014912199508515174,False,9292,8853,2357,2921,3575
allied,Luna Snow,Gambit,Support,Support,-0.02952164331223837,-0.00032191023439008347,-0.025317271243301985,False,18776,17757,4881,6083,6793
allied,Luna Snow,Elsa Bloodstone,Support,Damage,0.005433716137857985,0.0011678059349114393,0.008316166887597728,False,16955,16279,5094,5509,5676
allied,Luna Snow,White Fox,Support,Support,0.09955667392253884,0.0007275371896915497,0.10648321572570518,True,17582,16956,6496,5739,4721
allied,Luna Snow,Black Cat,Support,Damage,0.028226704511583007,0.0012881098520013039,0.028388428446287944,False,12310,12007,4613,4169,3225
allied,Luna Snow,Devil Dinosaur,Support,Tank,-0.01111292771946679,0.0028157465065595274,-0.012662802922523907,False,14144,13473,5000,4511,3962
allied,Luna Snow,Cyclops,Support,Damage,-0.002726475616261854,-0.002757023263551975,0.005958960154808383,False,19348,18639,7184,6344,5111
allied,Luna Snow,Jubilee,Support,Support,-0.02175571052882392,-0.0017161161832782575,-0.01804132031119234,False,29956,28959,9972,9970,9017
allied,Luna Snow,Rogue,Support,Tank,-0.03466551010542148,0.0007657454647998688,-0.035326294509325416,False,8274,7830,2438,2596,2796
allied,Luna Snow,The Hood,Support,Tank,-0.026067711365692414,0.0013750735070249007,-0.026322050163959256,False,65037,63126,19211,21066,22849
allied,Luna Snow,Deadpool (Vanguard),Support,Tank,-0.012906543662834943,-0.0022380383810367424,-0.00798879710305753,False,7909,7635,2949,2517,2169
allied,Luna Snow,Deadpool (Duelist),Support,Damage,-0.022424310949606424,-0.0001865073517661335,-0.022813562449759624,False,10841,10334,3004,3463,3867
allied,Luna Snow,Deadpool (Strategist),Support,Support,-0.010930669350356692,-0.0013115465017350444,-0.0204545242992244,False,5516,5314,1922,1746,1646
allied,Squirrel Girl,Black Widow,Damage,Damage,0.008336308303039153,-0.0002672292717663501,0.008667832101014636,False,1488,1435,754,413,268
allied,Squirrel Girl,Iron Man,Damage,Damage,0.12930289275648346,-0.002366442789958423,0.13914949715773883,True,3332,3180,1750,1001,429
allied,Squirrel Girl,Venom,Damage,Tank,0.00015481441207290328,-0.0005710601527538754,0.0014020998447984297,False,2846,2723,1519,802,402
allied,Squirrel Girl,Spider-man,Damage,Damage,0.030207178472868152,-3.4301079866721285e-05,0.0346879816762986,True,3243,3125,1511,984,630
allied,Squirrel Girl,Magneto,Damage,Tank,-0.0006383448790482802,-0.0017032556544575447,-0.0025839019791482104,False,11143,10690,5241,3477,1972
allied,Squirrel Girl,Scarlet Witch,Damage,Damage,0.011169598751518538,-0.00016521690338720365,0.015959014229068473,False,1386,1328,938,281,109
allied,Squirrel Girl,Thor,Damage,Tank,0.004022984632632219,0.000126745763863108,0.005979932036176117,False,2495,2405,1376,712,317
allied,Squirrel Girl,Mister Fantastic,Damage,Damage,-0.0026916883051631923,-0.00010464996801194794,-0.006707860838674117,False,893,861,492,266,103
allied,Squirrel Girl,Winter Soldier,Damage,Damage,-0.029723903713515243,0.0011272575451457376,-0.03017953933270877,False,4051,3881,1931,1232,718
allied,Squirrel Girl,Peni Parker,Damage,Tank,0.013164576418986695,0.0003906587173583526,0.016762612640550005,False,1638,1559,916,439,204
allied,Squirrel Girl,Star-lord,Damage,Damage,-0.018606591405620793,-6.305556820807614e-05,-0.02044641625887288,False,928,897,493,247,157
allied,Squirrel Girl,Blade,Damage,Damage,0.018928083128303987,-0.00035168145254699376,0.018158848575007863,False,975,936,577,261,98
allied,Squirrel Girl,Namor,Damage,Damage,-0.017029460274489823,-0.0010777669566442824,-0.013840641316280709,False,1554,1497,901,431,165
allied,Squirrel Girl,Adam Warlock,Damage,Support,-0.006972509763190976,-0.0008518946382648568,-3.1279100591983036e-05,False,1195,1142,598,342,202
allied,Squirrel Girl,Jeff The Land Shark,Damage,Support,0.005338638641889843,0.0012768275540009399,0.004686747612293343,False,2619,2519,1556,655,308
allied,Squirrel Girl,Psylocke,Damage,Damage,-0.005349079998376861,-0.0006315653758414678,-0.008774355653514861,False,748,716,360,218,138
allied,Squirrel Girl,Wolverine,Damage,Damage,0.01049024478343599,-0.000193734188126567,0.008456719482932204,False,689,664,307,230,127
allied,Squirrel Girl,Invisible Woman,Damage,Support,0.0006893074488657152,0.0008040929619079076,-0.0012337943955614634,False,6788,6519,3549,1936,1034
allied,Squirrel Girl,The Thing,Damage,Tank,0.005700161600998603,0.000898551810091987,0.012275311138468475,False,3632,3482,1814,1088,580
allied,Squirrel Girl,Iron Fist,Damage,Damage,-0.019645759963440985,0.00032963474416479173,-0.015637076867247676,False,1413,1347,667,438,242
allied,Squirrel Girl,Emma Frost,Damage,Tank,0.014272571927470697,0.0007498245449816202,0.01896030879045611,False,5372,5164,2991,1503,670
allied,Squirrel Girl,Phoenix,Damage,Damage,0.0015356831721404266,0.0008764273659438263,-0.00042683829204055756,False,709,693,440,163,90
allied,Squirrel Girl,Daredevil,Damage,Damage,-0.0005729984170915609,-0.0005489534205343657,0.00020052830106429502,False,1181,1127,496,384,247
allied,Squirrel Girl,Angela,Damage,Tank,-0.013292214247101104,0.00014061720316426547,-0.013382097450073184,False,1354,1285,662,405,218
allied,Squirrel Girl,Gambit,Damage,Support,0.000810100058505606,-0.0002910317597278132,-0.0018300351399958901,False,5952,5683,2962,1800,921
allied,Squirrel Girl,Elsa Bloodstone,Damage,Damage,0.015236259401384464,0.0007728232140201069,0.01462690262464017,False,1619,1575,869,486,220
allied,Squirrel Girl,White Fox,Damage,Support,-0.008594935526196395,2.5453431150262043e-05,-0.01245985822580892,False,3459,3350,2219,854,277
allied,Squirrel Girl,Black Cat,Damage,Damage,-0.006921055445133056,-0.0011618892851386101,-0.007645321112357092,False,1415,1376,858,361,157
allied,Squirrel Girl,Devil Dinosaur,Damage,Tank,0.014698662120619585,-0.00011937385193784611,0.019760026485474747,False,2555,2471,1561,655,255
allied,Squirrel Girl,Cyclops,Damage,Damage,-0.03512622012083503,0.0018414424491187851,-0.04277944735810707,False,2473,2385,1475,643,267
allied,Squirrel Girl,Jubilee,Damage,Support,0.023314148925769208,0.0011025622796944476,0.025715047913627886,False,9744,9412,5314,2895,1203
allied,Squirrel Girl,Rogue,Damage,Tank,-0.026562526151295174,0.0007664174911011692,-0.026842233787892574,False,1605,1501,866,416,219
allied,Squirrel Girl,The Hood,Damage,Tank,0.000793627159456211,-0.0009187731811346228,0.005923083152662309,False,12047,11666,6295,3638,1733
allied,Squirrel Girl,Deadpool (Vanguard),Damage,Tank,-0.012588281315894735,0.0010788448815635507,-0.012408048514002144,False,1350,1315,835,348,132
allied,Squirrel Girl,Deadpool (Duelist),Damage,Damage,0.00615929962536157,-8.60418498550158e-05,0.0031087953861369433,False,1066,1019,529,315,175
allied,Squirrel Girl,Deadpool (Strategist),Damage,Support,0.025824122202431198,-0.0006395191543347737,0.029014672832139113,False,2161,2093,1271,572,250
allied,Black Widow,Iron Man,Damage,Damage,0.002687157099312347,3.87358409285621e-05,0.0015325919086257727,False,2161,2074,749,704,621
allied,Black Widow,Venom,Damage,Tank,-0.011994686135735094,0.0012470299121825966,-0.014346580902129652,False,7420,7062,2080,2085,2897
allied,Black Widow,Spider-man,Damage,Damage,-0.02215637387166298,-0.0020008698533564846,-0.02249895860856284,False,7391,7044,1830,2181,3033
allied,Black Widow,Magneto,Damage,Tank,0.0050206510572740415,0.0008033294520336045,0.0014818158345632126,False,32466,30920,7269,9255,14396
allied,Black Widow,Scarlet Witch,Damage,Damage,-0.02513484069790496,0.00012451498529616326,-0.023832694967812377,False,1987,1911,943,578,390
allied,Black Widow,Thor,Damage,Tank,0.006712886435754659,0.0018633314313130306,0.006742124784101958,False,5889,5622,1611,1786,2225
allied,Black Widow,Mister Fantastic,Damage,Damage,0.021074871713088545,-0.001246418460370731,0.018569336587830852,False,1949,1868,601,614,653
allied,Black Widow,Winter Soldier,Damage,Damage,-0.013944392307211133,-0.002182103744201414,-0.01355391296266547,False,11774,11196,2686,3369,5141
allied,Black Widow,Peni Parker,Damage,Tank,-0.009162562888778574,-0.00037924404915996607,-0.010310089254132732,False,3454,3285,1054,997,1234
allied,Black Widow,Star-lord,Damage,Damage,-0.003198042746610494,-0.0002790839123905043,-0.004222616736698238,False,2385,2303,625,728,950
allied,Black Widow,Blade,Damage,Damage,-0.00544968003911989,0.0004535732032527512,-0.008713884873210998,False,2023,1945,678,647,620
allied,Black Widow,Namor,Damage,Damage,-0.04292369605201063,0.0004660973501412215,-0.04235601789575656,False,3208,3089,1098,1010,981
allied,Black Widow,Adam Warlock,Damage,Support,-0.02032663262939312,-0.001528463989538567,-0.011517216008369364,False,3134,2994,722,891,1381
allied,Black Widow,Jeff The Land Shark,Damage,Support,-0.026490054447768432,-0.002598595213366933,-0.027583080796872182,False,5465,5246,1811,1599,1836
allied,Black Widow,Psylocke,Damage,Damage,-0.010551117444395814,8.677451941070418e-05,-0.014875943000307907,False,2232,2138,565,586,987
allied,Black Widow,Wolverine,Damage,Damage,0.02289299256134083,0.00023899113302727838,0.02142463549069341,False,2204,2100,439,572,1089
allied,Black Widow,Invisible Woman,Damage,Support,0.03302591437039937,0.002137889260866382,0.03868233970786393,False,19235,18358,4837,5494,8027
allied,Black Widow,The Thing,Damage,Tank,-0.007304679275825228,0.0004234377990332444,-0.004425053216293157,False,9771,9279,2387,2812,4080
allied,Black Widow,Iron Fist,Damage,Damage,-0.004921568245366496,0.0007474086246308287,-0.00015457278349470473,False,3933,3783,903,1140,1740
allied,Black Widow,Emma Frost,Damage,Tank,0.015873762158533006,0.00020239039661369977,0.01851116036617219,False,13670,12949,4009,3977,4963
allied,Black Widow,Phoenix,Damage,Damage,0.03163323731789044,0.0002826312396539479,0.03170809197337054,True,4200,4041,1284,1355,1402
allied,Black Widow,Daredevil,Damage,Damage,0.02733922012709309,0.0003384827811425207,0.029968303042859794,True,5753,5429,1143,1597,2689
allied,Black Widow,Angela,Damage,Tank,0.009697919214966946,-0.001688467392039923,0.009966891511789392,False,3897,3703,905,1179,1619
allied,Black Widow,Gambit,Damage,Support,0.0321052652851068,-0.000598962573326782,0.036914477056630486,False,15227,14423,3891,4722,5810
allied,Black Widow,Elsa Bloodstone,Damage,Damage,-0.014628295953518968,0.0004228949830412052,-0.018189124121056544,False,4114,3966,1126,1291,1549
allied,Black Widow,White Fox,Damage,Support,-0.026828681778091324,-0.0025203757317010123,-0.02943537144249068,False,7059,6797,2768,2162,1867
allied,Black Widow,Black Cat,Damage,Damage,0.021474456494989733,-0.0013116723585959382,0.0226459570359186,False,2953,2891,1127,958,806
allied,Black Widow,Devil Dinosaur,Damage,Tank,0.01309869690092387,-0.001022351369737113,0.0157491529030672,False,4951,4723,1778,1539,1406
allied,Black Widow,Cyclops,Damage,Damage,0.024685955087336647,0.00012964779012926607,0.021542360442119178,False,4566,4384,1756,1355,1273
allied,Black Widow,Jubilee,Damage,Support,-0.025340902167624742,0.0001056168132948654,-0.025484433249740274,False,22032,21194,7051,7015,7128
allied,Black Widow,Rogue,Damage,Tank,-0.012158687243354496,-0.0002035796263352512,-0.013046676953561827,False,3970,3720,1120,1154,1446
allied,Black Widow,The Hood,Damage,Tank,-0.004913416005024567,0.0035526703204903374,-0.0026574788023769683,False,31540,30502,8719,9582,12201
allied,Black Widow,Deadpool (Vanguard),Damage,Tank,-0.01614347832042805,8.58913186988573e-05,-0.01859438603283614,False,3216,3107,1132,1011,964
allied,Black Widow,Deadpool (Duelist),Damage,Damage,0.013062924519507722,-0.0016063014729502981,0.01012006148621074,False,2855,2706,764,872,1070
allied,Black Widow,Deadpool (Strategist),Damage,Support,-0.008672574381939883,0.0007967801173478522,-0.006256659508578319,False,4637,4462,1503,1438,1521
allied,Iron Man,Venom,Damage,Tank,-0.011575406872522957,0.00045876255430729357,-0.0070194932517599895,False,4203,4024,1713,1371,940
allied,Iron Man,Spider-man,Damage,Damage,0.03560880205927719,-0.001446062842826754,0.03952294073658488,False,3931,3756,1443,1346,967
allied,Iron Man,Magneto,Damage,Tank,-0.02008308952893019,-0.0025357892661697296,-0.01958896200686281,False,17371,16580,5929,5875,4776
allied,Iron Man,Scarlet Witch,Damage,Damage,-0.014291472045773693,0.00038808312115415675,-0.012636497267070453,False,1565,1500,896,418,186
allied,Iron Man,Thor,Damage,Tank,0.03439376961153821,-0.0004060678126170358,0.044401491513019475,True,7145,6839,2711,2469,1659
allied,Iron Man,Mister Fantastic,Damage,Damage,0.01959081291643247,-0.0007477216552381543,0.01641246487604632,False,1360,1299,563,466,270
allied,Iron Man,Winter Soldier,Damage,Damage,-0.014649555624260117,0.00029829934127983975,-0.014867085090939602,False,6443,6168,2229,2178,1761
allied,Iron Man,Peni Parker,Damage,Tank,0.005515670246128513,-0.00017664555960390324,0.012882043226007408,False,2216,2108,949,735,424
allied,Iron Man,Star-lord,Damage,Damage,-0.004159727514999906,-0.0001592414653849392,-0.005813652901064321,False,1498,1441,588,483,370
allied,Iron Man,Blade,Damage,Damage,0.022457570896905837,-0.00047325265836434044,0.020965910117445398,False,1420,1358,607,492,259
allied,Iron Man,Namor,Damage,Damage,-0.0006883188562515839,0.0015104787776029705,0.0028440034594429645,False,2307,2226,991,807,428
allied,Iron Man,Adam Warlock,Damage,Support,0.012233424642023984,-0.0003041632356488335,0.018209275381575935,False,2083,1960,740,722,498
allied,Iron Man,Jeff The Land Shark,Damage,Support,0.010592189276102068,-9.119663472287615e-05,0.007230870352083182,False,3645,3494,1615,1173,706
allied,Iron Man,Psylocke,Damage,Damage,0.025234025642365026,-0.0009551418224600239,0.023337184768024766,False,1223,1165,468,371,326
allied,Iron Man,Wolverine,Damage,Damage,-0.0033369409888848265,-0.00015459200543293798,-0.007536967754157693,False,1156,1101,369,416,316
allied,Iron Man,Invisible Woman,Damage,Support,0.005133350834566724,-0.002068422541820256,0.0003996326896532562,False,10762,10294,4018,3661,2615
allied,Iron Man,The Thing,Damage,Tank,0.013132421642449795,-0.0005222759711197365,0.025174610726110755,False,5490,5228,1961,1940,1327
allied,Iron Man,Iron Fist,Damage,Damage,-0.03995049742449404,0.0003559560752332729,-0.038647248093572326,False,2308,2201,739,805,657
allied,Iron Man,Emma Frost,Damage,Tank,-0.003588861319623163,0.0005428809702853922,0.0037169001861732665,False,7881,7466,3201,2599,1666
allied,Iron Man,Phoenix,Damage,Damage,-0.010985649607012087,0.00021636980193954838,-0.015006025566930549,False,1059,1016,469,349,198
allied,Iron Man,Daredevil,Damage,Damage,-0.017445539561644408,-0.0010658986820023396,-0.019091887875227333,False,1859,1780,541,638,601
allied,Iron Man,Angela,Damage,Tank,-0.0010590966942015576,-0.00015341456434242136,0.004858815577504768,False,2081,1977,716,747,514
allied,Iron Man,Gambit,Damage,Support,0.004810958912434945,0.0004536947208964643,-0.0006951906530242983,False,9294,8798,3336,3181,2281
allied,Iron Man,Elsa Bloodstone,Damage,Damage,0.007731556337344173,0.0013201774127329425,0.0054817286571597415,False,2366,2267,861,849,557
allied,Iron Man,White Fox,Damage,Support,-0.022125576497713705,0.0009541243454144606,-0.031047951042464807,False,4680,4515,2338,1463,714
allied,Iron Man,Black Cat,Damage,Damage,0.008984475241865637,-2.7719610349797453e-05,0.008567470119287905,False,1981,1934,939,655,340
allied,Iron Man,Devil Dinosaur,Damage,Tank,-0.01697959243184246,0.0016126780516673837,-0.010856493736044675,False,3447,3284,1549,1099,636
allied,Iron Man,Cyclops,Damage,Damage,-0.026124297690531338,0.0020990111075887587,-0.0340446445901141,False,3298,3153,1536,1057,560
allied,Iron Man,Jubilee,Damage,Support,0.005088865898619567,0.0007689939149385022,0.0018454827843856262,False,14094,13548,5921,4877,2750
allied,Iron Man,Rogue,Damage,Tank,0.0008743062695111292,0.0007940384781702732,0.00831490045260361,False,2410,2247,934,770,543
allied,Iron Man,The Hood,Damage,Tank,-0.041691006446084505,0.0012308871025714324,-0.036717018158134204,False,18420,17850,7071,6442,4337
allied,Iron Man,Deadpool (Vanguard),Damage,Tank,-0.011498812389750918,1.9439982223838097e-05,-0.006565975304655154,False,2007,1925,968,612,345
allied,Iron Man,Deadpool (Duelist),Damage,Damage,0.010950335838651726,-0.00010850744835616544,0.007282366203860854,False,1692,1601,628,549,424
allied,Iron Man,Deadpool (Strategist),Damage,Support,0.012866660930030095,0.00016403267112182876,0.011071407176988958,False,3089,2977,1393,1047,537
allied,Venom,Spider-man,Tank,Damage,-0.0028800299231295247,0.002946233838844434,-0.004265411831401883,True,21045,19990,6078,6688,7224
allied,Venom,Magneto,Tank,Tank,0.007966992894148692,0.002128610886168299,0.02096365913456366,False,25083,23790,6343,7548,9899
allied,Venom,Scarlet Witch,Tank,Damage,-0.00014934576508477911,-0.0007172322891471019,-0.006202010757658532,False,3491,3361,1860,977,524
allied,Venom,Thor,Tank,Tank,0.020527211672963543,-0.0015141654862127468,0.013719368645369536,False,3871,3703,1347,1208,1148
allied,Venom,Mister Fantastic,Tank,Damage,-0.0230950561624295,-0.0015463498539528041,-0.019230563364563247,False,3627,3464,1292,1185,987
allied,Venom,Winter Soldier,Tank,Damage,-0.009278626259132764,0.0003204568883935839,-0.015177203028052812,False,19347,18475,5617,6015,6843
allied,Venom,Peni Parker,Tank,Tank,-0.018608442382664,0.001377033043664867,-0.028798864573219816,False,2100,2003,770,635,598
allied,Venom,Star-lord,Tank,Damage,0.0004960098007498107,0.0004828524381854421,-0.000977194248623797,False,4631,4482,1550,1426,1506
allied,Venom,Blade,Tank,Damage,-0.014415363634089918,0.0001952634921637718,-0.010253849946693356,True,5562,5306,2117,1784,1405
allied,Venom,Namor,Tank,Damage,-0.012270502422113774,0.002243937515152265,-0.0280913341482138,False,6082,5836,2272,2015,1549
allied,Venom,Adam Warlock,Tank,Support,-0.01640325679973343,-0.0004664055917393952,-0.004176754801271354,False,3876,3683,1118,1152,1413
allied,Venom,Jeff The Land Shark,Tank,Support,0.03285801054684126,-0.0005975431197195657,0.03878114144370276,True,9000,8644,3554,2684,2406
allied,Venom,Psylocke,Tank,Damage,0.005722161382776785,0.0014943466320458392,0.007285509575002122,False,4528,4325,1377,1348,1600
allied,Venom,Wolverine,Tank,Damage,-0.01091768009071472,5.62657431402185e-05,-0.006547565178119649,False,3574,3403,943,1103,1357
allied,Venom,Invisible Woman,Tank,Support,-0.030653053915917227,-0.0014951535770879785,-0.038862470822866264,False,22012,21015,6758,6865,7392
allied,Venom,The Thing,Tank,Tank,0.013450815155133553,-0.0009758503540844332,0.01191484724748055,False,5851,5562,1723,1826,2013
allied,Venom,Iron Fist,Tank,Damage,0.004942030745828103,0.0013407148770328654,0.0018472978453212819,False,8480,8156,2275,2700,3181
allied,Venom,Emma Frost,Tank,Tank,0.016544265959929076,0.002456201591279238,0.015868226331985837,False,9076,8602,3322,2746,2534
allied,Venom,Phoenix,Tank,Damage,0.04451417809917017,4.4174864630606696e-05,0.04539694970014852,True,10701,10303,3900,3540,2863
allied,Venom,Daredevil,Tank,Damage,0.021769440367877462,-6.147566901169177e-05,0.025350998820634046,False,9411,8968,2113,2788,4067
allied,Venom,Angela,Tank,Tank,0.003135946422814079,-0.0006923921293106801,0.000539927194540413,False,1991,1892,629,590,673
allied,Venom,Gambit,Tank,Support,-0.0011056165855290372,-0.0006289642108482592,-0.002769079444241969,False,17836,16872,5340,5725,5807
allied,Venom,Elsa Bloodstone,Tank,Damage,0.039561596442241775,0.0007230455899744019,0.04516261094695169,False,7241,6936,2427,2281,2228
allied,Venom,White Fox,Tank,Support,-0.004262019995369472,0.0016628252446561635,0.010137680814193752,False,11018,10605,4529,3458,2618
allied,Venom,Black Cat,Tank,Damage,-0.015814687933918936,0.0003912714207764205,-0.014644982940268171,False,7225,7039,2933,2333,1773
allied,Venom,Devil Dinosaur,Tank,Tank,-0.003466730651129441,-0.0014795976379755646,-0.01186775002012063,False,3603,3423,1478,1076,869
allied,Venom,Cyclops,Tank,Damage,0.008789989125146797,-0.0008843835682169678,0.00997659538152634,False,10104,9702,4202,3189,2311
allied,Venom,Jubilee,Tank,Support,-0.026202951408100184,5.486795767464161e-06,-0.03457535837229343,False,26567,25499,9786,8609,7104
allied,Venom,Rogue,Tank,Tank,0.01875941841166382,-0.000434688177350784,0.010887906051311234,False,2507,2341,837,752,752
allied,Venom,The Hood,Tank,Tank,0.01566455677217144,-0.004193164560656388,0.003236052120766821,False,24800,23983,8108,8105,7770
allied,Venom,Deadpool (Vanguard),Tank,Tank,-0.012369184827464127,0.0002429029987187593,-0.025067775767716988,False,1904,1829,847,552,430
allied,Venom,Deadpool (Duelist),Tank,Damage,0.007342124883470308,-0.0010151886859739326,0.012028372814946352,False,5822,5511,1824,1844,1843
allied,Venom,Deadpool (Strategist),Tank,Support,0.02294794956886884,0.0005377635688744013,0.03267209394598898,False,6988,6707,2653,2279,1775
allied,Spider-man,Magneto,Damage,Tank,0.003088333226720191,0.0001271613324537704,-0.0007282911592133181,False,48838,46620,12001,15336,19283
allied,Spider-man,Scarlet Witch,Damage,Damage,0.0005977718065201278,-0.000847543914741861,0.0063704939043060784,False,3700,3562,1741,1145,676
allied,Spider-man,Thor,Damage,Tank,-0.013139457147282346,-0.0019956500992208918,-0.015406472401311051,False,10519,10076,3243,3473,3360
allied,Spider-man,Mister Fantastic,Damage,Damage,0.0014534090598895598,-0.000310526692521798,-0.00035500875078909845,False,3682,3530,1126,1289,1115
allied,Spider-man,Winter Soldier,Damage,Damage,-0.007011776631400606,0.0012103165185564165,-0.0037148806553023135,False,19941,19068,5092,6376,7600
allied,Spider-man,Peni Parker,Damage,Tank,0.0452460118065774,0.0005235228575356687,0.050166785820754144,True,6292,5978,1966,2016,1996
allied,Spider-man,Star-lord,Damage,Damage,-0.013658548423541889,-0.0015516510070796167,-0.013223813478625132,False,4296,4132,1283,1404,1445
allied,Spider-man,Blade,Damage,Damage,0.002908162465500265,-0.0003212476977653317,0.0026689531351187456,False,3875,3705,1406,1227,1072
allied,Spider-man,Namor,Damage,Damage,-0.01914519533831989,0.0008746690377146502,-0.01426952291536156,False,5097,4885,1698,1705,1482
allied,Spider-man,Adam Warlock,Damage,Support,0.012538031456127393,-0.00050111668841298,0.02085897930829663,False,5440,5164,1453,1693,2018
allied,Spider-man,Jeff The Land Shark,Damage,Support,0.005303738196185779,5.8273418669561845e-05,0.0035883841480317245,False,10287,9893,3554,3332,3007
allied,Spider-man,Psylocke,Damage,Damage,-0.006279298678360842,0.0015377344658789424,-0.007919085905613634,False,3934,3751,1050,1218,1483
allied,Spider-man,Wolverine,Damage,Damage,0.016976992664151716,0.0008232473600357464,0.017346047409383357,False,3387,3217,798,1024,1395
allied,Spider-man,Invisible Woman,Damage,Support,-0.013916745316669426,0.001412304341224274,-0.018724704219633046,False,30003,28671,8592,9364,10715
allied,Spider-man,The Thing,Damage,Tank,0.01913231145628687,0.0014432943807304375,0.0249295924489405,False,14688,13980,3911,4578,5491
allied,Spider-man,Iron Fist,Damage,Damage,-0.029009028529065967,-0.001969563811595766,-0.02391648675547278,False,7889,7583,1941,2540,3102
allied,Spider-man,Emma Frost,Damage,Tank,-0.002691481100456034,0.0002587392591818737,-0.0022053609092423966,False,21208,20120,6714,6788,6618
allied,Spider-man,Phoenix,Damage,Damage,0.022670841383362915,0.0006762726396280277,0.02432964770441552,False,3371,3241,1162,1137,942
allied,Spider-man,Daredevil,Damage,Damage,-0.025947866211724666,-3.992393822351815e-06,-0.025422645872022406,False,7173,6833,1555,2214,3064
allied,Spider-man,Angela,Damage,Tank,-0.0668873300121039,-0.0006887332581247895,-0.07530485618415576,False,6400,6072,1643,2125,2304
allied,Spider-man,Gambit,Damage,Support,0.009306192641894709,-0.00211455414188111,0.006668968553472303,False,24680,23390,6938,8170,8282
allied,Spider-man,Elsa Bloodstone,Damage,Damage,0.018647321728811752,0.0007796806387912426,0.02018464795976929,False,6793,6471,2069,2196,2206
allied,Spider-man,White Fox,Damage,Support,-0.009756534293217866,0.0013583772128649212,-0.014825757301552622,False,13788,13282,5281,4525,3476
allied,Spider-man,Black Cat,Damage,Damage,-0.053962473090049236,-0.001046265808735081,-0.05673770208327042,True,7718,7537,3101,2620,1816
allied,Spider-man,Devil Dinosaur,Damage,Tank,0.030873270593764098,-0.0005418577682055282,0.035465669719660455,False,8996,8581,3345,2916,2320
allied,Spider-man,Cyclops,Damage,Damage,0.0023514317865137653,-0.001834970947106636,-0.0003207721900069763,False,8241,7903,3096,2625,2182
allied,Spider-man,Jubilee,Damage,Support,0.009461735036210117,0.0021328184468422913,0.009071981825029364,False,36936,35567,12276,12511,10780
allied,Spider-man,Rogue,Damage,Tank,-0.013962805103322084,7.233900881670542e-05,-0.015114143870175071,False,7074,6666,2092,2289,2285
allied,Spider-man,The Hood,Damage,Tank,-0.01823816087203378,0.001720355230042085,-0.017543225768033778,False,48214,46725,14048,15998,16679
allied,Spider-man,Deadpool (Vanguard),Damage,Tank,-0.00047065232821278617,-0.00047716591506590824,-0.001216352234795388,False,5525,5335,2036,1862,1437
allied,Spider-man,Deadpool (Duelist),Damage,Damage,0.03428008597455243,0.0007991814525940115,0.03543211378164036,False,5528,5223,1482,1792,1949
allied,Spider-man,Deadpool (Strategist),Damage,Support,0.03313030903648485,2.932852262339675e-05,0.036175032557604916,False,8928,8567,2976,2998,2593
allied,Magneto,Scarlet Witch,Tank,Damage,-0.007949342367804852,-0.0019203019564757605,-0.01798408156841163,True,18766,18147,9076,5728,3343
allied,Magneto,Thor,Tank,Tank,0.01792969817027024,-0.0004972014752250932,0.03245461273209023,False,19555,18618,5295,5996,7327
allied,Magneto,Mister Fantastic,Tank,Damage,-0.005311285403135068,7.290793648918731e-06,-0.002547178731316687,False,15149,14543,4538,5117,4888
allied,Magneto,Winter Soldier,Tank,Damage,0.006031774219051108,-0.0015478500109507686,-0.0012457825812067405,False,78923,75457,19607,24462,31388
allied,Magneto,Peni Parker,Tank,Tank,-0.010488633883579561,-0.00027922090553898104,0.0024293524978216702,False,10362,9836,2797,3137,3902
allied,Magneto,Star-lord,Tank,Damage,0.005981292479530888,-0.0010036282628348237,0.002022433042293342,False,19386,18665,5201,6006,7458
allied,Magneto,Blade,Tank,Damage,-0.0039288165523233606,2.657723921703505e-05,-0.001689629020586326,False,16998,16203,5577,5448,5178
allied,Magneto,Namor,Tank,Damage,-0.005907035226768614,-0.000777137517529312,-0.02411460595287784,False,27282,26193,8677,9019,8497
allied,Magneto,Adam Warlock,Tank,Support,0.02204036659974995,0.0011856947562833148,0.025276907717927295,False,15675,14854,3763,4450,6641
allied,Magneto,Jeff The Land Shark,Tank,Support,0.016116811055023744,0.0008720093466431034,0.00418099167835572,False,25146,24105,8117,7891,8097
allied,Magneto,Psylocke,Tank,Damage,-0.01892483251521188,0.001280865150327099,-0.023241159874717403,False,18159,17368,4552,5483,7333
allied,Magneto,Wolverine,Tank,Damage,0.03888824180988871,-0.0007205532193541506,0.04576486124696797,False,17358,16482,3446,5083,7953
allied,Magneto,Invisible Woman,Tank,Support,0.0055888671260455915,0.0030137611880233658,-0.01196435568293256,False,78693,75238,20475,24210,30553
allied,Magneto,The Thing,Tank,Tank,0.011195254913393281,-0.0006530086303816895,0.031048699573300337,False,29922,28492,6983,8931,12578
allied,Magneto,Iron Fist,Tank,Damage,0.015008888157035872,-0.002502720981128771,0.009944556363251636,False,31635,30259,7056,9813,13390
allied,Magneto,Emma Frost,Tank,Tank,-0.026515089071709227,-0.0017117878054701162,-0.012562108168288528,True,38897,36898,11406,11676,13816
allied,Magneto,Phoenix,Tank,Damage,0.004301890500494163,-0.00010399990304671379,-0.002448247081379716,False,16721,16107,5186,5443,5478
allied,Magneto,Daredevil,Tank,Damage,0.027269374017174622,0.0009813285946818188,0.028366927328746277,False,28854,27427,5916,8447,13064
allied,Magneto,Angela,Tank,Tank,-0.016707903792711875,0.002740875132359105,-0.0008285466621000309,False,11734,11060,2571,3544,4945
allied,Magneto,Gambit,Tank,Support,0.03161184545756981,0.002857120356629934,0.020038145786296053,True,65765,62728,19560,22214,20954
allied,Magneto,Elsa Bloodstone,Tank,Damage,0.01604361579870383,0.0028310695798634536,0.015892123827046842,False,29165,28041,9031,9893,9117
allied,Magneto,White Fox,Tank,Support,-0.0026268155473303015,0.0017329762651465198,-0.003132714378105349,False,35022,33698,13006,11181,9511
allied,Magneto,Black Cat,Tank,Damage,0.028650552396896022,0.0006767138991495347,0.031725201628324026,False,20759,20336,8231,7135,4970
allied,Magneto,Devil Dinosaur,Tank,Tank,-0.01665925250382853,0.0029599065912030405,-0.005482900282223252,False,14367,13595,4640,4461,4494
allied,Magneto,Cyclops,Tank,Damage,-0.021859660163752338,0.00184539181467205,-0.027228852731156758,False,39000,37395,13489,12618,11288
allied,Magneto,Jubilee,Tank,Support,0.023716297824159557,-0.002701909416532315,0.008198226988520631,False,91393,87924,29016,30100,28808
allied,Magneto,Rogue,Tank,Tank,0.028331986279707313,0.0005344593100569318,0.04380957635125766,True,16225,15160,4439,4940,5781
allied,Magneto,The Hood,Tank,Tank,-0.027025603285357244,-0.0016800446929692776,-0.024763919007320598,False,95353,92395,26463,30925,35007
allied,Magneto,Deadpool (Vanguard),Tank,Tank,-0.014549926293139753,-0.0010710836175225845,-0.005846708655596994,False,9511,9117,3155,3029,2933
allied,Magneto,Deadpool (Duelist),Tank,Damage,-0.014286819139486767,-0.002018446685059814,-0.015140301581509998,False,22349,21232,5754,7124,8354
allied,Magneto,Deadpool (Strategist),Tank,Support,-0.012141539481472887,-0.0009361354931084945,-0.023225177628359378,False,22142,21296,7367,7100,6829
allied,Scarlet Witch,Thor,Damage,Tank,0.00556928364632484,0.00024948651067214616,0.0004347114674949044,False,2971,2887,1621,848,418
allied,Scarlet Witch,Mister Fantastic,Damage,Damage,-0.005761022474971954,0.00029527636694421186,-0.006277142082415312,False,1302,1260,656,414,190
allied,Scarlet Witch,Winter Soldier,Damage,Damage,0.013639072474209863,6.672170261793107e-05,0.020546658002830724,False,5795,5614,2775,1787,1052
allied,Scarlet Witch,Peni Parker,Damage,Tank,0.008239124394083764,-0.0014667137143935935,0.004016680064640223,False,1943,1840,1076,486,278
allied,Scarlet Witch,Star-lord,Damage,Damage,-0.008319096417540847,0.0004351047995124209,-0.005547580158789025,False,1350,1320,692,400,228
allied,Scarlet Witch,Blade,Damage,Damage,0.005764339389343321,-2.9766476014717565e-05,0.007655302885961322,False,1429,1379,837,381,161
allied,Scarlet Witch,Namor,Damage,Damage,-0.0022992949586716394,-0.0005969170391663043,0.005870495282809202,False,2200,2127,1230,606,291
allied,Scarlet Witch,Adam Warlock,Damage,Support,0.010372356753394507,-0.00045972257637135383,0.02043545512775639,False,1610,1544,809,461,274
allied,Scarlet Witch,Jeff The Land Shark,Damage,Support,-0.015326198279159587,0.0006411783613887256,-0.01760743452669756,False,3374,3270,1957,852,461
allied,Scarlet Witch,Psylocke,Damage,Damage,-0.0006085810991564688,0.0006722810941256413,0.0001159742831163225,False,1118,1081,582,317,182
allied,Scarlet Witch,Wolverine,Damage,Damage,0.01356620011789528,-0.00015785443795699453,0.015544015830214163,False,971,924,425,319,180
allied,Scarlet Witch,Invisible Woman,Damage,Support,-0.011013435453838155,-0.0015773334548344325,-0.013445620763913611,False,9951,9620,4999,3001,1620
allied,Scarlet Witch,The Thing,Damage,Tank,0.01628018451832201,0.001150682007525997,0.016781349308717115,False,4509,4347,2220,1320,807
allied,Scarlet Witch,Iron Fist,Damage,Damage,0.02702941032076559,0.00033075011066613835,0.038676889113600545,False,2128,2066,976,678,412
allied,Scarlet Witch,Emma Frost,Damage,Tank,-0.0057428990657402545,-0.0011535431733383412,-0.010575342692499686,False,6594,6313,3552,1818,943
allied,Scarlet Witch,Phoenix,Damage,Damage,-0.022078144928896926,0.00014193002564685694,-0.022249915362088563,False,1042,1015,576,287,152
allied,Scarlet Witch,Daredevil,Damage,Damage,0.020887610474504742,-0.0004915971685231605,0.027202081381437065,False,1601,1542,663,519,360
allied,Scarlet Witch,Angela,Damage,Tank,0.009869049735917321,-8.229222579674933e-05,0.005122299598215245,False,1664,1594,791,500,303
allied,Scarlet Witch,Gambit,Damage,Support,-0.02431064224733778,-0.0003651198925070793,-0.029137110836879993,False,8324,7993,4080,2553,1360
allied,Scarlet Witch,Elsa Bloodstone,Damage,Damage,-0.03750093538386857,1.4946171525010904e-05,-0.038742605237750256,False,2281,2208,1162,684,362
allied,Scarlet Witch,White Fox,Damage,Support,-0.014621909419542056,-0.0008861998114594917,-0.018286444458633082,False,5133,4981,3120,1334,527
allied,Scarlet Witch,Black Cat,Damage,Damage,0.022859408750390824,-0.0005439795633836435,0.028368299233230032,False,2119,2074,1209,631,234
allied,Scarlet Witch,Devil Dinosaur,Damage,Tank,0.022696352278253222,-0.0002783608936168673,0.021392864744530102,False,2884,2783,1655,794,334
allied,Scarlet Witch,Cyclops,Damage,Damage,-0.023460314205791984,0.001486685490404363,-0.026387516541936783,False,3356,3252,1966,915,371
allied,Scarlet Witch,Jubilee,Damage,Support,0.05960611170669627,0.0009832086249027833,0.06749726543936053,True,16551,16017,8679,5017,2321
allied,Scarlet Witch,Rogue,Damage,Tank,-0.0038022659338815194,0.0002548500403745668,-0.008784008511774287,False,2156,2038,1133,620,285
allied,Scarlet Witch,The Hood,Damage,Tank,-0.034248311134348355,0.001969492453777985,-0.04033157727738253,False,18978,18557,9566,5849,3142
allied,Scarlet Witch,Deadpool (Vanguard),Damage,Tank,0.01356364722403019,-2.589218703947147e-05,0.009423873659415771,False,1764,1715,1064,472,179
allied,Scarlet Witch,Deadpool (Duelist),Damage,Damage,-0.022747070782796405,-0.00020324125788663154,-0.02444716351098412,False,1514,1459,758,419,282
allied,Scarlet Witch,Deadpool (Strategist),Damage,Support,-0.002717844131269709,0.0015606057075526149,-0.0021412798960847,False,3045,2945,1755,822,368
allied,Thor,Mister Fantastic,Tank,Damage,-0.010481608445561853,-0.0006809966375517105,-0.004922408684161179,False,3193,3063,1150,1082,831
allied,Thor,Winter Soldier,Tank,Damage,-0.0007713171264109625,0.004075276952994928,-0.005437691552538293,False,16540,15803,4828,5301,5674
allied,Thor,Peni Parker,Tank,Tank,0.005311272420480228,-0.0005841026118499462,-0.0010384975033650374,False,1608,1527,619,508,400
allied,Thor,Star-lord,Tank,Damage,0.0002516451893484391,-0.0014245661454641827,-0.0009751219664331375,False,3730,3622,1248,1182,1192
allied,Thor,Blade,Tank,Damage,0.011401085112188424,5.177679192355202e-06,0.018744456977970614,False,3609,3453,1461,1186,806
allied,Thor,Namor,Tank,Damage,0.013893115457582707,0.0007453603822054147,0.00129324612544562,False,5517,5287,2055,1894,1338
allied,Thor,Adam Warlock,Tank,Support,0.012384211162252337,-0.0016764331218044983,0.028766793149122834,False,3187,3002,936,995,1071
allied,Thor,Jeff The Land Shark,Tank,Support,-0.00665092701234112,-0.0007854797017960489,-0.007547924157258936,False,5722,5487,2327,1799,1361
allied,Thor,Psylocke,Tank,Damage,-0.003378092005428792,-0.0012618221620936323,-0.0025658108752404695,False,3363,3216,1066,1037,1113
allied,Thor,Wolverine,Tank,Damage,0.012907320687509551,0.0005614884695840015,0.020234982331539104,False,2974,2837,795,956,1086
allied,Thor,Invisible Woman,Tank,Support,0.010016712805463646,-0.00040668452496804845,0.007873031044682958,False,17741,16948,5685,5718,5545
allied,Thor,The Thing,Tank,Tank,-0.029884248364824565,-0.0002018557498503426,-0.038722367514920066,False,4447,4216,1419,1384,1413
allied,Thor,Iron Fist,Tank,Damage,-0.011186988533129372,0.0006379057464787074,-0.015824490148202957,False,6384,6104,1834,2131,2139
allied,Thor,Emma Frost,Tank,Tank,-0.005775588069869991,0.002185045115943078,-0.010271969083898014,False,6602,6234,2441,2086,1707
allied,Thor,Phoenix,Tank,Damage,0.001234318464419772,-0.0014085387260128388,-0.0024838777002332193,False,2970,2856,1081,977,798
allied,Thor,Daredevil,Tank,Damage,-0.000994935326322147,0.0006020854283741123,0.00029646536509589534,False,5841,5573,1463,1827,2283
allied,Thor,Angela,Tank,Tank,-0.011439310612380177,0.0009724719125270301,-0.016572542730591083,True,2822,2685,891,930,864
allied,Thor,Gambit,Tank,Support,-0.017620514269263702,0.0010296077120960367,-0.02240863447548757,False,14430,13652,4333,4695,4624
allied,Thor,Elsa Bloodstone,Tank,Damage,-0.011788609778370231,-0.0006475026756731137,-0.01169758559429256,False,6403,6128,2180,2115,1833
allied,Thor,White Fox,Tank,Support,-0.018672066463020172,0.0012051181044325945,-0.007058743341240101,False,8577,8300,3758,2738,1804
allied,Thor,Black Cat,Tank,Damage,-0.03556166408584418,-0.0013592036956437516,-0.03634224492706699,False,5082,4969,2176,1683,1110
allied,Thor,Devil Dinosaur,Tank,Tank,0.0026121710585941295,-0.0005319257891597974,-0.004904070402359753,False,2686,2557,1114,860,583
allied,Thor,Cyclops,Tank,Damage,-0.015297275438827352,0.0008092409122382102,-0.01654983365714007,False,7969,7657,3304,2587,1766
allied,Thor,Jubilee,Tank,Support,-0.007590750865909665,0.0020819214960179923,-0.01344238867701873,False,21364,20618,8199,7199,5220
allied,Thor,Rogue,Tank,Tank,-0.009340343113195756,-0.00016767048765199886,-0.02198981466946564,False,1747,1646,576,564,506
allied,Thor,The Hood,Tank,Tank,0.023225844662074734,0.0006058345979395501,0.011927720362760868,False,18949,18421,6360,6358,5703
allied,Thor,Deadpool (Vanguard),Tank,Tank,0.0031175003330718245,0.0002463764091672387,-0.00713762668362452,False,1521,1471,670,485,316
allied,Thor,Deadpool (Duelist),Tank,Damage,-0.021112275170513006,-0.0004302336780256308,-0.019357094337603884,False,4570,4323,1447,1475,1401
allied,Thor,Deadpool (Strategist),Tank,Support,-0.0026442419918740506,-0.0010775224819401866,0.0024963942360731193,False,5384,5194,2096,1797,1301
allied,Mister Fantastic,Winter Soldier,Damage,Damage,-0.005298815688238931,0.0014889535939868195,-0.007619191382678755,False,5663,5432,1718,1978,1736
allied,Mister Fantastic,Peni Parker,Damage,Tank,-0.009021729731557725,0.0005222418601678455,-0.0026866890531441353,False,1816,1739,690,601,448
allied,Mister Fantastic,Star-lord,Damage,Damage,-0.01627055613321826,0.0002207963835766569,-0.021812930250755747,False,1312,1260,461,450,349
allied,Mister Fantastic,Blade,Damage,Damage,-0.005606749477780956,-4.381782919914411e-05,-0.012314189502852636,False,1250,1185,506,414,265
allied,Mister Fantastic,Namor,Damage,Damage,0.0056294370475341885,0.0006250510114842153,0.006806568863986412,False,1855,1791,752,626,413
allied,Mister Fantastic,Adam Warlock,Damage,Support,0.01201604167941609,0.00017897519956624623,0.02302846611169188,False,1529,1454,461,503,490
allied,Mister Fantastic,Jeff The Land Shark,Damage,Support,0.0003749181766912034,0.0009607333347148476,0.0008001869282957884,False,2709,2614,1115,866,633
allied,Mister Fantastic,Psylocke,Damage,Damage,0.009554972324252675,0.00011086975675489715,0.003472806423408164,False,973,932,301,321,310
allied,Mister Fantastic,Wolverine,Damage,Damage,0.00753572906917555,-0.0006095086759475536,0.0013594806622960072,False,946,899,284,318,297
allied,Mister Fantastic,Invisible Woman,Damage,Support,-0.006015099061791735,0.0005619197400399732,-0.0070786268807001805,True,9509,9144,3280,3118,2746
allied,Mister Fantastic,The Thing,Damage,Tank,-0.00493246593477742,-0.0014741030047084188,0.005681063947469944,True,5238,5027,1757,1723,1547
allied,Mister Fantastic,Iron Fist,Damage,Damage,0.015885705634591754,-0.000745489964746163,0.018953699269592103,False,2091,2016,635,708,673
allied,Mister Fantastic,Emma Frost,Damage,Tank,0.003079435088035505,8.703389308700121e-06,0.011742418006100534,False,6596,6296,2455,2245,1596
allied,Mister Fantastic,Phoenix,Damage,Damage,-0.005839383186855972,-1.2613987608020737e-05,-0.012312417571054744,False,893,857,345,314,198
allied,Mister Fantastic,Daredevil,Damage,Damage,0.003633589983354664,0.0007260649075716842,0.0008601974574783573,False,1670,1605,450,531,624
allied,Mister Fantastic,Angela,Damage,Tank,0.009744402576889402,-0.0009599476932367363,0.01748531460537181,False,1718,1659,511,601,547
allied,Mister Fantastic,Gambit,Damage,Support,0.021276746111918692,-0.0006888077235519797,0.022892566509444746,False,7373,7052,2370,2539,2143
allied,Mister Fantastic,Elsa Bloodstone,Damage,Damage,0.004557398198791363,-4.0278958459567975e-06,-0.0008373472289579635,False,2063,1993,679,766,548
allied,Mister Fantastic,White Fox,Damage,Support,0.002103834164691484,0.0012897610438687129,0.0012738825157908589,False,4002,3881,1783,1361,737
allied,Mister Fantastic,Black Cat,Damage,Damage,0.0022297324480089926,0.0004921639681889016,-0.0016300950654549117,False,1792,1747,784,593,370
allied,Mister Fantastic,Devil Dinosaur,Damage,Tank,-0.020981406159776103,-0.0006509543915252002,-0.01470293911643303,False,2845,2729,1165,930,634
allied,Mister Fantastic,Cyclops,Damage,Damage,-0.0029045818682636158,-0.00019945569509414096,-0.011773876201871003,False,2834,2742,1197,933,612
allied,Mister Fantastic,Jubilee,Damage,Support,0.0041091231109966694,-0.001433736284544553,0.0058070187113596974,False,11793,11380,4523,4048,2809
allied,Mister Fantastic,Rogue,Damage,Tank,0.04376567331487652,-0.00072289896908874,0.05664356005349578,False,2026,1897,679,683,535
allied,Mister Fantastic,The Hood,Damage,Tank,-0.03865673575060057,0.0033658215801866185,-0.032734853122357396,False,15455,15034,5423,5340,4271
allied,Mister Fantastic,Deadpool (Vanguard),Damage,Tank,-0.022519284142944872,0.0005405028423547011,-0.018221641839522698,False,1621,1565,714,539,312
allied,Mister Fantastic,Deadpool (Duelist),Damage,Damage,0.02182156590774865,0.0010599229249701133,0.016177254824269342,False,1394,1339,445,481,413
allied,Mister Fantastic,Deadpool (Strategist),Damage,Support,-0.006588902451573998,-0.00013157371662658523,-0.005752355064265816,False,2509,2420,1038,824,558
allied,Winter Soldier,Peni Parker,Damage,Tank,0.002182247891970591,-0.0016121558105402073,-0.0015400407312112009,False,9544,9067,2925,2965,3177
allied,Winter Soldier,Star-lord,Damage,Damage,-0.014911338126178935,-0.0029562454742358695,-0.014531008069238455,False,7211,6939,1999,2291,2649
allied,Winter Soldier,Blade,Damage,Damage,-0.007565992907646207,0.0016514714671089549,-0.008626824749790388,False,6080,5794,2062,1975,1757
allied,Winter Soldier,Namor,Damage,Damage,-0.014531015014481674,-0.0010718016687663355,-0.009221615573296878,False,9742,9350,3131,3354,2865
allied,Winter Soldier,Adam Warlock,Damage,Support,-0.024966435627896896,0.0018284729343858925,-0.017008807475500955,False,8384,7980,2166,2430,3384
allied,Winter Soldier,Jeff The Land Shark,Damage,Support,-0.010295037077297073,-0.0039054230818222103,-0.00963549934890675,False,14598,14031,4984,4586,4461
allied,Winter Soldier,Psylocke,Damage,Damage,0.008331406836938657,-0.0009299401188540857,0.007957057523841909,False,6149,5857,1607,1869,2381
allied,Winter Soldier,Wolverine,Damage,Damage,-0.0021486517862759685,-0.0022527213282378805,-0.003321023444036787,False,6318,5984,1271,1821,2892
allied,Winter Soldier,Invisible Woman,Damage,Support,0.03420664827056584,8.607931816875005e-05,0.03973885225173636,False,50703,48503,13314,15890,19299
allied,Winter Soldier,The Thing,Damage,Tank,0.015877400759507693,-0.0011096296510969843,0.017515583350876784,False,25619,24473,6669,8037,9767
allied,Winter Soldier,Iron Fist,Damage,Damage,-0.011438978309244098,-0.001355815295640185,-0.004834781142078605,False,11478,11058,2720,3629,4709
allied,Winter Soldier,Emma Frost,Damage,Tank,0.00010387953997536581,-0.0005430370867333115,-0.0028876120634317107,False,36753,34913,11320,11587,12006
allied,Winter Soldier,Phoenix,Damage,Damage,-0.03280694757814227,-0.001365936822412638,-0.03571406608340378,False,4788,4625,1521,1583,1521
allied,Winter Soldier,Daredevil,Damage,Damage,0.011987039140022351,0.0020296844753162897,0.01571827082027309,False,9832,9304,1956,2906,4442
allied,Winter Soldier,Angela,Damage,Tank,-0.017208428867687156,-0.0009770556429217051,-0.02382272848088887,False,10109,9590,2504,3205,3881
allied,Winter Soldier,Gambit,Damage,Support,-0.009832918845786603,0.0020662847715241825,-0.010537793184439438,False,38277,36469,10713,12650,13106
allied,Winter Soldier,Elsa Bloodstone,Damage,Damage,0.05804905315685352,-0.0024384943345585044,0.06291443065790725,True,17513,16804,5460,5844,5500
allied,Winter Soldier,White Fox,Damage,Support,-0.011174251347196011,0.0026252855594057455,-0.0120959503015483,False,20155,19439,7883,6538,5018
allied,Winter Soldier,Black Cat,Damage,Damage,0.02089877106161136,0.003544592069439127,0.024401824797091465,False,8153,7960,3108,2812,2040
allied,Winter Soldier,Devil Dinosaur,Damage,Tank,-0.02010936974196719,-0.00014852747735851084,-0.025051994608556026,False,14861,14176,5282,4750,4144
allied,Winter Soldier,Cyclops,Damage,Damage,-0.010741334498559048,-0.0001065232006160914,-0.014453029414714724,False,13901,13358,4901,4545,3912
allied,Winter Soldier,Jubilee,Damage,Support,-0.000868798561812554,-0.0016377689491902752,0.0017748702129835937,False,58866,56633,18973,19743,17917
allied,Winter Soldier,Rogue,Damage,Tank,0.01885689496469258,8.258467333923392e-05,0.017609806811270837,False,11229,10566,3221,3570,3775
allied,Winter Soldier,The Hood,Damage,Tank,0.014869045584715643,-0.00035634124669956457,0.015500615263515365,False,75954,73584,21978,24913,26693
allied,Winter Soldier,Deadpool (Vanguard),Damage,Tank,0.00949276628095612,-0.0007087175648439781,0.006076845724583127,False,9065,8762,3313,3035,2414
allied,Winter Soldier,Deadpool (Duelist),Damage,Damage,0.013814484654077077,0.0010300585759247778,0.013313601646584586,False,8020,7622,2147,2505,2970
allied,Winter Soldier,Deadpool (Strategist),Damage,Support,-0.0016022967265638477,-0.0013719410293984685,0.0014255897599048748,False,13108,12640,4407,4356,3877
allied,Peni Parker,Star-lord,Tank,Damage,-0.02025402163163729,-0.0001518035975274225,-0.023179088988358104,False,2094,2008,752,676,580
allied,Peni Parker,Blade,Tank,Damage,-0.0033894757977370347,0.00044809646508183333,0.0028993303241209452,False,2003,1899,805,630,464
allied,Peni Parker,Namor,Tank,Damage,-0.005032708816979593,0.000501432751238807,-0.01915292905224449,False,3482,3327,1356,1155,816
allied,Peni Parker,Adam Warlock,Tank,Support,0.015185248262479745,-2.7680261362554787e-05,0.027573392750365633,False,1751,1647,582,507,558
allied,Peni Parker,Jeff The Land Shark,Tank,Support,-0.020832594014421023,-0.0008368835078300577,-0.02845339181762284,False,2826,2717,1194,860,663
allied,Peni Parker,Psylocke,Tank,Damage,-0.026133282232785292,-0.0006860609302461441,-0.02727268168722083,False,1862,1785,617,601,567
allied,Peni Parker,Wolverine,Tank,Damage,-0.004256692776077533,-0.00014692795370855756,0.0017490636880384508,False,1755,1656,469,537,650
allied,Peni Parker,Invisible Woman,Tank,Support,0.015515052602910487,0.00012091117555637724,0.009810428419484022,False,9100,8644,2981,2764,2899
allied,Peni Parker,The Thing,Tank,Tank,-0.012108236712605358,-7.3259824608279156e-06,-0.014899783310753152,False,2414,2272,797,749,726
allied,Peni Parker,Iron Fist,Tank,Damage,0.02671666613961209,-0.0003254044993188872,0.026959936250090518,False,3274,3129,972,1035,1122
allied,Peni Parker,Emma Frost,Tank,Tank,0.017930264027788433,0.0009903484727204002,0.02046291433773355,False,3999,3785,1540,1247,998
allied,Peni Parker,Phoenix,Tank,Damage,-0.014430176425683536,0.0002418991309812357,-0.01930137595290714,False,1880,1812,767,587,458
allied,Peni Parker,Daredevil,Tank,Damage,0.015680187274941144,-0.00042134915369130914,0.019461233826717227,False,2735,2584,729,871,984
allied,Peni Parker,Angela,Tank,Tank,-0.007684237004521031,0.0006433265293169936,-0.009093892223104244,False,970,927,309,316,302
allied,Peni Parker,Gambit,Tank,Support,-0.03516454043113865,-0.0015080735034235164,-0.04721684044632787,False,7255,6877,2388,2315,2174
allied,Peni Parker,Elsa Bloodstone,Tank,Damage,-0.004613306108775697,0.0009130144127958452,-0.00310267061433564,False,3624,3451,1347,1105,999
allied,Peni Parker,White Fox,Tank,Support,-0.002381164847171359,-0.0004780610662733951,0.007405734715634682,False,4131,3956,1950,1203,803
allied,Peni Parker,Black Cat,Tank,Damage,0.012274250243553398,7.645943263866518e-05,0.017493184660637828,False,2670,2606,1202,838,566
allied,Peni Parker,Devil Dinosaur,Tank,Tank,0.02132517931167251,-0.0006069870999257996,0.020010752443045367,False,1609,1512,669,499,344
allied,Peni Parker,Cyclops,Tank,Damage,-0.024198930447170048,-0.0003552515540894835,-0.025842743579833096,False,5022,4815,2130,1597,1088
allied,Peni Parker,Jubilee,Tank,Support,-0.0069152745251971496,0.00228825604024847,-0.017102957814498578,False,11395,10904,4657,3655,2592
allied,Peni Parker,Rogue,Tank,Tank,-0.002438107786083495,-3.3991803332465075e-06,-0.010842579199299129,False,991,920,368,296,256
allied,Peni Parker,The Hood,Tank,Tank,0.028156937589614923,-0.0014560414444545096,0.020777233627509047,False,10727,10373,3864,3445,3064
allied,Peni Parker,Deadpool (Vanguard),Tank,Tank,0.00837774925107028,-0.00022985113929937454,0.0020955772918945354,False,843,803,413,227,163
allied,Peni Parker,Deadpool (Duelist),Tank,Damage,-0.041012293196307836,0.00013924750749199168,-0.04088719388136316,False,2360,2252,814,750,688
allied,Peni Parker,Deadpool (Strategist),Tank,Support,-0.005797643898107427,-0.0017901062573336553,-0.0056084085808974955,False,2533,2421,1071,768,582
allied,Star-lord,Blade,Damage,Damage,-0.006151314064024473,-0.0009676545220880976,-0.009403594244454706,False,1364,1310,553,422,335
allied,Star-lord,Namor,Damage,Damage,-0.011780431967887911,2.3198872459381627e-05,-0.008551333635301896,False,2103,2032,775,694,563
allied,Star-lord,Adam Warlock,Damage,Support,0.015065637218117397,0.00036145942053167834,0.028774527424461925,True,2085,2006,655,654,697
allied,Star-lord,Jeff The Land Shark,Damage,Support,0.011427114848188808,-6.39490682247823e-05,0.015549174515461669,False,3069,2968,1209,964,795
allied,Star-lord,Psylocke,Damage,Damage,0.01747623063963842,4.4866809837146616e-05,0.015553581048850915,False,1215,1168,362,390,416
allied,Star-lord,Wolverine,Damage,Damage,0.01874707283984462,-7.079987447897206e-05,0.017004075852901656,False,1206,1156,279,391,486
allied,Star-lord,Invisible Woman,Damage,Support,-0.05162525134877038,0.0014241529199762928,-0.05607478187182008,False,10260,9848,3197,3255,3396
allied,Star-lord,The Thing,Damage,Tank,0.003416899182841983,-0.0002158107288921662,0.006975947232497955,False,6028,5789,1788,1888,2113
allied,Star-lord,Iron Fist,Damage,Damage,0.008713617769207519,0.0008271249625909551,0.014685361312024806,False,2568,2471,677,839,955
allied,Star-lord,Emma Frost,Damage,Tank,-0.036668140219699295,0.0006523860569022051,-0.0404771516546639,False,8775,8389,2976,2748,2665
allied,Star-lord,Phoenix,Damage,Damage,-0.005990209928269328,0.00022063979967891864,-0.008975325479136782,False,986,957,378,314,265
allied,Star-lord,Daredevil,Damage,Damage,0.019266058264046204,0.00012471756936557985,0.021293754717340345,False,2109,2043,540,645,858
allied,Star-lord,Angela,Damage,Tank,0.01504965642052261,0.00014832707831782696,0.015393205950937162,True,2916,2782,888,945,949
allied,Star-lord,Gambit,Damage,Support,0.00753306258314877,0.000488992501623216,0.00974618887130966,False,9157,8753,2638,2959,3156
allied,Star-lord,Elsa Bloodstone,Damage,Damage,-0.003527290356200128,0.0008216747433984978,-0.006094214253507836,False,2484,2393,796,797,800
allied,Star-lord,White Fox,Damage,Support,-0.028776932394000424,-0.0012827606369232045,-0.031151713531006462,False,4164,4044,1830,1318,896
allied,Star-lord,Black Cat,Damage,Damage,0.009995402421014233,0.0006539288601431183,0.010282146267521273,False,1980,1946,835,657,454
allied,Star-lord,Devil Dinosaur,Damage,Tank,0.019293058142167634,0.0008188330306783551,0.022113002326977823,False,3344,3212,1318,1087,807
allied,Star-lord,Cyclops,Damage,Damage,0.009258279374761381,0.002209791281201774,0.004901402714790585,False,3244,3142,1366,999,777
allied,Star-lord,Jubilee,Damage,Support,-0.0303547573381089,-0.0003981295708329252,-0.030649580462152996,False,13230,12841,4958,4349,3534
allied,Star-lord,Rogue,Damage,Tank,0.013053665040442712,0.0007484367425854806,0.014477299866596453,False,2734,2592,880,885,827
allied,Star-lord,The Hood,Damage,Tank,-0.012427864072804449,0.00021431256604916832,-0.011546562812956936,False,19422,18875,6159,6404,6312
allied,Star-lord,Deadpool (Vanguard),Damage,Tank,-0.021477269540426284,0.0002481102691989499,-0.02505718975948323,False,2055,1990,858,634,498
allied,Star-lord,Deadpool (Duelist),Damage,Damage,0.012763916348629792,-0.0005486577952934593,0.009866476440048703,False,1797,1719,520,613,586
allied,Star-lord,Deadpool (Strategist),Damage,Support,-0.020415832813877297,0.0005213164544234678,-0.018992385390125953,False,2666,2584,1039,871,674
allied,Blade,Namor,Damage,Damage,-0.023160019772640712,0.0007148781452338367,-0.022929997766676712,False,1995,1917,869,651,397
allied,Blade,Adam Warlock,Damage,Support,-0.0008433632802663615,-0.000933626407933829,0.006454724207622623,False,1770,1686,635,560,491
allied,Blade,Jeff The Land Shark,Damage,Support,-0.017858358945804374,0.0013099786988484657,-0.021819161158938234,False,3492,3363,1594,1036,733
allied,Blade,Psylocke,Damage,Damage,-0.005056853803211224,-2.3067602866924396e-05,-0.010906550640910402,False,1145,1106,442,362,302
allied,Blade,Wolverine,Damage,Damage,-0.013941820832761756,0.0003013798265050432,-0.020456828394532157,False,961,914,308,303,303
allied,Blade,Invisible Woman,Damage,Support,0.011119198190997956,-0.0017628708953636302,0.010090546204261723,False,10375,9929,3823,3366,2740
allied,Blade,The Thing,Damage,Tank,-0.02461759682916042,9.173119957238991e-05,-0.01690198495939271,False,5334,5060,1914,1737,1409
allied,Blade,Iron Fist,Damage,Damage,-0.025093111900520656,0.00010921927271040752,-0.023986382887491334,False,2418,2333,782,841,710
allied,Blade,Emma Frost,Damage,Tank,-0.0250959353442055,-0.000843869587234585,-0.02028718862832391,False,7458,7128,3054,2336,1738
allied,Blade,Phoenix,Damage,Damage,-0.0030152398653722234,0.00013079553536088378,-0.00780513252827322,False,965,935,441,308,186
allied,Blade,Daredevil,Damage,Damage,-0.0004370643229394195,0.0008154038891576274,-0.0021009622901490646,False,1933,1838,565,639,634
allied,Blade,Angela,Damage,Tank,-0.009972274916021186,8.293533909178597e-05,-0.005132834225676757,False,1954,1856,703,598,555
allied,Blade,Gambit,Damage,Support,-0.006396174374716132,-4.9755520190961345e-05,-0.01034638036244593,False,9038,8565,3181,2996,2388
allied,Blade,Elsa Bloodstone,Damage,Damage,-0.006124184170785872,0.0003804663228171988,-0.010959464254733696,False,2277,2192,920,713,559
allied,Blade,White Fox,Damage,Support,0.0024038018886520796,0.0004996596675897228,-0.0004955651191799696,False,4874,4697,2408,1426,863
allied,Blade,Black Cat,Damage,Damage,-0.021200616724811883,4.0319541241827274e-05,-0.025561676292504158,False,1798,1750,820,584,346
allied,Blade,Devil Dinosaur,Damage,Tank,-0.008668197274358386,-0.0017620934191320255,-0.0016834396419240052,False,3299,3162,1553,989,620
allied,Blade,Cyclops,Damage,Damage,0.017205155258351267,0.0002819125013682287,0.011457164050628568,False,3093,2978,1431,960,587
allied,Blade,Jubilee,Damage,Support,-0.016310041873563788,-0.0025831059101059602,-0.019271453220697315,True,14736,14149,6154,4856,3139
allied,Blade,Rogue,Damage,Tank,0.006909499445805638,0.0008581910544700887,0.014955367177543585,False,2388,2212,873,768,571
allied,Blade,The Hood,Damage,Tank,-0.0024347779408384397,0.00016668622570840318,0.006886413699293078,False,18100,17551,6897,6019,4635
allied,Blade,Deadpool (Vanguard),Damage,Tank,0.0095959728065878,0.0007026950088912518,0.01683035616786148,False,2003,1939,922,629,388
allied,Blade,Deadpool (Duelist),Damage,Damage,-0.0028154554056783543,0.00010102857568093171,-0.009061393665484464,False,1683,1605,640,515,450
allied,Blade,Deadpool (Strategist),Damage,Support,0.007095064396263838,0.0006190131377636397,0.00753519631512525,False,3152,3049,1353,1027,669
allied,Namor,Adam Warlock,Damage,Support,-0.013448625568613235,-0.00018363972014601068,0.0019466802183853579,False,2653,2538,942,850,746
allied,Namor,Jeff The Land Shark,Damage,Support,-0.016903472778967556,0.00017374610288734292,-0.011072038136093846,False,5229,5034,2354,1619,1061
allied,Namor,Psylocke,Damage,Damage,0.01894612428514209,-0.0007671606941042618,0.022043196347011594,False,1700,1644,605,541,498
allied,Namor,Wolverine,Damage,Damage,-0.009706990136396722,1.2585185501319145e-05,-0.008919938661611865,False,1725,1646,532,554,560
allied,Namor,Invisible Woman,Damage,Support,0.030988392293402337,0.0006221909565229762,0.04211626565461962,False,16628,15997,5880,5610,4507
allied,Namor,The Thing,Damage,Tank,0.0072665146096335806,-0.0023505805015243365,-0.0016504682217339506,False,8351,8009,2900,2737,2372
allied,Namor,Iron Fist,Damage,Damage,-0.02949656280980513,-0.001688874644632818,-0.021806479789810592,False,3248,3117,999,1111,1007
allied,Namor,Emma Frost,Damage,Tank,0.024382425885526825,0.001879895444782919,0.014540347794307438,False,12566,12053,5015,4082,2956
allied,Namor,Phoenix,Damage,Damage,-0.006474981967990054,5.7476874396769864e-05,-0.004603004051211168,False,1405,1364,592,488,284
allied,Namor,Daredevil,Damage,Damage,0.015451226603280677,0.0016317821994634024,0.02205895556375023,False,2630,2499,771,859,869
allied,Namor,Angela,Damage,Tank,0.0016472229203555319,-0.0003781225112092665,-0.012428483721476789,False,3240,3100,1106,1087,907
allied,Namor,Gambit,Damage,Support,-0.048926448177248255,-0.0006220883427927087,-0.0485200623051416,False,14139,13436,4762,4767,3907
allied,Namor,Elsa Bloodstone,Damage,Damage,-0.021385032384849654,-0.0006558476153124645,-0.020540293917589898,False,3359,3235,1352,1112,771
allied,Namor,White Fox,Damage,Support,0.006733791645102947,-0.0006728423230126275,0.014048549441980225,False,7556,7274,3475,2439,1360
allied,Namor,Black Cat,Damage,Damage,0.016673076885478037,-0.000514953265615933,0.02241282974877957,False,2726,2661,1227,884,550
allied,Namor,Devil Dinosaur,Damage,Tank,0.005487160537784364,-0.0004202384961323363,-0.006157596582270072,False,5131,4902,2177,1658,1067
allied,Namor,Cyclops,Damage,Damage,0.008951870378572677,0.00011567858295846622,0.009466926991470084,False,4679,4499,2099,1476,924
allied,Namor,Jubilee,Damage,Support,-0.015583387684957754,-0.002036994824675319,-0.008781091173362562,False,21499,20753,8579,7389,4785
allied,Namor,Rogue,Damage,Tank,0.0022613870967197647,6.601314676012464e-06,-0.010440233211422241,False,3707,3484,1386,1168,930
allied,Namor,The Hood,Damage,Tank,0.013340120235585935,-0.0036999787110860876,0.004214217878546071,False,27178,26374,9790,9385,7199
allied,Namor,Deadpool (Vanguard),Damage,Tank,0.030617167628720715,-0.00014128987737665566,0.01999538601060887,False,3154,3049,1488,988,573
allied,Namor,Deadpool (Duelist),Damage,Damage,-0.012204162701468966,0.0010454907815810718,-0.012281520285667164,False,2370,2249,875,782,592
allied,Namor,Deadpool (Strategist),Damage,Support,0.00030160076787133164,8.467023984328494e-05,0.009565425818336649,False,4546,4390,1953,1485,952
allied,Adam Warlock,Jeff The Land Shark,Support,Support,-0.005271753127486914,-0.0018861444709489966,-0.03844140162698203,False,1913,1843,612,608,623
allied,Adam Warlock,Psylocke,Support,Damage,-0.031982145259347755,-0.000588458968829583,-0.02162453381372334,False,1652,1576,468,488,620
allied,Adam Warlock,Wolverine,Support,Damage,0.006471395796164046,9.646476562170371e-05,0.016026418881356107,False,1510,1436,327,435,674
allied,Adam Warlock,Invisible Woman,Support,Support,0.0318384847703638,0.0015080748821410066,0.01325899212040043,False,5285,4980,1422,1476,2082
allied,Adam Warlock,The Thing,Support,Tank,0.00026926012560268847,-0.0002380083838004407,-0.001374651916127075,False,4758,4502,1259,1369,1874
allied,Adam Warlock,Iron Fist,Support,Damage,-0.02611317681884395,0.0004273310511310205,-0.026964557831380295,False,3092,2949,752,954,1243
allied,Adam Warlock,Emma Frost,Support,Tank,-0.01271400011437382,0.0003570781924660278,-0.01061250886037942,False,6221,5877,1915,1963,1999
allied,Adam Warlock,Phoenix,Support,Damage,-0.033802146233624555,-0.0004204737670460749,-0.019563096191500155,False,1602,1538,533,493,512
allied,Adam Warlock,Daredevil,Support,Damage,-0.02039412757636816,-0.0005274894268967042,-0.01644886436116001,False,2875,2724,630,837,1257
allied,Adam Warlock,Angela,Support,Tank,-0.005928325055364271,0.00031051622570347945,0.0005847989537549181,False,1828,1715,481,525,709
allied,Adam Warlock,Gambit,Support,Support,0.015706167115189688,0.0015238931973523431,-0.006680679069155665,False,4395,4141,1104,1317,1720
allied,Adam Warlock,Elsa Bloodstone,Support,Damage,-0.0430781803437077,0.0012527539077876492,-0.036581308381432136,False,3122,2973,909,943,1121
allied,Adam Warlock,White Fox,Support,Support,0.004502234923732668,-0.00020039282705368514,-0.042987019924974626,False,1813,1735,753,580,402
allied,Adam Warlock,Black Cat,Support,Damage,-0.029945051348265757,0.0009413901312015036,-0.02737638862331038,False,2116,2056,805,680,571
allied,Adam Warlock,Devil Dinosaur,Support,Tank,-0.01879809264801539,-0.00044132770787291614,-0.013944146275225403,False,2415,2276,909,776,591
allied,Adam Warlock,Cyclops,Support,Damage,-0.04375150076799714,-0.0017603501455297254,-0.03051578486816228,False,3946,3762,1509,1257,996
allied,Adam Warlock,Jubilee,Support,Support,0.0394966320681311,-0.00011620328745639922,0.01979822363635407,False,6513,6250,2211,2093,1946
allied,Adam Warlock,Rogue,Support,Tank,-0.00388209334189282,0.0003638833597680471,0.0080433944591342,False,1705,1586,502,517,567
allied,Adam Warlock,The Hood,Support,Tank,-0.028210973740696837,0.0017607189435971888,-0.021170828052725542,False,14717,14169,4216,4567,5386
allied,Adam Warlock,Deadpool (Vanguard),Support,Tank,-0.02122991013492586,0.00016753336308254088,-0.010010910104513498,False,1489,1432,558,485,389
allied,Adam Warlock,Deadpool (Duelist),Support,Damage,-0.03655706762871296,-0.0011054516080798802,-0.02903450544102295,False,1848,1747,530,581,636
allied,Adam Warlock,Deadpool (Strategist),Support,Support,-0.00642457637755844,-0.00043295406503203124,-0.05061668444674189,False,1244,1187,464,369,354
allied,Jeff The Land Shark,Psylocke,Support,Damage,0.016005698375521217,-0.002527660289334788,0.02322977503267366,False,3155,3026,1122,982,922
allied,Jeff The Land Shark,Wolverine,Support,Damage,0.007000481584598835,-0.0004872548132528074,0.00748962515051465,False,2568,2459,833,800,826
allied,Jeff The Land Shark,Invisible Woman,Support,Support,0.02626414462462613,0.0013160792438557545,0.0498699838398847,False,9376,9018,3385,2941,2692
allied,Jeff The Land Shark,The Thing,Support,Tank,0.013137753209987921,0.0013877870576514241,-0.0006583686540514381,False,8412,8047,2972,2635,2440
allied,Jeff The Land Shark,Iron Fist,Support,Damage,0.020683180866426672,-0.0010402647549189869,0.01654932932171856,False,5680,5447,1883,1739,1825
allied,Jeff The Land Shark,Emma Frost,Support,Tank,0.02239547409097458,-0.0016321959139552337,0.015919198917099895,False,11093,10628,4685,3340,2603
allied,Jeff The Land Shark,Phoenix,Support,Damage,-0.031155106740426285,-0.0009289935873172296,-0.025717192004482695,False,3256,3150,1406,1017,727
allied,Jeff The Land Shark,Daredevil,Support,Damage,-0.00037260123745297375,0.0012071287079888319,-0.003056662472711019,False,5145,4915,1496,1587,1832
allied,Jeff The Land Shark,Angela,Support,Tank,-0.0067097805479378525,0.001694558043242658,-0.014542608096710928,False,3305,3139,1132,1079,928
allied,Jeff The Land Shark,Gambit,Support,Support,-0.02001322748460683,0.0003495288590964326,-0.006193926158254304,False,7511,7175,2663,2363,2149
allied,Jeff The Land Shark,Elsa Bloodstone,Support,Damage,-0.03319853907566662,-0.0005233754893800181,-0.034598727197716506,False,6061,5832,2344,1902,1586
allied,Jeff The Land Shark,White Fox,Support,Support,0.022389666396414938,-0.001109221636433376,0.021739317948814525,False,3555,3428,1786,1005,637
allied,Jeff The Land Shark,Black Cat,Support,Damage,-0.014503156938149325,-0.0019486659961048666,-0.01913627265475999,False,4732,4635,2279,1460,896
allied,Jeff The Land Shark,Devil Dinosaur,Support,Tank,0.025526820133645205,0.0003672477597240944,0.023284052706901995,True,6934,6651,2929,2112,1610
allied,Jeff The Land Shark,Cyclops,Support,Damage,0.0017948295179255962,0.0014538889486442287,0.011591821460670206,False,7609,7334,3540,2343,1451
allied,Jeff The Land Shark,Jubilee,Support,Support,0.0020717024377934073,0.00010186557007026283,0.01824115357677219,False,12224,11793,5311,3829,2653
allied,Jeff The Land Shark,Rogue,Support,Tank,-0.03010831518175911,6.941718649798791e-05,-0.036618116387296396,False,3093,2914,1196,934,784
allied,Jeff The Land Shark,The Hood,Support,Tank,-0.0020623468201032276,0.00035938649361120357,-0.005040103730765185,False,26048,25316,9918,8397,7001
allied,Jeff The Land Shark,Deadpool (Vanguard),Support,Tank,0.009169077058651453,-0.0011383073813509145,0.011053268105731519,False,3864,3735,1833,1188,714
allied,Jeff The Land Shark,Deadpool (Duelist),Support,Damage,0.03648475843792515,0.0018458750113758418,0.04400553364111433,False,4670,4462,1744,1485,1233
allied,Jeff The Land Shark,Deadpool (Strategist),Support,Support,0.04349584606340368,-0.00015155285479764903,0.052496295496473534,False,3096,2990,1362,943,685
allied,Psylocke,Wolverine,Damage,Damage,0.008852074578879073,0.0009530521406255035,0.0035973379856551633,False,1083,1037,232,337,468
allied,Psylocke,Invisible Woman,Damage,Support,-0.010062592340243539,-0.002550193952502902,-0.006787096438264353,False,10072,9634,2944,3068,3622
allied,Psylocke,The Thing,Damage,Tank,-0.0026676108136479784,-0.0001859208110833374,0.002653986387719041,False,5265,5025,1491,1633,1901
allied,Psylocke,Iron Fist,Damage,Damage,-0.0006869061936300915,0.0001404007193469307,0.001814238004510498,False,2280,2191,579,739,873
allied,Psylocke,Emma Frost,Damage,Tank,-0.01153146868969382,0.002482595329409737,-0.010061259427380589,True,8941,8548,3021,2782,2745
allied,Psylocke,Phoenix,Damage,Damage,-0.014195439156100696,0.00021212008299861538,-0.020551705529692328,False,909,884,312,319,253
allied,Psylocke,Daredevil,Damage,Damage,-0.021027991729419476,6.900840188797661e-06,-0.025041235986550288,False,2041,1956,483,613,860
allied,Psylocke,Angela,Damage,Tank,0.022105363341364256,-0.00033140327113192455,0.02569154140154094,False,2108,1999,536,682,781
allied,Psylocke,Gambit,Damage,Support,-0.020349210289336696,-6.899019080706949e-05,-0.01909167406127346,False,8879,8416,2438,2787,3191
allied,Psylocke,Elsa Bloodstone,Damage,Damage,0.012996285728999949,-0.00016953046816284558,0.009115647611012278,False,2148,2059,686,672,701
allied,Psylocke,White Fox,Damage,Support,0.007868910285410653,0.0003828857826691168,0.012604553532294033,True,5165,4989,2177,1587,1225
allied,Psylocke,Black Cat,Damage,Damage,0.0005681329851390277,0.0008122770514117896,-0.0026179477363873567,False,1844,1802,763,598,441
allied,Psylocke,Devil Dinosaur,Damage,Tank,-0.028266128804369624,-0.0004905291632588569,-0.028355233695738325,False,2860,2731,1078,916,737
allied,Psylocke,Cyclops,Damage,Damage,0.009619802049723934,4.329951462672786e-06,0.0026045283253414114,False,2505,2412,974,759,679
allied,Psylocke,Jubilee,Damage,Support,-0.007108774526944587,-0.0006274010841080549,-0.001968155750630109,False,12496,12037,4392,4017,3628
allied,Psylocke,Rogue,Damage,Tank,0.010344678919273579,-0.0006137568765009746,0.013911073003973953,False,2331,2182,715,678,789
allied,Psylocke,The Hood,Damage,Tank,-0.021057924662019212,-0.0027187765037198328,-0.018700798355685146,False,17757,17222,5378,5707,6137
allied,Psylocke,Deadpool (Vanguard),Damage,Tank,-0.00031211120077552306,0.0006195172125760323,0.0009398485060043192,False,1849,1777,726,553,498
allied,Psylocke,Deadpool (Duelist),Damage,Damage,0.004414662030684346,0.0006391376266831119,-0.0018659115881184125,False,1575,1514,472,523,519
allied,Psylocke,Deadpool (Strategist),Damage,Support,-0.029647018623981107,-0.000440101954832287,-0.026847775377529706,False,2746,2641,988,877,776
allied,Wolverine,Invisible Woman,Damage,Support,-0.015550458570752478,7.408771516374424e-05,-0.018570226939958242,False,9205,8714,2142,2728,3844
allied,Wolverine,The Thing,Damage,Tank,-0.05235150812844252,-0.000576180604571564,-0.04794513950751188,False,4739,4489,1106,1376,2007
allied,Wolverine,Iron Fist,Damage,Damage,-0.0037557199327133963,0.0002871183059183297,-0.0014359825048771537,False,1974,1884,446,588,850
allied,Wolverine,Emma Frost,Damage,Tank,-0.005156505106319823,-0.0005329479269243764,0.0017127978195815097,False,6714,6336,1816,2055,2465
allied,Wolverine,Phoenix,Damage,Damage,-0.0027281501233115844,-6.896682701073746e-05,-0.008056419516587778,False,834,814,251,263,300
allied,Wolverine,Daredevil,Damage,Damage,-0.018971578058031853,-0.0009985926062739123,-0.02273981016491583,False,1710,1612,288,482,842
allied,Wolverine,Angela,Damage,Tank,-0.004296008134018112,0.0003187434110730584,0.0009974236518098315,False,1915,1798,387,591,820
allied,Wolverine,Gambit,Damage,Support,0.03792622495317343,-0.002279924040352104,0.0408589095941791,True,10690,10108,2447,3455,4206
allied,Wolverine,Elsa Bloodstone,Damage,Damage,0.01811518250066597,-0.001033999704241946,0.014734355126868296,False,2091,1980,492,646,842
allied,Wolverine,White Fox,Damage,Support,-0.03298102466029978,0.0009436978259911703,-0.038960904274001534,False,3456,3348,1261,1142,945
allied,Wolverine,Black Cat,Damage,Damage,0.00042035156016743367,-7.644376644312369e-05,-0.0027041060431292033,False,1349,1316,454,440,422
allied,Wolverine,Devil Dinosaur,Damage,Tank,-0.037889902692945926,-0.0006227342344346047,-0.034381969515094556,False,2569,2413,838,820,755
allied,Wolverine,Cyclops,Damage,Damage,0.026429494946708317,-0.000724968393654451,0.020886706204142277,True,3842,3675,1392,1256,1027
allied,Wolverine,Jubilee,Damage,Support,-0.021003656067057556,0.002438331534934389,-0.023209178475628534,False,11050,10620,3272,3820,3528
allied,Wolverine,Rogue,Damage,Tank,0.011310830679411393,-0.0004876103020608869,0.01966708412892876,False,2439,2267,620,766,881
allied,Wolverine,The Hood,Damage,Tank,-0.0020961366562602074,0.0010268642601934544,0.007077830020578949,False,15706,15152,3839,5100,6213
allied,Wolverine,Deadpool (Vanguard),Damage,Tank,0.024732512413822655,-3.2653991874280945e-05,0.03348646705144387,False,1611,1553,501,528,524
allied,Wolverine,Deadpool (Duelist),Damage,Damage,0.021272890518400287,2.640915373577945e-06,0.01646884004256288,False,1524,1441,357,506,578
allied,Wolverine,Deadpool (Strategist),Damage,Support,-0.01149956622749291,-0.0007139562610589504,-0.01204117242385182,False,2330,2229,770,749,710
allied,Invisible Woman,The Thing,Support,Tank,0.050352486625617414,0.0004991080713260847,0.038611891616794146,True,30760,29386,8729,9608,11049
allied,Invisible Woman,Iron Fist,Support,Damage,-0.024103748125104157,0.0015000218315370359,-0.03452601020945629,False,17882,17161,4595,5649,6917
allied,Invisible Woman,Emma Frost,Support,Tank,0.01035618948189512,0.0017776227391956036,-0.0019803831621631202,False,34406,32683,11323,10696,10664
allied,Invisible Woman,Phoenix,Support,Damage,0.01186429233686156,-0.0005241786568133984,0.02198958754176347,False,10307,9971,3623,3391,2957
allied,Invisible Woman,Daredevil,Support,Damage,0.0038103195795689735,-0.0004304640169891766,0.0009590790307360063,False,16806,15994,3912,5031,7051
allied,Invisible Woman,Angela,Support,Tank,-0.00910631640074081,-0.000850633411563017,-0.021249713941010138,False,9912,9412,2652,3132,3628
allied,Invisible Woman,Gambit,Support,Support,-0.044851305965406985,0.0004868904036634587,-0.028729118153883224,False,23616,22417,6579,7779,8059
allied,Invisible Woman,Elsa Bloodstone,Support,Damage,-0.0067196904671880785,0.001379912696933007,-0.005500066928880822,False,19875,19061,6239,6472,6350
allied,Invisible Woman,White Fox,Support,Support,-0.0027094484686815247,-0.00035534415871712945,-0.0011086862428719463,False,11206,10837,4740,3506,2591
allied,Invisible Woman,Black Cat,Support,Damage,0.00650504772199065,0.0013392150951326356,0.003807913172194818,False,13663,13349,5629,4597,3123
allied,Invisible Woman,Devil Dinosaur,Support,Tank,0.023967327011502056,0.0029149619593202,0.017548514317832914,False,15980,15282,6017,5084,4181
allied,Invisible Woman,Cyclops,Support,Damage,0.0030222026599622865,-0.00036396483469303527,0.012282571829758818,False,23118,22210,8694,7606,5910
allied,Invisible Woman,Jubilee,Support,Support,-0.012767643614256054,-0.0036965004681883506,0.007687913665183364,False,37832,36496,13384,12655,10457
allied,Invisible Woman,Rogue,Support,Tank,-0.023751682572128723,0.0004524279699763284,-0.03316529455198548,False,9742,9156,3022,3013,3121
allied,Invisible Woman,The Hood,Support,Tank,-0.02153749605400524,0.001698104029576941,-0.03157060010669723,False,73391,71172,22954,23899,24319
allied,Invisible Woman,Deadpool (Vanguard),Support,Tank,0.011440683054199883,0.00012761833442608434,0.009764541192554448,False,8796,8488,3486,2828,2174
allied,Invisible Woman,Deadpool (Duelist),Support,Damage,-0.02806855896286571,-0.0011438393102179796,-0.02930699285047805,False,12096,11580,3682,3926,3972
allied,Invisible Woman,Deadpool (Strategist),Support,Support,-0.015432792646054584,0.0010563299668719215,-0.01089122074010931,False,7482,7191,2717,2438,2036
allied,The Thing,Iron Fist,Tank,Damage,0.021284237574253486,7.420719818482225e-05,0.02473349857305004,True,14752,14162,3800,4690,5672
allied,The Thing,Emma Frost,Tank,Tank,-0.012022478080944045,-0.001269467713552804,-0.011109550944325938,False,10803,10196,3537,3306,3353
allied,The Thing,Phoenix,Tank,Damage,0.0192120794161733,0.0018967526439325842,0.021948140174783845,False,4869,4696,1596,1631,1469
allied,The Thing,Daredevil,Tank,Damage,-0.006322283027836545,-0.0009732740685879611,-0.0012016513878362447,False,8237,7821,1798,2430,3593
allied,The Thing,Angela,Tank,Tank,-0.014731774773796629,-0.0010185391481536135,-0.013966208068045357,False,2330,2224,640,707,877
allied,The Thing,Gambit,Tank,Support,-0.005219178028898746,-0.0024438385706320267,-0.024093674665631244,False,20533,19544,5627,6625,7292
allied,The Thing,Elsa Bloodstone,Tank,Damage,-0.014860847323352234,-0.0003064238718183412,-0.010686582530203765,False,9660,9258,3027,3058,3173
allied,The Thing,White Fox,Tank,Support,-0.028240027837647275,-0.0007460793107808849,-0.034243861120213846,False,11605,11207,4669,3723,2815
allied,The Thing,Black Cat,Tank,Damage,0.018678646215542886,0.001293992942258156,0.02843684021883355,False,6683,6541,2634,2291,1616
allied,The Thing,Devil Dinosaur,Tank,Tank,-0.009127457964803772,0.00014983324791736582,-0.012144430874786484,False,4110,3906,1548,1369,989
allied,The Thing,Cyclops,Tank,Damage,-0.0032174283125343786,0.0032506928998553577,0.0013199449340541196,False,12788,12242,4708,4139,3395
allied,The Thing,Jubilee,Tank,Support,0.025105046587375696,-0.0029970354148833793,0.008428642183548782,False,32075,30824,10766,10763,9295
allied,The Thing,Rogue,Tank,Tank,0.002317079855943834,0.000774080857095752,-0.001956688499703696,False,2774,2591,833,816,942
allied,The Thing,The Hood,Tank,Tank,0.0066817972599870394,0.003937905416768423,-0.000913056799617871,False,28873,28021,8695,9459,9867
allied,The Thing,Deadpool (Vanguard),Tank,Tank,0.020369917283158224,0.0005299621660842537,0.01941747471836536,False,2375,2263,930,738,595
allied,The Thing,Deadpool (Duelist),Tank,Damage,-0.02842071900589286,0.002341956419974822,-0.023059452668051157,False,6520,6202,1874,2085,2243
allied,The Thing,Deadpool (Strategist),Tank,Support,0.012686211842286027,0.0004939310723107765,0.004211222681584497,False,7521,7217,2621,2456,2140
allied,Iron Fist,Emma Frost,Damage,Tank,-0.0026445926538845635,-0.0026146732549756522,-0.004743598348086249,False,13015,12444,3978,4133,4333
allied,Iron Fist,Phoenix,Damage,Damage,0.0167899296426542,-0.00011128249469651084,0.02163508847754362,False,1682,1645,516,582,547
allied,Iron Fist,Daredevil,Damage,Damage,-0.04854564691075257,-4.612907704525123e-05,-0.04622491755454565,True,5475,5253,1296,1735,2222
allied,Iron Fist,Angela,Damage,Tank,-0.009847964189195396,0.0006833161593584459,-0.014431133904822431,False,3608,3426,875,1126,1425
allied,Iron Fist,Gambit,Damage,Support,-0.01321582118505299,-0.0004917144523467357,-0.023009224832178026,False,15269,14591,3840,4995,5756
allied,Iron Fist,Elsa Bloodstone,Damage,Damage,0.004962369707361171,-0.00039029403662547914,0.009036752300797798,False,4029,3868,1120,1310,1438
allied,Iron Fist,White Fox,Damage,Support,0.18791031018068854,0.001394983487289157,0.20320851490125794,True,14775,14182,4826,5026,4330
allied,Iron Fist,Black Cat,Damage,Damage,-0.0062278436736623345,-0.0010736659997368297,-0.0013559071287763463,False,3478,3403,1269,1210,924
allied,Iron Fist,Devil Dinosaur,Damage,Tank,-0.014254285432405431,-0.0001726793195522795,-0.01733534247594193,False,5208,4993,1782,1717,1494
allied,Iron Fist,Cyclops,Damage,Damage,0.022708563596853755,-0.0004598593391415573,0.02540571735761708,False,5067,4889,1830,1672,1387
allied,Iron Fist,Jubilee,Damage,Support,-0.03430090647789378,-0.0022330453923445335,-0.04450191770867169,False,22277,21512,6933,7559,7020
allied,Iron Fist,Rogue,Damage,Tank,0.001847633160658774,0.0015246360563313049,-0.00011326681437386336,False,4403,4171,1209,1428,1534
allied,Iron Fist,The Hood,Damage,Tank,-0.002389140711245813,0.0023701392101081894,-0.0024994210523235643,False,31462,30576,8584,10474,11518
allied,Iron Fist,Deadpool (Vanguard),Damage,Tank,-0.009306673649329831,0.00018001181943893294,-0.013638046970105858,False,3159,3058,1082,1058,918
allied,Iron Fist,Deadpool (Duelist),Damage,Damage,-0.013461782846576991,0.0006774801029922089,-0.012606234154743245,False,3083,2935,788,987,1160
allied,Iron Fist,Deadpool (Strategist),Damage,Support,0.00037114967987500534,0.0003863976057008957,-0.0050199495489153196,False,5245,5074,1693,1772,1609
allied,Emma Frost,Phoenix,Tank,Damage,0.019010744164617496,-0.00019226415771950937,0.018871140686383295,False,7066,6777,2862,2219,1696
allied,Emma Frost,Daredevil,Tank,Damage,-0.011501456577692496,-0.0030762329437863307,-0.009817179752092725,False,11598,10970,3131,3540,4299
allied,Emma Frost,Angela,Tank,Tank,-0.015944117269412517,-0.0006073648954561066,-0.015032008156208993,False,4064,3822,1303,1253,1266
allied,Emma Frost,Gambit,Tank,Support,-0.03492959645183416,5.4025841295353036e-05,-0.052746983072246595,False,27956,26315,8985,8828,8502
allied,Emma Frost,Elsa Bloodstone,Tank,Damage,0.00199624369602122,-0.0011486468375901061,0.005216260398226318,False,14611,13902,5163,4641,4098
allied,Emma Frost,White Fox,Tank,Support,-0.012224766900333242,0.00014463547430232785,-0.009822720269396812,False,16486,15870,7609,5069,3192
allied,Emma Frost,Black Cat,Tank,Damage,-0.006372546545648228,0.0012509916094056934,-0.0022890391910018923,False,10350,10078,4660,3308,2110
allied,Emma Frost,Devil Dinosaur,Tank,Tank,-0.006772343870115673,-6.201781251210984e-05,-0.009051716476027719,False,5983,5672,2568,1900,1204
allied,Emma Frost,Cyclops,Tank,Damage,-0.00983171725979239,-0.0002327465393452434,-0.00889234644104806,False,17876,17053,7631,5611,3811
allied,Emma Frost,Jubilee,Tank,Support,0.0041867747618373145,-0.0021380846009519416,-0.010019496065373595,False,42971,41131,17058,13976,10097
allied,Emma Frost,Rogue,Tank,Tank,-0.013728476878889987,-9.227118013772955e-05,-0.020313276783878766,False,4367,4081,1617,1332,1132
allied,Emma Frost,The Hood,Tank,Tank,0.00291937877118555,-0.0009487554418999106,-0.004951430678654662,False,40056,38635,14302,13045,11288
allied,Emma Frost,Deadpool (Vanguard),Tank,Tank,0.02198729175085143,-0.0008351993492736941,0.02165022043950286,False,3424,3272,1544,1036,692
allied,Emma Frost,Deadpool (Duelist),Tank,Damage,0.0205143196856521,0.0007811958824828654,0.028534513357163154,False,9030,8525,3050,2875,2600
allied,Emma Frost,Deadpool (Strategist),Tank,Support,-0.005418569597120353,-0.0019286620453756737,-0.010971257083434664,False,9357,8966,3880,2943,2143
allied,Phoenix,Daredevil,Damage,Damage,0.0006351134232108766,0.00024733499036007844,-0.0006858185900511127,False,1304,1265,397,388,480
allied,Phoenix,Angela,Damage,Tank,-0.005706849816899088,-0.0004291509461794388,-0.010303373141543355,False,1710,1645,573,596,476
allied,Phoenix,Gambit,Damage,Support,-0.014386861525698557,0.0006089542305792755,-0.00827509298389597,False,8874,8516,3026,2974,2516
allied,Phoenix,Elsa Bloodstone,Damage,Damage,-0.010832255656859857,-0.00047802537445116065,-0.015805486522981086,False,1676,1628,637,556,435
allied,Phoenix,White Fox,Damage,Support,-0.005797234597586808,0.0004161226326004954,0.0013390792572064711,False,4438,4297,2135,1346,816
allied,Phoenix,Black Cat,Damage,Damage,-0.0013951988917111902,0.0005166869100380393,-0.0038546869302215347,False,1423,1400,680,434,286
allied,Phoenix,Devil Dinosaur,Damage,Tank,-0.019810051589152475,0.0003351626149356568,-0.023996693290307236,False,2811,2687,1225,888,574
allied,Phoenix,Cyclops,Damage,Damage,0.0690563191281272,0.0003396317674414004,0.0678761055198378,True,8933,8596,3711,2999,1886
allied,Phoenix,Jubilee,Damage,Support,-0.008823190744507112,0.0010067273261804598,0.0002120647228966329,False,13299,12885,5381,4468,3036
allied,Phoenix,Rogue,Damage,Tank,0.01405526117016379,-0.0007308386309584602,0.012989598407887432,True,2577,2444,985,816,643
allied,Phoenix,The Hood,Damage,Tank,-0.015594964513849053,0.00011993738368975697,-0.017672511829798104,False,16798,16422,6102,5710,4610
allied,Phoenix,Deadpool (Vanguard),Damage,Tank,0.023496472273958676,0.00010944369628445302,0.022380160985898057,False,1687,1639,766,530,343
allied,Phoenix,Deadpool (Duelist),Damage,Damage,0.015339292434713004,-0.0005100283429157631,0.010857589960695408,False,1129,1097,409,380,308
allied,Phoenix,Deadpool (Strategist),Damage,Support,-0.010653495433342224,0.0007995274439953328,-0.00137112306977638,False,2711,2621,1196,860,565
allied,Daredevil,Angela,Damage,Tank,-0.015623991434762166,0.0006009914463874937,-0.01607686131243421,False,3552,3346,735,1111,1500
allied,Daredevil,Gambit,Damage,Support,0.011808083885029302,0.002091725000041394,0.009224431444099573,False,13998,13219,3232,4493,5494
allied,Daredevil,Elsa Bloodstone,Damage,Damage,-0.004907874938729591,0.00048515527841420074,-0.006476706838541439,False,3214,3077,835,979,1263
allied,Daredevil,White Fox,Damage,Support,0.010351692089636296,-0.0007111295254308838,0.0075368326212591616,False,7333,7034,2384,2386,2264
allied,Daredevil,Black Cat,Damage,Damage,-0.025862686542227915,-0.0005663274986729614,-0.027446379062700307,False,3090,2990,1051,1031,908
allied,Daredevil,Devil Dinosaur,Damage,Tank,-0.017311655245639844,-0.0008171064573428289,-0.015956190048128968,False,4528,4297,1460,1427,1410
allied,Daredevil,Cyclops,Damage,Damage,0.029542029959129176,-6.392285671225492e-05,0.02798571798254009,False,4023,3835,1314,1261,1260
allied,Daredevil,Jubilee,Damage,Support,0.01240086007810174,-0.001160798617021165,0.01211933273925829,False,19810,19010,5646,6533,6831
allied,Daredevil,Rogue,Damage,Tank,-0.04308909368975025,0.0012651369783146724,-0.04533065174935134,False,4165,3897,1066,1263,1568
allied,Daredevil,The Hood,Damage,Tank,0.017957926876744548,-0.001638652677903202,0.02492038287959938,False,27265,26294,6790,8637,10867
allied,Daredevil,Deadpool (Vanguard),Damage,Tank,-0.021874926033457257,0.0001282985290588331,-0.022841057842324958,False,2803,2698,877,929,892
allied,Daredevil,Deadpool (Duelist),Damage,Damage,0.009228590628543466,0.0002279549064056118,0.007149968254813506,False,2702,2575,624,813,1138
allied,Daredevil,Deadpool (Strategist),Damage,Support,-0.012212677564911517,0.0006978257066681677,-0.015094992126865136,False,4633,4445,1340,1522,1583
allied,Angela,Gambit,Tank,Support,-0.015418174492608036,-0.000748230017728661,-0.026778719034646594,False,8157,7696,2224,2593,2879
allied,Angela,Elsa Bloodstone,Tank,Damage,0.030436847371768237,-0.0008530041722928566,0.035187543414233066,False,3737,3576,1131,1229,1216
allied,Angela,White Fox,Tank,Support,-0.015152845113958922,-0.0006210575850542683,-0.009900304646714079,False,4464,4269,1729,1443,1097
allied,Angela,Black Cat,Tank,Damage,-0.031799212249213796,0.001211935948221619,-0.03225249270966986,False,2800,2718,1088,933,697
allied,Angela,Devil Dinosaur,Tank,Tank,0.0369711171579927,-0.00045389406642963603,0.042240699009893745,False,1542,1461,563,488,410
allied,Angela,Cyclops,Tank,Damage,0.010974079644135238,0.00040507088699117354,0.012584165304115689,False,4530,4341,1721,1489,1131
allied,Angela,Jubilee,Tank,Support,-0.016585581609883295,-0.0005393290731461559,-0.03080918901905105,False,11623,11126,3905,3917,3304
allied,Angela,Rogue,Tank,Tank,0.020388285425015244,-0.00019053002522670214,0.01975748397619643,False,1002,932,289,322,321
allied,Angela,The Hood,Tank,Tank,0.05229117872060307,-0.0004110121524803257,0.052901829585360896,False,10962,10573,3182,3686,3705
allied,Angela,Deadpool (Vanguard),Tank,Tank,-0.0018122538017123567,0.00026876463786868875,-0.005790927958554468,False,774,746,314,222,210
allied,Angela,Deadpool (Duelist),Tank,Damage,0.013251546319770392,0.0004827606388938626,0.01878088510432476,False,2732,2579,698,910,971
allied,Angela,Deadpool (Strategist),Tank,Support,0.003746861143616165,0.0006226459932964066,0.0029882671469899065,False,2774,2670,963,906,801
allied,Gambit,Elsa Bloodstone,Support,Damage,0.006247269985644436,-0.001812037669004882,0.008355631150276453,False,14852,14216,5090,5122,4004
allied,Gambit,White Fox,Support,Support,-0.017343060749213428,-0.0006515068619570558,-0.01925238818182374,False,9365,8951,3829,2986,2136
allied,Gambit,Black Cat,Support,Damage,0.010676884144085196,-0.003127411832134215,0.007769096716771878,False,10374,10134,4380,3681,2073
allied,Gambit,Devil Dinosaur,Support,Tank,-0.010191828259008074,0.00020039541191776812,-0.020303246429585482,False,12159,11514,4363,4001,3150
allied,Gambit,Cyclops,Support,Damage,-0.03396150281138294,0.0010228231854832062,-0.030056229255783867,True,21272,20331,7785,7114,5432
allied,Gambit,Jubilee,Support,Support,-0.0063217907056341985,-0.0016212690470436336,0.014804727861994335,True,34094,32597,11852,11595,9150
allied,Gambit,Rogue,Support,Tank,0.18360917948923203,-0.00022364531942125344,0.20931867910366053,True,24394,22920,7321,7910,7689
allied,Gambit,The Hood,Support,Tank,-0.011982678400241177,0.003541513591808946,-0.018682927995583083,False,57009,55031,18120,19652,17259
allied,Gambit,Deadpool (Vanguard),Support,Tank,0.012110703730623326,0.001312694077299752,0.012339502526398233,False,8180,7841,3146,2676,2019
allied,Gambit,Deadpool (Duelist),Support,Damage,0.09017579252893689,0.002845752443355647,0.10298577014752056,False,14858,13919,3921,4803,5195
allied,Gambit,Deadpool (Strategist),Support,Support,0.009736770951531047,-0.0014114976485416922,0.018663098001327674,False,6669,6392,2343,2243,1806
allied,Elsa Bloodstone,White Fox,Damage,Support,-0.022685724558445756,-0.0003972938146640326,-0.02424314576484829,False,8525,8277,3790,2797,1690
allied,Elsa Bloodstone,Black Cat,Damage,Damage,-0.002611604138197825,-0.0027224803656633323,-0.004959020348052272,False,3194,3124,1400,1074,650
allied,Elsa Bloodstone,Devil Dinosaur,Damage,Tank,0.03714833885899844,0.0012208850877996709,0.044653428677806695,True,9855,9421,3834,3277,2310
allied,Elsa Bloodstone,Cyclops,Damage,Damage,-0.03055154609205043,-0.0011435388402849375,-0.03980585734149501,False,5062,4872,2043,1684,1145
allied,Elsa Bloodstone,Jubilee,Damage,Support,-0.016048777765478434,0.0014198797273159438,-0.01449939449178455,False,24481,23618,9169,8336,6113
allied,Elsa Bloodstone,Rogue,Damage,Tank,-0.02279709267150403,0.001012196151249461,-0.02273761873767058,False,4255,4012,1433,1382,1197
allied,Elsa Bloodstone,The Hood,Damage,Tank,-0.019184767237660806,-0.00020280775197417252,-0.016390571824994277,False,30284,29435,10625,10487,8323
allied,Elsa Bloodstone,Deadpool (Vanguard),Damage,Tank,-0.022644826697134576,0.0010962078337485523,-0.02368228357014704,False,4076,3939,1679,1337,923
allied,Elsa Bloodstone,Deadpool (Duelist),Damage,Damage,-0.007873578427531502,-0.0008709413088090087,-0.014073315012124252,False,3185,3058,1010,1042,1006
allied,Elsa Bloodstone,Deadpool (Strategist),Damage,Support,-0.02280780043474703,0.0013761479472533577,-0.021627390012445232,False,5695,5494,2244,1904,1346
allied,White Fox,Black Cat,Support,Damage,0.04434147742273511,-0.0017811820958338615,0.045592606102229746,True,9679,9483,4701,3107,1675
allied,White Fox,Devil Dinosaur,Support,Tank,0.009741793924746087,-0.000623262542773558,0.01940443639284397,False,7567,7291,3807,2266,1218
allied,White Fox,Cyclops,Support,Damage,-0.0014428248283699808,-0.0004650315959110549,0.006478125422082435,False,11147,10776,5621,3257,1898
allied,White Fox,Jubilee,Support,Support,-0.012561563353182039,0.0005698975913104784,-0.015552826763520244,False,17119,16569,8100,5502,2967
allied,White Fox,Rogue,Support,Tank,0.012133539552490991,-0.0009726928041420473,0.02685489696480092,False,4611,4359,2028,1375,956
allied,White Fox,The Hood,Support,Tank,-0.019323865057783014,-0.0018380555166611376,-0.010633505435372202,False,36442,35498,15462,11877,8159
allied,White Fox,Deadpool (Vanguard),Support,Tank,-0.0027492358414228256,-4.4388014271161485e-05,0.011661801167988033,False,4654,4510,2407,1385,718
allied,White Fox,Deadpool (Duelist),Support,Damage,0.011813394883983605,3.954014093547592e-06,0.014778914743924848,False,5463,5237,2213,1733,1291
allied,White Fox,Deadpool (Strategist),Support,Support,0.027045787915715647,0.0014525187581145836,0.01652516729069907,False,3147,3059,1516,961,582
allied,Black Cat,Devil Dinosaur,Damage,Tank,0.002206425169395634,-0.0015906077322241632,0.0075818790984328545,False,4722,4629,2338,1487,804
allied,Black Cat,Cyclops,Damage,Damage,0.014756456518779692,-0.001575356558297661,0.011000350791306691,False,4322,4244,2129,1375,740
allied,Black Cat,Jubilee,Damage,Support,-0.002110459155252854,-0.0013318547555232912,-0.004388636417031201,False,18260,17911,8322,6185,3404
allied,Black Cat,Rogue,Damage,Tank,0.002617026758914452,-0.0007923561609559437,0.007345209192869377,False,3352,3237,1422,1075,740
allied,Black Cat,The Hood,Damage,Tank,0.018323682324938355,-0.0016393139383974096,0.027148859686680772,False,23679,23341,10220,8230,4891
allied,Black Cat,Deadpool (Vanguard),Damage,Tank,-0.02484757632839478,0.001209164874224159,-0.024327015996694634,False,2736,2678,1353,846,479
allied,Black Cat,Deadpool (Duelist),Damage,Damage,-0.016965176798278605,0.00019910370798793884,-0.022192754662567,False,2086,2039,868,671,500
allied,Black Cat,Deadpool (Strategist),Damage,Support,0.0006051005002682899,5.2354582908593695e-05,-0.0008577268223034273,False,4280,4182,1931,1422,829
allied,Devil Dinosaur,Cyclops,Tank,Damage,-0.001819575884998768,-0.0019954779475426718,0.00034789523354781973,False,7958,7633,3715,2478,1440
allied,Devil Dinosaur,Jubilee,Tank,Support,0.039311509890525974,-0.0001639492678595994,0.03448054148498516,False,20874,20031,8984,6856,4191
allied,Devil Dinosaur,Rogue,Tank,Tank,-0.000317548886851211,-0.00041348025762712095,-0.009089968243617389,False,1714,1609,692,558,359
allied,Devil Dinosaur,The Hood,Tank,Tank,-0.002017783105257689,0.001347254129669981,-0.015116132221771723,False,18437,17858,7360,6128,4370
allied,Devil Dinosaur,Deadpool (Vanguard),Tank,Tank,0.03280600344211797,0.00089934557299143,0.02985183305519542,False,1479,1408,735,428,245
allied,Devil Dinosaur,Deadpool (Duelist),Tank,Damage,0.004724710079647168,-0.00023556743351013478,0.011292037594332073,False,3884,3728,1506,1224,998
allied,Devil Dinosaur,Deadpool (Strategist),Tank,Support,0.03691247493987661,-0.0027477555827110315,0.041893246744424795,False,4802,4645,2202,1512,931
allied,Cyclops,Jubilee,Damage,Support,-0.02185955293450809,0.001705398124847119,-0.014213507566347433,False,31608,30456,13684,10242,6530
allied,Cyclops,Rogue,Damage,Tank,0.0017839618995339453,-0.0013935144746200386,0.003663805435073979,False,5947,5643,2370,1852,1421
allied,Cyclops,The Hood,Damage,Tank,-0.005122018795853133,-0.0009481736676928714,-0.001692208043288933,False,40190,39017,15764,13360,9893
allied,Cyclops,Deadpool (Vanguard),Damage,Tank,-0.009236526650466155,-0.002416593696159441,-0.009712083524791686,False,4644,4492,2260,1427,805
allied,Cyclops,Deadpool (Duelist),Damage,Damage,0.01181613116129326,1.8260537375403878e-05,0.004400866250211645,False,3595,3436,1350,1159,927
allied,Cyclops,Deadpool (Strategist),Damage,Support,0.016181528995434746,-0.000510265173893178,0.029058614587104743,False,6931,6706,3210,2129,1367
allied,Jubilee,Rogue,Support,Tank,-0.0382979259513419,-0.0012587488692359303,-0.05092751214885844,False,12286,11643,4772,3951,2920
allied,Jubilee,The Hood,Support,Tank,0.08077772053737382,0.0021011551194865044,0.08630994833372438,True,118399,114785,40355,39911,34519
allied,Jubilee,Deadpool (Vanguard),Support,Tank,0.006222623447188656,-0.0005458274008271666,0.0028296797598444663,False,11654,11295,5240,3833,2222
allied,Jubilee,Deadpool (Duelist),Support,Damage,-0.03513064195958644,0.00015961045183013098,-0.03575594057411595,False,15499,14890,5498,5264,4128
allied,Jubilee,Deadpool (Strategist),Support,Support,0.011555973492503058,-0.0003416906593287773,0.018812801948692247,False,10756,10423,4624,3537,2262
allied,Rogue,The Hood,Tank,Tank,0.03029786682674596,0.0018010021404345187,0.01940065799897639,False,11499,11049,3928,3684,3437
allied,Rogue,Deadpool (Vanguard),Tank,Tank,0.016552444930800134,-0.0003394183004155262,0.007752445386391273,False,950,892,417,289,186
allied,Rogue,Deadpool (Duelist),Tank,Damage,0.007468796119792745,-0.0008114190139457498,0.013651689673669249,False,3389,3151,1028,1064,1059
allied,Rogue,Deadpool (Strategist),Tank,Support,-0.027890024746042182,-0.0011493178546296428,-0.028649613136977895,False,2927,2794,1136,946,712
allied,The Hood,Deadpool (Vanguard),Tank,Tank,0.024187354219791585,-0.001390417329613102,0.012608075910943395,False,11140,10931,4601,3793,2537
allied,The Hood,Deadpool (Duelist),Tank,Damage,-0.011932093837307456,0.0005665287118022098,-0.005606626692039308,False,22000,21248,6754,7344,7150
allied,The Hood,Deadpool (Strategist),Tank,Support,-0.03123438029977006,0.0006105453920847529,-0.03350679788223141,False,23286,22662,8726,7834,6102
allied,Deadpool (Vanguard),Deadpool (Duelist),Tank,Damage,-0.0026731516757977102,0.00017189377835286274,0.0012532979817593702,False,21,19,5,7,7
allied,Deadpool (Vanguard),Deadpool (Strategist),Tank,Support,-0.0003870618547317679,5.383314061141933e-05,0.005355023004415912,False,14,14,5,2,7
allied,Deadpool (Duelist),Deadpool (Strategist),Damage,Support,-0.00711140761281537,0.00012379130341343603,-0.0037583969517320055,False,35,32,9,14,9
opposing,Hulk,The Punisher,Tank,Damage,-0.00034539876676311536,0.0014460238662063797,-0.005056387589621424,False,5953,5718,1796,1838,2084
opposing,Hulk,Storm,Tank,Damage,0.00950617763468346,-0.00045877382601533485,0.005850060479778348,False,3656,3494,969,1177,1348
opposing,Hulk,Loki,Tank,Support,-0.014774856271610457,-0.00032100617706717633,-0.014397035304582938,False,4032,3882,890,1183,1809
opposing,Hulk,Human Torch,Tank,Damage,0.01148805386086787,-0.0011306641391867294,0.01186128004966006,False,4429,4194,914,1482,1798
opposing,Hulk,Doctor Strange,Tank,Tank,-0.012169711481420016,-0.00012179962159286784,-0.010266780721768532,False,11281,10724,2923,3835,3966
opposing,Hulk,Mantis,Tank,Support,-0.011535915069879273,-0.00026136648725947687,-0.005671302163615302,False,12320,11681,2346,3551,5784
opposing,Hulk,Hawkeye,Tank,Damage,0.0013414687284221817,0.0008736581818539598,0.0015651678906667258,False,3163,3006,904,1120,982
opposing,Hulk,Captain America,Tank,Tank,-0.017757636254988347,0.0009555170790310291,-0.018228497262296445,False,2796,2658,805,886,967
opposing,Hulk,Rocket Raccoon,Tank,Support,0.027892553929717383,0.00013353530929072644,0.030020940598732,False,16346,15624,4077,5292,6255
opposing,Hulk,Hela,Tank,Damage,-0.02559204276760502,-0.0004517806297593645,-0.03465909629627896,False,8966,8538,1998,2723,3817
opposing,Hulk,Cloak & Dagger,Tank,Support,0.001731529137744466,0.0004462475572130416,-0.00018556824990763581,False,24540,23382,6972,7992,8418
opposing,Hulk,Black Panther,Tank,Damage,0.014753731032946282,-0.00034608431947351365,0.0048239875682178435,False,5742,5460,1280,1892,2288
opposing,Hulk,Groot,Tank,Tank,-0.020237252128139843,-0.00036586336798686767,-0.021208546156513717,False,5042,4831,1322,1609,1900
opposing,Hulk,Ultron,Tank,Support,0.0010101078498944503,-0.0004062804527748632,0.003101719584732868,False,3164,2929,842,1037,1050
opposing,Hulk,Magik,Tank,Damage,-0.0008223718460627928,0.0013811738279477473,0.004028740751769984,False,12803,12234,3124,4160,4950
opposing,Hulk,Moon Knight,Tank,Damage,0.010532563775338873,0.0009776087889959218,0.01056968201728394,False,4151,3917,1555,1350,1012
opposing,Hulk,Luna Snow,Tank,Support,-0.007642303386036859,0.0009332471691404358,-0.002973538801620568,False,15753,15063,3691,4973,6399
opposing,Hulk,Squirrel Girl,Tank,Damage,0.0030344196010380405,-0.0009210148742148008,-4.290340989147542e-05,False,2355,2259,1110,723,426
opposing,Hulk,Black Widow,Tank,Damage,-0.010368913573933745,0.0017218323618518614,-0.018742924874476465,False,6800,6469,1491,1939,3039
opposing,Hulk,Iron Man,Tank,Damage,-0.019144323634995627,-0.00028870201669677287,-0.0217002131853802,False,3986,3793,1269,1454,1070
opposing,Hulk,Venom,Tank,Tank,0.010334675977358572,0.00032421964815775814,0.017926198773534324,False,8843,8433,2310,2771,3352
opposing,Hulk,Spider-man,Tank,Damage,0.005477798586402489,-0.0001109943097264475,0.0033904255587254213,False,11537,11009,2659,3786,4564
opposing,Hulk,Magneto,Tank,Tank,0.011124140383403704,-0.003353004250389355,-0.004609848665688462,False,31883,30378,7232,9728,13418
opposing,Hulk,Scarlet Witch,Tank,Damage,0.015632321862765027,0.00013802817399151765,0.01504153295599356,False,3506,3376,1551,1119,706
opposing,Hulk,Thor,Tank,Tank,0.007336742696567785,5.358352229408342e-05,0.00817451217425202,False,7043,6703,1933,2276,2494
opposing,Hulk,Mister Fantastic,Tank,Damage,-0.012630714464315289,0.00043902028537546407,-0.015261006211422885,False,3481,3336,1060,1193,1083
opposing,Hulk,Winter Soldier,Tank,Damage,-0.03814112748142539,-0.0022561872201343584,-0.04820859338403784,False,18313,17460,4169,5773,7518
opposing,Hulk,Peni Parker,Tank,Tank,-0.04034176509068011,0.00045305711659190836,-0.03686886848200994,False,3449,3261,999,1091,1171
opposing,Hulk,Star-lord,Tank,Damage,-0.022805930013360804,-0.0009932226857704808,-0.029003227401112903,False,4241,4075,1108,1423,1544
opposing,Hulk,Blade,Tank,Damage,0.023301227585295358,0.00174743745742888,0.02812020393352483,False,3885,3693,1259,1228,1206
opposing,Hulk,Namor,Tank,Damage,0.0137337590674637,0.00098769175035328,0.007037595193683143,False,6021,5756,1844,2024,1888
opposing,Hulk,Adam Warlock,Tank,Support,0.0072187161419761435,9.234568815587294e-05,0.0052556918620227586,False,3179,3006,748,964,1294
opposing,Hulk,Jeff The Land Shark,Tank,Support,0.001678729756942351,-0.00013863459537271052,0.001744330058170227,False,5723,5478,1775,1922,1781
opposing,Hulk,Psylocke,Tank,Damage,-0.008014938014697682,0.0004649214883944805,-0.0119590465088178,False,3913,3745,976,1207,1562
opposing,Hulk,Wolverine,Tank,Damage,0.04016015346402432,-0.0008193181792917238,0.048131509150384076,False,3711,3531,782,1099,1650
opposing,Hulk,Invisible Woman,Tank,Support,0.0114746565780253,0.0004982419692429867,0.007628217320269927,False,18362,17571,4610,5861,7100
opposing,Hulk,The Thing,Tank,Tank,0.0002075705450657604,0.0012794087361225005,0.014528521862050513,False,10154,9705,2449,3186,4070
opposing,Hulk,Iron Fist,Tank,Damage,0.020451616903503247,0.0003874304347050241,0.02890283725355384,False,7226,6891,1527,2323,3041
opposing,Hulk,Emma Frost,Tank,Tank,0.021397912662750134,-0.00012235115174084733,0.026993552781599543,False,13597,12893,3887,4302,4704
opposing,Hulk,Phoenix,Tank,Damage,-0.024657443889813505,0.00034942405654783877,-0.032110141652842455,False,3616,3472,1083,1216,1173
opposing,Hulk,Daredevil,Tank,Damage,0.01148105331336409,-0.0022170739080713494,0.014189705761384308,False,6515,6166,1273,1853,3040
opposing,Hulk,Angela,Tank,Tank,0.0030718221947511155,-0.0006198515798321546,0.003440250852295591,False,3948,3717,890,1281,1546
opposing,Hulk,Gambit,Tank,Support,-0.015209869566263875,-0.00025317002593573716,-0.014822593213764812,False,15666,14835,3852,5114,5869
opposing,Hulk,Elsa Bloodstone,Tank,Damage,-0.009212895024360016,-0.0014030596439571755,-0.015448606840908803,False,6985,6674,1930,2311,2433
opposing,Hulk,White Fox,Tank,Support,-0.009247989760098496,0.0010902839213433279,-0.002651957527020433,False,7879,7578,2772,2634,2172
opposing,Hulk,Black Cat,Tank,Damage,0.006823738806025359,-0.0005431592556597029,0.006332547488223084,False,5288,5156,1797,1895,1464
opposing,Hulk,Devil Dinosaur,Tank,Tank,-0.0015514047539218916,0.00019951487577883286,0.006137900314207989,False,5841,5558,1935,1935,1688
opposing,Hulk,Cyclops,Tank,Damage,0.020477165617549267,0.000254699530344929,0.021169780323076703,False,8476,8118,2837,2822,2459
opposing,Hulk,Jubilee,Tank,Support,-0.02405531724091597,-0.0007524706948222869,-0.015483436738827109,False,22618,21660,6983,7601,7076
opposing,Hulk,Rogue,Tank,Tank,0.03451991753568372,-0.00147588251979848,0.0421435572633905,False,4324,4027,1174,1332,1521
opposing,Hulk,The Hood,Tank,Tank,-0.02198553155523182,0.0022212088863978814,-0.023269569699490386,False,31589,30509,8491,10499,11519
opposing,Hulk,Deadpool (Vanguard),Tank,Tank,-0.0065919210385669965,-0.00013240694266152897,-0.004892383033562984,False,3193,3073,1134,1049,890
opposing,Hulk,Deadpool (Duelist),Tank,Damage,0.023969228989246683,-0.0009254928345147884,0.021177090978865346,False,4450,4234,1080,1404,1750
opposing,Hulk,Deadpool (Strategist),Tank,Support,0.003674018856269975,0.001340254026949232,0.008434532575411014,False,4869,4679,1515,1634,1530
opposing,The Punisher,Storm,Damage,Damage,0.01767957498279217,8.785545547317094e-05,0.020181494803205944,False,3429,3305,1197,1110,998
opposing,The Punisher,Loki,Damage,Support,0.000573625398456035,0.0007956030340463301,-0.0016478503247282941,False,3642,3510,1148,1078,1284
opposing,The Punisher,Human Torch,Damage,Damage,-0.002583542596516115,0.0006393893507859067,-0.004022280269412243,False,4264,4068,1254,1364,1450
opposing,The Punisher,Doctor Strange,Damage,Tank,0.013941215446211054,-0.0006275076475963698,0.01638849023158124,False,10472,10003,3789,3314,2900
opposing,The Punisher,Mantis,Damage,Support,-0.021034647413494312,-0.002759741297944013,-0.028182493333481728,False,11043,10535,2912,3306,4317
opposing,The Punisher,Hawkeye,Damage,Damage,0.0010104692613179976,0.000724453421351212,-0.001230317400559721,False,3139,3014,1161,1058,795
opposing,The Punisher,Captain America,Damage,Tank,-0.012372056260518606,0.0007080313028515066,-0.010495099356991828,False,2661,2543,1101,757,685
opposing,The Punisher,Rocket Raccoon,Damage,Support,9.967402563215325e-05,-0.001544877682111563,-0.0028952679861321724,False,14289,13745,4853,4460,4432
opposing,The Punisher,Hela,Damage,Damage,0.006216136645119019,-0.0010964662813461059,0.009563415251188508,False,8175,7788,2469,2354,2965
opposing,The Punisher,Cloak & Dagger,Damage,Support,-0.002202414120579661,-0.0018002384819390223,-0.0018476792330669475,False,23194,22254,8672,7211,6371
opposing,The Punisher,Black Panther,Damage,Damage,-0.005008514857263328,0.001564689198501282,-0.0024447071212209586,False,4675,4473,1414,1464,1595
opposing,The Punisher,Groot,Damage,Tank,0.01059657587466449,0.00062496868286825,0.013095540280307327,False,4392,4205,1480,1358,1367
opposing,The Punisher,Ultron,Damage,Support,0.025116407672084232,0.0006296965670003449,0.024241751237739872,False,2968,2769,1083,893,793
opposing,The Punisher,Magik,Damage,Damage,0.000861405918978443,-0.0016086114732701926,-0.004933536432809621,False,11117,10711,3728,3488,3495
opposing,The Punisher,Moon Knight,Damage,Damage,-0.012804476852569717,-0.00033157180123330633,-0.014417612868596106,False,4377,4185,2036,1345,804
opposing,The Punisher,Luna Snow,Damage,Support,-0.0049055168132949405,0.0027576142786752043,-0.003467995043579023,False,14353,13791,4599,4383,4809
opposing,The Punisher,Squirrel Girl,Damage,Damage,-0.0052899571959647155,-0.0006636446610114127,-0.0055782615466037294,False,2573,2461,1482,657,322
opposing,The Punisher,Black Widow,Damage,Damage,-0.009830489629476318,-0.0002209288307916963,-0.010182013505843062,False,6182,5919,1903,1797,2219
opposing,The Punisher,Iron Man,Damage,Damage,0.019819045418079446,-0.00024225439516389378,0.01855483063511365,False,3953,3803,1718,1228,857
opposing,The Punisher,Venom,Damage,Tank,0.01954846009466236,4.319285028312552e-05,0.022901165372130144,False,7781,7459,2775,2321,2363
opposing,The Punisher,Spider-man,Damage,Damage,-0.018127697943669783,-0.001268762615729141,-0.01953348115514364,False,10298,9858,3225,3208,3425
opposing,The Punisher,Magneto,Damage,Tank,-0.038479697609513516,0.00020659714394125834,-0.031516415176445836,False,27803,26644,8456,8465,9723
opposing,The Punisher,Scarlet Witch,Damage,Damage,-0.015899378339556174,-0.00031342031504772827,-0.015862172005435243,False,3744,3631,2080,995,556
opposing,The Punisher,Thor,Damage,Tank,-0.00819247266345996,0.00033646656928791276,-0.004312070195248523,False,6077,5862,2249,1888,1725
opposing,The Punisher,Mister Fantastic,Damage,Damage,0.02673510043414114,0.00020552673457155068,0.028222823475880513,False,3120,3009,1199,1009,801
opposing,The Punisher,Winter Soldier,Damage,Damage,0.003116752218747848,-0.0010999376400943125,0.0033340255057505708,False,16189,15512,5098,4974,5440
opposing,The Punisher,Peni Parker,Damage,Tank,-0.0024510402543415676,-0.000108337875928281,-0.006710526909186457,False,3434,3291,1343,1014,934
opposing,The Punisher,Star-lord,Damage,Damage,-0.019852897618464493,0.0003259784064925537,-0.02259305361663106,False,3872,3730,1357,1203,1170
opposing,The Punisher,Blade,Damage,Damage,0.0066886577249461185,0.00038047425686828435,0.003798888710227545,False,3672,3511,1572,1138,801
opposing,The Punisher,Namor,Damage,Damage,-0.002425105861175286,0.000527228517118869,0.00033926722574675785,False,5724,5515,2277,1800,1438
opposing,The Punisher,Adam Warlock,Damage,Support,-0.023425864290539066,0.0004870401123073912,-0.02652525118594048,False,3038,2898,1020,889,989
opposing,The Punisher,Jeff The Land Shark,Damage,Support,-0.0073275232798981635,0.0015331741250652463,-0.009802784962067627,False,5485,5286,2328,1654,1304
opposing,The Punisher,Psylocke,Damage,Damage,-0.004758555330457907,-0.0012040390439497365,-0.004830980911220829,False,3715,3541,1164,1131,1246
opposing,The Punisher,Wolverine,Damage,Damage,0.027752158671399834,-9.607278475599224e-05,0.029776367328284436,False,3148,3017,819,985,1213
opposing,The Punisher,Invisible Woman,Damage,Support,-0.01923955260633028,-0.00047580568164797606,-0.01874100028902025,False,16921,16219,5667,5135,5417
opposing,The Punisher,The Thing,Damage,Tank,0.05682603191172666,0.0005381092307078387,0.060866318622920974,False,9144,8725,2947,2830,2948
opposing,The Punisher,Iron Fist,Damage,Damage,-0.004115986067452602,-0.00036058515201751426,-0.008850445080676679,False,6317,6084,1895,1956,2233
opposing,The Punisher,Emma Frost,Damage,Tank,-0.02506854587566215,-0.0021997495297805523,-0.02636389267293138,False,12682,12071,4787,3812,3472
opposing,The Punisher,Phoenix,Damage,Damage,0.0202520087660815,0.00020041791963803826,0.022740558065953414,False,3569,3450,1406,1124,920
opposing,The Punisher,Daredevil,Damage,Damage,-0.027103207149468567,0.0017851983987925311,-0.031723584369051865,False,5775,5530,1580,1715,2235
opposing,The Punisher,Angela,Damage,Tank,-0.010342282344382763,0.00026017184668078897,-0.007627354471754493,False,3473,3305,1097,1113,1095
opposing,The Punisher,Gambit,Damage,Support,0.017573908959984938,0.0013920295757101104,0.020088921882887162,False,14425,13743,4792,4412,4539
opposing,The Punisher,Elsa Bloodstone,Damage,Damage,0.02147357675850027,0.00021339396162169566,0.02503358081992893,False,6452,6191,2476,1990,1725
opposing,The Punisher,White Fox,Damage,Support,0.016891427249382203,0.0006939310004715538,0.016434648164196347,False,7508,7266,3568,2192,1506
opposing,The Punisher,Black Cat,Damage,Damage,-0.02572331294634839,-0.00044088903781498067,-0.027614079481843246,False,4733,4638,2304,1468,866
opposing,The Punisher,Devil Dinosaur,Damage,Tank,0.014018195057659128,0.0007343845058870262,0.014465742057866812,False,5040,4845,2340,1447,1058
opposing,The Punisher,Cyclops,Damage,Damage,0.01948314369471785,0.001874258382909667,0.023911510303480998,False,8381,8076,3686,2491,1899
opposing,The Punisher,Jubilee,Damage,Support,0.016909053460468403,-0.0014933790689330916,0.01269343584105623,False,21657,20887,8693,6802,5392
opposing,The Punisher,Rogue,Damage,Tank,-0.0037405558785486856,0.0010428801305639062,-0.0023731810332075056,False,4113,3886,1519,1202,1165
opposing,The Punisher,The Hood,Damage,Tank,-0.044650724166574854,-0.0005512513027947058,-0.047447353547657306,False,29053,28208,10269,9181,8758
opposing,The Punisher,Deadpool (Vanguard),Damage,Tank,0.002701444164794467,0.0005772552677619756,0.004072249208995408,False,3180,3078,1469,936,673
opposing,The Punisher,Deadpool (Duelist),Damage,Damage,-0.009437329487576574,-6.788137516201022e-05,-0.011640236359713261,False,4537,4348,1549,1407,1392
opposing,The Punisher,Deadpool (Strategist),Damage,Support,0.02016389687578754,0.00013196761403543993,0.019651565232136906,False,4579,4420,1941,1390,1089
opposing,Storm,Loki,Damage,Support,-0.0032364153377367377,-0.00019914930756064877,-0.003645179856842068,False,2111,2046,613,617,816
opposing,Storm,Human Torch,Damage,Damage,0.015496431247048125,-0.00141714142926003,0.014416537659846738,False,2520,2406,641,853,912
opposing,Storm,Doctor Strange,Damage,Tank,0.000497866110578809,-0.00138431756677812,0.0014857013974968628,False,6050,5784,1956,2008,1820
opposing,Storm,Mantis,Damage,Support,0.004319902130218873,0.00034947678025016633,0.002630341199298703,False,6742,6420,1608,2062,2750
opposing,Storm,Hawkeye,Damage,Damage,-0.047591372602375726,-0.0005100955314761826,-0.05480786043513934,False,1754,1684,561,631,492
opposing,Storm,Captain America,Damage,Tank,-0.010896540251915039,-0.0014538646733674042,-0.008798601200923722,False,1450,1396,514,479,403
opposing,Storm,Rocket Raccoon,Damage,Support,-0.03383284034897086,0.0006267579622328925,-0.038780380361457464,False,8670,8325,2537,2849,2939
opposing,Storm,Hela,Damage,Damage,-0.012928769422807582,0.0014836474714734096,-0.012200637123962618,False,5015,4818,1340,1538,1940
opposing,Storm,Cloak & Dagger,Damage,Support,-0.021832535667310374,-0.000347319122987895,-0.02164259967703591,False,14559,13995,5000,4759,4236
opposing,Storm,Black Panther,Damage,Damage,0.003348761505124033,-0.0005515572768501218,0.005493597528366995,False,3111,2964,878,1058,1028
opposing,Storm,Groot,Damage,Tank,0.013639960927627242,0.0013422088808776147,0.016536508114852,False,2671,2569,780,910,879
opposing,Storm,Ultron,Damage,Support,-0.03135483596165212,0.0005006059184002006,-0.03699943155411043,False,1877,1752,619,561,572
opposing,Storm,Magik,Damage,Damage,0.028483064386920658,0.00010064039181646953,0.023810300890777573,False,6838,6542,1976,2296,2270
opposing,Storm,Moon Knight,Damage,Damage,0.0171174081842721,0.0008832306835922401,0.01681046914940266,False,2505,2401,1054,850,497
opposing,Storm,Luna Snow,Damage,Support,-0.004367223280326041,-0.00065846919732454,-0.0005734485228859164,False,8892,8561,2532,2769,3260
opposing,Storm,Squirrel Girl,Damage,Damage,-0.02398474468274557,0.0004394694342580379,-0.026856185854117448,False,1496,1441,788,450,203
opposing,Storm,Black Widow,Damage,Damage,-0.03277577452391019,-0.0008817177916263471,-0.03605047501362204,False,3813,3662,1031,1102,1529
opposing,Storm,Iron Man,Damage,Damage,-0.013994883271969039,-3.992242890293145e-05,-0.019051766171929115,False,2385,2272,900,776,596
opposing,Storm,Venom,Damage,Tank,-0.025840344692007588,-0.0010705661740953566,-0.027545330763246185,False,4531,4355,1456,1475,1424
opposing,Storm,Spider-man,Damage,Damage,-0.011219608475232835,-0.00030032040070547523,-0.01316029835102213,False,6179,5930,1777,1967,2186
opposing,Storm,Magneto,Damage,Tank,-0.012093859898603452,-0.0005464440994396534,-0.002103762379075177,False,17948,17230,4895,5565,6770
opposing,Storm,Scarlet Witch,Damage,Damage,0.014495144849313713,0.0005383908595507187,0.015876359216753837,False,2085,2032,1100,606,326
opposing,Storm,Thor,Damage,Tank,-0.028145792537422283,6.075168684773013e-05,-0.02645809547994741,False,3691,3542,1194,1191,1157
opposing,Storm,Mister Fantastic,Damage,Damage,0.019842816735097652,-0.00023276668724720053,0.019691603259123152,False,1868,1811,656,624,531
opposing,Storm,Winter Soldier,Damage,Damage,-0.0021874544952551396,-0.00041564974490790037,-0.003482071567163054,False,10280,9920,2854,3254,3812
opposing,Storm,Peni Parker,Damage,Tank,0.03362678488286918,0.0006354110846650756,0.03348579321689788,False,2110,2010,712,663,635
opposing,Storm,Star-lord,Damage,Damage,-0.009225589917764395,-0.00011033101614985834,-0.012203115121665352,False,2380,2298,746,779,773
opposing,Storm,Blade,Damage,Damage,0.020828305649819214,-0.00046706333890836,0.01798215464730009,False,2153,2063,832,661,570
opposing,Storm,Namor,Damage,Damage,0.010201151063014316,0.0005765307309281273,0.01288807088208113,False,3505,3367,1280,1141,946
opposing,Storm,Adam Warlock,Damage,Support,-0.010532148745456715,-9.65787198291452e-05,-0.009730854901619741,False,1847,1761,519,575,667
opposing,Storm,Jeff The Land Shark,Damage,Support,0.004639737441787856,-0.0005035734892542088,0.0059493496459322405,False,3216,3096,1193,998,905
opposing,Storm,Psylocke,Damage,Damage,-0.0015447945517085822,-0.00017898183921546376,-0.0024476730919619563,False,2034,1951,599,688,664
opposing,Storm,Wolverine,Damage,Damage,0.018349426887697046,-0.00024231660666885072,0.01853386318009503,False,1942,1862,478,617,767
opposing,Storm,Invisible Woman,Damage,Support,-0.008541401912129012,-0.0004210003769701234,-0.004416614461940728,False,10455,10034,3108,3337,3589
opposing,Storm,The Thing,Damage,Tank,0.04424705853123109,-0.0008979327523793863,0.04692526677188702,False,5754,5503,1661,1846,1996
opposing,Storm,Iron Fist,Damage,Damage,0.060211999764627926,0.0002026100989347631,0.0595362257961799,False,3933,3805,1084,1274,1447
opposing,Storm,Emma Frost,Damage,Tank,-0.006212315863867451,-0.0009255582686563856,-0.005328962727598413,False,7649,7315,2677,2403,2235
opposing,Storm,Phoenix,Damage,Damage,-0.008700544715830552,0.0003870800535805985,-0.009615753516301999,False,2116,2061,771,733,557
opposing,Storm,Daredevil,Damage,Damage,0.0017419069883397149,0.0002461989232892484,-0.0016584149220093194,False,3409,3256,846,1026,1384
opposing,Storm,Angela,Damage,Tank,-0.002967817431097625,0.001061388932396168,0.0006325346359510754,False,2126,2032,621,721,690
opposing,Storm,Gambit,Damage,Support,0.03321112473012343,0.0008126023354601852,0.03996975592039606,False,9165,8751,2704,3044,3003
opposing,Storm,Elsa Bloodstone,Damage,Damage,0.029581266144271836,0.0008667272228210575,0.03270233153477182,False,4022,3876,1350,1351,1175
opposing,Storm,White Fox,Damage,Support,0.0318839601662242,0.0013795820134261123,0.03559021399174669,False,4341,4203,1913,1374,916
opposing,Storm,Black Cat,Damage,Damage,-0.011466128028579806,-0.0005159568616798716,-0.013303873592443572,False,2793,2749,1181,971,597
opposing,Storm,Devil Dinosaur,Damage,Tank,-0.03523076009905601,0.00025254518228273,-0.04027570160462023,False,3134,3005,1195,1037,773
opposing,Storm,Cyclops,Damage,Damage,0.0019377113836650823,-0.0009325530036927184,0.003874889585753608,False,5004,4802,1942,1689,1171
opposing,Storm,Jubilee,Damage,Support,0.039728344107950446,0.00046266020011892365,0.04065410411557662,False,13228,12796,4716,4525,3555
opposing,Storm,Rogue,Damage,Tank,0.032473205469732265,0.0004772510041289855,0.0379743868002489,False,2351,2233,785,812,636
opposing,Storm,The Hood,Damage,Tank,-0.04378014082138746,0.002337797560579873,-0.04642392607478576,False,17751,17213,5627,5964,5622
opposing,Storm,Deadpool (Vanguard),Damage,Tank,0.0221302512261348,-0.0001773984660754812,0.025744249772641507,False,1820,1769,739,614,416
opposing,Storm,Deadpool (Duelist),Damage,Damage,-0.01301973095461822,-0.001209335124224613,-0.01659678376590864,False,2643,2520,779,830,911
opposing,Storm,Deadpool (Strategist),Damage,Support,-0.007343469404477396,0.0002933975137807729,-0.009005255537058051,False,2571,2490,954,908,628
opposing,Loki,Human Torch,Support,Damage,-0.007294276196374891,0.0007685204044948256,-0.007623926943170455,False,2594,2467,586,791,1090
opposing,Loki,Doctor Strange,Support,Tank,0.014051822008819199,0.001792312786626544,0.017398617862226413,False,6335,6077,1771,2080,2226
opposing,Loki,Mantis,Support,Support,0.019180366293450185,0.0007718980785227474,0.021688511412479683,False,7501,7134,1448,2108,3578
opposing,Loki,Hawkeye,Support,Damage,0.007873510301925284,0.0011373427193832773,0.010638158364592502,False,1903,1830,575,661,594
opposing,Loki,Captain America,Support,Tank,0.015081456488792515,0.00044105485294130956,0.015165177052464214,False,1587,1521,515,469,537
opposing,Loki,Rocket Raccoon,Support,Support,-0.002009898097939095,-0.0007608088439090301,0.0051824450171128545,False,10140,9771,2614,3059,4098
opposing,Loki,Hela,Support,Damage,0.012341727180980137,0.0009432107124816444,0.011776190786279563,False,5724,5493,1249,1493,2751
opposing,Loki,Cloak & Dagger,Support,Support,-0.0030071690042863205,0.002271203439386708,-0.004119133733325156,False,14273,13690,4160,4307,5223
opposing,Loki,Black Panther,Support,Damage,-0.0207134110464949,-0.00034431775532141226,-0.01935023869820004,False,3276,3153,811,1031,1311
opposing,Loki,Groot,Support,Tank,0.0033091574104054393,0.0012200203660218886,0.005896729608416987,False,2943,2829,737,917,1175
opposing,Loki,Ultron,Support,Support,0.0050174008653235255,0.0004099737922501748,0.010651600133437094,False,1925,1817,555,578,684
opposing,Loki,Magik,Support,Damage,-0.019297231906346298,-7.856421975115297e-05,-0.017948446760433695,False,7489,7189,1928,2360,2901
opposing,Loki,Moon Knight,Support,Damage,-0.0076028394409455025,-0.0007068082519819196,-0.009096199596736448,False,2452,2348,957,762,629
opposing,Loki,Luna Snow,Support,Support,0.0028600791222457905,-0.001586984917798813,-0.00979188805730387,False,10019,9608,2400,2872,4336
opposing,Loki,Squirrel Girl,Support,Damage,-0.00644216311830825,-0.0001233862207040057,-0.006707889399730425,False,1447,1408,707,436,265
opposing,Loki,Black Widow,Support,Damage,-0.0231523356986033,-0.0011534962254473597,-0.021737787700953515,False,4270,4086,920,1139,2027
opposing,Loki,Iron Man,Support,Damage,-0.019122854202889086,0.0009663267569688443,-0.018039386643399172,False,2259,2175,850,724,601
opposing,Loki,Venom,Support,Tank,-0.019257261322249104,-0.0005396176017438449,-0.02444123178928677,False,5181,4963,1472,1538,1953
opposing,Loki,Spider-man,Support,Damage,0.0009190505933271376,-0.0022657740257997177,0.0009353253052936648,False,6836,6566,1789,2025,2752
opposing,Loki,Magneto,Support,Tank,-0.01739808737863868,0.0010712947778903292,-0.017052582322006644,False,19823,18972,4429,5571,8972
opposing,Loki,Scarlet Witch,Support,Damage,0.0029932069296970108,-0.0005702774194998021,0.00012096320187285405,False,2085,2027,1010,645,372
opposing,Loki,Thor,Support,Tank,0.0030137454004571735,-0.00035299841032483394,0.0007994240981902717,False,3856,3685,1161,1130,1394
opposing,Loki,Mister Fantastic,Support,Damage,0.006627768210496501,-3.4261291027331536e-05,0.007116119067801975,False,2016,1947,646,640,661
opposing,Loki,Winter Soldier,Support,Damage,-0.021251888692948966,0.00038143466520080074,-0.02026334353922081,False,11078,10602,2502,3159,4941
opposing,Loki,Peni Parker,Support,Tank,-0.014073336700632738,-8.36948451743184e-05,-0.01156883580839231,False,2103,2016,642,636,738
opposing,Loki,Star-lord,Support,Damage,-0.02635929393039946,0.00016982279829939786,-0.02608640060743823,False,2498,2413,674,775,964
opposing,Loki,Blade,Support,Damage,0.009684417458332262,0.00038927874587936745,0.012586821488104142,False,2198,2115,777,713,625
opposing,Loki,Namor,Support,Damage,0.016502111801255256,-0.00023059138772119243,0.01862389326274695,False,3414,3292,1070,1154,1068
opposing,Loki,Adam Warlock,Support,Support,-0.0029683664533275787,-0.0002642705006246892,-0.0012352257768657982,False,1972,1876,469,556,851
opposing,Loki,Jeff The Land Shark,Support,Support,-0.017767217971443927,-0.0003680928037689763,-0.019125339313295193,False,3427,3322,1167,1063,1092
opposing,Loki,Psylocke,Support,Damage,0.03105695462176128,-0.0005022812515030461,0.03466279685498632,False,2294,2202,613,666,923
opposing,Loki,Wolverine,Support,Damage,0.00789393883820449,-0.0012036862221229073,0.002124597158168185,False,2199,2091,435,604,1052
opposing,Loki,Invisible Woman,Support,Support,-0.0029454949409086014,0.0015467090896995562,-0.004900271126788583,False,11810,11342,2972,3361,5009
opposing,Loki,The Thing,Support,Tank,-0.0028347942288224574,0.0001977691038198546,-0.00739105225765085,False,6064,5790,1456,1796,2538
opposing,Loki,Iron Fist,Support,Damage,0.026365149751498087,0.0004769952873626905,0.02886144060504813,False,4188,4037,968,1242,1827
opposing,Loki,Emma Frost,Support,Tank,-0.004088607591659642,0.00037192775113450136,-0.0033604257742493064,False,7823,7467,2338,2281,2848
opposing,Loki,Phoenix,Support,Damage,-0.001151275535632912,-0.000547665665867941,-0.0008769230663523989,False,2150,2057,645,672,740
opposing,Loki,Daredevil,Support,Damage,0.018019568306413724,0.001280776606947603,0.0207681309024275,False,3762,3593,760,1058,1775
opposing,Loki,Angela,Support,Tank,-0.010596990714243608,-0.00017061083339056814,-0.013215035078116074,False,2202,2085,514,664,907
opposing,Loki,Gambit,Support,Support,0.01810570572450238,5.8754728772120816e-05,0.015606692342983675,False,8570,8194,2224,2730,3240
opposing,Loki,Elsa Bloodstone,Support,Damage,0.0005179391364823944,-0.0002852081914805709,-0.0004959273086052822,False,4460,4265,1184,1283,1798
opposing,Loki,White Fox,Support,Support,0.007544897073212432,-9.906144254879036e-06,0.003254982025299499,False,4700,4548,1809,1467,1272
opposing,Loki,Black Cat,Support,Damage,-0.002120754423986148,0.0003477278317259694,-0.004435179889890052,False,3153,3091,1165,1024,902
opposing,Loki,Devil Dinosaur,Support,Tank,0.005541694457531372,-0.00016862252774199244,0.00705212034460174,False,3165,3011,1099,982,930
opposing,Loki,Cyclops,Support,Damage,0.00150275176570981,-0.0006246805864394135,-0.005792649230892712,False,5012,4833,1829,1585,1419
opposing,Loki,Jubilee,Support,Support,-0.009274036404512525,-0.0008397837356899137,-0.013533095345332886,False,13585,13125,4360,4361,4404
opposing,Loki,Rogue,Support,Tank,-0.00716079648676365,0.0005637640868436704,-0.007501257322540946,False,2398,2263,720,706,837
opposing,Loki,The Hood,Support,Tank,0.01150413410571591,-0.003732794115586083,0.01345038444203296,False,19257,18676,5310,5914,7452
opposing,Loki,Deadpool (Vanguard),Support,Tank,0.007289509449489918,-0.0007134167776715203,0.010370931639727379,False,1841,1788,641,583,564
opposing,Loki,Deadpool (Duelist),Support,Damage,-0.0012759104173171061,0.001338310097117495,0.004946832206131089,False,2728,2623,691,809,1123
opposing,Loki,Deadpool (Strategist),Support,Support,-0.003069417601245572,-0.00037838115800557396,-0.0036792775784013163,False,2930,2829,1013,914,902
opposing,Human Torch,Doctor Strange,Damage,Tank,0.011016438409631176,0.0007887417254930605,0.00938294790651871,False,7477,7123,1989,2648,2486
opposing,Human Torch,Mantis,Damage,Support,0.0057801934715518075,0.00025288788686317516,0.003695247782435195,False,8579,8106,1668,2602,3836
opposing,Human Torch,Hawkeye,Damage,Damage,0.0278975463577084,-0.0006316844314434716,0.029039780128716754,False,2339,2213,628,819,766
opposing,Human Torch,Captain America,Damage,Tank,-0.005219103711967826,0.00011211209505564926,-0.0062877832150820614,False,1691,1608,510,540,558
opposing,Human Torch,Rocket Raccoon,Damage,Support,-0.011818499598706473,-9.393638023465656e-05,-0.014592168193273091,False,11279,10760,2785,3797,4178
opposing,Human Torch,Hela,Damage,Damage,0.004051846115045697,-0.0009388193099419137,0.00845803574388416,False,6470,6120,1315,1972,2833
opposing,Human Torch,Cloak & Dagger,Damage,Support,-0.008602763674995927,-9.108606194694316e-05,-0.007337027361545209,False,17374,16571,4835,5955,5781
opposing,Human Torch,Black Panther,Damage,Damage,-0.02203773074601891,5.4959462933271646e-05,-0.019604206015902147,False,3976,3751,874,1384,1493
opposing,Human Torch,Groot,Damage,Tank,0.009111076940579547,0.0010451466305405977,0.007691392547306469,False,3257,3093,786,1092,1215
opposing,Human Torch,Ultron,Damage,Support,-0.027751433727358367,0.0008805804024704847,-0.03352352521639302,False,2094,1938,539,701,698
opposing,Human Torch,Magik,Damage,Damage,0.029497006587213027,0.002228526720144696,0.027224966554058573,False,8607,8185,2128,2871,3186
opposing,Human Torch,Moon Knight,Damage,Damage,0.018179771054734322,0.0009556826518153054,0.020277429136467094,False,2928,2764,1028,1046,690
opposing,Human Torch,Luna Snow,Damage,Support,0.008644692484608998,-9.279829268343974e-05,0.013487035536802944,False,11568,11008,2679,3714,4615
opposing,Human Torch,Squirrel Girl,Damage,Damage,0.03658932835169257,0.00027787960011868877,0.04088342111004098,False,1661,1585,729,549,307
opposing,Human Torch,Black Widow,Damage,Damage,0.02290873397470572,-0.0005934436974272327,0.02640840225184838,False,5121,4859,1098,1589,2172
opposing,Human Torch,Iron Man,Damage,Damage,-0.02401444616130401,-5.0917303204701506e-05,-0.027553286005445647,False,2878,2729,946,994,789
opposing,Human Torch,Venom,Damage,Tank,-0.03534855961228637,-0.001133130117662025,-0.041930635968040586,False,5772,5499,1546,1829,2124
opposing,Human Torch,Spider-man,Damage,Damage,-0.045804368976976616,0.0007153151342701037,-0.048192231605940175,False,7855,7436,1804,2627,3005
opposing,Human Torch,Magneto,Damage,Tank,0.007226698826710572,-0.002085669050350446,0.015586903093232301,False,22392,21302,4828,7222,9252
opposing,Human Torch,Scarlet Witch,Damage,Damage,0.0008124353504815444,0.0014535185228426682,0.0034186410449803337,False,2305,2228,1030,758,440
opposing,Human Torch,Thor,Damage,Tank,-0.008478178404429994,0.0004061186995121656,-0.00838128319415175,False,4345,4129,1195,1430,1504
opposing,Human Torch,Mister Fantastic,Damage,Damage,0.019585707873812922,4.3979442134615344e-05,0.021733533775900878,False,2256,2163,608,813,742
opposing,Human Torch,Winter Soldier,Damage,Damage,-0.01810451824366118,-0.00012392240242996104,-0.018352892328476342,False,12786,12182,2979,4178,5025
opposing,Human Torch,Peni Parker,Damage,Tank,0.007057574048773362,0.0013400617950469857,0.00011778651458726818,False,2564,2415,733,854,828
opposing,Human Torch,Star-lord,Damage,Damage,-0.032258044614133764,0.00040869569065430115,-0.03475855810677903,False,2964,2846,776,981,1089
opposing,Human Torch,Blade,Damage,Damage,0.006768685525953282,-0.0010010074879126072,0.0051173730004901215,False,2581,2454,775,894,785
opposing,Human Torch,Namor,Damage,Damage,0.03509432870630859,-0.0005949970751788622,0.04209231082380418,False,4168,3977,1216,1516,1245
opposing,Human Torch,Adam Warlock,Damage,Support,-0.03142606276700522,0.0003723913202455884,-0.033814429351724865,False,2059,1955,478,645,832
opposing,Human Torch,Jeff The Land Shark,Damage,Support,-0.0008446413780264089,0.0010360443508946817,-0.0007984977022218668,False,3867,3679,1200,1292,1187
opposing,Human Torch,Psylocke,Damage,Damage,0.007310559769971017,-0.00012629927724450043,0.009435717662417248,False,2834,2689,730,888,1071
opposing,Human Torch,Wolverine,Damage,Damage,-0.0031664655444063575,-0.0005833933061852105,-0.0023836925596114104,False,2463,2308,470,798,1040
opposing,Human Torch,Invisible Woman,Damage,Support,0.021034265754890476,-0.0017476359288925974,0.028278090487593138,False,12739,12136,3172,4232,4732
opposing,Human Torch,The Thing,Damage,Tank,-0.02134805056080724,-0.0029478466641609646,-0.029864412442694794,False,7293,6904,1778,2351,2775
opposing,Human Torch,Iron Fist,Damage,Damage,0.01875530322115445,-0.0010849225240241575,0.017082601616193776,False,4919,4689,1054,1613,2022
opposing,Human Torch,Emma Frost,Damage,Tank,0.024242757519388237,-0.0014316139613721988,0.024750379767968334,False,9250,8713,2701,3025,2987
opposing,Human Torch,Phoenix,Damage,Damage,0.007723652360123227,0.0002741525202097262,0.01044198741269332,False,2660,2560,819,944,797
opposing,Human Torch,Daredevil,Damage,Damage,0.003288815099757106,-0.00023466363093507765,0.0023318539252867006,False,4515,4283,871,1417,1995
opposing,Human Torch,Angela,Damage,Tank,0.007900961048137123,0.0009833523987721542,0.00891943362567035,False,2660,2491,617,865,1009
opposing,Human Torch,Gambit,Damage,Support,-0.03608703566842856,-0.0006498703413343558,-0.038568595703837985,False,10905,10304,2620,3687,3997
opposing,Human Torch,Elsa Bloodstone,Damage,Damage,-0.030483926978468738,-0.0002239964399825137,-0.02984846895082276,False,4780,4565,1389,1646,1530
opposing,Human Torch,White Fox,Damage,Support,0.019519940698239886,-0.00018045011957783689,0.02110277091440128,False,5127,4908,1894,1670,1344
opposing,Human Torch,Black Cat,Damage,Damage,-0.03592923327954735,-0.00019431870771172824,-0.037404419176523276,False,3118,3047,1146,1095,806
opposing,Human Torch,Devil Dinosaur,Damage,Tank,0.023167876448883934,-0.00022635693262816741,0.02089469331319136,False,3682,3480,1188,1257,1035
opposing,Human Torch,Cyclops,Damage,Damage,-0.02198784133342692,0.0006013393313393402,-0.019645099261740517,False,5878,5610,1923,2034,1653
opposing,Human Torch,Jubilee,Damage,Support,0.0370387666792403,0.0004581987031591631,0.037050408332414644,False,15342,14679,4569,5394,4716
opposing,Human Torch,Rogue,Damage,Tank,0.02651980904624733,0.00040179720449645126,0.027544305472381715,False,2883,2676,773,950,953
opposing,Human Torch,The Hood,Damage,Tank,-0.012789505841656496,0.00044587787693462833,-0.015748697736986908,False,21558,20787,5660,7431,7696
opposing,Human Torch,Deadpool (Vanguard),Damage,Tank,0.0016816395415107511,0.0003350880200942611,-0.0008137496342403497,False,2017,1933,672,703,558
opposing,Human Torch,Deadpool (Duelist),Damage,Damage,-0.014438033830695333,-3.504768285299229e-05,-0.015808942785106684,False,2938,2778,750,962,1066
opposing,Human Torch,Deadpool (Strategist),Damage,Support,0.016638699702277708,8.548312811076915e-05,0.01739676353217838,False,3097,2955,936,1090,929
opposing,Doctor Strange,Mantis,Tank,Support,0.010162368369796622,-0.0006400441467247448,0.01567338664476804,False,19495,18571,4962,6296,7313
opposing,Doctor Strange,Hawkeye,Tank,Damage,-0.030034257191714892,0.0007348398796642013,-0.029549526076785123,False,5717,5476,1893,2103,1480
opposing,Doctor Strange,Captain America,Tank,Tank,-0.005882715397780044,-0.001082935418165698,-0.008301859568464506,False,4619,4383,1570,1582,1231
opposing,Doctor Strange,Rocket Raccoon,Tank,Support,-1.9340117115230167e-05,-0.0011272954106725506,-0.006217612318296321,False,25982,24863,7982,8771,8110
opposing,Doctor Strange,Hela,Tank,Damage,-0.01239353571078088,0.00011819020217809373,-0.01617883324266133,False,14701,13994,4294,4598,5102
opposing,Doctor Strange,Cloak & Dagger,Tank,Support,0.025785605962356344,-0.003429531773768997,0.02389352359456211,False,41244,39508,14177,13954,11377
opposing,Doctor Strange,Black Panther,Tank,Damage,-0.012814971677979058,2.887888769953427e-05,-0.022054870136237432,False,8739,8353,2405,3024,2924
opposing,Doctor Strange,Groot,Tank,Tank,0.0313098770183026,-0.0002962306737452899,0.03449371648643454,False,8515,8140,2548,2996,2596
opposing,Doctor Strange,Ultron,Tank,Support,0.004894558968161739,0.0016770232731441509,0.0037696387343383623,False,5404,5040,1807,1751,1482
opposing,Doctor Strange,Magik,Tank,Damage,-0.021794504807029078,7.537309610807096e-05,-0.015510526983637444,False,20002,19165,6180,6787,6198
opposing,Doctor Strange,Moon Knight,Tank,Damage,0.014905929517612562,-0.0014853080940676494,0.01923076311377813,False,7577,7213,3314,2490,1409
opposing,Doctor Strange,Luna Snow,Tank,Support,0.00474359151982094,0.00017008552338573758,0.007562127601438196,False,25834,24699,7768,8504,8427
opposing,Doctor Strange,Squirrel Girl,Tank,Damage,-0.010473928545423183,0.0005425881071762412,-0.011277685293995194,False,4375,4197,2259,1307,631
opposing,Doctor Strange,Black Widow,Tank,Damage,-0.00013119124251811972,0.00023457109305734136,-0.003556941529074349,False,11104,10590,3073,3487,4030
opposing,Doctor Strange,Iron Man,Tank,Damage,0.029597744637272976,-0.0004912253541993133,0.03632714407772922,False,7022,6703,2640,2400,1663
opposing,Doctor Strange,Venom,Tank,Tank,-0.02970104765177217,0.0010731299393463892,-0.0320440610168711,False,14506,13838,4625,4775,4438
opposing,Doctor Strange,Spider-man,Tank,Damage,-0.011418794091923848,0.0014179562361602237,-0.011614243785283161,False,18727,17910,5654,6369,5887
opposing,Doctor Strange,Magneto,Tank,Tank,0.023237575030612558,-0.0014763467977127898,0.0055919972473748815,False,46685,44730,13653,15485,15592
opposing,Doctor Strange,Scarlet Witch,Tank,Damage,0.011777071579384683,0.00040898795986343833,0.014547148419548513,False,6125,5895,3062,1804,1029
opposing,Doctor Strange,Thor,Tank,Tank,0.007114237315620228,-0.0004989858257108151,0.004142581131750274,False,11366,10855,3846,3849,3160
opposing,Doctor Strange,Mister Fantastic,Tank,Damage,-0.011843355576981756,-0.0008936610392530052,-0.01058985032440881,False,5628,5373,1980,1944,1449
opposing,Doctor Strange,Winter Soldier,Tank,Damage,0.03231817670417151,0.0012157618535628524,0.03398217196945059,False,29816,28469,8576,10138,9755
opposing,Doctor Strange,Peni Parker,Tank,Tank,0.026100672634972823,0.0005581918698113172,0.03602028867541197,False,6113,5800,2146,2025,1629
opposing,Doctor Strange,Star-lord,Tank,Damage,0.01636501610505801,-0.0003494170794289912,0.018374941751257052,False,6966,6694,2263,2282,2149
opposing,Doctor Strange,Blade,Tank,Damage,-0.019968088528883585,-0.0011404725242320957,-0.01622774285971536,False,6509,6206,2495,2143,1568
opposing,Doctor Strange,Namor,Tank,Damage,0.011639906389932972,0.002807266674044215,0.00850300744396638,False,10404,9986,3891,3581,2514
opposing,Doctor Strange,Adam Warlock,Tank,Support,0.012343335337444033,0.00033312299872597994,0.007363091815521806,False,5298,5036,1569,1736,1731
opposing,Doctor Strange,Jeff The Land Shark,Tank,Support,-0.03266767611985681,-0.0009112138842563741,-0.041962852661497844,False,9668,9249,3689,3165,2395
opposing,Doctor Strange,Psylocke,Tank,Damage,0.020829941379299232,0.00016067735110550426,0.023929954996873937,False,6209,5928,1870,2030,2028
opposing,Doctor Strange,Wolverine,Tank,Damage,-0.013466007643390673,0.0005204556559841581,-0.007739850341374252,False,5597,5337,1390,1890,2057
opposing,Doctor Strange,Invisible Woman,Tank,Support,-0.006198021573932007,-0.0014057682475320174,-0.016725531433063844,False,28699,27480,8957,9552,8971
opposing,Doctor Strange,The Thing,Tank,Tank,-0.02397551509825294,-0.00019163834614979467,-0.017150232560110244,False,16576,15835,5021,5388,5426
opposing,Doctor Strange,Iron Fist,Tank,Damage,-0.0006048478462689854,0.000816722389461757,0.009269738819062873,False,11146,10698,3058,3740,3900
opposing,Doctor Strange,Emma Frost,Tank,Tank,-0.012874544298837687,-0.0012890003821355185,-0.01632678393087174,False,24343,23105,8404,7988,6713
opposing,Doctor Strange,Phoenix,Tank,Damage,0.012145396572066106,-0.0013496147944067579,0.012633184667389096,False,6326,6091,2312,2147,1632
opposing,Doctor Strange,Daredevil,Tank,Damage,0.00885807085841028,-0.0011612558198337882,0.015066388451622628,False,9749,9275,2414,3123,3738
opposing,Doctor Strange,Angela,Tank,Tank,-0.010629998676143518,1.6709173256107948e-06,-0.016144736524760474,False,6353,6037,1830,2151,2056
opposing,Doctor Strange,Gambit,Tank,Support,0.007123203535103479,0.0016395775313830492,0.0072589050233675435,False,25545,24231,7752,8620,7859
opposing,Doctor Strange,Elsa Bloodstone,Tank,Damage,-0.016555616451079253,-0.001256726432893889,-0.01982328207255234,False,12287,11779,4057,4215,3507
opposing,Doctor Strange,White Fox,Tank,Support,-0.03348711178064579,0.0027675822418246378,-0.03462747148496758,False,13379,12861,5635,4379,2847
opposing,Doctor Strange,Black Cat,Tank,Damage,-0.0021029899930830108,0.001430004987384965,0.0001954464713663607,False,9026,8820,3814,3134,1872
opposing,Doctor Strange,Devil Dinosaur,Tank,Tank,-0.010932497859915711,0.00031455475176195844,-0.008461631949500982,False,10031,9564,3958,3305,2301
opposing,Doctor Strange,Cyclops,Tank,Damage,0.017531552109090087,0.0006271720746016667,0.021687491648837896,False,14931,14355,5918,4989,3448
opposing,Doctor Strange,Jubilee,Tank,Support,0.019124499834842136,-7.366962462846518e-05,0.0307951750400088,False,38215,36742,13759,13176,9807
opposing,Doctor Strange,Rogue,Tank,Tank,0.0007958711680056227,0.0006410281754308324,-0.000543997994569559,False,7548,7063,2502,2386,2175
opposing,Doctor Strange,The Hood,Tank,Tank,0.00044555116964037594,-0.0029229724972839066,-0.0011627452352770322,False,51266,49622,16680,17518,15424
opposing,Doctor Strange,Deadpool (Vanguard),Tank,Tank,0.009257905695068926,0.0012934493077881581,0.009620684517685439,False,5918,5697,2453,1885,1359
opposing,Doctor Strange,Deadpool (Duelist),Tank,Damage,-0.01857751012742061,0.00028652878905057204,-0.02236688964956106,False,7926,7556,2399,2699,2458
opposing,Doctor Strange,Deadpool (Strategist),Tank,Support,0.01747803909050211,0.0020253520759240346,0.02061623730604713,False,8044,7753,3076,2758,1919
opposing,Mantis,Hawkeye,Support,Damage,-0.0011103874297783017,0.00076847688232647,0.00275660951173526,False,5845,5578,1571,2024,1983
opposing,Mantis,Captain America,Support,Tank,-0.02306393278906702,-0.0004453561029926798,-0.034076969034009544,False,4865,4635,1272,1516,1847
opposing,Mantis,Rocket Raccoon,Support,Support,-0.002061627654278785,0.0007967257964972769,0.006100504293945575,False,29422,28040,6597,9105,12338
opposing,Mantis,Hela,Support,Damage,0.03885443268120242,-0.0007499736784165062,0.04382832056933893,False,16940,16039,3443,4738,7858
opposing,Mantis,Cloak & Dagger,Support,Support,-0.008334626874842408,-0.0029941045951647712,-0.00943602610056636,False,40939,39018,10983,12925,15110
opposing,Mantis,Black Panther,Support,Damage,-0.05254970007562401,-0.0005256956299785343,-0.052940727760661006,False,9859,9327,1980,3073,4274
opposing,Mantis,Groot,Support,Tank,-0.00520067929859758,-0.00017840943669807368,-0.008947007246348318,False,9046,8621,2085,2655,3881
opposing,Mantis,Ultron,Support,Support,0.003052089140666981,0.0012014089317854725,0.009308153211349897,False,5793,5365,1420,1736,2209
opposing,Mantis,Magik,Support,Damage,-0.03280839075202654,-0.002352194546924196,-0.03092316436651468,False,22001,21045,5108,6734,9203
opposing,Mantis,Moon Knight,Support,Damage,0.0199301731887324,0.0011574403010309842,0.024103775706960484,False,7462,7077,2578,2479,2020
opposing,Mantis,Luna Snow,Support,Support,0.01008774616718612,0.00029959431924183087,-0.00027090552441294194,False,29567,28210,6598,8870,12742
opposing,Mantis,Squirrel Girl,Support,Damage,-0.008279462952276054,-0.0006288680198237497,-0.0065495156176349125,False,4100,3932,1813,1261,858
opposing,Mantis,Black Widow,Support,Damage,0.006863883037561295,-0.0008634008846390597,0.014255794472540944,False,12705,12001,2512,3449,6040
opposing,Mantis,Iron Man,Support,Damage,-0.0006866518789780755,0.00039082124487250104,0.004926677066310002,False,6901,6563,2150,2316,2097
opposing,Mantis,Venom,Support,Tank,-0.024948706595580513,-0.0014728015577935645,-0.036013621441933236,False,15147,14337,3672,4509,6156
opposing,Mantis,Spider-man,Support,Damage,-0.022912085763755648,-0.004232824227255735,-0.023649367001115175,False,20788,19745,4612,6307,8826
opposing,Mantis,Magneto,Support,Tank,0.026739784501705076,-0.0012674132989855956,0.029212628293005558,False,52480,49960,11342,15887,22731
opposing,Mantis,Scarlet Witch,Support,Damage,0.003906292505036796,-0.0006398549458863284,0.0033735205694394024,False,5874,5651,2496,1820,1335
opposing,Mantis,Thor,Support,Tank,0.011189725279241296,-0.0018061008540357776,0.005323152925677902,False,11578,10982,2923,3499,4560
opposing,Mantis,Mister Fantastic,Support,Damage,-0.008355148423263572,-3.1652394590580458e-06,-0.0075143260498688165,False,5646,5410,1470,1842,2098
opposing,Mantis,Winter Soldier,Support,Damage,0.009270692364425417,0.00273272956682073,0.016299896245634663,False,32488,30931,6934,9924,14073
opposing,Mantis,Peni Parker,Support,Tank,-0.010623417573702004,0.001036852314308784,-0.012530713210734503,False,6386,6040,1758,1888,2394
opposing,Mantis,Star-lord,Support,Damage,0.030592058648039183,0.0007260138532263789,0.04020920713861454,False,7654,7330,1784,2290,3256
opposing,Mantis,Blade,Support,Damage,-0.012456402621672311,-0.0009463321047171488,-0.01009626500659171,False,6521,6181,1879,2088,2214
opposing,Mantis,Namor,Support,Damage,0.02631772414342879,-0.00032810294461497,0.03189179324300147,False,10851,10360,3158,3559,3643
opposing,Mantis,Adam Warlock,Support,Support,-0.006318330569939806,0.0001983799760768519,-0.004215080071264256,False,6098,5746,1299,1690,2757
opposing,Mantis,Jeff The Land Shark,Support,Support,-0.013847048930173822,-0.0013686403764032649,-0.013513218057469077,False,10417,9944,3086,3224,3634
opposing,Mantis,Psylocke,Support,Damage,0.018600868084820237,-0.0009221635751195681,0.02287503559623694,False,6861,6536,1542,2044,2950
opposing,Mantis,Wolverine,Support,Damage,-0.009839646789627648,0.0010835579121491123,-0.01560035057783368,False,6542,6207,1150,1830,3227
opposing,Mantis,Invisible Woman,Support,Support,-0.004232446706526037,0.00012561962804275711,-0.005442019915465925,False,34102,32441,8000,10348,14093
opposing,Mantis,The Thing,Support,Tank,0.02650845728580194,0.0032140042384481505,0.021701831147151386,False,18028,17099,4060,5402,7637
opposing,Mantis,Iron Fist,Support,Damage,-0.017604540274631045,-0.001175292616277721,-0.018379124579037856,False,12747,12168,2526,3763,5879
opposing,Mantis,Emma Frost,Support,Tank,-0.0010281763227296937,-0.0004978118366775754,-0.004774387297485271,False,24160,22834,6369,7341,9124
opposing,Mantis,Phoenix,Support,Damage,0.0021000389394127683,0.0007604170648439426,0.005006141813383282,False,6517,6293,1863,2074,2356
opposing,Mantis,Daredevil,Support,Damage,-0.01970908432520094,0.0008871319170347716,-0.019451267212829706,False,11565,10915,2073,3109,5733
opposing,Mantis,Angela,Support,Tank,-0.025708829407624173,-0.0005092676310847565,-0.03572180995046246,False,7059,6635,1478,2072,3085
opposing,Mantis,Gambit,Support,Support,0.008246232521652023,0.0011270467726383544,0.0049337818557583365,False,24945,23546,6291,7996,9259
opposing,Mantis,Elsa Bloodstone,Support,Damage,0.003338461245376649,0.0012806733674061196,0.0049024961592100446,False,11665,11128,3169,3753,4206
opposing,Mantis,White Fox,Support,Support,0.01473111026929787,0.00028902210600812074,0.012726973645907375,False,13640,13143,4761,4505,3877
opposing,Mantis,Black Cat,Support,Damage,-0.05214818036457754,-0.000773579672027208,-0.05849069797774607,False,8137,7919,2861,2852,2206
opposing,Mantis,Devil Dinosaur,Support,Tank,0.041208483153036636,0.00010340305404989523,0.04348482369149784,False,9685,9169,2993,3054,3122
opposing,Mantis,Cyclops,Support,Damage,0.03758662129718967,0.0015402027001863024,0.037027040087331424,False,14904,14258,4729,4723,4806
opposing,Mantis,Jubilee,Support,Support,0.006524363318835713,0.0010676255694875851,0.006116934898403752,False,40570,38867,11594,13349,13924
opposing,Mantis,Rogue,Support,Tank,0.014392894641508154,0.0002113948368207124,0.01255017206238774,False,7466,6935,1866,2258,2811
opposing,Mantis,The Hood,Support,Tank,0.020860335958416985,0.00494105863883098,0.019344013774959912,False,51904,50119,13321,16761,20037
opposing,Mantis,Deadpool (Vanguard),Support,Tank,0.011636218202318976,-0.00038001292080100006,0.010449970767445737,False,5722,5477,1839,1793,1845
opposing,Mantis,Deadpool (Duelist),Support,Damage,-0.034067532357843294,-0.0013913369613384997,-0.029718406381651585,False,8447,8000,1898,2575,3527
opposing,Mantis,Deadpool (Strategist),Support,Support,0.012228617939067115,-0.001773786521310893,0.015379413176293306,False,8301,7974,2524,2715,2735
opposing,Hawkeye,Captain America,Damage,Tank,-0.017109006026595357,0.0009699310457248604,-0.02051029033099162,False,1285,1234,501,444,289
opposing,Hawkeye,Rocket Raccoon,Damage,Support,-0.014965169897689269,-0.0008035491558744693,-0.019330497776803998,False,7939,7647,2589,2871,2187
opposing,Hawkeye,Hela,Damage,Damage,-0.005907448702460461,-0.0002045984678325098,-0.0012084327214141718,False,4738,4518,1396,1601,1521
opposing,Hawkeye,Cloak & Dagger,Damage,Support,0.02608945097051155,-0.0009568671583010946,0.030493388617475442,False,13626,13059,4941,4787,3331
opposing,Hawkeye,Black Panther,Damage,Damage,-0.03810182870038092,0.000866791431719956,-0.035863861869004796,False,2572,2463,724,934,805
opposing,Hawkeye,Groot,Damage,Tank,-0.0054568934086191585,-0.0003412933468232354,-0.009510833123551792,False,2400,2293,784,850,659
opposing,Hawkeye,Ultron,Damage,Support,-0.0056038586886962005,-0.00016650705985578286,-0.009805828795073343,False,1530,1436,520,539,377
opposing,Hawkeye,Magik,Damage,Damage,0.010536809444218082,3.865063311443862e-05,0.007837523577232348,False,5934,5701,1946,2082,1673
opposing,Hawkeye,Moon Knight,Damage,Damage,0.0024924517786451598,-0.000468095637196673,0.004424694255899118,False,2465,2337,1086,826,425
opposing,Hawkeye,Luna Snow,Damage,Support,-0.003821148378197229,0.0012652470551682865,-0.0017353609310293233,False,8070,7746,2540,2826,2380
opposing,Hawkeye,Squirrel Girl,Damage,Damage,0.0024808575871178773,-4.727829453446146e-05,0.00513584262190863,False,1353,1288,690,417,181
opposing,Hawkeye,Black Widow,Damage,Damage,0.0089698672706538,0.000822783639543791,0.012443996149080625,False,3598,3452,1095,1197,1160
opposing,Hawkeye,Iron Man,Damage,Damage,-0.018805001056542255,-0.0009563741094671033,-0.020837515354694632,False,2138,2019,837,765,417
opposing,Hawkeye,Venom,Damage,Tank,0.011982330336628965,0.001689278985802422,0.009738123033453314,False,3980,3825,1430,1300,1095
opposing,Hawkeye,Spider-man,Damage,Damage,0.0001837261686964875,0.0005874202399243255,0.002564481088995094,False,5694,5446,1773,2045,1628
opposing,Hawkeye,Magneto,Damage,Tank,-0.01151257787557999,-0.0017865510873607776,-0.006256473877082553,False,15501,14858,4685,5315,4858
opposing,Hawkeye,Scarlet Witch,Damage,Damage,0.0008726663790572597,0.0008575980877991057,0.0045732604934504255,False,1782,1723,939,541,243
opposing,Hawkeye,Thor,Damage,Tank,0.019062398735475657,0.00019166703248056153,0.021268034357757204,False,3243,3099,1193,1134,772
opposing,Hawkeye,Mister Fantastic,Damage,Damage,-0.011897731824103565,0.000377297655913264,-0.011179011160240606,False,1570,1508,586,543,379
opposing,Hawkeye,Winter Soldier,Damage,Damage,-0.010106558308436504,-0.0008371329857995644,-0.00862552566082537,False,9207,8826,2858,3238,2730
opposing,Hawkeye,Peni Parker,Damage,Tank,0.02872379317846023,-0.0003679797998168608,0.023231073862818728,False,1909,1812,671,667,474
opposing,Hawkeye,Star-lord,Damage,Damage,0.011086067214325755,0.00014173824461804615,0.013142652605565568,False,2088,2020,718,698,604
opposing,Hawkeye,Blade,Damage,Damage,-0.014117441191695652,0.00028137755234595405,-0.01635007391696241,False,1933,1856,784,660,412
opposing,Hawkeye,Namor,Damage,Damage,-0.01022296052053067,0.00031747271709928215,-0.005760791603573899,False,3184,3047,1229,1138,680
opposing,Hawkeye,Adam Warlock,Damage,Support,0.014337207258603579,4.159218516098054e-05,0.016470923929909773,False,1519,1456,488,512,456
opposing,Hawkeye,Jeff The Land Shark,Damage,Support,-0.008179968688240129,-0.0006762619887524683,-0.010249066423387564,False,2856,2731,1119,949,663
opposing,Hawkeye,Psylocke,Damage,Damage,0.0009368084991452987,-0.0003416864576876422,0.0036416362275337923,False,1934,1859,665,663,531
opposing,Hawkeye,Wolverine,Damage,Damage,0.006994240342627495,-0.00011680004316166529,0.009679439735993469,False,1762,1674,475,657,542
opposing,Hawkeye,Invisible Woman,Damage,Support,-0.030085891931235436,-0.0009080291354255607,-0.03043041240647378,False,8931,8573,2916,3063,2594
opposing,Hawkeye,The Thing,Damage,Tank,0.01506704113854635,0.0011832754906872002,0.009659021583325189,False,5086,4873,1655,1756,1462
opposing,Hawkeye,Iron Fist,Damage,Damage,0.038966322941326494,0.00014853914889694883,0.0400000728515879,False,3482,3337,1003,1229,1105
opposing,Hawkeye,Emma Frost,Damage,Tank,-0.008811293962877338,0.0007891540052269341,-0.013020150460285753,False,6787,6458,2550,2293,1615
opposing,Hawkeye,Phoenix,Damage,Damage,0.012313506348574777,-0.0005803033509071433,0.01648859965782931,False,2017,1947,786,689,472
opposing,Hawkeye,Daredevil,Damage,Damage,-0.013463070969056563,-4.958299771227268e-06,-0.014670613091423743,False,2950,2829,780,1049,1000
opposing,Hawkeye,Angela,Damage,Tank,-0.01057495819965651,-0.0001929958843915698,-0.012630922001042157,False,1799,1711,567,641,503
opposing,Hawkeye,Gambit,Damage,Support,0.029001068625982302,0.002781901111618194,0.03345719613019897,False,7958,7553,2494,2816,2243
opposing,Hawkeye,Elsa Bloodstone,Damage,Damage,-0.02552103171166824,-0.00015277617722476102,-0.023398972125069906,False,3562,3421,1231,1306,884
opposing,Hawkeye,White Fox,Damage,Support,-0.003676173776105093,0.0005743534916853154,-0.006191183366412083,False,3843,3725,1720,1269,736
opposing,Hawkeye,Black Cat,Damage,Damage,-0.0072323566078225515,-0.0005175029602025194,-0.005322222433452182,False,2359,2303,1121,806,376
opposing,Hawkeye,Devil Dinosaur,Damage,Tank,0.008891428245607307,0.0005732594344205195,0.00401682607392223,False,2749,2615,1122,955,538
opposing,Hawkeye,Cyclops,Damage,Damage,-0.005697962400509633,-0.0010501830946541342,-0.0009624600765815291,False,4524,4364,1935,1493,936
opposing,Hawkeye,Jubilee,Damage,Support,0.004361340771075995,-0.0012408718638153612,-0.0009100213114454548,False,11533,11086,4356,4152,2578
opposing,Hawkeye,Rogue,Damage,Tank,0.006366622255156165,0.000570219629182748,0.004127759309857395,False,2147,2037,743,746,548
opposing,Hawkeye,The Hood,Damage,Tank,-0.00898317017423109,-0.00028009991822507417,-0.012506984021216687,False,15742,15281,5409,5632,4240
opposing,Hawkeye,Deadpool (Vanguard),Damage,Tank,-0.019693191283801332,0.00042439802187699445,-0.0255895425930819,False,1645,1583,686,551,346
opposing,Hawkeye,Deadpool (Duelist),Damage,Damage,-0.0033563154152480928,0.0002714279727538361,-0.0027511169588153436,False,2158,2053,700,764,589
opposing,Hawkeye,Deadpool (Strategist),Damage,Support,0.012573981635047492,0.00033031258597715637,0.011625630209369126,False,2356,2263,953,801,509
opposing,Captain America,Rocket Raccoon,Tank,Support,0.003269310883221837,-0.00037158779740595674,0.0010281241382547142,False,6753,6457,2328,2109,2020
opposing,Captain America,Hela,Tank,Damage,0.011289411721833684,-0.0011686705124064887,0.007778159282679285,False,3600,3420,1184,1024,1212
opposing,Captain America,Cloak & Dagger,Tank,Support,-0.005292907679438573,0.00013205714420457337,-0.008751198908504336,False,10658,10193,4084,3338,2771
opposing,Captain America,Black Panther,Tank,Damage,0.011864291153390496,-8.732445951692103e-05,0.003010660126728924,False,2318,2182,658,786,738
opposing,Captain America,Groot,Tank,Tank,0.002197316070887284,-0.00010770647901655998,0.002416411041212091,False,2072,1982,697,671,614
opposing,Captain America,Ultron,Tank,Support,0.006143640651098689,0.00029484311390519965,0.008648017947478548,False,1311,1210,466,390,354
opposing,Captain America,Magik,Tank,Damage,-0.0020771947544513374,-0.00039079092654137804,0.004034149226002857,False,5184,4954,1706,1717,1531
opposing,Captain America,Moon Knight,Tank,Damage,0.000990968243164276,-0.00013216413166500717,0.001354917654612003,False,1891,1800,897,589,314
opposing,Captain America,Luna Snow,Tank,Support,-0.009863059102281933,0.0007447022996789044,-0.0059634681823428435,False,6405,6127,2093,1975,2059
opposing,Captain America,Squirrel Girl,Tank,Damage,-0.0011420368070728492,-0.0003438224312266025,-0.003288213527382639,False,1139,1087,658,328,101
opposing,Captain America,Black Widow,Tank,Damage,0.002797932323938273,-0.001260956239917542,-0.002691428854816319,False,2661,2538,762,769,1007
opposing,Captain America,Iron Man,Tank,Damage,0.009526838932926185,-0.000579499825316065,0.011601964843538648,False,1754,1676,760,537,379
opposing,Captain America,Venom,Tank,Tank,0.0009697856766938667,0.00019712955496948843,0.004859473087000322,False,3650,3469,1300,1122,1047
opposing,Captain America,Spider-man,Tank,Damage,0.049697730432024925,0.0013502366653442047,0.05399274522904194,False,4821,4608,1605,1538,1465
opposing,Captain America,Magneto,Tank,Tank,0.0064082744926006905,-0.000550396385246442,-0.01231231541776666,False,12873,12297,3978,4031,4288
opposing,Captain America,Scarlet Witch,Tank,Damage,-0.011213349993516433,0.0007210343230865439,-0.013426393250808265,False,1658,1588,934,445,209
opposing,Captain America,Thor,Tank,Tank,-0.008191333927785848,-0.0002509313528652787,-0.012003582347307666,False,2965,2819,1078,975,766
opposing,Captain America,Mister Fantastic,Tank,Damage,-0.006194942649163024,-0.000495041847324862,-0.006698754706876748,False,1479,1417,547,516,354
opposing,Captain America,Winter Soldier,Tank,Damage,0.02134997266202206,0.001528230070302059,0.019384998705562005,False,7605,7257,2351,2402,2504
opposing,Captain America,Peni Parker,Tank,Tank,-0.014240276254334938,0.0006706006686742078,-0.009012849010455615,False,1450,1395,582,425,388
opposing,Captain America,Star-lord,Tank,Damage,-0.02682539759793219,0.0005611755392917635,-0.03207386588801753,False,1773,1703,648,535,520
opposing,Captain America,Blade,Tank,Damage,-0.009555940422414658,0.00021822876529577258,-0.00703633749670712,False,1698,1605,682,516,407
opposing,Captain America,Namor,Tank,Damage,-0.01644658115917104,-0.0006518278930105028,-0.02514060763397879,False,2669,2552,1059,877,616
opposing,Captain America,Adam Warlock,Tank,Support,0.006587385195809138,0.0007764210495605473,0.004110630517998243,False,1205,1141,420,364,357
opposing,Captain America,Jeff The Land Shark,Tank,Support,0.011347949178719384,0.0006525972170799206,0.012555264676937898,False,2520,2419,1014,817,588
opposing,Captain America,Psylocke,Tank,Damage,-0.012235340359483371,0.0004679836889695795,-0.01525325251738944,False,1537,1477,507,492,478
opposing,Captain America,Wolverine,Tank,Damage,-0.01590554547216531,-0.001286513803649533,-0.0128477109227991,False,1431,1370,423,441,506
opposing,Captain America,Invisible Woman,Tank,Support,0.04858349846925586,0.00047087032038456076,0.050288713733939006,False,7437,7080,2513,2354,2213
opposing,Captain America,The Thing,Tank,Tank,-0.019114755177165255,0.0006308250082795216,-0.01002755238782923,False,3756,3601,1288,1146,1167
opposing,Captain America,Iron Fist,Tank,Damage,0.0031740944964704122,0.0006484874562134673,0.011080791615284137,False,2773,2665,854,923,888
opposing,Captain America,Emma Frost,Tank,Tank,-0.013095357312867198,0.0006502117025251529,-0.015067457145264411,False,5850,5537,2287,1743,1507
opposing,Captain America,Phoenix,Tank,Damage,0.006972684625434543,-0.00019410213537066697,0.004484292443843221,False,1559,1494,628,490,376
opposing,Captain America,Daredevil,Tank,Damage,-0.01789784298729343,-0.0009950888429588406,-0.0170967806101766,False,2468,2333,670,758,905
opposing,Captain America,Angela,Tank,Tank,0.006595711132468873,-0.0008575333535286861,0.005245193517741357,False,1594,1511,505,499,507
opposing,Captain America,Gambit,Tank,Support,-0.027025550954143635,-0.001612547733697957,-0.028949489891920203,False,6523,6174,2105,2167,1902
opposing,Captain America,Elsa Bloodstone,Tank,Damage,-0.022180940488595303,0.0010076367918022443,-0.028475767419197717,False,2871,2726,1055,934,737
opposing,Captain America,White Fox,Tank,Support,-0.016770668540010213,-0.0009074583790156303,-0.011795904749498634,False,3539,3423,1629,1089,705
opposing,Captain America,Black Cat,Tank,Damage,-0.014239160458019783,0.0004772753227683962,-0.0157012498728213,False,2215,2152,954,723,475
opposing,Captain America,Devil Dinosaur,Tank,Tank,0.000857570335827695,0.0001662619733566344,0.006656403924305866,False,2607,2489,1104,832,553
opposing,Captain America,Cyclops,Tank,Damage,0.006665860844357391,-0.0002961959549057089,0.007204377931250928,False,3704,3546,1628,1150,768
opposing,Captain America,Jubilee,Tank,Support,-0.026254244051676246,-0.0003134520038606663,-0.01844802899711167,False,9713,9311,3867,3157,2287
opposing,Captain America,Rogue,Tank,Tank,0.0001674310427354891,-0.00016468067774094914,0.00024498981652935903,False,1865,1747,632,580,535
opposing,Captain America,The Hood,Tank,Tank,0.030722516439287098,0.0007686740109517198,0.03528632572380287,False,13218,12787,4750,4275,3762
opposing,Captain America,Deadpool (Vanguard),Tank,Tank,-0.020165595063512995,-0.0002462848016317881,-0.022815397632729245,False,1346,1292,612,409,271
opposing,Captain America,Deadpool (Duelist),Tank,Damage,0.012404696646447803,-0.0003645829513319132,0.009711531538438367,False,1746,1659,574,584,501
opposing,Captain America,Deadpool (Strategist),Tank,Support,-0.021876384642160164,0.0006981684135860547,-0.02163445226677607,False,2062,1992,836,689,467
opposing,Rocket Raccoon,Hela,Support,Damage,-0.019568500046710197,-0.00211249689568411,-0.023408592477895052,False,21224,20223,5528,6291,8404
opposing,Rocket Raccoon,Cloak & Dagger,Support,Support,-0.00417381261504155,-0.001219986423616653,-0.013055673497076759,False,52403,50252,16703,16844,16705
opposing,Rocket Raccoon,Black Panther,Support,Damage,-0.0009959492791881636,-0.0014142486080137458,0.0035461281569970473,False,12961,12384,3186,4385,4813
opposing,Rocket Raccoon,Groot,Support,Tank,-0.004385402734351999,-0.00026025406824906847,0.0020722403779069756,False,11600,11114,3399,3715,4000
opposing,Rocket Raccoon,Ultron,Support,Support,0.018295486655998082,0.002047271469841931,0.018786104207738876,False,8172,7642,2537,2514,2591
opposing,Rocket Raccoon,Magik,Support,Damage,-0.013209260184940159,0.001354070638348697,-0.010385256206874778,False,29376,28331,8320,9768,10243
opposing,Rocket Raccoon,Moon Knight,Support,Damage,0.019800841366196337,-0.0009905377322815781,0.022447163678275133,False,10519,10027,4283,3452,2292
opposing,Rocket Raccoon,Luna Snow,Support,Support,0.02040332972513621,-0.0009241040749152524,0.00338326534052575,False,40508,38873,10767,12781,15325
opposing,Rocket Raccoon,Squirrel Girl,Support,Damage,0.04527070013741945,-0.0006572560183150815,0.052183304129940246,False,6258,6015,3072,1940,1003
opposing,Rocket Raccoon,Black Widow,Support,Damage,-0.031371692208885575,-0.0005430065052534741,-0.030270341408044063,False,16369,15650,4121,4838,6691
opposing,Rocket Raccoon,Iron Man,Support,Damage,0.029268254541048307,-0.0012082175917618866,0.037114833060507404,False,9966,9563,3596,3439,2528
opposing,Rocket Raccoon,Venom,Support,Tank,-0.002178868661746695,-0.0007508390348796848,0.0004885992005941195,False,20492,19565,6248,6510,6807
opposing,Rocket Raccoon,Spider-man,Support,Damage,-0.04339786734338026,0.00029889523028532697,-0.04820698500652515,False,27322,26191,7509,8989,9693
opposing,Rocket Raccoon,Magneto,Support,Tank,0.025131365344096518,-0.0034845166112358714,0.03741865766868016,False,71381,68352,18439,22407,27506
opposing,Rocket Raccoon,Scarlet Witch,Support,Damage,0.01630091379085556,0.0014139530405553192,0.015806355787653232,False,8740,8464,4258,2677,1529
opposing,Rocket Raccoon,Thor,Support,Tank,-0.029667077351453065,-0.0003605165069017695,-0.03202697708705066,False,16115,15466,5033,5333,5100
opposing,Rocket Raccoon,Mister Fantastic,Support,Damage,0.02852399233169492,-0.0004773979496189489,0.03246359357112721,False,7986,7681,2548,2749,2384
opposing,Rocket Raccoon,Winter Soldier,Support,Damage,-0.006778960991522084,0.0031572091193214917,-0.003267077508138553,False,43018,41239,11348,13860,16031
opposing,Rocket Raccoon,Peni Parker,Support,Tank,-0.013243838492376404,0.00018541336155319328,-0.0054993287362970445,False,8412,8049,2796,2712,2541
opposing,Rocket Raccoon,Star-lord,Support,Damage,-0.035580365564699803,0.001638373807806801,-0.0357458838290491,False,10232,9844,2969,3355,3520
opposing,Rocket Raccoon,Blade,Support,Damage,-0.018566593574788903,0.0029471897598905288,-0.018481343557180153,False,9299,8877,3301,3090,2486
opposing,Rocket Raccoon,Namor,Support,Damage,0.031897178217938076,-9.598880295136385e-05,0.036657565348492134,False,14507,13970,4983,5001,3986
opposing,Rocket Raccoon,Adam Warlock,Support,Support,0.004511310011637783,-0.0029269538738773988,4.6612730688754044e-05,False,8114,7739,2202,2492,3045
opposing,Rocket Raccoon,Jeff The Land Shark,Support,Support,-0.011881329212013287,0.0005439708084537814,-0.019727068094099857,False,14502,13947,5229,4651,4067
opposing,Rocket Raccoon,Psylocke,Support,Damage,-0.024857568819152114,-0.0006155990467846635,-0.027526819649064234,False,9165,8799,2593,2928,3278
opposing,Rocket Raccoon,Wolverine,Support,Damage,0.011055456824202167,-0.0003118341586672529,0.0063955272593925845,False,8329,7921,1917,2559,3445
opposing,Rocket Raccoon,Invisible Woman,Support,Support,0.012873792534636639,-0.0016356429720684202,0.0062374713023603725,False,46506,44612,13266,14897,16449
opposing,Rocket Raccoon,The Thing,Support,Tank,0.017959977592091607,0.0022859644101301366,0.021852433114850706,False,23738,22697,6533,7599,8565
opposing,Rocket Raccoon,Iron Fist,Support,Damage,-0.05313059861086047,0.00019009013806034483,-0.059857053935628235,False,17197,16582,4324,5641,6617
opposing,Rocket Raccoon,Emma Frost,Support,Tank,-0.009586606059734442,-0.00012726903537158907,-0.004635334487181254,False,31609,30094,10331,10152,9611
opposing,Rocket Raccoon,Phoenix,Support,Damage,-0.004736941703480174,-0.0014531383728071652,-0.004196575138203557,False,8875,8592,3074,2963,2555
opposing,Rocket Raccoon,Daredevil,Support,Damage,-0.04326185080461509,-0.0006157639640172618,-0.0474592432305029,False,15239,14532,3441,4621,6470
opposing,Rocket Raccoon,Angela,Support,Tank,-0.008189685383495293,-0.0025304131377475057,-0.005314144738842621,False,8978,8581,2423,2910,3248
opposing,Rocket Raccoon,Gambit,Support,Support,0.019947689379659055,0.0005903610952527202,0.010225802984400689,False,35439,33751,10451,11909,11391
opposing,Rocket Raccoon,Elsa Bloodstone,Support,Damage,0.0033459481525544735,-0.00042071506840179914,0.003399805201452819,False,17332,16647,5311,5778,5558
opposing,Rocket Raccoon,White Fox,Support,Support,0.0036892211972057104,0.0020271790761439874,-0.008859504961022046,False,20598,19902,8213,6737,4952
opposing,Rocket Raccoon,Black Cat,Support,Damage,-0.0012813392588813246,-0.0004559601462349925,-0.0027766154621701143,False,13154,12835,5139,4584,3112
opposing,Rocket Raccoon,Devil Dinosaur,Support,Tank,0.01832395020198009,0.001419994773720527,0.026995363842634592,False,13607,13020,5060,4481,3479
opposing,Rocket Raccoon,Cyclops,Support,Damage,0.03300574882488158,0.0006050412621703438,0.03036244482765255,False,20951,20163,7811,6874,5478
opposing,Rocket Raccoon,Jubilee,Support,Support,0.006621419314396177,0.0005230388556422124,-0.0023053359012998403,False,57440,55446,19268,19707,16471
opposing,Rocket Raccoon,Rogue,Support,Tank,-0.006537789906356894,0.0017118181522570884,-0.0016714280327710855,False,10152,9588,3168,3217,3203
opposing,Rocket Raccoon,The Hood,Support,Tank,-0.013251748022635991,-0.0014135879080055833,-0.010177424948006332,False,72810,70643,21817,24259,24567
opposing,Rocket Raccoon,Deadpool (Vanguard),Support,Tank,-0.010069484314382792,0.0014631752425668808,-0.004671203755827141,False,8015,7774,3060,2650,2064
opposing,Rocket Raccoon,Deadpool (Duelist),Support,Damage,-0.010213068197752037,-0.000993025994536194,-0.004393247929881197,False,11413,10920,3295,3765,3860
opposing,Rocket Raccoon,Deadpool (Strategist),Support,Support,0.020443786322687615,0.0004512240580096818,0.016551275198842485,False,12619,12163,4358,4259,3546
opposing,Hela,Cloak & Dagger,Damage,Support,0.000540839030241342,0.0010676796248907114,0.005639911751921107,False,33309,31777,9981,10169,11627
opposing,Hela,Black Panther,Damage,Damage,0.010393496587078043,0.0011507677316417466,0.011339477564207754,False,7136,6766,1527,2256,2983
opposing,Hela,Groot,Damage,Tank,-0.015173694998108568,-0.00016360300954764757,-0.014065076627908924,False,6543,6233,1697,1920,2616
opposing,Hela,Ultron,Damage,Support,0.037307530923202555,-0.0004954549272703745,0.042358196085562405,False,4237,3926,1170,1209,1547
opposing,Hela,Magik,Damage,Damage,-0.001279060946026628,0.0006870986356924169,-0.010095228321475065,False,16288,15578,4247,4840,6491
opposing,Hela,Moon Knight,Damage,Damage,-0.01157421655947707,-0.0007062311354108844,-0.01593891942651602,False,5776,5479,2229,1851,1399
opposing,Hela,Luna Snow,Damage,Support,0.006993423163557614,-0.0016498681886309256,0.014319743620694526,False,22405,21414,5378,6525,9511
opposing,Hela,Squirrel Girl,Damage,Damage,0.01772006495710819,-0.0009658200005101027,0.01642257470425504,False,3332,3203,1648,931,624
opposing,Hela,Black Widow,Damage,Damage,-0.04490471059952954,-0.003962197090051113,-0.05091215982796051,False,9966,9464,2180,2741,4543
opposing,Hela,Iron Man,Damage,Damage,0.037505024967500675,0.0016370095661970673,0.03480570087402861,False,4970,4709,1739,1598,1372
opposing,Hela,Venom,Damage,Tank,-0.0014662653148019922,-0.0011316945128720362,0.0010317460261117625,False,11225,10676,3061,3303,4312
opposing,Hela,Spider-man,Damage,Damage,0.0032685215476037513,0.0011191497963915268,0.0007244482209718115,False,15855,15059,3826,4649,6584
opposing,Hela,Magneto,Damage,Tank,-0.059455235344503116,0.000704274799739774,-0.05334223285168874,False,42258,40218,9732,12040,18446
opposing,Hela,Scarlet Witch,Damage,Damage,0.010686161258102326,0.0013620238076162573,0.010000223085575969,False,4474,4298,2075,1370,853
opposing,Hela,Thor,Damage,Tank,0.008262233658392118,-0.0006777047543475806,0.015508400159785718,False,8672,8250,2478,2649,3123
opposing,Hela,Mister Fantastic,Damage,Damage,0.00881489856194822,-0.0012379573083578272,0.0060190177794521935,False,4277,4101,1337,1300,1464
opposing,Hela,Winter Soldier,Damage,Damage,-0.027795681126433786,0.0011041010725050216,-0.03290139018150556,False,24820,23679,5880,7162,10637
opposing,Hela,Peni Parker,Damage,Tank,0.008875660784081925,-0.001670311197874163,0.0074043331717033424,False,4835,4591,1483,1449,1659
opposing,Hela,Star-lord,Damage,Damage,0.00408383477300698,-0.0017992442389525383,0.00040862969169816303,False,5748,5502,1560,1697,2245
opposing,Hela,Blade,Damage,Damage,0.018605454762532,0.00026070773164424546,0.013819041836360329,False,5194,4939,1719,1566,1654
opposing,Hela,Namor,Damage,Damage,0.03212152813592107,0.0013950214364335646,0.03479964426815085,False,8052,7735,2739,2601,2395
opposing,Hela,Adam Warlock,Damage,Support,-0.020735352899095692,-0.0017040318862102674,-0.01909699468025226,False,4695,4437,1071,1300,2066
opposing,Hela,Jeff The Land Shark,Damage,Support,-0.0003390377161445137,-0.0014812826305435228,0.0024606924874696545,False,7733,7416,2567,2380,2469
opposing,Hela,Psylocke,Damage,Damage,-0.0071206003641612154,-0.0014693447991533687,-0.01023197722208037,False,5506,5262,1380,1653,2229
opposing,Hela,Wolverine,Damage,Damage,0.002454029586621158,2.386307334746672e-05,-0.000395599757736502,False,5029,4775,1027,1327,2421
opposing,Hela,Invisible Woman,Damage,Support,-0.0470488762778632,-0.001625399146355616,-0.045625058229180365,False,24951,23812,6412,7293,10107
opposing,Hela,The Thing,Damage,Tank,0.02484354701186578,0.0020389198233169113,0.0267937602834669,False,13752,13025,3427,3936,5662
opposing,Hela,Iron Fist,Damage,Damage,-0.021675170984183586,0.001981005068718979,-0.03066435246520611,False,9418,8971,2066,2806,4099
opposing,Hela,Emma Frost,Damage,Tank,-0.00892745579812976,-0.0032956264136285132,-0.006892363468857228,False,18279,17296,5561,5300,6435
opposing,Hela,Phoenix,Damage,Damage,-0.002026811932564446,0.0011302449453872733,-0.004170555963044176,False,4900,4705,1590,1537,1578
opposing,Hela,Daredevil,Damage,Damage,0.026630922375543525,-0.0026719272897300483,0.023459287843501226,False,8826,8361,1711,2463,4187
opposing,Hela,Angela,Damage,Tank,-0.029411290081957663,0.0004912523662982546,-0.02733189563888488,False,5126,4884,1257,1498,2129
opposing,Hela,Gambit,Damage,Support,0.01739407445924545,-0.00031992795091246266,0.02428803925986966,False,20164,19020,5170,6145,7705
opposing,Hela,Elsa Bloodstone,Damage,Damage,0.009433698206038977,0.00027368423778664547,0.009180524308810762,False,8816,8435,2643,2777,3015
opposing,Hela,White Fox,Damage,Support,-0.004278057410700412,-0.00039466460480529425,-0.0029795908880821667,False,9899,9482,3892,2958,2632
opposing,Hela,Black Cat,Damage,Damage,0.005151729875702853,-0.0005351088659260267,0.0028809790915121265,False,6034,5895,2428,1900,1567
opposing,Hela,Devil Dinosaur,Damage,Tank,0.009966547461018103,-0.0011870180732946932,0.01147007687172054,False,6904,6561,2505,2074,1982
opposing,Hela,Cyclops,Damage,Damage,-0.008993164563010133,-0.0016428861045948225,-0.009692890289325197,False,11265,10768,3983,3456,3329
opposing,Hela,Jubilee,Damage,Support,0.02135521741026467,0.0018179751225491164,0.022096801474891455,False,29601,28396,9443,9416,9537
opposing,Hela,Rogue,Damage,Tank,-0.005718066112641789,0.002141348684565055,-0.0030610834945408423,False,5798,5410,1597,1696,2117
opposing,Hela,The Hood,Damage,Tank,-0.02123372668158541,0.001987036498707277,-0.019880377914956483,False,40556,39138,11208,12555,15375
opposing,Hela,Deadpool (Vanguard),Damage,Tank,0.015032815705431676,-0.0010933685842692748,0.019304943227787832,False,4462,4291,1619,1365,1307
opposing,Hela,Deadpool (Duelist),Damage,Damage,0.009309086595936183,0.0038917695143478566,0.005755905336020549,False,6519,6171,1713,1976,2482
opposing,Hela,Deadpool (Strategist),Damage,Support,-0.011230608393209726,0.0014379817862180842,-0.011265822005170593,False,6246,6001,2168,1849,1984
opposing,Cloak & Dagger,Black Panther,Support,Damage,-0.006369862038669142,0.0023452368729314594,-0.006136961614972569,False,18158,17264,5085,6058,6121
opposing,Cloak & Dagger,Groot,Support,Tank,-0.009163649881416012,-0.002492838790657165,-0.0036329057026926823,False,18204,17466,5991,5971,5504
opposing,Cloak & Dagger,Ultron,Support,Support,-0.005699821965155649,0.0018242687395096558,-0.0014490019379606086,False,11818,11023,4089,3614,3320
opposing,Cloak & Dagger,Magik,Support,Damage,-0.032479598431115295,-0.00010684882269385535,-0.03570182465137533,False,42073,40429,13713,13737,12979
opposing,Cloak & Dagger,Moon Knight,Support,Damage,0.00683846504090984,0.0010293228051108036,0.004227052394774309,False,18406,17566,8212,5897,3457
opposing,Cloak & Dagger,Luna Snow,Support,Support,-0.026075083214794365,-0.004300957416160031,-0.0434227822728191,False,55921,53585,17099,17621,18865
opposing,Cloak & Dagger,Squirrel Girl,Support,Damage,-0.01502593428450146,0.0006590645989241822,-0.019287847512274293,False,10696,10272,5776,3080,1416
opposing,Cloak & Dagger,Black Widow,Support,Damage,-0.013139366362985164,-0.0005297015328362467,-0.01339641274895962,False,25591,24477,7672,7761,9044
opposing,Cloak & Dagger,Iron Man,Support,Damage,0.010146714351110883,0.0006263908987645729,0.011965662429274285,False,16340,15633,6616,5502,3515
opposing,Cloak & Dagger,Venom,Support,Tank,0.05700989399379112,-0.00205107464087939,0.06903087521230016,False,29513,28213,10200,9249,8764
opposing,Cloak & Dagger,Spider-man,Support,Damage,0.01742263320460491,0.0018246395023271732,0.016578640192404653,False,38509,36843,11876,12440,12527
opposing,Cloak & Dagger,Magneto,Support,Tank,-0.011157606878892919,0.0022459476620738466,-0.004861437160761512,False,92845,88993,28094,29449,31450
opposing,Cloak & Dagger,Scarlet Witch,Support,Damage,0.02045603639026585,0.00040426614230659334,0.016843430794436294,False,14953,14477,7920,4421,2136
opposing,Cloak & Dagger,Thor,Support,Tank,0.008415102536167812,-0.002095105467241587,0.012016586783323213,False,24746,23674,8773,8116,6785
opposing,Cloak & Dagger,Mister Fantastic,Support,Damage,-0.0007518505669563719,-0.0004577333513291789,-0.004109167607409012,False,13033,12536,4831,4442,3263
opposing,Cloak & Dagger,Winter Soldier,Support,Damage,0.008323660991812854,-0.005696165918572871,0.010085934305559733,False,61550,59011,18957,19857,20197
opposing,Cloak & Dagger,Peni Parker,Support,Tank,-0.032188441356129305,-0.0029296564920197514,-0.027647566273767736,False,13546,12913,5015,4272,3626
opposing,Cloak & Dagger,Star-lord,Support,Damage,0.01413664967330733,-0.0006732194935450906,0.016548320396155405,False,16237,15668,5652,5304,4712
opposing,Cloak & Dagger,Blade,Support,Damage,-0.03663046936957189,0.001263595396432205,-0.042440641743864534,False,15215,14595,6083,4966,3546
opposing,Cloak & Dagger,Namor,Support,Damage,-0.01510878506935181,2.0979636912415427e-05,-0.019861581267262507,False,23012,22195,8804,7737,5654
opposing,Cloak & Dagger,Adam Warlock,Support,Support,0.0011497927100448042,0.0022369579415304898,0.00419689632628834,False,12151,11553,3740,3686,4127
opposing,Cloak & Dagger,Jeff The Land Shark,Support,Support,-0.01349845413336583,0.0001441415779354202,-0.013515229867307028,False,20501,19720,8186,6335,5199
opposing,Cloak & Dagger,Psylocke,Support,Damage,0.014619534091130083,-0.0010926015602407216,0.013247483207449718,False,14933,14328,4858,4716,4754
opposing,Cloak & Dagger,Wolverine,Support,Damage,-0.05056397595638532,-0.003577771642775103,-0.06656377253632187,False,13213,12632,3544,4327,4761
opposing,Cloak & Dagger,Invisible Woman,Support,Support,-0.019798540822980916,-0.000976628572247313,-0.024252300440978175,False,60127,57637,19416,18995,19226
opposing,Cloak & Dagger,The Thing,Support,Tank,0.002336868039900714,0.000548114563667379,0.0035595003140144934,False,34404,32933,10891,11061,10981
opposing,Cloak & Dagger,Iron Fist,Support,Damage,0.02107011879042384,6.159512561394817e-05,0.019981315223263095,False,25334,24342,7406,8314,8622
opposing,Cloak & Dagger,Emma Frost,Support,Tank,-0.0402858541155632,-0.0011798605616410729,-0.04042735662259714,False,50347,48027,18668,15913,13446
opposing,Cloak & Dagger,Phoenix,Support,Damage,-0.0014316635452565963,0.0012332100634400637,-0.004115575127755548,False,14964,14463,5775,4960,3728
opposing,Cloak & Dagger,Daredevil,Support,Damage,0.0326057821639634,0.00041085315581946343,0.03425440594159439,False,21770,20737,5764,6937,8036
opposing,Cloak & Dagger,Angela,Support,Tank,-0.008479680824296933,-0.00300221028580981,-0.005809712946102025,False,14432,13747,4451,4761,4535
opposing,Cloak & Dagger,Gambit,Support,Support,0.010305770745756343,-0.003815824574684384,0.006953794096361499,False,46092,43835,15674,15379,12782
opposing,Cloak & Dagger,Elsa Bloodstone,Support,Damage,0.014809816725563845,0.001250274754189761,0.012659219428534842,False,25073,24119,9380,8298,6441
opposing,Cloak & Dagger,White Fox,Support,Support,0.0055814711557118655,0.0014112448161231535,0.00149977630560379,False,27593,26569,12337,8628,5604
opposing,Cloak & Dagger,Black Cat,Support,Damage,0.006936102413703042,0.0005565063015401737,0.0028305685019337813,False,17602,17242,8242,5700,3300
opposing,Cloak & Dagger,Devil Dinosaur,Support,Tank,-0.02590599679310944,0.001859291053667854,-0.0245019338472804,False,22032,21096,9143,7032,4921
opposing,Cloak & Dagger,Cyclops,Support,Damage,0.050085665502568204,-0.0012491089785502598,0.04593991317249648,False,33216,31900,13774,10539,7587
opposing,Cloak & Dagger,Jubilee,Support,Support,0.022994129457686044,0.0030208619053478866,0.025167216492797653,False,80611,77629,30405,26625,20599
opposing,Cloak & Dagger,Rogue,Support,Tank,-0.02162168361386977,0.001286680934620545,-0.01933848529960603,False,15519,14638,5602,4884,4152
opposing,Cloak & Dagger,The Hood,Support,Tank,0.01331637547847335,-0.00045746158936568407,0.020501609188023795,False,91277,88406,31273,29830,27303
opposing,Cloak & Dagger,Deadpool (Vanguard),Support,Tank,0.025165502802437456,-0.00044221652627642044,0.03606758279129601,False,13092,12633,5674,4175,2784
opposing,Cloak & Dagger,Deadpool (Duelist),Support,Damage,0.007376726262249291,0.002956590279453805,0.011757832920066782,False,18055,17196,5911,5915,5370
opposing,Cloak & Dagger,Deadpool (Strategist),Support,Support,0.014974702167143564,0.0009850056372527386,0.01821079796704535,False,17097,16484,6856,5497,4131
opposing,Black Panther,Groot,Damage,Tank,0.0018241287081496422,-0.0012541787906710676,0.010254468601709248,False,3981,3793,1035,1373,1385
opposing,Black Panther,Ultron,Damage,Support,-0.009156454132017986,0.0009715938113750957,-0.01597438812299051,False,2828,2631,780,941,910
opposing,Black Panther,Magik,Damage,Damage,0.012310240346917207,0.0019225840341173825,0.00446671582474081,False,9985,9534,2453,3290,3791
opposing,Black Panther,Moon Knight,Damage,Damage,0.033572193796009425,-0.0007420948494066339,0.03270470250724593,False,3149,2965,1168,1071,726
opposing,Black Panther,Luna Snow,Damage,Support,-0.009869369360246186,0.0014679924861567273,-0.01071149899001456,False,13195,12583,3184,4315,5084
opposing,Black Panther,Squirrel Girl,Damage,Damage,0.01191369444753358,-0.0005638402987130761,0.010037193303750995,False,1829,1748,827,578,343
opposing,Black Panther,Black Widow,Damage,Damage,-0.0009438724846841028,-0.0006032011648061381,-0.0035489559140909036,False,5598,5317,1230,1695,2392
opposing,Black Panther,Iron Man,Damage,Damage,0.005455358709138302,0.000979982469263216,7.756006483377685e-05,False,3327,3172,1100,1196,876
opposing,Black Panther,Venom,Damage,Tank,0.006630755695479402,-0.0002140840324991718,0.015447925618722763,False,7065,6721,1927,2293,2501
opposing,Black Panther,Spider-man,Damage,Damage,-0.021673980710626855,0.000601298986589152,-0.026327955468080713,False,9689,9200,2353,3162,3685
opposing,Black Panther,Magneto,Damage,Tank,-0.008519206173412492,-0.00021770950955913383,0.008738227798965497,False,24727,23474,5442,7893,10139
opposing,Black Panther,Scarlet Witch,Damage,Damage,0.0008184274042979194,-2.5762811237582544e-05,-0.000771430726696257,False,2686,2579,1170,840,569
opposing,Black Panther,Thor,Damage,Tank,-0.050305791701238355,0.0003396972880990489,-0.044249441620719504,False,5578,5297,1557,1890,1850
opposing,Black Panther,Mister Fantastic,Damage,Damage,0.009287147831554123,-0.0006839742840573331,0.006414545740463103,False,2812,2680,833,984,863
opposing,Black Panther,Winter Soldier,Damage,Damage,0.004752874718630957,0.000572835229395764,0.002136548881000893,False,14402,13731,3271,4682,5778
opposing,Black Panther,Peni Parker,Damage,Tank,-0.011356863565263652,0.0018094036600315964,-0.009699997869336544,False,2701,2535,800,838,897
opposing,Black Panther,Star-lord,Damage,Damage,-0.03095937571567409,0.0018390592999918095,-0.03755253888624086,False,3304,3141,828,1133,1180
opposing,Black Panther,Blade,Damage,Damage,-0.01408164616023988,0.0008711495976736112,-0.02159752841039677,False,2932,2783,914,953,916
opposing,Black Panther,Namor,Damage,Damage,0.010295886794163845,-0.0009544495287006212,0.011113450368889582,False,4719,4490,1318,1668,1504
opposing,Black Panther,Adam Warlock,Damage,Support,-0.01395526223543733,0.0002661998882365915,-0.017529993705066416,False,2701,2556,694,845,1017
opposing,Black Panther,Jeff The Land Shark,Damage,Support,0.02448009649303587,0.0005383084005758398,0.024321617451367773,False,4562,4338,1459,1490,1389
opposing,Black Panther,Psylocke,Damage,Damage,0.0010381298806159032,-0.0004045397712873437,-0.0015350498078845502,False,3129,2972,769,988,1215
opposing,Black Panther,Wolverine,Damage,Damage,0.021020073630921562,0.0009814119441891108,0.019541226559944468,False,2760,2615,536,889,1190
opposing,Black Panther,Invisible Woman,Damage,Support,-0.0036737041758885943,-0.005595853613963545,-0.0028885906358887396,False,14429,13748,3676,4730,5342
opposing,Black Panther,The Thing,Damage,Tank,-0.029748234318844134,0.0009589207039358847,-0.028539963827497593,False,6833,6523,1668,2252,2603
opposing,Black Panther,Iron Fist,Damage,Damage,0.016778535267101595,0.0010884566700270803,0.010751149036018417,False,5690,5441,1268,1847,2326
opposing,Black Panther,Emma Frost,Damage,Tank,0.01679184914313411,0.0018343792106750437,0.02713102764036889,False,10411,9842,3030,3418,3394
opposing,Black Panther,Phoenix,Damage,Damage,0.02201891439600544,0.000624570831744469,0.021684327221647835,False,2743,2641,813,963,865
opposing,Black Panther,Daredevil,Damage,Damage,0.0015266293148661467,-0.000916122343119876,-0.003767849912193811,False,5336,5075,1084,1725,2266
opposing,Black Panther,Angela,Damage,Tank,-0.0032913623153281416,6.698847575649352e-05,0.007137243394168401,False,3186,2998,758,1098,1142
opposing,Black Panther,Gambit,Damage,Support,0.00322941781523548,0.0029469039642529954,0.0022921995139286323,False,12181,11475,2896,4102,4477
opposing,Black Panther,Elsa Bloodstone,Damage,Damage,-0.03312202068872568,-0.0007159377956642496,-0.036894153347698536,False,4764,4563,1421,1623,1519
opposing,Black Panther,White Fox,Damage,Support,-0.01431273339882899,-0.0007555800823323861,-0.02032920239615663,False,6645,6405,2400,2211,1794
opposing,Black Panther,Black Cat,Damage,Damage,-0.0055147755159425755,0.0001339939923357992,-0.008753347981628403,False,4128,4014,1560,1445,1009
opposing,Black Panther,Devil Dinosaur,Damage,Tank,0.010793648273284011,-8.730613059247601e-05,0.0177974716286275,False,4600,4378,1531,1522,1325
opposing,Black Panther,Cyclops,Damage,Damage,-0.02199661727386329,-0.0013330838297495675,-0.023851120467210073,False,6501,6213,2170,2140,1903
opposing,Black Panther,Jubilee,Damage,Support,0.009217717483570186,-0.0007804215999997398,0.002381513035930349,False,17693,16958,5334,6145,5479
opposing,Black Panther,Rogue,Damage,Tank,-0.0045870421104197345,8.920523478988401e-05,0.003604467558883257,False,3448,3207,945,1118,1144
opposing,Black Panther,The Hood,Damage,Tank,-0.014980168700009218,-0.002047557667191123,-0.007515304164723524,False,24266,23421,6483,8134,8804
opposing,Black Panther,Deadpool (Vanguard),Damage,Tank,-0.020053568438835753,-0.0007796132198240488,-0.01432634720045906,False,2577,2472,907,884,681
opposing,Black Panther,Deadpool (Duelist),Damage,Damage,0.00833816753498696,-4.031467303115239e-05,0.004592811500031919,False,3525,3330,903,1090,1337
opposing,Black Panther,Deadpool (Strategist),Damage,Support,-0.028223526652184007,0.0005527853534666674,-0.03644345606794647,False,3976,3819,1281,1349,1189
opposing,Groot,Ultron,Tank,Support,-0.03472766953745495,0.00047680561280371284,-0.043187723936173275,False,2455,2305,769,803,733
opposing,Groot,Magik,Tank,Damage,-0.04654083460077062,-0.0005819579905075184,-0.04347263910088464,False,8866,8512,2585,3062,2865
opposing,Groot,Moon Knight,Tank,Damage,-0.022401682727389585,0.0009597149139376303,-0.022707501181382646,False,3215,3058,1360,1064,634
opposing,Groot,Luna Snow,Tank,Support,-0.0026332942327377856,0.0015119177954597406,-0.0019676050878454435,False,11719,11215,3211,3735,4269
opposing,Groot,Squirrel Girl,Tank,Damage,-0.014691737252732828,0.00010668826014445951,-0.016398997850789312,False,1901,1828,993,555,280
opposing,Groot,Black Widow,Tank,Damage,0.007887333968280296,-0.0003934098800701873,0.0049363482131253855,False,5064,4829,1253,1535,2041
opposing,Groot,Iron Man,Tank,Damage,-0.01154180963616906,-0.00011312535645211674,-0.00987468208973419,False,2966,2854,1112,1039,703
opposing,Groot,Venom,Tank,Tank,-0.007923607111822653,0.00024248294842314083,-0.00528318032070704,False,6130,5837,1900,1947,1990
opposing,Groot,Spider-man,Tank,Damage,0.020735436157270134,-0.0010748343512883296,0.023733333156230323,False,8247,7875,2345,2679,2851
opposing,Groot,Magneto,Tank,Tank,0.01747380151335912,-0.0006170014250609716,0.000574554031381686,False,21443,20565,5696,6730,8139
opposing,Groot,Scarlet Witch,Tank,Damage,0.006102694369077618,-0.0005058255765585929,0.0078052033250786915,False,2667,2577,1343,805,429
opposing,Groot,Thor,Tank,Tank,0.003282446424071982,-0.0004033231818238364,0.001354348637724608,False,4932,4738,1607,1619,1512
opposing,Groot,Mister Fantastic,Tank,Damage,0.016207171851270536,0.0011758567187936373,0.020191793533364602,False,2452,2356,834,846,676
opposing,Groot,Winter Soldier,Tank,Damage,0.020428562594572392,-0.00046073181528569006,0.020324922083186033,False,13396,12847,3515,4294,5038
opposing,Groot,Peni Parker,Tank,Tank,0.01153322264262084,-0.0012791072203776866,0.020844757218920443,False,2690,2551,874,846,831
opposing,Groot,Star-lord,Tank,Damage,-0.00587440863993053,0.0017894108137549668,-0.006797894144163316,False,3092,2983,1015,951,1017
opposing,Groot,Blade,Tank,Damage,-0.007133636067811843,-6.505485246981659e-06,-0.002376072523118105,False,2870,2754,1066,958,730
opposing,Groot,Namor,Tank,Damage,0.0267432932019597,0.0014204529547038555,0.024879178912807505,False,4423,4248,1593,1550,1105
opposing,Groot,Adam Warlock,Tank,Support,0.016761044085442035,-0.00029621103378421116,0.011523513457241511,False,2466,2344,671,741,932
opposing,Groot,Jeff The Land Shark,Tank,Support,0.0288474390332484,0.0008502247137948546,0.028471344271864162,False,4273,4109,1554,1385,1170
opposing,Groot,Psylocke,Tank,Damage,0.023838072144829598,0.0006722395035989393,0.026848492677717738,False,2716,2606,813,889,904
opposing,Groot,Wolverine,Tank,Damage,-0.02007921608013202,-0.0005076879653740378,-0.01552637413558552,False,2617,2489,631,829,1029
opposing,Groot,Invisible Woman,Tank,Support,-0.0014051176085039135,-0.0021690229793097505,-0.012129615342541353,False,13596,13024,3961,4384,4679
opposing,Groot,The Thing,Tank,Tank,-0.0038086924250740634,-9.728924435154237e-05,0.007752242905164614,False,7486,7094,2029,2375,2690
opposing,Groot,Iron Fist,Tank,Damage,-0.006992059083282789,-0.00010384105843015454,0.001734667953119892,False,4996,4802,1301,1651,1850
opposing,Groot,Emma Frost,Tank,Tank,-0.03187628742328127,-0.0011255118648709594,-0.03661880746285356,False,10724,10140,3466,3351,3323
opposing,Groot,Phoenix,Tank,Damage,0.00814860249295274,0.0013362271284601812,0.007757781243615558,False,2753,2668,969,932,767
opposing,Groot,Daredevil,Tank,Damage,0.0018974058367885412,0.00023949696843216601,0.006893271479179063,False,4446,4246,1042,1441,1763
opposing,Groot,Angela,Tank,Tank,0.01707126928778429,-0.0005591980115248566,0.01745132966060931,False,2824,2683,766,917,1000
opposing,Groot,Gambit,Tank,Support,-0.005518255562556297,-0.0002463883337200223,-0.00838149315576553,False,11026,10476,3226,3730,3520
opposing,Groot,Elsa Bloodstone,Tank,Damage,0.03480249080703558,9.330804350426095e-05,0.036891245936579116,False,5404,5180,1617,1770,1793
opposing,Groot,White Fox,Tank,Support,0.011621781693898423,-0.00194468005550853,0.016763789571493264,False,5697,5510,2337,1908,1265
opposing,Groot,Black Cat,Tank,Damage,-0.004698011937212083,-0.00011180224525031921,-0.0031202929011197073,False,3939,3839,1551,1362,926
opposing,Groot,Devil Dinosaur,Tank,Tank,-0.010644002933078947,-0.00037670917974246866,-0.006495688499236255,False,4357,4166,1680,1432,1054
opposing,Groot,Cyclops,Tank,Damage,-0.014866789193138193,-0.0007350368988901041,-0.014788534372082728,False,6481,6241,2527,2152,1562
opposing,Groot,Jubilee,Tank,Support,-0.028000431917289577,0.0015355429583591151,-0.02487068247020777,False,16766,16136,5827,5737,4572
opposing,Groot,Rogue,Tank,Tank,0.012035141410741907,0.0008284998300915632,0.01405745543557923,False,3191,3012,1015,1039,958
opposing,Groot,The Hood,Tank,Tank,-0.0017028490378557925,0.0005007028132319718,-0.002008603863088764,False,22172,21539,6880,7505,7154
opposing,Groot,Deadpool (Vanguard),Tank,Tank,0.0030347401936356975,0.0006936084575103465,0.004073173627638638,False,2571,2481,1031,825,625
opposing,Groot,Deadpool (Duelist),Tank,Damage,-0.018699688095596977,-0.00019526971909787186,-0.02293125042242942,False,3373,3199,1015,1072,1112
opposing,Groot,Deadpool (Strategist),Tank,Support,0.025678651896365205,-0.0017567429655644187,0.029167529729217392,False,3474,3345,1263,1194,888
opposing,Ultron,Magik,Support,Damage,0.04912494092596379,6.769697780130182e-06,0.06074752617127871,False,6224,5854,1924,2031,1899
opposing,Ultron,Moon Knight,Support,Damage,0.019633999608845917,-3.236593375559365e-05,0.023266272829642456,False,2221,2053,957,686,410
opposing,Ultron,Luna Snow,Support,Support,0.01942630881381951,0.0017583525122532846,0.0050644388310466925,False,7799,7254,2269,2371,2614
opposing,Ultron,Squirrel Girl,Support,Damage,0.03546481906609739,-0.0005743044854516952,0.042158494053089475,False,1361,1279,747,364,168
opposing,Ultron,Black Widow,Support,Damage,-0.05950789663082436,-0.0016861086921584625,-0.06091676525433865,False,3215,2983,862,984,1137
opposing,Ultron,Iron Man,Support,Damage,0.0004898472426627742,-2.840146738713842e-05,0.005745930978210224,False,2004,1862,775,638,449
opposing,Ultron,Venom,Support,Tank,0.03727869681277025,-0.00042629582103895756,0.04200394094057737,False,4197,3908,1392,1315,1201
opposing,Ultron,Spider-man,Support,Damage,-0.022405230633387504,0.0015604791895327372,-0.02358346257939675,False,5374,5022,1612,1693,1717
opposing,Ultron,Magneto,Support,Tank,0.0009068598602017244,-0.0017360124102073376,0.00501730990336407,False,15340,14300,4311,4627,5362
opposing,Ultron,Scarlet Witch,Support,Damage,0.022194634034298045,-0.00025457313523015733,0.02344359718991258,False,1956,1836,980,539,317
opposing,Ultron,Thor,Support,Tank,-0.01064440334307304,0.00014049117937707447,-0.014230705798833482,False,3232,3028,1116,990,922
opposing,Ultron,Mister Fantastic,Support,Damage,0.018530171743102272,0.001157049858799452,0.022227351537347027,False,1695,1590,622,544,424
opposing,Ultron,Winter Soldier,Support,Damage,-0.04244264480479874,-0.0025204970713932624,-0.04238191566968825,False,8873,8293,2570,2769,2954
opposing,Ultron,Peni Parker,Support,Tank,0.004736892326420844,0.000581350206850771,0.011087544206868702,False,1924,1758,673,587,498
opposing,Ultron,Star-lord,Support,Damage,-0.01459412806721666,0.00019313188985732566,-0.011129560515994024,False,2096,1977,716,594,667
opposing,Ultron,Blade,Support,Damage,-0.010808106963300012,0.0014559831865419294,-0.008746239990868607,False,1933,1790,728,615,447
opposing,Ultron,Namor,Support,Damage,-0.02391459870874794,-0.0010535812166345719,-0.02512387756564309,False,3022,2830,1145,974,711
opposing,Ultron,Adam Warlock,Support,Support,-0.015641434288258448,0.0005439630659383659,-0.02093443232892975,False,1633,1494,488,474,532
opposing,Ultron,Jeff The Land Shark,Support,Support,0.02231039538794573,-4.4124276775885434e-05,0.023517168273383297,False,2898,2727,1157,861,709
opposing,Ultron,Psylocke,Support,Damage,0.00312278528219718,0.0015215955745131562,0.004957884843340265,False,1882,1745,563,585,597
opposing,Ultron,Wolverine,Support,Damage,0.012917520822387918,-9.358700241510297e-05,0.009497155385738098,False,1613,1485,433,498,554
opposing,Ultron,Invisible Woman,Support,Support,0.009771185499603034,-5.3189350983810885e-05,0.005406588464852242,False,9347,8740,2903,2920,2917
opposing,Ultron,The Thing,Support,Tank,0.013976610318358848,0.0011861050561004962,0.012945263629186982,False,4812,4473,1429,1466,1578
opposing,Ultron,Iron Fist,Support,Damage,-0.025522863070918146,-0.0006252084782456074,-0.02779154532480658,False,3352,3129,923,1080,1126
opposing,Ultron,Emma Frost,Support,Tank,-0.01163861476354651,-0.00047822953719156217,-0.011300748489901319,False,6680,6146,2356,2018,1772
opposing,Ultron,Phoenix,Support,Damage,-0.006740491813038447,0.0006300144497250939,-0.00544376288307007,False,1881,1790,682,613,495
opposing,Ultron,Daredevil,Support,Damage,-0.04239153875002184,0.0007048611672352354,-0.045473336040698954,False,2997,2771,744,890,1137
opposing,Ultron,Angela,Support,Tank,-0.007605992473433326,-0.00029153486783175836,-0.008920262225458898,False,1842,1701,524,610,567
opposing,Ultron,Gambit,Support,Support,0.007469721530227922,0.0018668728511374915,-0.0016850517246681572,False,7468,6888,2258,2442,2188
opposing,Ultron,Elsa Bloodstone,Support,Damage,0.006667009475021007,0.0017515331515535607,0.008142805317614212,False,3641,3391,1224,1139,1028
opposing,Ultron,White Fox,Support,Support,0.04788420655110575,-0.0006039867642779864,0.046206766842936856,False,4164,3930,1764,1286,880
opposing,Ultron,Black Cat,Support,Damage,0.0098490769394327,0.0006209535560137504,0.010751908889319707,False,2747,2650,1099,927,624
opposing,Ultron,Devil Dinosaur,Support,Tank,-0.02383132188730973,0.0006766452804490129,-0.026218480875372156,False,2793,2600,1088,874,638
opposing,Ultron,Cyclops,Support,Damage,0.016796308257115602,0.001322440521115109,0.013133630317302362,False,4439,4145,1768,1381,996
opposing,Ultron,Jubilee,Support,Support,-0.002042173820056321,0.00016210263541804632,-0.00970829321993939,False,11795,11087,4310,3835,2942
opposing,Ultron,Rogue,Support,Tank,-0.018611531522271067,0.0003033433266906504,-0.0199692105941811,False,2082,1882,681,638,563
opposing,Ultron,The Hood,Support,Tank,-0.010602855406048555,-3.859505283209666e-06,-0.011386435632405548,False,15617,14869,5211,4925,4733
opposing,Ultron,Deadpool (Vanguard),Support,Tank,-0.008123907150434408,0.0006979158409336484,-0.006696562733468112,False,1609,1516,681,477,358
opposing,Ultron,Deadpool (Duelist),Support,Damage,-0.010034291532916937,0.00030203934534492365,-0.0031853180535551637,False,2223,2042,694,681,667
opposing,Ultron,Deadpool (Strategist),Support,Support,-0.004904816153881356,0.0012076956656862496,-0.010570329524116531,False,2483,2329,951,776,602
opposing,Magik,Moon Knight,Damage,Damage,0.03415370702166457,-0.0006470112780937505,0.04216108054088326,False,7904,7562,3251,2620,1691
opposing,Magik,Luna Snow,Damage,Support,-0.034907223031302934,0.0002612921247019224,-0.03868767477505256,False,28859,27723,7780,9429,10514
opposing,Magik,Squirrel Girl,Damage,Damage,-0.020527427578102216,0.00045714968950136904,-0.01617087473400589,False,4552,4371,2258,1387,726
opposing,Magik,Black Widow,Damage,Damage,0.015108293773778966,0.0001642081837034879,0.022615727394978982,False,12604,12050,3244,3739,5067
opposing,Magik,Iron Man,Damage,Damage,-0.04483537062216655,0.0004083287690209354,-0.04540808386304569,False,7670,7371,2759,2579,2033
opposing,Magik,Venom,Damage,Tank,-0.020970166916366276,0.002040879495469315,-0.031797199333500184,False,15997,15321,4831,5159,5331
opposing,Magik,Spider-man,Damage,Damage,0.0004770309848034066,0.0006432486668247752,0.006423480912913745,False,21697,20819,5968,7073,7778
opposing,Magik,Magneto,Damage,Tank,0.028633937615185973,0.0014736833406660287,0.03354089650657738,False,54621,52416,14218,17391,20807
opposing,Magik,Scarlet Witch,Damage,Damage,0.01859736890561242,-0.0021444103921715117,0.02725816984465318,False,6837,6636,3297,2169,1170
opposing,Magik,Thor,Damage,Tank,-0.01110469772055982,0.0004992450802955893,-0.017168147012578974,False,12384,11848,3824,4169,3855
opposing,Magik,Mister Fantastic,Damage,Damage,0.02173070887136184,0.0008445468631996382,0.02868193541338521,False,6362,6125,2055,2232,1838
opposing,Magik,Winter Soldier,Damage,Damage,-0.01725861273988396,-0.0014555114467083687,-0.01280751382426544,False,31939,30719,8677,10376,11666
opposing,Magik,Peni Parker,Damage,Tank,-0.03297479459781504,-0.00038547425988610533,-0.05028822285009195,False,6154,5887,2053,1921,1913
opposing,Magik,Star-lord,Damage,Damage,-0.013791081539383526,-0.0014357774250196849,-0.010182437425917274,False,7971,7718,2288,2696,2734
opposing,Magik,Blade,Damage,Damage,0.01692793610682341,0.00039003646006533963,0.02072116418796136,False,7251,6935,2552,2405,1978
opposing,Magik,Namor,Damage,Damage,-0.011360151802817693,0.0009818689793057917,-0.003446727565920701,False,10790,10391,3587,3696,3108
opposing,Magik,Adam Warlock,Damage,Support,0.014486409530538057,0.001005925577454563,0.014658296626556726,False,6099,5793,1593,1995,2205
opposing,Magik,Jeff The Land Shark,Damage,Support,-0.0012191769390967415,-0.001588342473412915,-0.004398655564880582,False,10935,10512,3892,3513,3107
opposing,Magik,Psylocke,Damage,Damage,0.008622340493361023,0.00196142349623986,0.015484241403809957,False,7022,6732,1959,2259,2514
opposing,Magik,Wolverine,Damage,Damage,-0.005661659013747817,-0.0006012949131031145,-0.00044670094636868607,False,6334,6054,1483,1982,2589
opposing,Magik,Invisible Woman,Damage,Support,0.01933164066199886,0.002446086579634598,0.02318383190163548,False,33102,31816,9543,10767,11506
opposing,Magik,The Thing,Damage,Tank,-0.08476104475062772,0.0008884782811975479,-0.10628457934860751,False,16718,16054,4569,5358,6127
opposing,Magik,Iron Fist,Damage,Damage,0.005903182924163806,0.0011407309645964977,0.007834112255575381,False,13380,12865,3369,4383,5113
opposing,Magik,Emma Frost,Damage,Tank,0.01868163027782424,-0.0003090085313055251,0.012698361527011336,False,24328,23256,8026,7874,7356
opposing,Magik,Phoenix,Damage,Damage,0.029855069813514736,0.00153806470167263,0.03897571882248765,False,6631,6421,2262,2204,1955
opposing,Magik,Daredevil,Damage,Damage,-0.010681203250530421,-0.00013762341207240644,-0.008123965332892329,False,11806,11298,2649,3791,4858
opposing,Magik,Angela,Damage,Tank,0.005582683537016545,-0.0010409459785072888,0.0004755311562231947,False,6971,6625,1869,2288,2468
opposing,Magik,Gambit,Damage,Support,-0.036633066648804904,-0.0026437019023933194,-0.04236168591321597,False,27464,26144,7787,9216,9141
opposing,Magik,Elsa Bloodstone,Damage,Damage,-0.04392337080130344,-0.0033967466384893915,-0.03973126771935273,False,12034,11604,3967,4161,3476
opposing,Magik,White Fox,Damage,Support,-0.009165159506094596,0.00013362748147713858,-0.014346772171929603,False,15533,15014,5949,5194,3871
opposing,Magik,Black Cat,Damage,Damage,-0.029918213822879236,-0.0005312559913230067,-0.026280717603190222,False,9621,9427,3895,3434,2098
opposing,Magik,Devil Dinosaur,Damage,Tank,0.06493943245800186,-0.0007722963237550361,0.06150678693082277,False,10733,10315,3937,3591,2787
opposing,Magik,Cyclops,Damage,Damage,0.002510790368801771,0.001779985272531288,0.011445223536797968,False,15862,15244,5897,5224,4123
opposing,Magik,Jubilee,Damage,Support,0.009753482702337434,0.0004605332132657076,0.0031756585019443355,False,41162,39727,13940,13951,11836
opposing,Magik,Rogue,Damage,Tank,0.0155552308557231,0.0002594807074978158,0.009480205818433243,False,8049,7561,2458,2556,2547
opposing,Magik,The Hood,Damage,Tank,0.06324734583396308,-0.0033102420826077207,0.06298824408101034,False,55080,53481,16674,18361,18446
opposing,Magik,Deadpool (Vanguard),Damage,Tank,-0.015748930656334623,0.0006473313531975189,-0.026072153582048885,False,6197,5990,2370,2039,1581
opposing,Magik,Deadpool (Duelist),Damage,Damage,-0.013988664368647132,0.0009133124147866928,-0.010691823205963123,False,8773,8357,2445,2916,2996
opposing,Magik,Deadpool (Strategist),Damage,Support,0.02583681295143204,0.0017360950479248472,0.024565835581022415,False,9513,9182,3243,3257,2682
opposing,Moon Knight,Luna Snow,Damage,Support,0.003951235289362086,-0.0014616204235402418,0.009332035195574222,False,10162,9679,4095,3303,2281
opposing,Moon Knight,Squirrel Girl,Damage,Damage,-0.0007271786607948983,-0.0002509595033923952,-6.16828607995135e-05,False,2205,2103,1333,596,174
opposing,Moon Knight,Black Widow,Damage,Damage,0.0043496063819554445,0.0012042167869967622,0.005721268054324056,False,4365,4167,1712,1341,1114
opposing,Moon Knight,Iron Man,Damage,Damage,-0.0218906890405673,-0.0007305722226919246,-0.025902904712404026,False,3122,2965,1483,1033,449
opposing,Moon Knight,Venom,Damage,Tank,-0.0024171108301347067,0.002312754038718011,-0.005061391583652986,False,5567,5309,2475,1707,1127
opposing,Moon Knight,Spider-man,Damage,Damage,-0.011057579849498322,0.0002593276375182351,-0.011308975745617646,False,7101,6748,2874,2314,1560
opposing,Moon Knight,Magneto,Damage,Tank,-0.02338677964637051,0.0016164279283793336,-0.018246312792625317,False,20038,19062,7673,6559,4830
opposing,Moon Knight,Scarlet Witch,Damage,Damage,-0.0002099673494846946,-0.0007677534559560121,0.0016711697316627696,False,3048,2940,1815,817,308
opposing,Moon Knight,Thor,Damage,Tank,0.01332314620454309,2.7010234776661756e-05,0.01610416918436408,False,4424,4208,1920,1457,831
opposing,Moon Knight,Mister Fantastic,Damage,Damage,0.02411173576259154,-0.0011521525542719075,0.02597836749842776,False,2422,2309,1096,785,428
opposing,Moon Knight,Winter Soldier,Damage,Damage,0.017544103559629123,0.0017093411449001462,0.019504342821723163,False,11762,11201,4593,3934,2674
opposing,Moon Knight,Peni Parker,Damage,Tank,0.036662903892426095,-0.001917165138237875,0.03328626669542524,False,2654,2499,1215,838,446
opposing,Moon Knight,Star-lord,Damage,Damage,0.022009174800042844,0.0002005181248780543,0.023206762463177676,False,2859,2745,1251,911,583
opposing,Moon Knight,Blade,Damage,Damage,-0.032318744644979865,0.00024463140513177175,-0.03774032798147171,False,2883,2744,1436,870,438
opposing,Moon Knight,Namor,Damage,Damage,0.01749848833988094,-0.0007617537040694947,0.022445526830708294,False,4410,4194,2035,1433,726
opposing,Moon Knight,Adam Warlock,Damage,Support,0.003839258330481821,-0.0006001363292699922,0.006984195886372106,False,2200,2070,909,689,472
opposing,Moon Knight,Jeff The Land Shark,Damage,Support,-0.0011957256151752715,0.00037914733853053014,-6.832846559028489e-05,False,4200,4024,2068,1277,679
opposing,Moon Knight,Psylocke,Damage,Damage,-0.04501330078283603,0.0015778961498830058,-0.04771732813196839,False,2531,2397,1030,815,552
opposing,Moon Knight,Wolverine,Damage,Damage,0.007655016593417911,-0.0008332034907327389,0.008660231751884774,False,2251,2139,801,765,573
opposing,Moon Knight,Invisible Woman,Damage,Support,-0.0031259995626540782,-0.00017560574119404986,0.0022229310087795674,False,11764,11215,4903,3803,2509
opposing,Moon Knight,The Thing,Damage,Tank,0.042579243539517614,-0.0019569637296487923,0.04149196752922068,False,6783,6452,2722,2223,1507
opposing,Moon Knight,Iron Fist,Damage,Damage,0.017124230950351566,-0.0005233112637655281,0.014677767166372634,False,4557,4361,1710,1482,1169
opposing,Moon Knight,Emma Frost,Damage,Tank,-0.004299272626249963,0.00022662829421900947,-0.006778065314003661,False,9493,9012,4319,3022,1671
opposing,Moon Knight,Phoenix,Damage,Damage,0.016007556418135078,-0.00011578133375006003,0.01874532739799209,False,2768,2660,1300,885,475
opposing,Moon Knight,Daredevil,Damage,Damage,0.03590390168001957,-0.0005392166576766314,0.036912871034616136,False,3776,3576,1335,1231,1010
opposing,Moon Knight,Angela,Damage,Tank,-0.009765233168010727,0.00011991793098223232,-0.010508150051236837,False,2379,2249,929,802,518
opposing,Moon Knight,Gambit,Damage,Support,0.010513380290558429,0.0011856125906925606,0.014982011253446427,False,10516,9924,4250,3532,2142
opposing,Moon Knight,Elsa Bloodstone,Damage,Damage,0.011279768349154437,-0.001044514000818756,0.014613045605656242,False,5089,4860,2214,1691,955
opposing,Moon Knight,White Fox,Damage,Support,0.016143229272657728,9.695791422365486e-05,0.018429109564045407,False,5777,5567,3125,1686,756
opposing,Moon Knight,Black Cat,Damage,Damage,0.018469016387112742,0.0002262495491217307,0.02070241406611559,False,3565,3481,1983,1094,404
opposing,Moon Knight,Devil Dinosaur,Damage,Tank,0.019614706034516614,-0.00032125171850416615,0.01716978721793559,False,4169,3979,2089,1254,636
opposing,Moon Knight,Cyclops,Damage,Damage,-0.01475107100562811,0.0003804237106426993,-0.01247266370507183,False,6746,6456,3374,1987,1095
opposing,Moon Knight,Jubilee,Damage,Support,0.033508717180894966,-0.0005145868781287887,0.0342042416502002,False,16564,15885,7704,5364,2817
opposing,Moon Knight,Rogue,Damage,Tank,-0.010678631771221943,0.0004311919040030154,-0.01361558554940233,False,2920,2714,1262,923,529
opposing,Moon Knight,The Hood,Damage,Tank,-0.021243377108743074,0.001381531114061047,-0.02492630670408691,False,21560,20847,9210,7133,4504
opposing,Moon Knight,Deadpool (Vanguard),Damage,Tank,-0.016188739545761745,-0.00016240165885688567,-0.02046851702764611,False,2428,2334,1286,713,335
opposing,Moon Knight,Deadpool (Duelist),Damage,Damage,0.008560902458118158,9.073156983014139e-05,0.008386632009457863,False,3404,3226,1417,1111,698
opposing,Moon Knight,Deadpool (Strategist),Damage,Support,-0.018614663511512634,-0.00012075426359247733,-0.021138131079911703,False,3420,3291,1635,1090,566
opposing,Luna Snow,Squirrel Girl,Support,Damage,-0.03207303865453348,0.0007827952428271321,-0.03988651464735293,False,5809,5562,2829,1724,1009
opposing,Luna Snow,Black Widow,Support,Damage,0.02966847815897156,0.0007802849187335751,0.03334173761944908,False,17207,16449,4064,4865,7520
opposing,Luna Snow,Iron Man,Support,Damage,-0.011849038507903708,-0.0009285838653128853,-0.014200234255909742,False,9141,8707,3298,3058,2351
opposing,Luna Snow,Venom,Support,Tank,-0.005996051494603545,0.0020249532772689664,-0.01219339657154833,False,20301,19410,5787,6236,7387
opposing,Luna Snow,Spider-man,Support,Damage,0.028696984184156185,0.0016038664704086261,0.027841610325607224,False,28255,27033,7339,9001,10693
opposing,Luna Snow,Magneto,Support,Tank,-0.012372637496465437,-0.0023793616886407095,-0.014364111326691431,False,71237,68146,17622,22005,28519
opposing,Luna Snow,Scarlet Witch,Support,Damage,0.016661372617380977,-0.00047873450148849524,0.011153759331148198,False,8085,7796,3862,2470,1464
opposing,Luna Snow,Thor,Support,Tank,0.010528154755321713,0.002118210524633379,0.006376865910022169,False,15444,14767,4712,4882,5173
opposing,Luna Snow,Mister Fantastic,Support,Damage,-0.017876766828819265,-0.000958572515159839,-0.02479537312079738,False,7692,7362,2435,2570,2357
opposing,Luna Snow,Winter Soldier,Support,Damage,-0.007047846387870607,0.0033640711244498824,-0.008627686215376773,False,43290,41451,10887,13457,17107
opposing,Luna Snow,Peni Parker,Support,Tank,-0.014562989116701841,-0.0013819924839464026,-0.015281822837822675,False,8579,8172,2753,2535,2884
opposing,Luna Snow,Star-lord,Support,Damage,-0.0019256713119600742,0.0010906767589645883,-0.002942465431063038,False,10039,9680,2895,3236,3549
opposing,Luna Snow,Blade,Support,Damage,0.0031526712022340226,-5.3259382471873914e-05,0.000894716680624506,False,8936,8542,3147,2852,2543
opposing,Luna Snow,Namor,Support,Damage,0.013518206011155944,2.008943294211791e-05,0.010923108979516103,False,14133,13608,4810,4725,4073
opposing,Luna Snow,Adam Warlock,Support,Support,-0.02858289723849214,-0.0011113414051099075,-0.018334962412102293,False,8326,7898,2127,2432,3339
opposing,Luna Snow,Jeff The Land Shark,Support,Support,-0.01687849199413614,0.00046339988450832647,-0.004903045229246186,False,14508,13936,4910,4565,4461
opposing,Luna Snow,Psylocke,Support,Damage,-0.012328520558409415,-7.40344292923856e-05,-0.01848975299207483,False,9422,9043,2557,2847,3639
opposing,Luna Snow,Wolverine,Support,Damage,-0.0062023470772580615,0.0033652148204505188,-0.018077614766096303,False,8371,7957,1901,2484,3572
opposing,Luna Snow,Invisible Woman,Support,Support,-0.011718812752164307,-0.001591549517367255,-0.002096756065587339,False,47097,45061,12483,14547,18031
opposing,Luna Snow,The Thing,Support,Tank,0.03231334656031391,-0.00020121402945795676,0.030261256397532278,False,23595,22528,6251,7279,8998
opposing,Luna Snow,Iron Fist,Support,Damage,-0.007271826745640014,-0.0016373193039220918,-0.013324048223601354,False,16803,16131,4000,5265,6866
opposing,Luna Snow,Emma Frost,Support,Tank,0.02423287097878164,-0.0005553643963946819,0.026368078519948452,False,31177,29665,9808,9637,10220
opposing,Luna Snow,Phoenix,Support,Damage,0.01721121733597889,-0.0012020821861618836,0.01543699114484176,False,8918,8622,3004,2889,2729
opposing,Luna Snow,Daredevil,Support,Damage,0.0026735429630546825,-0.0012522079305487706,-0.0008400378782205385,False,15238,14527,3211,4501,6815
opposing,Luna Snow,Angela,Support,Tank,-0.004491177634926445,0.001215425773112894,-0.009272571086115957,False,9201,8757,2391,2869,3497
opposing,Luna Snow,Gambit,Support,Support,0.0014675735542985474,-0.001349964725515494,0.009115426798155316,False,33322,31701,9714,11062,10925
opposing,Luna Snow,Elsa Bloodstone,Support,Damage,-0.00011259531594399796,-0.002326508161304271,-0.005549168836954092,False,16750,16068,5070,5322,5676
opposing,Luna Snow,White Fox,Support,Support,-0.018990712581977914,0.00027676503020572485,-0.014933302365422013,False,19428,18733,7505,6229,4999
opposing,Luna Snow,Black Cat,Support,Damage,0.017426487142533375,-0.002198544459035813,0.013211576603075292,False,12121,11834,4713,3965,3156
opposing,Luna Snow,Devil Dinosaur,Support,Tank,0.0042167944559500644,-0.0018443753197589215,0.002369649510558992,False,12871,12276,4694,4055,3527
opposing,Luna Snow,Cyclops,Support,Damage,0.00043149076702388573,-0.0005369340287749287,-0.011341708123783493,False,19348,18561,7158,6273,5130
opposing,Luna Snow,Jubilee,Support,Support,-0.02790482590362771,-0.0029940260900299352,-0.022379319551601932,False,55638,53601,18283,18589,16729
opposing,Luna Snow,Rogue,Support,Tank,0.014905273365974345,-0.0019897513185102057,0.014966504710036922,False,9763,9184,2912,3130,3142
opposing,Luna Snow,The Hood,Support,Tank,-0.004378281876929735,0.004111324741252154,-0.008129203155745179,False,71350,69202,20762,23157,25283
opposing,Luna Snow,Deadpool (Vanguard),Support,Tank,-0.019995435773459237,0.003159552629049825,-0.024443734540545905,False,7849,7572,2874,2565,2133
opposing,Luna Snow,Deadpool (Duelist),Support,Damage,0.022396087769986583,0.0024834775191206857,0.02723393989747862,False,10901,10402,3130,3461,3811
opposing,Luna Snow,Deadpool (Strategist),Support,Support,-0.003914401084774216,0.0006808566430851346,0.008494087142841,False,11546,11135,3959,3723,3453
opposing,Squirrel Girl,Black Widow,Damage,Damage,-0.004722050485682095,0.0009365169146786002,-0.004799791455583463,False,2438,2357,1216,684,457
opposing,Squirrel Girl,Iron Man,Damage,Damage,-0.01907751462324039,0.0003487961237823378,-0.02358834643454994,False,1954,1876,1134,532,210
opposing,Squirrel Girl,Venom,Damage,Tank,-0.05042809424560016,0.0010784160352479628,-0.05621033548025599,False,3364,3247,1811,944,492
opposing,Squirrel Girl,Spider-man,Damage,Damage,-0.00044799152878806,0.0004504253640851547,-0.0005742904521095406,False,3995,3840,1946,1228,666
opposing,Squirrel Girl,Magneto,Damage,Tank,-0.013727498070565848,-0.0009591630632288732,-0.0052291651467437205,False,11659,11166,5492,3586,2088
opposing,Squirrel Girl,Scarlet Witch,Damage,Damage,0.013196855749922277,0.0006443777142744998,0.015426868586163323,False,2088,2025,1425,480,120
opposing,Squirrel Girl,Thor,Damage,Tank,0.008721375943785761,-0.001063745164505665,0.013253937726378631,False,2704,2603,1487,758,358
opposing,Squirrel Girl,Mister Fantastic,Damage,Damage,0.009081207304829125,-6.575402413671014e-05,0.009021726671185374,False,1363,1319,758,387,174
opposing,Squirrel Girl,Winter Soldier,Damage,Damage,0.0034023516325184136,-0.0012296086507458013,0.003507580647584618,False,6772,6505,3305,2080,1120
opposing,Squirrel Girl,Peni Parker,Damage,Tank,0.027188178573879975,0.0004548246428871796,0.025014203373691268,False,1758,1677,940,504,233
opposing,Squirrel Girl,Star-lord,Damage,Damage,-0.026136707895883165,-0.00027838320359830726,-0.029514460941281385,False,1647,1583,852,465,266
opposing,Squirrel Girl,Blade,Damage,Damage,0.025915480052054553,-0.00028065051291146007,0.02442896459846649,False,1750,1673,1002,475,196
opposing,Squirrel Girl,Namor,Damage,Damage,0.01962533071110078,0.00015509346222510167,0.024018846498766743,False,2738,2622,1509,795,318
opposing,Squirrel Girl,Adam Warlock,Damage,Support,-0.006613332849761823,0.0002923049245636319,-0.0058575185254411055,False,1355,1279,693,364,222
opposing,Squirrel Girl,Jeff The Land Shark,Damage,Support,0.0036022994433662025,0.0005184114802163772,0.004246900391229761,False,2586,2487,1542,656,289
opposing,Squirrel Girl,Psylocke,Damage,Damage,-0.025543327944566128,4.012705215764654e-05,-0.02741342755949587,False,1458,1404,729,410,265
opposing,Squirrel Girl,Wolverine,Damage,Damage,-0.01900892691023809,9.166965760777453e-05,-0.020860497324922685,False,1211,1158,534,394,230
opposing,Squirrel Girl,Invisible Woman,Damage,Support,-0.005029994529746542,0.00017936499462471907,-0.0010016126632385678,False,7104,6849,3688,2091,1070
opposing,Squirrel Girl,The Thing,Damage,Tank,0.02714486482998457,-0.0007022353027469317,0.026588971176306195,False,3975,3819,1949,1211,659
opposing,Squirrel Girl,Iron Fist,Damage,Damage,0.01457356218541593,-0.0011680283792560669,0.01119937480738317,False,2515,2417,1170,749,498
opposing,Squirrel Girl,Emma Frost,Damage,Tank,0.014243910942865796,-0.0014128389490562134,0.016123643615644404,False,5731,5473,3161,1557,755
opposing,Squirrel Girl,Phoenix,Damage,Damage,0.002469237286193286,-0.0005728932965582941,0.00340027264263598,False,1650,1596,942,462,192
opposing,Squirrel Girl,Daredevil,Damage,Damage,0.0016851015104041556,0.0011588968268183251,-0.0007671032414274891,False,2170,2064,981,682,401
opposing,Squirrel Girl,Angela,Damage,Tank,-0.009803237370207897,-6.926392761935926e-05,-0.008280564878132,False,1394,1335,674,447,214
opposing,Squirrel Girl,Gambit,Damage,Support,-0.01594620084266494,0.0008766362857221713,-0.015867566855468977,False,6234,5953,3073,1880,1000
opposing,Squirrel Girl,Elsa Bloodstone,Damage,Damage,0.029815100226252642,0.000373223642138055,0.03390753394006333,False,2989,2880,1541,932,407
opposing,Squirrel Girl,White Fox,Damage,Support,0.010890361699752032,-0.0005786355492222752,0.011437084210487385,False,3663,3531,2259,909,363
opposing,Squirrel Girl,Black Cat,Damage,Damage,-0.013687450594558555,0.00021052803960416256,-0.01475024036694839,False,2568,2514,1617,663,234
opposing,Squirrel Girl,Devil Dinosaur,Damage,Tank,0.005176906003977158,0.000309876963791476,0.0033756215380771684,False,2574,2465,1544,641,280
opposing,Squirrel Girl,Cyclops,Damage,Damage,0.010871043510048901,-0.0007787106831298412,0.014475549879000366,False,4198,4041,2454,1144,443
opposing,Squirrel Girl,Jubilee,Damage,Support,0.03186772526987209,-0.0029359511391965913,0.03127557641626035,False,10078,9726,5616,2896,1214
opposing,Squirrel Girl,Rogue,Damage,Tank,-0.010694723315402296,0.0004310821536765131,-0.011363619534273287,False,1766,1657,957,461,239
opposing,Squirrel Girl,The Hood,Damage,Tank,-0.02179029312706793,0.0014898078568415952,-0.023264955831893374,False,12436,12060,6521,3690,1849
opposing,Squirrel Girl,Deadpool (Vanguard),Damage,Tank,-0.009732808296648443,2.113837525546189e-05,-0.011015536640857918,False,1643,1578,993,434,151
opposing,Squirrel Girl,Deadpool (Duelist),Damage,Damage,0.007663221284876996,-0.0007048422450662883,0.006693466249498429,False,1954,1882,1016,591,275
opposing,Squirrel Girl,Deadpool (Strategist),Damage,Support,-0.0009276871149267383,0.0002646257058326599,-0.002322831967791681,False,2204,2124,1292,611,221
opposing,Black Widow,Iron Man,Damage,Damage,0.063490104567135,0.00015995778979320402,0.06528465922210229,False,4044,3873,1410,1350,1113
opposing,Black Widow,Venom,Damage,Tank,-0.009612653801063404,0.00010730869826261064,-0.007010579278929757,False,8629,8213,2382,2415,3416
opposing,Black Widow,Spider-man,Damage,Damage,0.016622854093086056,-0.0011661485463068885,0.017562199750561308,False,12247,11659,2987,3635,5037
opposing,Black Widow,Magneto,Damage,Tank,-0.03900063415605638,-0.0024959088945669832,-0.029562028436244548,False,32362,30875,7354,9282,14239
opposing,Black Widow,Scarlet Witch,Damage,Damage,0.01221112608637522,-0.0011774476024346715,0.014062257480579302,False,3359,3236,1551,1006,679
opposing,Black Widow,Thor,Damage,Tank,-0.0014421828181760427,3.0279370515529983e-05,0.005732554700694107,False,6550,6247,1925,1885,2437
opposing,Black Widow,Mister Fantastic,Damage,Damage,-0.047708639140781835,0.0001514264850619964,-0.05261133055902766,False,3107,2976,918,1027,1031
opposing,Black Widow,Winter Soldier,Damage,Damage,0.013335414730254354,0.001450110103035876,0.013935265724186234,False,19236,18331,4392,5527,8412
opposing,Black Widow,Peni Parker,Damage,Tank,-0.0001266499466947004,-0.00021605270195959093,-0.001590323202098238,False,3701,3501,1136,1102,1263
opposing,Black Widow,Star-lord,Damage,Damage,0.03392855337373278,0.0011345068642329462,0.03505599816095063,False,4350,4195,1208,1315,1672
opposing,Black Widow,Blade,Damage,Damage,-0.021821919710667853,-0.0018378425508630955,-0.027427450214226906,False,3830,3671,1281,1177,1213
opposing,Black Widow,Namor,Damage,Damage,0.014510922845940744,-0.0008178630924011588,0.018195262935440708,False,6224,5972,2096,1995,1881
opposing,Black Widow,Adam Warlock,Damage,Support,0.017012662476867627,-0.0006887892356730787,0.016952680365408188,False,3512,3315,813,917,1585
opposing,Black Widow,Jeff The Land Shark,Damage,Support,-0.015563361533805628,0.00021917597796647606,-0.021083514059697387,False,5916,5675,1972,1741,1962
opposing,Black Widow,Psylocke,Damage,Damage,-0.0006766464219021804,0.0020135871181356253,-0.0008574345839720061,False,4108,3921,1038,1189,1694
opposing,Black Widow,Wolverine,Damage,Damage,-0.030915967772884252,0.00029686827893799156,-0.03402012452553374,False,3777,3575,722,1010,1843
opposing,Black Widow,Invisible Woman,Damage,Support,-0.041154011154379076,-0.0017119158265002075,-0.04541017721755901,False,19162,18272,4805,5541,7926
opposing,Black Widow,The Thing,Damage,Tank,0.039367537566604875,0.0023005082758592063,0.04397534572459352,False,10488,9969,2537,3022,4410
opposing,Black Widow,Iron Fist,Damage,Damage,-0.04157841596184787,0.0008500137476089361,-0.04974478466061493,False,7379,7097,1605,2197,3295
opposing,Black Widow,Emma Frost,Damage,Tank,-0.046243218302961825,0.00031835658191912936,-0.047389624151704,False,13881,13188,4089,4033,5066
opposing,Black Widow,Phoenix,Damage,Damage,-0.0014192320063430024,0.0006771201172625218,-0.00109929726225641,False,3828,3676,1167,1185,1324
opposing,Black Widow,Daredevil,Damage,Damage,0.010333244701673558,0.001299644240213254,0.008272868336190268,False,6634,6274,1285,1814,3175
opposing,Black Widow,Angela,Damage,Tank,-0.01540672575123804,-0.0016274084737621394,-0.010728243221735967,False,3999,3779,922,1172,1685
opposing,Black Widow,Gambit,Damage,Support,0.007211615177358402,-0.00018252413000684664,0.006415930315448444,False,15602,14820,4041,4813,5966
opposing,Black Widow,Elsa Bloodstone,Damage,Damage,-0.009932829331715201,0.0015859137961661725,-0.009320253051495142,False,6846,6567,2051,2183,2333
opposing,Black Widow,White Fox,Damage,Support,-0.02568932310200148,-0.0020438901549947003,-0.03348410704309416,False,7525,7242,2924,2306,2012
opposing,Black Widow,Black Cat,Damage,Damage,-0.01247077296759539,-0.0015653215734772047,-0.01373625159878137,False,4502,4415,1841,1466,1108
opposing,Black Widow,Devil Dinosaur,Damage,Tank,-0.004115705448983741,-0.0007849111377885466,-0.0031767129707244816,False,5326,5058,1908,1618,1532
opposing,Black Widow,Cyclops,Damage,Damage,0.006361594760463962,-0.0005444030509460127,0.009305322160495434,False,8483,8144,3021,2633,2490
opposing,Black Widow,Jubilee,Damage,Support,-0.0033432080877044165,0.00013630658524587609,-0.012105769462622056,False,22442,21616,7023,7190,7403
opposing,Black Widow,Rogue,Damage,Tank,-0.003565629378544133,0.00039858791744823647,0.0003554489318611069,False,4332,4079,1163,1292,1624
opposing,Black Widow,The Hood,Damage,Tank,-0.003415658963079541,0.00028488108775214963,0.000966320853987567,False,31412,30368,8712,9703,11953
opposing,Black Widow,Deadpool (Vanguard),Damage,Tank,0.022264551895619142,0.0004025720199825539,0.02837289400505894,False,3377,3264,1203,1099,962
opposing,Black Widow,Deadpool (Duelist),Damage,Damage,-0.027109327198466662,-0.0014604860370423848,-0.03116090918146592,False,4728,4495,1209,1408,1878
opposing,Black Widow,Deadpool (Strategist),Damage,Support,0.01336836613059385,-0.0023233666831362324,0.00999118208181014,False,4643,4469,1522,1445,1502
opposing,Iron Man,Venom,Damage,Tank,0.014636068180501954,0.0008617901610920806,0.013162893998468227,False,5205,4945,2056,1662,1227
opposing,Iron Man,Spider-man,Damage,Damage,-0.06423211950477505,0.0013203115941543856,-0.06647651802472518,False,5984,5705,2070,2129,1506
opposing,Iron Man,Magneto,Damage,Tank,-0.019918996096056213,-0.003184606754106934,-0.015137645785862778,False,18274,17412,6258,6220,4934
opposing,Iron Man,Scarlet Witch,Damage,Damage,0.0022841086802819865,0.0005305810434771402,0.006625732392402127,False,2660,2569,1520,762,287
opposing,Iron Man,Thor,Damage,Tank,-0.0029768387801818595,0.0007343990079672725,-0.0027815216569252866,False,4125,3960,1676,1355,929
opposing,Iron Man,Mister Fantastic,Damage,Damage,-0.004080997970572835,0.0003914213161468171,-0.0022088243847984235,False,2225,2128,909,804,415
opposing,Iron Man,Winter Soldier,Damage,Damage,-0.022362271590052288,-0.0023219857148744096,-0.02133358179134142,False,10981,10501,3862,3798,2841
opposing,Iron Man,Peni Parker,Damage,Tank,0.014543944565861616,-0.00031441495445555843,0.00792616758917705,False,2460,2334,1004,790,540
opposing,Iron Man,Star-lord,Damage,Damage,-0.0175865034521211,0.0005347682181900075,-0.01729560950056804,False,2701,2599,1060,888,651
opposing,Iron Man,Blade,Damage,Damage,0.03949313751449483,-0.00013992891494220112,0.042077465299352315,False,2598,2482,1122,865,495
opposing,Iron Man,Namor,Damage,Damage,0.0219847126958647,-0.0010755890963555983,0.029551609683762095,False,4016,3818,1652,1370,796
opposing,Iron Man,Adam Warlock,Damage,Support,-0.00040200248415430225,0.0012555961004102945,-0.0018040520906173346,False,2049,1909,719,674,516
opposing,Iron Man,Jeff The Land Shark,Damage,Support,0.0067599066812033485,-0.00016785520399513232,0.00486492830731186,False,3884,3717,1772,1206,739
opposing,Iron Man,Psylocke,Damage,Damage,-0.02652427543744723,-0.001225483514399463,-0.025488220210357147,False,2385,2278,895,776,607
opposing,Iron Man,Wolverine,Damage,Damage,0.009710444401162944,0.0005273684067119111,0.01314105433284075,False,2012,1898,641,696,561
opposing,Iron Man,Invisible Woman,Damage,Support,-0.008706013347381443,-0.0026954377269222765,-0.008071414059562522,False,10926,10472,4061,3736,2675
opposing,Iron Man,The Thing,Damage,Tank,0.04014096680971643,-0.0011749140648692354,0.03802933120233824,False,6377,6090,2274,2141,1675
opposing,Iron Man,Iron Fist,Damage,Damage,-0.020105699400025063,-0.0019281145490045522,-0.023269597063442782,False,4204,4027,1365,1516,1146
opposing,Iron Man,Emma Frost,Damage,Tank,0.024911563782567123,0.001350976260182428,0.024973284131477643,False,8471,8047,3490,2800,1757
opposing,Iron Man,Phoenix,Damage,Damage,-0.016843854585821504,0.0013407424413911576,-0.014473235937689675,False,2544,2462,1064,890,508
opposing,Iron Man,Daredevil,Damage,Damage,-0.0034051276062476623,0.00041165639936644935,-0.0032799200459611337,False,3703,3511,1108,1286,1117
opposing,Iron Man,Angela,Damage,Tank,-0.002008911800639246,-0.0006839205406651312,-0.002627895638133197,False,2284,2176,784,824,568
opposing,Iron Man,Gambit,Damage,Support,0.036584889358180696,-0.0006126766864086451,0.040295629393997674,False,10211,9669,3606,3509,2554
opposing,Iron Man,Elsa Bloodstone,Damage,Damage,0.005120712973069619,0.0028019118474791856,0.01022222634807598,False,4713,4510,1892,1609,1009
opposing,Iron Man,White Fox,Damage,Support,0.011956694255467816,0.00042006763422438963,0.009702428109182952,False,5284,5078,2527,1656,895
opposing,Iron Man,Black Cat,Damage,Damage,-0.0013039790147819658,0.0005766073256829569,0.0016085395806606454,False,3680,3594,1763,1233,598
opposing,Iron Man,Devil Dinosaur,Damage,Tank,-0.021825464831223107,0.0019026245699303556,-0.029687813738219115,False,3870,3691,1754,1252,685
opposing,Iron Man,Cyclops,Damage,Damage,0.009853472887043257,-0.0007185934971724788,0.01636120424760459,False,6117,5856,2757,2035,1064
opposing,Iron Man,Jubilee,Damage,Support,0.0032175454582643913,0.0007343397094923353,-0.0038901560982829964,False,15111,14500,6265,5328,2907
opposing,Iron Man,Rogue,Damage,Tank,0.00019868671660498618,9.841170584197894e-05,-0.002262793131396339,False,2749,2575,1043,891,641
opposing,Iron Man,The Hood,Damage,Tank,-0.004537914259327997,0.0012315462093832276,-0.007088903114533664,False,19818,19185,7676,6966,4543
opposing,Iron Man,Deadpool (Vanguard),Damage,Tank,-0.004444261252051798,-0.00029758364259698894,-0.008150890210237311,False,2312,2221,1102,722,397
opposing,Iron Man,Deadpool (Duelist),Damage,Damage,0.00853398650454904,-0.001426689468422522,0.010618523328194556,False,2947,2806,1084,1010,712
opposing,Iron Man,Deadpool (Strategist),Damage,Support,-0.008329259321824755,0.0008024920601727018,-0.01358388092703664,False,3176,3053,1395,1057,601
opposing,Venom,Spider-man,Tank,Damage,-0.0008916636764680695,0.002330547582995905,-0.00017521040692445705,False,14996,14302,4319,4801,5182
opposing,Venom,Magneto,Tank,Tank,0.009055004121894208,-5.056603549653345e-07,-0.012998886228627694,False,38015,36223,10359,11642,14222
opposing,Venom,Scarlet Witch,Tank,Damage,-8.255155235598164e-06,-0.00016209403132881817,0.0011605083204874285,False,4776,4606,2492,1366,748
opposing,Venom,Thor,Tank,Tank,0.00453419557720312,-0.000488117021335255,-0.0010607686862124076,False,8790,8374,2981,2739,2654
opposing,Venom,Mister Fantastic,Tank,Damage,0.00907571779496535,-0.0006547649930368809,0.01241164705773832,False,4401,4206,1553,1475,1178
opposing,Venom,Winter Soldier,Tank,Damage,-0.0012079342291185435,-0.0016858792137587851,-0.0035940769220864834,False,22583,21496,6313,7067,8116
opposing,Venom,Peni Parker,Tank,Tank,-0.028913512189575212,0.0007191301432679294,-0.029683995472701792,False,4459,4218,1567,1366,1285
opposing,Venom,Star-lord,Tank,Damage,-0.001536138034490143,-0.00034108391525336566,-0.0018163964219682909,False,5326,5103,1703,1659,1741
opposing,Venom,Blade,Tank,Damage,-0.011894956803621605,-0.0003714030561277445,-0.007519120111929427,False,5068,4840,1913,1668,1259
opposing,Venom,Namor,Tank,Damage,0.0018004876565221022,0.0003737789935312605,-0.0027185427086941294,False,7495,7178,2647,2552,1979
opposing,Venom,Adam Warlock,Tank,Support,-0.005280606334430673,-0.0007371357254612112,-0.009915748268523867,False,4042,3821,1184,1222,1415
opposing,Venom,Jeff The Land Shark,Tank,Support,-0.0165786031511636,-0.0010110106855356123,-0.02011051503774147,False,7652,7356,2958,2399,1999
opposing,Venom,Psylocke,Tank,Damage,-0.03823385504295384,-0.00025943288928767885,-0.042060476924965395,False,4795,4595,1453,1489,1653
opposing,Venom,Wolverine,Tank,Damage,-0.024961547522425343,-0.0001754169613376032,-0.02080406275770959,False,4562,4312,1154,1345,1813
opposing,Venom,Invisible Woman,Tank,Support,0.03599287821829318,0.0002908366648615717,0.035423569468006434,False,22913,21946,7113,7135,7698
opposing,Venom,The Thing,Tank,Tank,0.006954470809798165,-0.0008512885912421521,0.016311834137082707,False,11689,11157,3409,3662,4086
opposing,Venom,Iron Fist,Tank,Damage,-0.012483618871633916,0.0005049476723564005,-0.004220870889205861,False,9041,8649,2459,2880,3310
opposing,Venom,Emma Frost,Tank,Tank,0.03060244018649792,0.0009538741134420653,0.0316125888170341,False,17508,16575,6101,5365,5109
opposing,Venom,Phoenix,Tank,Damage,-0.0014414646433767108,0.0012895964351466833,-0.0027579100051146493,False,4714,4543,1720,1519,1304
opposing,Venom,Daredevil,Tank,Damage,-0.02242924019476447,0.00039433896463813374,-0.02001888804583011,False,8032,7640,1945,2458,3237
opposing,Venom,Angela,Tank,Tank,-0.004105579934261683,-0.0006653330241373113,-0.010842939634685914,False,4905,4677,1413,1553,1711
opposing,Venom,Gambit,Tank,Support,0.004617848129733187,0.0005499223746687767,0.0075284239986573515,False,19017,17964,5664,6142,6158
opposing,Venom,Elsa Bloodstone,Tank,Damage,-9.679038548076474e-05,0.0030012972298338577,-0.0017844224900513388,False,8680,8291,2968,2725,2598
opposing,Venom,White Fox,Tank,Support,-0.007118997690628511,-0.002245892972002515,-0.0008441039882457707,False,10907,10494,4614,3454,2426
opposing,Venom,Black Cat,Tank,Damage,-0.010086230844224737,0.0008620671205694008,-0.0089608508177804,False,7162,6971,2992,2297,1682
opposing,Venom,Devil Dinosaur,Tank,Tank,-0.015599485671139139,0.0013177412453732747,-0.016072996466855574,False,7523,7132,2981,2316,1835
opposing,Venom,Cyclops,Tank,Damage,-0.022213605979890846,0.001215552684491941,-0.022808301468124462,False,11151,10656,4457,3466,2733
opposing,Venom,Jubilee,Tank,Support,0.017028169286260334,-0.0003590164728375049,0.03153945500978524,False,28726,27551,10307,9319,7925
opposing,Venom,Rogue,Tank,Tank,0.004711505019806706,0.0007501523535584014,0.0017476624838733646,False,5546,5202,1805,1653,1744
opposing,Venom,The Hood,Tank,Tank,-0.004003229386408545,-0.0021692707550972886,-0.00852233215050719,False,38507,37189,12448,12300,12441
opposing,Venom,Deadpool (Vanguard),Tank,Tank,0.01582200244484142,0.0011371952630342065,0.014968263724556912,False,4236,4076,1753,1341,982
opposing,Venom,Deadpool (Duelist),Tank,Damage,0.018302512514411232,0.0010976580669890908,0.018393356233419363,False,5883,5583,1835,1838,1910
opposing,Venom,Deadpool (Strategist),Tank,Support,-0.007109987501083679,-0.0014055588010469704,-0.004745915631234618,False,6406,6157,2432,2009,1716
opposing,Spider-man,Magneto,Damage,Tank,0.01587091227279034,-0.00016272190910356825,0.026988397857529104,False,51428,49037,12744,16039,20254
opposing,Spider-man,Scarlet Witch,Damage,Damage,-0.0026493083399109223,0.0008252114421913722,-0.001596529029838098,False,6461,6239,3029,2043,1167
opposing,Spider-man,Thor,Damage,Tank,-0.015064375788544297,6.170905068940706e-05,-0.013925712567845605,False,11446,10930,3487,3691,3752
opposing,Spider-man,Mister Fantastic,Damage,Damage,0.0060776042406744234,0.0032764549068497535,0.005868294962916733,False,5834,5594,1781,2009,1804
opposing,Spider-man,Winter Soldier,Damage,Damage,0.01703211859865611,-0.00043618501614693835,0.018318188572031765,False,31283,29841,7832,10075,11934
opposing,Spider-man,Peni Parker,Damage,Tank,-0.012717002106881153,-0.00024858100713786365,-0.02010052583293567,False,5950,5664,1887,1924,1853
opposing,Spider-man,Star-lord,Damage,Damage,-0.010395145243647607,0.0013007742554637112,-0.012423113675848552,False,7413,7128,2123,2441,2564
opposing,Spider-man,Blade,Damage,Damage,-0.014996849336708305,-0.0006073932306182423,-0.01966589154037896,False,6631,6336,2262,2217,1857
opposing,Spider-man,Namor,Damage,Damage,-0.06082470877809268,-0.0012383474854235459,-0.06277673654854375,False,9044,8682,2816,3089,2777
opposing,Spider-man,Adam Warlock,Damage,Support,-0.003907444661193754,0.0010648346401582831,-0.002175243592736305,False,5617,5347,1494,1707,2146
opposing,Spider-man,Jeff The Land Shark,Damage,Support,-0.010891531307645435,0.0012676943577254976,-0.011420508483092609,False,10065,9673,3449,3198,3026
opposing,Spider-man,Psylocke,Damage,Damage,-0.004317676263483901,-0.0005135439998018615,-0.004399264142908631,False,6786,6496,1802,2117,2577
opposing,Spider-man,Wolverine,Damage,Damage,0.010733932267340847,-0.00037650979341720083,0.011352250187881002,False,5885,5593,1296,1856,2441
opposing,Spider-man,Invisible Woman,Damage,Support,0.03386350884275919,0.0006651110654509074,0.043391729351396104,False,31140,29709,8783,9934,10992
opposing,Spider-man,The Thing,Damage,Tank,0.0047740014974794525,0.0020500559712568565,0.0009835785796893824,False,16450,15694,4349,5247,6098
opposing,Spider-man,Iron Fist,Damage,Damage,-0.02039626414347115,0.0005560220241046508,-0.02647757802679644,False,12542,12022,3113,4052,4857
opposing,Spider-man,Emma Frost,Damage,Tank,0.02030684611088354,0.0027928995683890517,0.02215475759241154,False,22491,21354,7198,7278,6878
opposing,Spider-man,Phoenix,Damage,Damage,-0.028378859856496932,-0.0021059539642828773,-0.029825212670451018,False,6186,5974,2056,2008,1910
opposing,Spider-man,Daredevil,Damage,Damage,-0.027749872200550207,0.0004519803031851146,-0.03246641524823976,False,11152,10632,2423,3370,4839
opposing,Spider-man,Angela,Damage,Tank,0.006518498699506442,0.0017628642278468426,0.009164874277720633,False,6761,6416,1756,2197,2463
opposing,Spider-man,Gambit,Damage,Support,-0.04119432663292617,-0.0032482505866382352,-0.04363355764894714,False,25314,23995,6987,8520,8488
opposing,Spider-man,Elsa Bloodstone,Damage,Damage,-0.03491495128289645,5.4982707085183736e-05,-0.03591046208879926,False,11065,10603,3599,3733,3271
opposing,Spider-man,White Fox,Damage,Support,-0.01729689419367524,-0.0007007930581606082,-0.019635427949052573,False,14429,13929,5548,4773,3608
opposing,Spider-man,Black Cat,Damage,Damage,0.011537687801519246,0.0016154686382277436,0.012583368701834075,False,9623,9411,3759,3320,2332
opposing,Spider-man,Devil Dinosaur,Damage,Tank,-0.01814827188802417,-0.0010186686506288328,-0.023291577093143948,False,9605,9139,3481,3207,2451
opposing,Spider-man,Cyclops,Damage,Damage,0.01226656473996913,-0.0015706833652679095,0.01607317240833265,False,14440,13827,5306,4684,3837
opposing,Spider-man,Jubilee,Damage,Support,0.004740834236783766,0.0014738710397513143,0.0013959747246017114,False,37842,36353,12498,12727,11128
opposing,Spider-man,Rogue,Damage,Tank,0.01436155234252102,-0.002323969458850293,0.015800194712855816,False,7387,6937,2180,2346,2411
opposing,Spider-man,The Hood,Damage,Tank,0.029555710404941808,-0.0010589625954895026,0.03314979190151321,False,50973,49308,14963,16675,17670
opposing,Spider-man,Deadpool (Vanguard),Damage,Tank,0.01735017686560003,0.0011521777910395567,0.018403270323995607,False,5400,5196,1999,1724,1473
opposing,Spider-man,Deadpool (Duelist),Damage,Damage,0.004202907821075456,0.0016524182729336675,0.0030467873096112034,False,7592,7206,2159,2480,2567
opposing,Spider-man,Deadpool (Strategist),Damage,Support,-0.015436597264859863,-0.0007505063213813053,-0.018007205165900726,False,8607,8269,2921,2804,2544
opposing,Magneto,Scarlet Witch,Tank,Damage,0.04276439201601253,0.001577596176443563,0.03860423786402018,False,16236,15674,7397,5121,3156
opposing,Magneto,Thor,Tank,Tank,-0.014675857735839005,-0.0026412137152740213,0.000220753091090764,False,30319,28945,8650,9585,10710
opposing,Magneto,Mister Fantastic,Tank,Damage,-0.03752373858312827,0.0013570702949336501,-0.049583364985221805,False,15564,14966,4624,5219,5123
opposing,Magneto,Winter Soldier,Tank,Damage,0.015383053357984499,0.00182876905721753,0.004718959952273846,False,76961,73595,19119,23863,30613
opposing,Magneto,Peni Parker,Tank,Tank,0.0024811291214588294,-0.0004890305585020331,0.0299875585631508,False,16137,15345,4834,4903,5608
opposing,Magneto,Star-lord,Tank,Damage,0.016999169649578205,-0.0011498464446306077,0.008659963637202336,False,20104,19329,5366,6359,7604
opposing,Magneto,Blade,Tank,Damage,-0.019860557005496285,-0.0014582899147644228,-0.02652866031047013,False,17778,16917,5871,5643,5403
opposing,Magneto,Namor,Tank,Damage,0.030167190613841276,-0.0015464315330731041,0.018696595058351737,False,27881,26715,8775,9329,8611
opposing,Magneto,Adam Warlock,Tank,Support,-0.007375392368938621,-0.0011177227381823783,-0.017577876055595753,False,16208,15360,3831,4647,6882
opposing,Magneto,Jeff The Land Shark,Tank,Support,0.024328539514868863,0.0018925606875882812,0.02214031013117105,False,26686,25618,8724,8308,8586
opposing,Magneto,Psylocke,Tank,Damage,0.0085702615425117,-0.002049650577328437,-0.0001311838848445918,False,18471,17659,4706,5579,7374
opposing,Magneto,Wolverine,Tank,Damage,-0.020768510613127036,0.00023197724384559372,-0.026285449027610024,False,17348,16435,3521,5058,7856
opposing,Magneto,Invisible Woman,Tank,Support,-0.00027391784412724834,0.00259015368010269,-0.011902498530035301,False,80449,76908,21193,24774,30941
opposing,Magneto,The Thing,Tank,Tank,-0.02414674417283335,-0.0002757407603473991,0.0038727847571673503,False,43507,41568,11051,13447,17070
opposing,Magneto,Iron Fist,Tank,Damage,-0.012641437113516252,0.0018406874491235987,-0.014543181159733107,False,33133,31726,7591,10179,13956
opposing,Magneto,Emma Frost,Tank,Tank,-0.03136690292337284,-0.0033146689208157117,-0.016443531478926535,False,57577,54835,17914,17793,19128
opposing,Magneto,Phoenix,Tank,Damage,0.03832981448325113,-0.0006534460146868646,0.03134638531294772,False,17540,16903,5537,5688,5678
opposing,Magneto,Daredevil,Tank,Damage,-0.03305848685655755,-0.00014600411148677273,-0.04199210081653276,False,29919,28418,6188,8710,13520
opposing,Magneto,Angela,Tank,Tank,-0.039282810196856484,0.00039638475611760804,-0.027985083568405053,False,18150,17198,4442,5548,7208
opposing,Magneto,Gambit,Tank,Support,0.012783281997684944,-0.0014998257513150666,0.011775480026940476,False,57775,55063,16684,19346,19033
opposing,Magneto,Elsa Bloodstone,Tank,Damage,0.04599330837617948,-0.0015287891124482079,0.039350427641714675,False,28859,27733,9163,9715,8855
opposing,Magneto,White Fox,Tank,Support,-0.005023065306680397,-0.004010460882508456,-0.003642005039609735,False,35668,34322,13354,11283,9685
opposing,Magneto,Black Cat,Tank,Damage,-0.03015661844282603,-0.0029811744598443233,-0.04143862974070099,False,20505,20122,8239,7056,4827
opposing,Magneto,Devil Dinosaur,Tank,Tank,-0.04142957670007976,-0.0024454252544634327,-0.022429979746358356,False,25226,24054,8891,8029,7134
opposing,Magneto,Cyclops,Tank,Damage,0.00848477247973157,-0.0002640540345919931,0.0012011455803302238,False,38863,37263,13578,12501,11184
opposing,Magneto,Jubilee,Tank,Support,0.02295652011074734,-0.0020076573036795216,0.033189896791189645,False,94925,91363,30067,31354,29942
opposing,Magneto,Rogue,Tank,Tank,-0.02390309079197834,-0.001924133022403378,-0.007822210929680676,False,20663,19404,5821,6355,7228
opposing,Magneto,The Hood,Tank,Tank,-0.025630041558624063,0.0013049367777482096,-0.010029378287634855,False,123011,119347,35596,40350,43401
opposing,Magneto,Deadpool (Vanguard),Tank,Tank,0.005820111787621474,0.0010912940807796536,0.026874588566270292,False,14850,14336,5279,4903,4154
opposing,Magneto,Deadpool (Duelist),Tank,Damage,-0.0058395823392402325,9.140625341411864e-05,-0.018614756311191666,False,22524,21395,5911,7072,8412
opposing,Magneto,Deadpool (Strategist),Tank,Support,0.002680322839651976,-0.0016843785898282104,0.001387157731529815,False,22215,21356,7327,7142,6887
opposing,Scarlet Witch,Thor,Damage,Tank,0.012217141225453941,0.0010437269265049418,0.016075917171139317,False,3769,3657,1966,1139,552
opposing,Scarlet Witch,Mister Fantastic,Damage,Damage,0.007316900091008471,-3.2207483816442366e-05,0.005942010504011807,False,2080,2017,1105,617,295
opposing,Scarlet Witch,Winter Soldier,Damage,Damage,-0.015979191380188617,-0.00142806802394273,-0.018598750182386235,False,9270,8939,4456,2863,1620
opposing,Scarlet Witch,Peni Parker,Damage,Tank,0.010538345616317564,8.802885692977103e-05,0.00542143752480253,False,2240,2159,1214,627,318
opposing,Scarlet Witch,Star-lord,Damage,Damage,0.019679217740734212,0.0007552201067251603,0.018792474370018117,False,2458,2384,1260,695,429
opposing,Scarlet Witch,Blade,Damage,Damage,0.016550218319540688,-0.0006411750166957882,0.013140217551104253,False,2576,2481,1486,698,297
opposing,Scarlet Witch,Namor,Damage,Damage,-0.016396315025208073,-0.0011935208445679646,-0.01605879527269408,False,3873,3738,2080,1118,540
opposing,Scarlet Witch,Adam Warlock,Damage,Support,0.009844225199949298,0.000612765482898227,0.016443172982886545,False,1887,1814,918,558,338
opposing,Scarlet Witch,Jeff The Land Shark,Damage,Support,-0.0051020268903012,-0.00014664936807661438,-0.0017595280317434284,False,3627,3501,2077,962,462
opposing,Scarlet Witch,Psylocke,Damage,Damage,0.006706867167556304,-0.0003439556685137368,0.006242518785349092,False,2046,1984,1029,607,348
opposing,Scarlet Witch,Wolverine,Damage,Damage,0.006803622346306656,0.0001415570089133584,0.005842791495898378,False,1757,1684,790,551,343
opposing,Scarlet Witch,Invisible Woman,Damage,Support,-0.03374895940223882,0.001475070271853329,-0.02952450944238974,False,9934,9617,5061,2881,1675
opposing,Scarlet Witch,The Thing,Damage,Tank,0.005008593181154155,-0.000510913824192313,0.0008917886516934436,False,5442,5226,2659,1597,970
opposing,Scarlet Witch,Iron Fist,Damage,Damage,0.025791171801685157,-0.0003378822311380039,0.022140128816706673,False,3817,3702,1744,1250,708
opposing,Scarlet Witch,Emma Frost,Damage,Tank,0.007322453968308233,0.0011755521903325423,0.0073550323632308404,False,7969,7676,4312,2295,1069
opposing,Scarlet Witch,Phoenix,Damage,Damage,0.01167544862961764,-0.0005815377958497723,0.01216871651728702,False,2249,2175,1212,656,307
opposing,Scarlet Witch,Daredevil,Damage,Damage,0.015131623548865417,0.0013555087774902452,0.012580876183863412,False,3154,3027,1321,1019,687
opposing,Scarlet Witch,Angela,Damage,Tank,-0.023140432197272066,0.001805934502706217,-0.024187565774131208,False,2001,1923,1008,587,328
opposing,Scarlet Witch,Gambit,Damage,Support,0.019593299231529252,0.0019852456321440342,0.02790030943040213,False,8696,8334,4141,2718,1475
opposing,Scarlet Witch,Elsa Bloodstone,Damage,Damage,0.009552800216683007,0.0008185864422253529,0.010849985553480858,False,4248,4110,2233,1226,651
opposing,Scarlet Witch,White Fox,Damage,Support,0.029838281577994376,-0.0020347731607859177,0.03653943277591266,False,5438,5278,3251,1464,563
opposing,Scarlet Witch,Black Cat,Damage,Damage,0.016186470720699477,0.0009864562180203994,0.016339330277283026,False,3591,3529,2143,1042,344
opposing,Scarlet Witch,Devil Dinosaur,Damage,Tank,0.008783465927446995,0.0011966659397679449,0.006320875240886398,False,3661,3529,2109,1011,409
opposing,Scarlet Witch,Cyclops,Damage,Damage,-0.017687555470421123,0.0012727697656147398,-0.01754200139615452,False,5625,5450,3273,1554,623
opposing,Scarlet Witch,Jubilee,Damage,Support,0.038307365814222574,-0.0019511686231851483,0.04230611073105729,False,14665,14259,7890,4347,2022
opposing,Scarlet Witch,Rogue,Damage,Tank,0.008051205922038347,-1.1339506870295476e-05,0.008426262114025437,False,2625,2504,1411,719,374
opposing,Scarlet Witch,The Hood,Damage,Tank,0.023918901830314206,-0.0004887963932999714,0.026525262675131465,False,18221,17801,9229,5574,2998
opposing,Scarlet Witch,Deadpool (Vanguard),Damage,Tank,0.01631907967727811,-0.0008996391228684425,0.016903227667541886,False,2277,2218,1380,597,241
opposing,Scarlet Witch,Deadpool (Duelist),Damage,Damage,0.010740855578610984,-0.0007925587935064956,0.008843046910483876,False,2840,2740,1370,883,487
opposing,Scarlet Witch,Deadpool (Strategist),Damage,Support,-0.021040103387170148,0.0005165108423424094,-0.02116336157166288,False,3194,3103,1882,852,369
opposing,Thor,Mister Fantastic,Tank,Damage,-0.012763487076660949,0.0005640018865505621,-0.015539830946443976,False,3570,3432,1318,1229,885
opposing,Thor,Winter Soldier,Tank,Damage,-0.021917028367383354,0.001663921675774463,-0.030288151500413283,False,17611,16827,5225,5671,5931
opposing,Thor,Peni Parker,Tank,Tank,-0.04154694253831264,0.0014548720982457662,-0.03796849767672128,False,3692,3526,1341,1190,995
opposing,Thor,Star-lord,Tank,Damage,0.005777985101804987,-0.0002579799749735265,0.002669207560685067,False,4210,4052,1435,1360,1257
opposing,Thor,Blade,Tank,Damage,0.02454470059445897,0.0015997513239702698,0.029372641497161033,False,3999,3847,1585,1311,951
opposing,Thor,Namor,Tank,Damage,-0.004129987524582609,0.000418788244021699,-0.012969373667103781,False,6205,5965,2424,1999,1542
opposing,Thor,Adam Warlock,Tank,Support,-0.021907501377214224,-0.0005361176735665432,-0.028605203098947738,False,3285,3149,984,1026,1139
opposing,Thor,Jeff The Land Shark,Tank,Support,0.019125546730974927,-0.0006048261956376434,0.021941421562547785,False,5928,5717,2378,1865,1474
opposing,Thor,Psylocke,Tank,Damage,0.009295595212009356,-0.0007604084268325404,0.007170202560601612,False,3627,3473,1144,1200,1129
opposing,Thor,Wolverine,Tank,Damage,0.024678680858266293,0.00032710846726473455,0.03077514733478054,False,3377,3212,863,1125,1224
opposing,Thor,Invisible Woman,Tank,Support,0.012697538429911679,-0.0014268550473650618,0.00899395555787065,False,17687,16914,5801,5732,5381
opposing,Thor,The Thing,Tank,Tank,-0.033532611112040756,-0.0028350216147323697,-0.024111496805130812,False,9754,9311,2989,3125,3197
opposing,Thor,Iron Fist,Tank,Damage,-0.02773051535378097,-0.0007997255546120758,-0.024837500273225812,False,6724,6440,1904,2163,2373
opposing,Thor,Emma Frost,Tank,Tank,-0.002172472420797001,0.0007624875380798496,8.791477621750577e-05,False,13802,13120,5069,4260,3791
opposing,Thor,Phoenix,Tank,Damage,-0.020871505686560796,-0.0016357404395315207,-0.028028862321057675,False,3680,3540,1422,1174,944
opposing,Thor,Daredevil,Tank,Damage,-0.0018203005962478627,0.0008014332730846235,-0.0007409745379028498,False,6060,5792,1501,1916,2375
opposing,Thor,Angela,Tank,Tank,0.018957337916932177,0.0007711291519096187,0.022060652238138398,False,3976,3787,1190,1326,1271
opposing,Thor,Gambit,Tank,Support,-0.009990923231556053,0.002999639243201553,-0.008818565844317767,False,15710,14931,4789,5198,4944
opposing,Thor,Elsa Bloodstone,Tank,Damage,0.002431615700757277,-0.0007595950540648743,-0.0026235861043021587,False,7133,6832,2453,2353,2026
opposing,Thor,White Fox,Tank,Support,-0.016142187759836807,-0.0007767571286471883,-0.010707829831484083,False,8215,7944,3593,2633,1718
opposing,Thor,Black Cat,Tank,Damage,0.023542847464467224,-0.001379565650310249,0.024803755485808997,False,5598,5469,2409,1887,1173
opposing,Thor,Devil Dinosaur,Tank,Tank,0.013311963278527147,-0.0015656656305574755,0.023578900519590766,False,6027,5776,2522,1888,1366
opposing,Thor,Cyclops,Tank,Damage,-0.006811423448034002,-0.001725953989016186,-0.009323620410738979,False,8613,8300,3580,2852,1868
opposing,Thor,Jubilee,Tank,Support,-0.019431760188081553,0.0009056299549929079,-0.010170486214411696,False,22849,22016,8673,7647,5696
opposing,Thor,Rogue,Tank,Tank,0.015391176128601802,0.001130419277764257,0.020362892730852948,False,4482,4219,1503,1472,1244
opposing,Thor,The Hood,Tank,Tank,0.001615729298732046,3.4189505225620435e-05,0.004253614530717193,False,31154,30164,10490,10335,9339
opposing,Thor,Deadpool (Vanguard),Tank,Tank,-0.009048672692413271,-7.220569184911367e-05,-0.007436136312367107,False,3293,3170,1455,1063,652
opposing,Thor,Deadpool (Duelist),Tank,Damage,0.005258454196573323,-0.0017417885340785806,0.00022768689485326956,False,4603,4378,1408,1524,1446
opposing,Thor,Deadpool (Strategist),Tank,Support,0.0012997914416238827,-0.0011505511153960411,0.0056250547000722614,False,5038,4861,1954,1701,1206
opposing,Mister Fantastic,Winter Soldier,Damage,Damage,0.008930480829851713,-0.0002387905732987634,0.01026393739873466,False,8666,8339,2788,2944,2607
opposing,Mister Fantastic,Peni Parker,Damage,Tank,-0.004785963663367936,-7.394084145054592e-05,-0.012772932568056176,False,1770,1672,669,569,434
opposing,Mister Fantastic,Star-lord,Damage,Damage,0.03880028611940144,-0.00023820761391142172,0.041403469813256065,False,2239,2168,765,742,661
opposing,Mister Fantastic,Blade,Damage,Damage,0.008654432396357412,0.00010570532501724675,0.0065730103483436575,False,2020,1932,813,686,433
opposing,Mister Fantastic,Namor,Damage,Damage,-0.0055791538149829395,0.0010302119652506431,-0.0024160195713735914,False,3213,3092,1231,1112,749
opposing,Mister Fantastic,Adam Warlock,Damage,Support,-0.0016636959852263209,-0.0012214960610442813,0.00059048722453428,False,1750,1674,534,564,576
opposing,Mister Fantastic,Jeff The Land Shark,Damage,Support,-0.025105850380736202,0.00028886875628942525,-0.0271701038835125,False,3012,2914,1244,969,701
opposing,Mister Fantastic,Psylocke,Damage,Damage,0.01583764256416292,0.0005882212823021226,0.01806399780796158,False,1871,1794,617,601,576
opposing,Mister Fantastic,Wolverine,Damage,Damage,-0.013143054512822399,-0.0002174294340873627,-0.013739377917683659,False,1709,1621,469,542,610
opposing,Mister Fantastic,Invisible Woman,Damage,Support,0.016727806898896927,0.000520069232417781,0.02435557822135828,False,8996,8654,3051,3044,2559
opposing,Mister Fantastic,The Thing,Damage,Tank,-0.0378432873555413,-0.0010860692803418242,-0.04793078572437689,False,4981,4781,1653,1630,1498
opposing,Mister Fantastic,Iron Fist,Damage,Damage,-0.018125187393003003,-0.0007903991800459142,-0.023329297519279195,False,3591,3459,1065,1242,1152
opposing,Mister Fantastic,Emma Frost,Damage,Tank,-0.006058213451773811,0.0018538903879236626,-0.008676769177047095,False,6752,6445,2500,2264,1681
opposing,Mister Fantastic,Phoenix,Damage,Damage,-0.004316168713863107,-0.00041849564955335664,-0.003141988619394845,False,1976,1921,777,683,461
opposing,Mister Fantastic,Daredevil,Damage,Damage,0.006420846735585752,0.0001687386523748021,0.005133478819798715,False,3021,2889,838,1014,1037
opposing,Mister Fantastic,Angela,Damage,Tank,0.0034573001884149997,-0.000600489726945982,0.004262094007943845,False,1896,1818,600,654,564
opposing,Mister Fantastic,Gambit,Damage,Support,-0.010301604228535939,-0.001140012270818601,-0.008637731387200904,False,7945,7595,2532,2693,2370
opposing,Mister Fantastic,Elsa Bloodstone,Damage,Damage,-0.006505464011966946,0.0011772851851109705,-0.004532698219183748,False,3666,3528,1294,1298,936
opposing,Mister Fantastic,White Fox,Damage,Support,0.009319166398150508,0.0002505969637557767,0.010549153773558615,False,4379,4233,1952,1448,833
opposing,Mister Fantastic,Black Cat,Damage,Damage,0.046611981045480685,-0.0009872687581845318,0.05115912302232407,False,3037,2967,1308,1035,624
opposing,Mister Fantastic,Devil Dinosaur,Damage,Tank,-0.03319854327702681,0.0003603291918577637,-0.04153384779026698,False,3071,2958,1256,1061,641
opposing,Mister Fantastic,Cyclops,Damage,Damage,-0.028095331073099805,0.0017705633411310721,-0.026822157452770157,False,4754,4574,1962,1614,998
opposing,Mister Fantastic,Jubilee,Damage,Support,0.004018362500137605,0.00014462062091367736,0.0008247075776820041,False,12389,11956,4748,4360,2848
opposing,Mister Fantastic,Rogue,Damage,Tank,-0.006433152467593977,-0.0003297189190727645,-0.008833547235779598,False,2159,2055,775,719,561
opposing,Mister Fantastic,The Hood,Damage,Tank,0.03326695906561366,0.0014039467010943767,0.035782289391528,False,16160,15704,5618,5629,4457
opposing,Mister Fantastic,Deadpool (Vanguard),Damage,Tank,0.015307857008626063,0.0005934478587115949,0.01463413251278359,False,1727,1671,738,592,341
opposing,Mister Fantastic,Deadpool (Duelist),Damage,Damage,0.03125560239452326,-0.00030037699241571155,0.03295921506594648,False,2429,2315,774,864,677
opposing,Mister Fantastic,Deadpool (Strategist),Damage,Support,0.02246722271813989,-9.558282745972037e-06,0.024876105871781223,False,2698,2597,1094,892,611
opposing,Winter Soldier,Peni Parker,Damage,Tank,0.035883165430072084,0.0018726941816814143,0.03704080848069509,False,9546,9094,2943,3030,3121
opposing,Winter Soldier,Star-lord,Damage,Damage,0.00397920192649983,-0.00013332058786033057,0.003177680782427514,False,11277,10832,3257,3569,4006
opposing,Winter Soldier,Blade,Damage,Damage,0.010698312291919063,0.0007749533961769466,0.00816138253305543,False,10226,9784,3446,3341,2997
opposing,Winter Soldier,Namor,Damage,Damage,-0.004479941272941347,0.0005161506312604253,-0.0018478881284634827,False,15646,15075,5391,5263,4421
opposing,Winter Soldier,Adam Warlock,Damage,Support,0.02940237281311679,-0.002104256698494431,0.03155466321331691,False,9303,8824,2271,2750,3803
opposing,Winter Soldier,Jeff The Land Shark,Damage,Support,-0.010767089511764204,0.001384022358261066,-0.015024149315272366,False,15737,15115,5312,4977,4826
opposing,Winter Soldier,Psylocke,Damage,Damage,-0.0174423210431261,-0.0005298936215086488,-0.018497380990405373,False,10434,10006,2741,3299,3966
opposing,Winter Soldier,Wolverine,Damage,Damage,-0.012454437099876363,8.51232362589586e-05,-0.01361468921419675,False,9789,9290,2155,2876,4259
opposing,Winter Soldier,Invisible Woman,Damage,Support,-0.04937606771931432,-0.0006285621027413914,-0.05399643213348274,False,49334,47155,13124,15393,18638
opposing,Winter Soldier,The Thing,Damage,Tank,0.0009469744980695323,-0.0002584677230787514,-0.00020754256609490819,False,27074,25859,7086,8426,10347
opposing,Winter Soldier,Iron Fist,Damage,Damage,-0.009491779647181398,-0.0030776851823873974,-0.014624235256286675,False,18999,18278,4476,6072,7730
opposing,Winter Soldier,Emma Frost,Damage,Tank,-0.020493620089636816,-1.2934516568895376e-05,-0.02017439343372914,False,36352,34490,11144,11371,11975
opposing,Winter Soldier,Phoenix,Damage,Damage,-0.008293063545367477,5.4013386590258814e-05,-0.008056053139914376,False,10131,9764,3332,3285,3147
opposing,Winter Soldier,Daredevil,Damage,Damage,0.0007476759758753404,0.0024646680755192763,-0.0016125637031833408,False,17512,16654,3678,5192,7784
opposing,Winter Soldier,Angela,Damage,Tank,0.02449781395889374,0.0005737521066501268,0.03223630427153215,False,10324,9815,2590,3162,4063
opposing,Winter Soldier,Gambit,Damage,Support,0.0164430528279012,-0.0033660717797576035,0.017464856391937508,False,38201,36389,10631,12581,13177
opposing,Winter Soldier,Elsa Bloodstone,Damage,Damage,-0.017957877273379014,-0.0020579030903888434,-0.01752032264400359,False,18001,17308,5579,5987,5742
opposing,Winter Soldier,White Fox,Damage,Support,0.015735911989021484,0.0032856951850371205,0.013782841153935096,False,20660,19893,7996,6670,5227
opposing,Winter Soldier,Black Cat,Damage,Damage,0.0016872002074372716,0.0008925169297093513,0.0020213416147423723,False,12387,12122,5034,4302,2786
opposing,Winter Soldier,Devil Dinosaur,Damage,Tank,-0.00833754158593489,-0.0021661432481107044,-0.009308819922699734,False,14964,14259,5308,4860,4091
opposing,Winter Soldier,Cyclops,Damage,Damage,0.022112780722221247,0.004840354670635174,0.02678358518368177,False,22690,21798,8218,7481,6099
opposing,Winter Soldier,Jubilee,Damage,Support,0.004255546432571494,3.868018415208841e-05,-0.0028936119076832367,False,59065,56930,19127,19776,18027
opposing,Winter Soldier,Rogue,Damage,Tank,0.006821788756190012,-0.0017873104144449621,0.010478144122832402,False,11481,10820,3243,3642,3935
opposing,Winter Soldier,The Hood,Damage,Tank,-0.04134170874251994,-0.000375223692148804,-0.042666353474933146,False,77793,75404,22648,25508,27248
opposing,Winter Soldier,Deadpool (Vanguard),Damage,Tank,-0.011902983303400044,-0.0003062020337576836,-0.011077916573667839,False,9170,8875,3295,3011,2569
opposing,Winter Soldier,Deadpool (Duelist),Damage,Damage,-0.007460036481269966,-0.002238048735436357,-0.00947269302240502,False,12980,12352,3485,4142,4725
opposing,Winter Soldier,Deadpool (Strategist),Damage,Support,-0.030806834389779242,0.0007616603291455005,-0.03904235978398117,False,12891,12393,4341,4243,3809
opposing,Peni Parker,Star-lord,Tank,Damage,-0.009743169790794422,-0.0008850566680461809,-0.005813620356722638,False,2317,2228,851,729,648
opposing,Peni Parker,Blade,Tank,Damage,0.028466290322350735,0.0002555553330949599,0.0425225376767284,False,2108,2004,830,688,486
opposing,Peni Parker,Namor,Tank,Damage,-0.005195413526015404,-0.0015945610607823353,-0.005368217516043134,False,3375,3218,1395,1059,764
opposing,Peni Parker,Adam Warlock,Tank,Support,0.008554910640331925,-0.0013927329663975766,-0.0007120066821927427,False,1771,1676,544,542,590
opposing,Peni Parker,Jeff The Land Shark,Tank,Support,-0.004332164555218523,0.00043508359029956455,-0.012751239426823538,False,3221,3081,1369,964,748
opposing,Peni Parker,Psylocke,Tank,Damage,0.010708829193741692,0.0014053027580008517,0.017529208418205877,False,2067,1972,668,640,664
opposing,Peni Parker,Wolverine,Tank,Damage,-0.02053797105202477,-0.0004953887431988687,-0.010748000066597273,False,1759,1664,512,505,647
opposing,Peni Parker,Invisible Woman,Tank,Support,-0.024377272336972858,0.0017552054128261204,-0.041504267328731394,False,9785,9310,3241,3084,2985
opposing,Peni Parker,The Thing,Tank,Tank,0.03168869771376445,-0.0003548239315535344,0.04117357735715881,False,5087,4832,1558,1602,1672
opposing,Peni Parker,Iron Fist,Tank,Damage,-0.009285694448209968,0.0004150949581436419,0.0044714855408473,False,3466,3321,1023,1104,1194
opposing,Peni Parker,Emma Frost,Tank,Tank,0.0029436903036698867,0.0007528876566397091,-0.003979102716883239,False,7769,7333,2898,2344,2091
opposing,Peni Parker,Phoenix,Tank,Damage,-0.009614457462037904,-0.0005765031914652903,-0.006717260946062813,False,2179,2086,895,665,526
opposing,Peni Parker,Daredevil,Tank,Damage,0.01597322589140673,0.0005104754787035498,0.027843356772719312,False,3092,2910,866,904,1140
opposing,Peni Parker,Angela,Tank,Tank,0.002742889063642443,0.0010782069392186236,-0.006618609383143067,False,2216,2077,681,669,727
opposing,Peni Parker,Gambit,Tank,Support,0.026519795920476933,-0.0002796876049538305,0.026094987067823736,False,8240,7765,2685,2640,2440
opposing,Peni Parker,Elsa Bloodstone,Tank,Damage,-0.00044367276297876365,0.00021304640780447733,0.0029638494499650394,False,3869,3671,1435,1198,1038
opposing,Peni Parker,White Fox,Tank,Support,0.012108446183253803,-0.0011134537500525207,0.014618124177420738,False,4616,4417,2119,1379,919
opposing,Peni Parker,Black Cat,Tank,Damage,0.01240368833861553,-5.11233289420608e-05,0.021196499781403554,False,2820,2741,1255,894,592
opposing,Peni Parker,Devil Dinosaur,Tank,Tank,-0.010725608567480402,0.00025002364649605763,-0.01412704147790356,False,3286,3119,1355,1029,735
opposing,Peni Parker,Cyclops,Tank,Damage,-0.026011941330606272,-0.00016450443304828887,-0.02190024506149561,False,5095,4844,2130,1604,1110
opposing,Peni Parker,Jubilee,Tank,Support,-0.0413499229297596,-0.00016503520065293265,-0.04307617121461335,False,12901,12354,5120,4197,3037
opposing,Peni Parker,Rogue,Tank,Tank,-0.002013350309407353,0.00045895275948531095,-0.009689535334335541,False,2349,2171,843,712,616
opposing,Peni Parker,The Hood,Tank,Tank,-0.02368301681611139,0.0007976284472332076,-0.03490752854620316,False,16399,15828,5799,5262,4767
opposing,Peni Parker,Deadpool (Vanguard),Tank,Tank,0.0073079727247761985,0.0004423433822640172,0.0014666339169043582,False,1948,1877,840,626,411
opposing,Peni Parker,Deadpool (Duelist),Tank,Damage,0.0023567645486226034,-0.0009272792986625786,0.005785747505145345,False,2584,2459,905,788,766
opposing,Peni Parker,Deadpool (Strategist),Tank,Support,-0.0006561107056292087,-0.0003755039686752244,-0.004110149253029,False,2645,2511,1092,812,607
opposing,Star-lord,Blade,Damage,Damage,0.024735365091661493,-0.0010377839191015885,0.024441256854969555,False,2488,2380,923,838,619
opposing,Star-lord,Namor,Damage,Damage,-0.029985843933631108,0.00029677749803943036,-0.028274405703816122,False,4077,3932,1460,1367,1105
opposing,Star-lord,Adam Warlock,Damage,Support,0.017980352221767498,0.0006994318114285589,0.018782116224134573,False,2009,1914,597,612,705
opposing,Star-lord,Jeff The Land Shark,Damage,Support,0.01898109633872089,0.00036435180715227775,0.018519785942608977,False,3758,3644,1415,1229,1000
opposing,Star-lord,Psylocke,Damage,Damage,-0.0033366704990344196,-0.0005668285093044247,-0.0021434211045940556,False,2505,2425,788,766,871
opposing,Star-lord,Wolverine,Damage,Damage,0.010226031482822353,0.0005229866963983642,0.012000074153310166,False,2264,2192,550,706,936
opposing,Star-lord,Invisible Woman,Damage,Support,-0.017825254677422273,0.000339848652965898,-0.018424541285268575,False,11680,11241,3611,3715,3915
opposing,Star-lord,The Thing,Damage,Tank,0.0034569724928269568,-0.0012871058771315113,0.0004423226664826647,False,6610,6335,1883,2106,2346
opposing,Star-lord,Iron Fist,Damage,Damage,-0.020898294048902453,-0.00012526975083258188,-0.02582341351195311,False,4699,4509,1237,1470,1802
opposing,Star-lord,Emma Frost,Damage,Tank,-0.00689135270245223,-0.0011911850735293287,-0.0071828548386982695,False,8616,8234,2972,2733,2529
opposing,Star-lord,Phoenix,Damage,Damage,-0.029532177809378755,-0.0002997588065723734,-0.029874439246854255,False,2465,2403,889,807,707
opposing,Star-lord,Daredevil,Damage,Damage,-0.012068153409543446,-7.5419190583364e-05,-0.01433380214124333,False,3955,3783,932,1211,1640
opposing,Star-lord,Angela,Damage,Tank,-0.03150406356543905,-0.00011904739154273083,-0.032216329356416475,False,2352,2248,655,783,810
opposing,Star-lord,Gambit,Damage,Support,0.00839422023255996,0.0005259058885142312,0.008487145898264228,False,9973,9535,2955,3157,3423
opposing,Star-lord,Elsa Bloodstone,Damage,Damage,-0.014192632782617001,0.0007089141098070911,-0.012334001295788316,False,4297,4141,1450,1439,1252
opposing,Star-lord,White Fox,Damage,Support,0.012766871968752796,0.0010024462761437341,0.010519897307218433,False,5021,4881,2132,1617,1132
opposing,Star-lord,Black Cat,Damage,Damage,0.009306522023865524,0.0011752766753080667,0.011370066474677188,False,3256,3201,1370,1148,683
opposing,Star-lord,Devil Dinosaur,Damage,Tank,0.0012620715898853693,0.0014915241877359248,-0.0007707839529506001,False,3541,3404,1412,1117,875
opposing,Star-lord,Cyclops,Damage,Damage,0.0017647904929278572,0.0012169180022087544,0.005927613034237211,False,5804,5590,2189,1870,1531
opposing,Star-lord,Jubilee,Damage,Support,-0.026366562769454285,-0.00022976387239031446,-0.03726625858387663,False,15143,14615,5390,5026,4199
opposing,Star-lord,Rogue,Damage,Tank,-0.015213605540917604,-9.945644075154647e-05,-0.01618211118911019,False,2657,2517,877,817,823
opposing,Star-lord,The Hood,Damage,Tank,0.015416239753676807,0.0010991046827850243,0.01834180833204807,False,20634,20093,6575,6822,6696
opposing,Star-lord,Deadpool (Vanguard),Damage,Tank,-0.007420097743828482,0.000550595407198377,-0.008232942924195415,False,2127,2062,880,697,485
opposing,Star-lord,Deadpool (Duelist),Damage,Damage,0.016671527244128136,-8.55291137635854e-05,0.017709253099217233,False,3023,2909,931,950,1028
opposing,Star-lord,Deadpool (Strategist),Damage,Support,-0.013739985273299159,-0.000712159424874953,-0.019764928351855462,False,3212,3122,1231,1052,839
opposing,Blade,Namor,Damage,Damage,-0.007659892810600569,0.001314571335367214,-0.0018894410469182828,False,3780,3631,1688,1189,754
opposing,Blade,Adam Warlock,Damage,Support,0.004720278148132564,0.0006558873521505235,0.0057404861080760875,False,1936,1843,708,592,543
opposing,Blade,Jeff The Land Shark,Damage,Support,0.01745822614877419,-0.0011152702982483139,0.018682510195699758,False,3506,3373,1588,1066,719
opposing,Blade,Psylocke,Damage,Damage,0.022934331270648436,-0.0007381585254230111,0.028502198250688286,False,2310,2210,854,676,680
opposing,Blade,Wolverine,Damage,Damage,0.012800777204972287,-0.00044423130534354695,0.01705373697725695,False,1945,1848,582,640,626
opposing,Blade,Invisible Woman,Damage,Support,-0.01551053110983419,0.0018468106631451837,-0.013944524054951165,False,10594,10128,3841,3395,2892
opposing,Blade,The Thing,Damage,Tank,0.0020008144752365923,-0.0005202309273577036,-0.007000738255156033,False,5847,5621,2056,1950,1615
opposing,Blade,Iron Fist,Damage,Damage,0.002906875050284931,-0.0011507352350970982,0.002159106559194119,False,4154,3995,1420,1359,1216
opposing,Blade,Emma Frost,Damage,Tank,0.035046105931018735,-0.000856094540393473,0.033655443425596655,False,7911,7519,3267,2464,1788
opposing,Blade,Phoenix,Damage,Damage,-0.019069032203012648,0.0016079302417782383,-0.016301304547954,False,2260,2181,947,788,446
opposing,Blade,Daredevil,Damage,Damage,0.0062895325700096875,-0.0004718789102522043,0.007765436160698912,False,3572,3389,1048,1159,1182
opposing,Blade,Angela,Damage,Tank,0.0053624727303514625,0.0003342789112995048,0.0029798712519427772,False,2149,2042,764,682,596
opposing,Blade,Gambit,Damage,Support,-0.02385152148382387,-9.718272883889029e-05,-0.025913360315886765,False,9453,8947,3350,3112,2485
opposing,Blade,Elsa Bloodstone,Damage,Damage,0.0005552777991024235,-0.001251230097333787,0.0058666795764935175,False,4159,4014,1694,1390,930
opposing,Blade,White Fox,Damage,Support,-0.010764021769928677,0.0021431353316163568,-0.014076404932017405,False,5044,4869,2433,1551,885
opposing,Blade,Black Cat,Damage,Damage,-0.011825463873855874,0.0009021207141106296,-0.009179540850837067,False,3107,3043,1536,980,527
opposing,Blade,Devil Dinosaur,Damage,Tank,0.007982828949968776,0.0006153924361361858,0.0008840966857345403,False,3621,3475,1716,1068,691
opposing,Blade,Cyclops,Damage,Damage,0.008566266338554706,-0.0003418888644609187,0.015546144391539063,False,5689,5458,2553,1799,1106
opposing,Blade,Jubilee,Damage,Support,-0.012357595520288334,0.0007439087523213294,-0.019630217211784116,False,14104,13563,5868,4634,3061
opposing,Blade,Rogue,Damage,Tank,0.005344862338532861,0.0003287868510888095,0.0008691231867828022,False,2709,2564,1029,870,665
opposing,Blade,The Hood,Damage,Tank,0.016189951269481022,-0.0010612776788131244,0.013379783567070924,False,18849,18247,7152,6272,4823
opposing,Blade,Deadpool (Vanguard),Damage,Tank,0.001222159199861426,-8.244152380193613e-05,-0.0044401300564975476,False,2051,1967,937,673,357
opposing,Blade,Deadpool (Duelist),Damage,Damage,0.005536750846712217,0.00030474334818142825,0.007956632034032898,False,2734,2578,971,886,721
opposing,Blade,Deadpool (Strategist),Damage,Support,-0.013075511303377479,0.0005300029521123162,-0.017141441918912755,False,3143,3033,1383,990,660
opposing,Namor,Adam Warlock,Damage,Support,-0.00912261359772674,-0.00016002193853467187,-0.008199932744870062,False,3080,2958,1037,1018,903
opposing,Namor,Jeff The Land Shark,Damage,Support,0.006048607898135575,0.0006793386559661217,0.007479524024876878,False,5535,5300,2352,1741,1207
opposing,Namor,Psylocke,Damage,Damage,-0.011807995705102898,-1.3461597864136464e-05,-0.015402758071653488,False,3511,3377,1237,1158,982
opposing,Namor,Wolverine,Damage,Damage,-0.010064251553049878,-0.00037282073255369034,-0.01402373726993732,False,3177,3045,975,1050,1020
opposing,Namor,Invisible Woman,Damage,Support,-0.027171797724405814,-0.0004019657487836299,-0.025430614635198676,False,16511,15879,5974,5485,4420
opposing,Namor,The Thing,Damage,Tank,0.01004223730142885,0.0008361473018859313,0.01238393503107588,False,8849,8465,2928,2984,2553
opposing,Namor,Iron Fist,Damage,Damage,0.017348536767743155,0.0021146742481832647,0.011372858025518672,False,6048,5819,1821,2069,1929
opposing,Namor,Emma Frost,Damage,Tank,-0.020441796925096647,0.0021510794730581393,-0.017644984665464273,False,12827,12300,5165,4184,2951
opposing,Namor,Phoenix,Damage,Damage,0.005193569606956026,-0.0007402109602803658,0.0035190622182818348,False,3720,3604,1498,1275,831
opposing,Namor,Daredevil,Damage,Damage,0.030603499016216736,0.0002519258241481452,0.027641276734072195,False,5427,5175,1542,1711,1922
opposing,Namor,Angela,Damage,Tank,-0.0010109250359980834,0.00037222719272437355,0.006326076571198236,False,3474,3309,1139,1160,1010
opposing,Namor,Gambit,Damage,Support,0.043597843885603116,-0.001976426919879097,0.05160001008586416,False,14487,13764,4870,4905,3989
opposing,Namor,Elsa Bloodstone,Damage,Damage,0.008055056798940242,-0.00022328339262940383,0.007583197707788031,False,6538,6321,2565,2282,1474
opposing,Namor,White Fox,Damage,Support,0.018407903976178606,-0.000830529993577931,0.02037484589349885,False,7678,7397,3605,2433,1359
opposing,Namor,Black Cat,Damage,Damage,0.03188675625680021,-0.00013276919529679515,0.03164641370174117,False,4650,4532,2083,1572,877
opposing,Namor,Devil Dinosaur,Damage,Tank,-0.018794021143337343,0.0004524397306006076,-0.018471341380772124,False,5529,5314,2492,1734,1088
opposing,Namor,Cyclops,Damage,Damage,0.02056356127977176,-0.001768708267677296,0.02211997973952315,False,8692,8389,3745,2893,1751
opposing,Namor,Jubilee,Damage,Support,-0.0057408610358033,0.003182652069629304,-0.010553556555592886,False,22300,21525,8910,7513,5102
opposing,Namor,Rogue,Damage,Tank,0.02195355578390849,-0.0011795474826293809,0.02978606185974347,False,4191,3936,1525,1365,1046
opposing,Namor,The Hood,Damage,Tank,-0.035850721885945416,-0.0016165652259271597,-0.03408512796141027,False,28846,28027,10424,9844,7759
opposing,Namor,Deadpool (Vanguard),Damage,Tank,0.02695171030554417,-0.00016742115249319598,0.03462501562861801,False,3474,3365,1611,1090,664
opposing,Namor,Deadpool (Duelist),Damage,Damage,0.002706660518202603,0.0004689603894982998,-0.001483108709287817,False,4724,4523,1635,1597,1291
opposing,Namor,Deadpool (Strategist),Damage,Support,0.016568251798880274,9.665701648458507e-05,0.01784062593227278,False,4729,4565,1999,1543,1023
opposing,Adam Warlock,Jeff The Land Shark,Support,Support,0.027993800159519234,-0.0013342288637591326,0.03268302026441266,False,2934,2766,1046,861,859
opposing,Adam Warlock,Psylocke,Support,Damage,-0.00020839954534457279,0.00151747866641868,-0.0026327516219150668,False,1915,1840,507,572,761
opposing,Adam Warlock,Wolverine,Support,Damage,0.006011783543171401,0.0018999637985761325,-0.002114852587651344,False,1743,1641,398,505,738
opposing,Adam Warlock,Invisible Woman,Support,Support,0.018320013714081568,-0.0018148256994008518,0.01795884997931482,False,9713,9242,2559,2884,3799
opposing,Adam Warlock,The Thing,Support,Tank,-0.0028024335874705943,-0.0012399690682809422,-0.0014779642712029724,False,5045,4803,1364,1494,1945
opposing,Adam Warlock,Iron Fist,Support,Damage,0.012460408755615934,-0.00032715627086089567,0.011096581945773403,False,3397,3248,801,1063,1384
opposing,Adam Warlock,Emma Frost,Support,Tank,-0.0019510771263719971,0.00032729195605257376,0.004996162900695459,False,6794,6365,2084,2050,2231
opposing,Adam Warlock,Phoenix,Support,Damage,0.010817397459374037,-0.0002865626071838298,0.010465809014123117,False,1873,1792,650,583,559
opposing,Adam Warlock,Daredevil,Support,Damage,0.0031671449517993626,0.0008272190217054696,0.0019371295895790426,False,3058,2906,659,814,1433
opposing,Adam Warlock,Angela,Support,Tank,0.006775573826450527,-0.0006172618709890771,0.012825075291496936,False,1858,1740,476,569,695
opposing,Adam Warlock,Gambit,Support,Support,0.009695549357413572,0.000180904371343018,0.00339457296844829,False,7620,7172,2057,2398,2717
opposing,Adam Warlock,Elsa Bloodstone,Support,Damage,-4.870645926096787e-05,0.0008689221205184459,-0.003255428642723868,False,3641,3443,1044,1077,1322
opposing,Adam Warlock,White Fox,Support,Support,-0.019027183681728482,-0.0009628936918384596,-0.030421229807606556,False,4003,3835,1600,1225,1010
opposing,Adam Warlock,Black Cat,Support,Damage,0.018409033147605936,-0.0005206263867735459,0.01653880608924374,False,2325,2258,844,769,645
opposing,Adam Warlock,Devil Dinosaur,Support,Tank,-0.01047627172145584,-0.0005844599702851351,-0.005664635299701096,False,2800,2636,1050,802,784
opposing,Adam Warlock,Cyclops,Support,Damage,-0.03171877214804537,-0.0011504256710789403,-0.04528888867277459,False,4305,4099,1592,1357,1150
opposing,Adam Warlock,Jubilee,Support,Support,-0.03362726093325551,0.001267133743851247,-0.04458702254727775,False,11866,11347,3936,3836,3575
opposing,Adam Warlock,Rogue,Support,Tank,-0.02518140249038881,-0.0005213322928586218,-0.0225425056204414,False,2176,2016,646,640,730
opposing,Adam Warlock,The Hood,Support,Tank,-0.012628187609025203,-0.00020235057775647505,-0.008684819591984224,False,15761,15161,4590,4912,5659
opposing,Adam Warlock,Deadpool (Vanguard),Support,Tank,-0.013607690083016216,0.00040578687161356783,-0.00800921986133849,False,1432,1384,521,473,390
opposing,Adam Warlock,Deadpool (Duelist),Support,Damage,0.011054346917837016,-0.0007547388506427605,0.016696346669272173,False,1999,1893,546,641,706
opposing,Adam Warlock,Deadpool (Strategist),Support,Support,-0.014536715491560326,-0.0010005053994275102,-0.019504382389476455,False,2260,2151,784,723,644
opposing,Jeff The Land Shark,Psylocke,Support,Damage,-0.013510918153617293,7.293486818125809e-05,-0.016209917643123715,False,3238,3126,1176,973,977
opposing,Jeff The Land Shark,Wolverine,Support,Damage,0.004646694958883695,-0.00046806056326913957,-0.0022624098318768486,False,2875,2748,876,886,986
opposing,Jeff The Land Shark,Invisible Woman,Support,Support,0.011852412801167557,-0.00010425037280019836,0.010715883369981064,False,16973,16304,6076,5335,4893
opposing,Jeff The Land Shark,The Thing,Support,Tank,-0.007796795741565065,-0.00021922571034702282,-0.010193971307410031,False,8757,8387,3114,2712,2561
opposing,Jeff The Land Shark,Iron Fist,Support,Damage,-0.0052287627291111,-2.5866181891480745e-05,-0.007415568561446348,False,6102,5874,1987,1968,1919
opposing,Jeff The Land Shark,Emma Frost,Support,Tank,0.0036038510163399116,5.411252210209419e-05,0.00852486781613866,False,12108,11582,4951,3633,2998
opposing,Jeff The Land Shark,Phoenix,Support,Damage,0.001100480154864395,0.0011495288663763246,0.0009224444596479316,False,3421,3308,1446,1106,756
opposing,Jeff The Land Shark,Daredevil,Support,Damage,0.014785197520905192,0.00024736823475477257,0.01639560614292127,False,5238,4980,1537,1643,1800
opposing,Jeff The Land Shark,Angela,Support,Tank,0.010635270671052239,0.00039024144252748394,0.014386101021633659,False,3227,3051,1079,1057,915
opposing,Jeff The Land Shark,Gambit,Support,Support,-0.03322503865558739,-0.0003513844241119556,-0.04692919657735186,False,13557,12936,5065,4369,3502
opposing,Jeff The Land Shark,Elsa Bloodstone,Support,Damage,0.0026545137264800136,-0.0008692470349063204,0.0011738614793328991,False,6437,6209,2518,2031,1660
opposing,Jeff The Land Shark,White Fox,Support,Support,0.01911331721461331,-0.0020312594863170154,0.015054469357634728,False,7892,7635,3897,2299,1439
opposing,Jeff The Land Shark,Black Cat,Support,Damage,-0.012143164978393201,0.0006078961437041782,-0.016444249389407126,False,5184,5084,2413,1626,1045
opposing,Jeff The Land Shark,Devil Dinosaur,Support,Tank,-0.0109770528746702,0.0004291018519022324,-0.009164878674172315,False,5147,4959,2385,1532,1042
opposing,Jeff The Land Shark,Cyclops,Support,Damage,0.013684773567113166,0.0012426172167680485,0.007178267669876926,False,7978,7693,3724,2436,1533
opposing,Jeff The Land Shark,Jubilee,Support,Support,0.03890254650185877,-0.0028539256959135505,0.04153058434560374,False,21649,20943,9160,6911,4872
opposing,Jeff The Land Shark,Rogue,Support,Tank,-0.00027574545561124235,0.0016581473881936743,0.0034468667590065835,False,3799,3592,1548,1121,923
opposing,Jeff The Land Shark,The Hood,Support,Tank,-0.005590992249965646,0.0011403392079022481,-0.003435625943280359,False,27797,26981,10507,8889,7585
opposing,Jeff The Land Shark,Deadpool (Vanguard),Support,Tank,0.0031000419908035954,-0.0004209831343994026,0.008464703902712098,False,3170,3062,1525,929,608
opposing,Jeff The Land Shark,Deadpool (Duelist),Support,Damage,-0.0037655436183982073,-0.00011705272231574388,0.001412137229105708,False,4015,3839,1478,1280,1081
opposing,Jeff The Land Shark,Deadpool (Strategist),Support,Support,-0.027949634768125668,0.0021994765383704265,-0.03495545251948906,False,4572,4415,2021,1393,1001
opposing,Psylocke,Wolverine,Damage,Damage,0.025483743927234494,-7.327968186241808e-06,0.027018220558912162,False,2045,1941,477,608,856
opposing,Psylocke,Invisible Woman,Damage,Support,0.007386531847349517,0.00011009201275056199,0.013782800713855976,False,10470,10009,3021,3272,3716
opposing,Psylocke,The Thing,Damage,Tank,0.02471031618175313,-0.0016516076179133653,0.023502416371642687,False,5747,5479,1654,1777,2048
opposing,Psylocke,Iron Fist,Damage,Damage,-0.012760934826932347,0.0007270191270887722,-0.018495248586588516,False,4133,3971,1070,1250,1651
opposing,Psylocke,Emma Frost,Damage,Tank,0.008272788180980989,0.00021340721931355772,0.009102164316394042,False,7585,7226,2490,2333,2403
opposing,Psylocke,Phoenix,Damage,Damage,-0.0003905027780953774,-0.0008100520267496276,0.00013838675256867635,False,2167,2097,734,724,639
opposing,Psylocke,Daredevil,Damage,Damage,0.011170929693249749,-0.0016056124284174712,0.009304224575410204,False,3550,3385,816,1017,1552
opposing,Psylocke,Angela,Damage,Tank,-0.007969673926791862,-4.333210093885426e-05,-0.006618258701704228,False,2117,2026,572,657,797
opposing,Psylocke,Gambit,Damage,Support,0.013346266470048706,0.0019981168760680092,0.017902280074195354,False,9047,8586,2467,2870,3249
opposing,Psylocke,Elsa Bloodstone,Damage,Damage,-0.03148810682790585,-0.0006090714895023669,-0.03247329629906339,False,3805,3650,1303,1213,1134
opposing,Psylocke,White Fox,Damage,Support,-0.007396672493302567,-0.0024878053109926314,-0.008320008053837565,False,4524,4363,1860,1414,1089
opposing,Psylocke,Black Cat,Damage,Damage,-0.04305992788729033,4.684159812154936e-05,-0.04664588246373425,False,2727,2660,1179,881,600
opposing,Psylocke,Devil Dinosaur,Damage,Tank,-0.0022939625168001926,0.0003733309908187211,-0.005314530926973966,False,3147,2998,1225,964,809
opposing,Psylocke,Cyclops,Damage,Damage,-0.0058289165013347055,-0.00040189626506063365,-0.0037337735539294753,False,5127,4948,1939,1628,1381
opposing,Psylocke,Jubilee,Damage,Support,-0.02226008494332039,-0.0012168336566011609,-0.02880238887071971,False,12973,12484,4528,4218,3738
opposing,Psylocke,Rogue,Damage,Tank,0.0079880064342523,0.0006037806108007137,0.00904569860376607,False,2510,2395,797,761,837
opposing,Psylocke,The Hood,Damage,Tank,-0.01160001142402175,0.0022608065505677097,-0.012304652690767224,False,18386,17844,5613,5834,6397
opposing,Psylocke,Deadpool (Vanguard),Damage,Tank,-0.00968393028374719,0.0010122140248522713,-0.01133893815497544,False,1966,1891,747,620,524
opposing,Psylocke,Deadpool (Duelist),Damage,Damage,-0.011991719736586892,8.384574095308451e-05,-0.014707236674318114,False,2622,2493,713,836,944
opposing,Psylocke,Deadpool (Strategist),Damage,Support,0.014919677771536863,-6.391527081426133e-05,0.016321274732341347,False,2758,2660,971,866,823
opposing,Wolverine,Invisible Woman,Damage,Support,-0.007821419836202027,0.0008773973883906323,0.003153662010177235,False,9722,9222,2206,2866,4150
opposing,Wolverine,The Thing,Damage,Tank,-0.01812874952176457,-5.87777462734881e-05,-0.030651077642070878,False,5078,4821,1139,1542,2140
opposing,Wolverine,Iron Fist,Damage,Damage,0.01757858663901797,5.467138149747163e-05,0.014775657479138922,False,3686,3517,791,1127,1599
opposing,Wolverine,Emma Frost,Damage,Tank,0.024853901624779517,-0.00044939267519937195,0.021061781716590015,False,6877,6494,1870,2162,2462
opposing,Wolverine,Phoenix,Damage,Damage,0.007798824139981328,-0.00021918725511837407,0.009487082706592612,False,1843,1755,526,566,663
opposing,Wolverine,Daredevil,Damage,Damage,0.007299357071124373,-0.001020761682315933,0.005627149026015893,False,3370,3166,602,987,1577
opposing,Wolverine,Angela,Damage,Tank,0.008556727308221044,1.903656485843835e-05,0.005280483850804444,False,1979,1859,415,605,839
opposing,Wolverine,Gambit,Damage,Support,-0.03173473338484798,-0.001182248914818167,-0.026334037822246675,False,8548,8080,1845,2700,3535
opposing,Wolverine,Elsa Bloodstone,Damage,Damage,0.014500171225904608,0.0004119938970045593,0.017698266881552998,False,3562,3391,950,1145,1296
opposing,Wolverine,White Fox,Damage,Support,-0.033791458889088154,-6.275610197398813e-05,-0.0315343358087796,False,3915,3747,1436,1231,1080
opposing,Wolverine,Black Cat,Damage,Damage,0.014217553320614343,-1.6561882839098744e-05,0.015718020123303887,False,2317,2260,820,829,611
opposing,Wolverine,Devil Dinosaur,Damage,Tank,0.025433135399514122,8.801420320769865e-05,0.01904652524071897,False,2800,2644,889,882,873
opposing,Wolverine,Cyclops,Damage,Damage,0.02365429043426163,-0.0018793887984096909,0.028612312819015665,False,4349,4164,1413,1420,1331
opposing,Wolverine,Jubilee,Damage,Support,-0.024865266412015523,-1.877922899339778e-05,-0.025253411082684987,False,11577,11088,3387,3905,3796
opposing,Wolverine,Rogue,Damage,Tank,-0.021688959628086597,-0.0001764942499063207,-0.030463151578416142,False,2211,2049,534,665,850
opposing,Wolverine,The Hood,Damage,Tank,0.03466979211574161,0.0014348335582287676,0.03268771055796105,False,16658,16069,4159,5322,6588
opposing,Wolverine,Deadpool (Vanguard),Damage,Tank,-0.022427503618378697,-0.0008297234692799362,-0.03200706291209861,False,1587,1532,542,513,477
opposing,Wolverine,Deadpool (Duelist),Damage,Damage,-0.016251570197227748,0.00025770558561436744,-0.018803652289309147,False,2433,2311,552,795,964
opposing,Wolverine,Deadpool (Strategist),Damage,Support,-0.01124448175344557,3.888000666413755e-05,-0.0066335977929471435,False,2393,2298,772,770,756
opposing,Invisible Woman,The Thing,Support,Tank,-0.0036513701729461805,0.00025072763639068403,0.00010406831139418109,False,27511,26267,7704,8504,10059
opposing,Invisible Woman,Iron Fist,Support,Damage,-0.03706100905310379,-0.0008602569558745912,-0.047689663341221634,False,18867,18123,4851,6055,7217
opposing,Invisible Woman,Emma Frost,Support,Tank,0.00483721787238612,0.002912716926553455,0.015442839286421019,False,36927,35121,12237,11456,11428
opposing,Invisible Woman,Phoenix,Support,Damage,-0.002334908724089064,-0.0009113663200820535,-0.007405185694458218,False,10441,10058,3685,3386,2987
opposing,Invisible Woman,Daredevil,Support,Damage,-0.04424502700564186,-0.0006102343696625733,-0.05447621411472768,False,17149,16320,4008,5099,7213
opposing,Invisible Woman,Angela,Support,Tank,0.008613434111041098,-0.0005434112686521725,0.01752571138399231,False,10544,10020,2791,3290,3939
opposing,Invisible Woman,Gambit,Support,Support,-0.0013241871787180626,4.9163973810366326e-05,-0.005936676709652976,False,39542,37692,12068,13283,12341
opposing,Invisible Woman,Elsa Bloodstone,Support,Damage,0.029929275517285525,-0.0014959778649662812,0.02739515082870559,False,19795,18990,6210,6406,6374
opposing,Invisible Woman,White Fox,Support,Support,0.012502778835091278,-0.0017466856502787276,0.010533528485962009,False,22942,22112,9383,7292,5437
opposing,Invisible Woman,Black Cat,Support,Damage,-0.02784744627497229,-0.0017458780635091458,-0.038574383513342116,False,14237,13943,5833,4831,3279
opposing,Invisible Woman,Devil Dinosaur,Support,Tank,0.0005686596187959713,-0.001804866251310299,0.009722779696686789,False,15463,14739,5914,4927,3898
opposing,Invisible Woman,Cyclops,Support,Damage,0.03040876144825014,0.002229646791600386,0.021529936370872516,False,23260,22375,8974,7582,5819
opposing,Invisible Woman,Jubilee,Support,Support,0.01123055738671504,-0.00045879800166020535,0.012118838059105382,False,65419,62966,22564,21637,18765
opposing,Invisible Woman,Rogue,Support,Tank,-0.01714349053845985,-0.005343309561652866,-0.010645380985499683,False,11607,10934,3690,3637,3607
opposing,Invisible Woman,The Hood,Support,Tank,-0.012812667650766949,-0.0016013519947523649,-0.006331542806838861,False,81201,78686,25109,26325,27252
opposing,Invisible Woman,Deadpool (Vanguard),Support,Tank,-0.013869698561648982,0.0007942633168808439,-0.005745931440441634,False,9358,9016,3652,3025,2339
opposing,Invisible Woman,Deadpool (Duelist),Support,Damage,-0.05466851065751795,-0.001270039798075839,-0.06031651835518752,False,13341,12725,3910,4348,4467
opposing,Invisible Woman,Deadpool (Strategist),Support,Support,-0.012231739273971224,0.00032820129316358555,-0.013088244267725943,False,13906,13365,5060,4601,3704
opposing,The Thing,Iron Fist,Tank,Damage,0.008649258486174878,-0.00041725982824416245,0.022803623980397824,False,10740,10259,2702,3434,4123
opposing,The Thing,Emma Frost,Tank,Tank,-0.003757945311152966,-0.0024714942110598956,-0.016321454575263288,False,20594,19506,6533,6386,6587
opposing,The Thing,Phoenix,Tank,Damage,-0.025866310784760937,-0.0008523241344260947,-0.02642264045741529,False,5750,5527,1978,1870,1679
opposing,The Thing,Daredevil,Tank,Damage,-0.003902426671311079,0.00042121604753470884,0.004106002832251767,False,8739,8305,1930,2622,3753
opposing,The Thing,Angela,Tank,Tank,0.029375826600598474,0.0003586820090576586,0.019502007779760216,False,4892,4665,1360,1545,1760
opposing,The Thing,Gambit,Tank,Support,0.021943038791495086,0.0010949740058240755,0.02964963293286528,False,21736,20693,6017,7104,7572
opposing,The Thing,Elsa Bloodstone,Tank,Damage,-0.007107161212612887,-0.003458547922760957,-0.006073157056989064,False,10314,9889,3255,3338,3296
opposing,The Thing,White Fox,Tank,Support,-0.0037660249832530824,0.0019456391755746589,0.005059351963192147,False,11618,11188,4594,3771,2823
opposing,The Thing,Black Cat,Tank,Damage,0.03484507323496314,-0.00026296620281339276,0.04454266279401704,False,7079,6927,2715,2398,1814
opposing,The Thing,Devil Dinosaur,Tank,Tank,-0.0339584571609494,-0.0017565937821894862,-0.04554386985010607,False,8510,8093,3051,2730,2312
opposing,The Thing,Cyclops,Tank,Damage,-0.02314041825028044,-0.0015786515549175498,-0.02032824148703822,False,13335,12754,4834,4353,3567
opposing,The Thing,Jubilee,Tank,Support,0.002682471980882434,0.004041499950880883,0.016899811839277336,False,33178,31896,11052,11007,9837
opposing,The Thing,Rogue,Tank,Tank,0.053786635136898936,0.0006098590495224507,0.050085367877818046,False,6091,5708,1855,1907,1946
opposing,The Thing,The Hood,Tank,Tank,0.023696983934591395,0.0020870727985028686,0.015152007709484841,False,43990,42643,13079,14408,15156
opposing,The Thing,Deadpool (Vanguard),Tank,Tank,0.018244163606577567,-0.000517449544942027,0.009475620323859952,False,5012,4837,1921,1612,1304
opposing,The Thing,Deadpool (Duelist),Tank,Damage,0.05562109716970777,0.0012817305767894866,0.06342667378292013,False,6496,6190,1853,2116,2221
opposing,The Thing,Deadpool (Strategist),Tank,Support,0.012263317040912883,0.0005426705929158986,0.0197525683425314,False,7224,6924,2567,2316,2041
opposing,Iron Fist,Emma Frost,Damage,Tank,-0.014154851695669789,-0.0013700639159459896,-0.025040596940956138,False,13446,12867,3958,4345,4564
opposing,Iron Fist,Phoenix,Damage,Damage,0.0023768103091974177,-0.0006294716612757157,0.007840523860346475,False,3862,3722,1196,1288,1238
opposing,Iron Fist,Daredevil,Damage,Damage,0.004061499587705889,-0.002971639427665341,0.006339479034924416,False,6799,6493,1340,2002,3151
opposing,Iron Fist,Angela,Damage,Tank,0.022372427436270638,-0.0004921930399647889,0.017952565760956243,False,3862,3693,924,1259,1510
opposing,Iron Fist,Gambit,Damage,Support,-0.03990073662114575,-0.002734839892017236,-0.041477522632506314,False,16151,15346,4055,5155,6136
opposing,Iron Fist,Elsa Bloodstone,Damage,Damage,0.0023514031932193465,-0.0003825947641697681,0.008786813497253401,False,6846,6594,2040,2285,2269
opposing,Iron Fist,White Fox,Damage,Support,-0.02726416721381923,0.0004774244853691901,-0.03014786384352671,False,8505,8231,3100,2865,2266
opposing,Iron Fist,Black Cat,Damage,Damage,-0.01295158489836831,-0.0011806135247783309,-0.009415433062196893,False,5566,5466,2008,1955,1503
opposing,Iron Fist,Devil Dinosaur,Damage,Tank,0.02863251584870717,0.0001220085385799421,0.019906493222472687,False,5699,5473,1965,1893,1615
opposing,Iron Fist,Cyclops,Damage,Damage,-0.01052949642493327,-0.00023597207440153117,-0.004096960897914344,False,9316,8962,3202,3096,2664
opposing,Iron Fist,Jubilee,Damage,Support,-0.038942919280743435,0.0029601275400717025,-0.04704750172942854,False,24009,23217,7488,8254,7475
opposing,Iron Fist,Rogue,Damage,Tank,-0.007304192229813237,0.0008687375553140764,-0.017157904161559327,False,4365,4118,1150,1377,1591
opposing,Iron Fist,The Hood,Damage,Tank,0.039383627828784004,0.0045512112159352995,0.03523271805031638,False,33815,32862,9272,11257,12333
opposing,Iron Fist,Deadpool (Vanguard),Damage,Tank,0.012152642039393787,0.000421195117502117,0.0037683169088712468,False,3316,3199,1169,1075,955
opposing,Iron Fist,Deadpool (Duelist),Damage,Damage,-0.02051998130378264,0.00020821685157357582,-0.01920432019338794,False,4875,4664,1159,1557,1948
opposing,Iron Fist,Deadpool (Strategist),Damage,Support,0.0036404524475997365,-0.0019245993093565668,0.004155222013804179,False,5055,4886,1651,1644,1591
opposing,Emma Frost,Phoenix,Tank,Damage,0.024297526281279198,-0.0008141367085582393,0.025502763167705708,False,7794,7486,3150,2499,1837
opposing,Emma Frost,Daredevil,Tank,Damage,0.0012092816773418514,-0.0017170281549594379,0.005904724780060079,False,12251,11591,3315,3671,4605
opposing,Emma Frost,Angela,Tank,Tank,-0.015893531480675516,-0.0011652098137937216,-0.020746503097776835,False,8148,7669,2531,2559,2579
opposing,Emma Frost,Gambit,Tank,Support,-0.009539175382191026,-0.002100156260531846,-0.012378168369715087,False,30691,28977,10288,9799,8890
opposing,Emma Frost,Elsa Bloodstone,Tank,Damage,-0.005404544262396655,-0.0014106500629416097,-0.008067517571727077,False,14801,14155,5302,4674,4179
opposing,Emma Frost,White Fox,Tank,Support,-0.014090171868218947,0.003391386241391887,-0.012409978379266504,False,16446,15824,7492,5075,3257
opposing,Emma Frost,Black Cat,Tank,Damage,0.009043664209028522,-0.0005708223143687418,0.011946295355265032,False,10655,10389,4867,3439,2083
opposing,Emma Frost,Devil Dinosaur,Tank,Tank,-0.016805116455231618,-0.0005361429197034129,-0.0137661898195757,False,12364,11710,5164,3823,2723
opposing,Emma Frost,Cyclops,Tank,Damage,0.009762449799927209,0.001262583937877088,0.012391963095741686,False,17918,17175,7610,5651,3914
opposing,Emma Frost,Jubilee,Tank,Support,0.014674426718697366,0.0015896356726460635,0.02533309945183211,False,46707,44745,18245,15215,11285
opposing,Emma Frost,Rogue,Tank,Tank,-0.022228656125739227,0.0012373616150308348,-0.0256392197474469,False,9275,8653,3285,2865,2503
opposing,Emma Frost,The Hood,Tank,Tank,0.012695896232498158,4.5750790202071326e-05,0.014443808807925585,False,60353,58274,21331,19598,17345
opposing,Emma Frost,Deadpool (Vanguard),Tank,Tank,-0.0006630027960690126,-0.0019607053274525712,-0.0003549770783377756,False,7623,7303,3312,2354,1637
opposing,Emma Frost,Deadpool (Duelist),Tank,Damage,-0.02769709052533661,-0.00036243504739736574,-0.03316501058162709,False,10114,9561,3336,3289,2936
opposing,Emma Frost,Deadpool (Strategist),Tank,Support,-0.008394548485029938,-0.002013226563007962,-0.00971125685106122,False,9721,9339,4010,3064,2265
opposing,Phoenix,Daredevil,Damage,Damage,0.02065972801518503,0.0002241552688202641,0.018991997010188624,False,3330,3203,997,1033,1173
opposing,Phoenix,Angela,Damage,Tank,0.001139606071778519,-0.0001855215840152156,0.005151087870889372,False,2008,1931,683,693,555
opposing,Phoenix,Gambit,Damage,Support,-0.005916834208874452,0.0008606398009300371,-0.004463247195322948,False,8761,8400,2913,2997,2490
opposing,Phoenix,Elsa Bloodstone,Damage,Damage,0.06512339838982917,0.0005652958455153252,0.07130699958317875,False,3780,3643,1423,1336,884
opposing,Phoenix,White Fox,Damage,Support,-0.00036561760964363586,-0.000946503135649162,-0.001104610315451013,False,4598,4460,2209,1438,813
opposing,Phoenix,Black Cat,Damage,Damage,-0.019258218280875643,0.00045903167822049825,-0.021500165841718075,False,2787,2745,1414,906,425
opposing,Phoenix,Devil Dinosaur,Damage,Tank,0.009108322161940395,-0.0005745426510052023,0.009006098325479344,False,3241,3122,1396,1064,662
opposing,Phoenix,Cyclops,Damage,Damage,-0.020270869917405294,-0.0010149236530275422,-0.019891212996197394,False,5269,5089,2360,1653,1076
opposing,Phoenix,Jubilee,Damage,Support,-0.0006730435488845383,0.00018873517293540624,-0.005211506307709123,False,13572,13151,5472,4526,3153
opposing,Phoenix,Rogue,Damage,Tank,-0.01805040854157039,-2.107520565987219e-06,-0.01829159346273152,False,2415,2285,884,794,607
opposing,Phoenix,The Hood,Damage,Tank,-0.01663468657325878,-0.0016667681873054525,-0.01627239907109121,False,18568,18122,6658,6270,5194
opposing,Phoenix,Deadpool (Vanguard),Damage,Tank,0.004515947570910397,0.00030843754388557156,0.006094397790462442,False,1908,1856,829,639,388
opposing,Phoenix,Deadpool (Duelist),Damage,Damage,0.0022976053043699306,-0.000666433204241886,0.00016510461700356983,False,2875,2755,963,956,836
opposing,Phoenix,Deadpool (Strategist),Damage,Support,0.019316115650672667,-0.0005170688221478775,0.02057272834063938,False,2764,2676,1162,917,597
opposing,Daredevil,Angela,Damage,Tank,0.0013552867938059565,5.197407734404812e-05,-0.0006997428957878376,False,3607,3413,765,1093,1555
opposing,Daredevil,Gambit,Damage,Support,-0.04744653254625539,-0.0012666139241841845,-0.05126201247135393,False,13818,13091,3197,4501,5393
opposing,Daredevil,Elsa Bloodstone,Damage,Damage,-0.02167684992606278,-0.0003053484321033711,-0.01911675935177335,False,5648,5396,1629,1843,1924
opposing,Daredevil,White Fox,Damage,Support,-0.023249419549415208,0.00033413880043744933,-0.026926742144171466,False,7387,7128,2482,2385,2261
opposing,Daredevil,Black Cat,Damage,Damage,0.04936688738543572,-0.0016419792902250061,0.05593545752410941,False,4482,4371,1459,1588,1324
opposing,Daredevil,Devil Dinosaur,Damage,Tank,0.01821139221461583,-0.0005676547553850842,0.013043708984385756,False,4898,4646,1492,1572,1582
opposing,Daredevil,Cyclops,Damage,Damage,-0.015501485059855394,-0.0003602511061075981,-0.011419768103832295,False,7738,7411,2532,2469,2410
opposing,Daredevil,Jubilee,Damage,Support,0.0015892889082980643,0.001969414957493675,-0.00274423693985613,False,20618,19784,5840,6883,7061
opposing,Daredevil,Rogue,Damage,Tank,-0.016490254063937605,-0.0018240731419268646,-0.022646512495836848,False,3997,3699,1058,1216,1425
opposing,Daredevil,The Hood,Damage,Tank,0.02917382323379794,0.0017669507110719255,0.028605055270574598,False,28929,27916,7108,9261,11547
opposing,Daredevil,Deadpool (Vanguard),Damage,Tank,-0.017190491743126292,-0.0017278796352846316,-0.024147802796560845,False,2794,2686,835,934,917
opposing,Daredevil,Deadpool (Duelist),Damage,Damage,0.02366058932772367,0.0007705597429563321,0.026557636608436817,False,4030,3797,924,1263,1610
opposing,Daredevil,Deadpool (Strategist),Damage,Support,-0.010823180384205556,-1.997585225691704e-05,-0.013411834345076055,False,4471,4284,1291,1466,1527
opposing,Angela,Gambit,Tank,Support,-0.06573903381652044,-0.0025641531956526295,-0.0753099108729799,False,8850,8342,2401,2909,3032
opposing,Angela,Elsa Bloodstone,Tank,Damage,-0.0012071470116063149,0.0006182152035405341,-0.005748883748897809,False,4030,3827,1148,1343,1336
opposing,Angela,White Fox,Tank,Support,0.0273479919276776,-0.0018362833397382577,0.03798812634898094,False,4341,4159,1653,1425,1081
opposing,Angela,Black Cat,Tank,Damage,-0.00430604003013721,0.0005248748433648813,-0.005258631545620561,False,2874,2771,1088,954,729
opposing,Angela,Devil Dinosaur,Tank,Tank,-0.004695594896804115,0.002617773666380973,0.0026141479832995805,False,3289,3112,1114,1097,901
opposing,Angela,Cyclops,Tank,Damage,-0.024541613912389623,0.0009362865409206977,-0.02812756706510598,False,4686,4490,1718,1488,1284
opposing,Angela,Jubilee,Tank,Support,0.010770393791217261,0.00018994286612288348,0.0231018686975888,False,12792,12251,4250,4348,3653
opposing,Angela,Rogue,Tank,Tank,-0.03754735275597027,-0.0013427409322089845,-0.040906826008408406,False,2506,2340,725,805,810
opposing,Angela,The Hood,Tank,Tank,0.020806692189372613,-0.00036660701648180206,0.02621023245516273,False,17646,16982,5150,5828,6004
opposing,Angela,Deadpool (Vanguard),Tank,Tank,-0.004657320777150343,-0.0006820648643944995,-0.00255599259028038,False,1686,1621,632,563,426
opposing,Angela,Deadpool (Duelist),Tank,Damage,0.0008052942016629986,-0.001438253535215676,-0.0038037395943342133,False,2667,2516,721,835,960
opposing,Angela,Deadpool (Strategist),Tank,Support,-0.018634546246211334,-0.001129064039728412,-0.01929673250156496,False,2625,2509,909,844,756
opposing,Gambit,Elsa Bloodstone,Support,Damage,-0.0023692988882489524,-0.0019757466653850466,-0.006355523287323485,False,14413,13827,4955,5070,3802
opposing,Gambit,White Fox,Support,Support,-0.015645419340862554,-0.001531854239633757,-0.018360795678088165,False,17976,17268,7398,5835,4035
opposing,Gambit,Black Cat,Support,Damage,0.00903494802516228,-5.7596626509607775e-06,0.005503532164506489,False,10273,10051,4433,3620,1998
opposing,Gambit,Devil Dinosaur,Support,Tank,-0.041252867525972854,-0.0003924150719252045,-0.04734236447979223,False,13505,12794,4967,4411,3416
opposing,Gambit,Cyclops,Support,Damage,-0.02149732053355831,0.0011023074458523727,-0.03427918376846478,False,20851,19917,7720,6866,5331
opposing,Gambit,Jubilee,Support,Support,0.012649253084888972,0.0005752951117056958,0.01816720665538802,False,50684,48463,17557,17390,13516
opposing,Gambit,Rogue,Support,Tank,0.015614258945716162,-0.0012995685347918973,0.01885470663947513,False,12661,11798,3317,3867,4614
opposing,Gambit,The Hood,Support,Tank,-0.01584916418907422,-0.0002663953724425244,-0.018378347886532146,False,62605,60375,20025,21547,18803
opposing,Gambit,Deadpool (Vanguard),Support,Tank,-0.01836568437537452,-0.0005745284633763247,-0.019486786571959687,False,7486,7159,2880,2468,1811
opposing,Gambit,Deadpool (Duelist),Support,Damage,0.033764768241256155,-0.0013437464855643414,0.04175614249613056,False,11741,11053,3145,3718,4190
opposing,Gambit,Deadpool (Strategist),Support,Support,-0.00834852680546185,-0.002258227710770517,-0.004127264942865053,False,10778,10341,3970,3626,2745
opposing,Elsa Bloodstone,White Fox,Damage,Support,0.014271033025895935,0.0014357007520662518,0.016858492397913608,False,8695,8425,3815,2788,1822
opposing,Elsa Bloodstone,Black Cat,Damage,Damage,0.00938180564976832,-0.0006283529020194692,0.008457330681214164,False,4661,4567,2296,1526,745
opposing,Elsa Bloodstone,Devil Dinosaur,Damage,Tank,-0.006461879887134731,0.0003042877741917851,-0.007795242913286077,False,6662,6368,2519,2135,1714
opposing,Elsa Bloodstone,Cyclops,Damage,Damage,-0.013014486588274568,-0.00045803870091035734,-0.013028048322899454,False,9505,9157,3934,3217,2006
opposing,Elsa Bloodstone,Jubilee,Damage,Support,0.002102502965467372,-0.0026458104666348048,-0.0005921457306806208,False,24632,23745,9212,8456,6077
opposing,Elsa Bloodstone,Rogue,Damage,Tank,0.008548102576041055,-0.0004875079359508716,0.011825551102096633,False,4451,4212,1501,1432,1279
opposing,Elsa Bloodstone,The Hood,Damage,Tank,-0.018397850506510334,-0.0038942682334542084,-0.01771151383483315,False,31145,30252,11043,10796,8413
opposing,Elsa Bloodstone,Deadpool (Vanguard),Damage,Tank,0.0029201538421729126,-0.0006639075483599386,0.004841505369655112,False,3823,3704,1583,1227,894
opposing,Elsa Bloodstone,Deadpool (Duelist),Damage,Damage,-0.005063623759658929,0.0007912486151457667,-0.008758752094310842,False,4678,4442,1498,1561,1383
opposing,Elsa Bloodstone,Deadpool (Strategist),Damage,Support,0.02258842194666263,-0.001370704922977809,0.025750943672010692,False,5288,5105,1989,1785,1331
opposing,White Fox,Black Cat,Support,Damage,0.0037670060697268144,0.0023726785061783775,0.0024635792589043247,False,7924,7747,3801,2510,1436
opposing,White Fox,Devil Dinosaur,Support,Tank,0.01917951049182095,-0.00034405666927902996,0.01755176337913031,False,7605,7345,3832,2276,1237
opposing,White Fox,Cyclops,Support,Damage,-0.004793843695668774,-0.002729856459737493,-0.012601290531576324,False,11470,11105,5713,3504,1888
opposing,White Fox,Jubilee,Support,Support,-0.006196572053369836,-0.00164301182674682,-0.0042343775054854245,False,30786,29834,14041,9841,5952
opposing,White Fox,Rogue,Support,Tank,-0.0036688168225710483,0.0006336633414533988,-0.00877803150330351,False,5276,5005,2324,1616,1065
opposing,White Fox,The Hood,Support,Tank,-0.011025537815977284,-0.0015042612474015407,-0.018030092472347044,False,38160,37150,16041,12490,8619
opposing,White Fox,Deadpool (Vanguard),Support,Tank,0.008982893346279268,-0.0015754042493707626,0.007006501657514612,False,4583,4455,2325,1382,748
opposing,White Fox,Deadpool (Duelist),Support,Damage,0.01397788497535842,0.0003249287816121684,0.02238238061625835,False,5847,5625,2328,1849,1448
opposing,White Fox,Deadpool (Strategist),Support,Support,0.012968247676642675,-0.0008458739943054131,0.020936041356690895,False,6848,6644,3258,2127,1259
opposing,Black Cat,Devil Dinosaur,Damage,Tank,0.01578590279256154,-0.0003342674558813452,0.013020274973469583,False,5138,5007,2500,1591,916
opposing,Black Cat,Cyclops,Damage,Damage,-0.007691853621224078,-0.0023373218137120438,-0.005604585297949301,False,7168,7009,3683,2263,1063
opposing,Black Cat,Jubilee,Damage,Support,-0.03370772972021683,-0.0017375582808651503,-0.03990793517631768,False,18890,18508,8666,6367,3475
opposing,Black Cat,Rogue,Damage,Tank,-0.002410605239895134,-0.0001860216023649152,-0.00430571301865086,False,3361,3240,1452,1055,733
opposing,Black Cat,The Hood,Damage,Tank,0.0348857351520744,-0.0004405608056949315,0.03763559802568577,False,24071,23735,10430,8383,4922
opposing,Black Cat,Deadpool (Vanguard),Damage,Tank,-0.008508472339736228,-0.00037478161331095636,-0.011812607482463384,False,2657,2610,1284,853,473
opposing,Black Cat,Deadpool (Duelist),Damage,Damage,0.0034590877014015384,-9.083077562346056e-05,0.002120795704170085,False,2998,2922,1215,1019,688
opposing,Black Cat,Deadpool (Strategist),Damage,Support,-0.027398142984024317,3.755692026675833e-05,-0.029513219549254465,False,4317,4241,1992,1433,816
opposing,Devil Dinosaur,Cyclops,Tank,Damage,0.00919427288280855,-0.00012338399848387224,0.014419521844509599,False,8242,7882,3930,2555,1397
opposing,Devil Dinosaur,Jubilee,Tank,Support,-0.01007182201700194,0.0006294479362481172,-0.002624741928144632,False,20640,19851,8886,6780,4185
opposing,Devil Dinosaur,Rogue,Tank,Tank,-0.031686935147919426,6.392192235619411e-05,-0.042176947786423294,False,3960,3693,1548,1188,957
opposing,Devil Dinosaur,The Hood,Tank,Tank,-0.029953457478873263,-0.00042434305608253574,-0.040391313103194534,False,26082,25247,10373,8650,6224
opposing,Devil Dinosaur,Deadpool (Vanguard),Tank,Tank,-0.00011048367128946293,-2.9251649309443484e-05,-0.005341784178514464,False,3239,3124,1531,1005,588
opposing,Devil Dinosaur,Deadpool (Duelist),Tank,Damage,0.033764499234091146,-0.0010817380294474244,0.037879184167144385,False,4126,3918,1501,1342,1075
opposing,Devil Dinosaur,Deadpool (Strategist),Tank,Support,-0.003350479419397233,-0.0007634129576662183,-0.003091050783063306,False,4409,4225,2020,1349,856
opposing,Cyclops,Jubilee,Damage,Support,0.015189956038406685,-0.001005046787387082,0.02053587510654438,False,31448,30345,13505,10291,6549
opposing,Cyclops,Rogue,Damage,Tank,-0.024233290666140033,-0.0013045068451277026,-0.0282323682132902,False,5827,5488,2337,1820,1331
opposing,Cyclops,The Hood,Damage,Tank,-0.03414573567860148,-0.000635927454776127,-0.03881731565465287,False,40638,39432,16015,13392,10025
opposing,Cyclops,Deadpool (Vanguard),Damage,Tank,0.0268183855079233,-0.00044056974577837246,0.02784745442710413,False,4716,4546,2318,1453,775
opposing,Cyclops,Deadpool (Duelist),Damage,Damage,0.02776981582796542,0.0005899559833557797,0.025673765467886377,False,6388,6114,2360,2133,1621
opposing,Cyclops,Deadpool (Strategist),Damage,Support,0.016522695021611095,0.0003229852712452902,0.02533163701149599,False,6875,6630,3117,2193,1320
opposing,Jubilee,Rogue,Support,Tank,0.03971691105322005,0.0028104513714039482,0.03722480530981183,False,14886,14095,5436,4960,3699
opposing,Jubilee,The Hood,Support,Tank,0.00839420386419122,-0.0003395448999791939,0.00015508179227778662,False,92758,90070,32852,31269,25949
opposing,Jubilee,Deadpool (Vanguard),Support,Tank,0.014285634865827047,-0.0011505272576615199,0.008805872164276102,False,12477,12097,5656,3991,2450
opposing,Jubilee,Deadpool (Duelist),Support,Damage,0.001215456631007273,-0.00034631615451804695,0.011785690539475403,False,17353,16594,5917,5831,4846
opposing,Jubilee,Deadpool (Strategist),Support,Support,0.0032426730146305925,0.0010746998559046453,0.006353336380361326,False,18161,17553,7589,5972,3992
opposing,Rogue,The Hood,Tank,Tank,0.011212179538952692,0.00019921167118064706,0.012722598379274763,False,19766,18873,6469,6408,5996
opposing,Rogue,Deadpool (Vanguard),Tank,Tank,-0.00975884614604064,-0.00011094927159014658,-0.010859410572095706,False,2224,2103,946,675,482
opposing,Rogue,Deadpool (Duelist),Tank,Damage,-0.006168198920078672,-0.0015712984871516188,-0.009471554504426737,False,3251,3017,970,1024,1023
opposing,Rogue,Deadpool (Strategist),Tank,Support,-0.003455249439032618,0.0007518034240555574,-0.0034032438776255567,False,3158,2992,1283,990,719
opposing,The Hood,Deadpool (Vanguard),Tank,Tank,-0.011126450102296468,0.0005787868699673215,-0.012222883279027933,False,15184,14819,6216,4973,3630
opposing,The Hood,Deadpool (Duelist),Tank,Damage,-0.0344343945457009,0.0033263839974488714,-0.04136558909170111,False,22944,22091,6988,7664,7439
opposing,The Hood,Deadpool (Strategist),Tank,Support,-0.027933425961791616,0.0030899572719401765,-0.03110240323984524,False,23938,23321,8904,8074,6343
opposing,Deadpool (Vanguard),Deadpool (Duelist),Tank,Damage,-0.0026927683866174532,0.00035303199674885914,-0.004882480945514897,False,2139,2049,857,658,534
opposing,Deadpool (Vanguard),Deadpool (Strategist),Tank,Support,0.01085910899578998,0.0008388512270520132,0.01211212401939095,False,2447,2382,1155,780,447
opposing,Deadpool (Duelist),Deadpool (Strategist),Damage,Support,0.04220416278612339,0.00019421208034221382,0.04035781185364324,False,3112,2994,1152,1057,785
