kind,hero_a,hero_b,role_a,role_b,coef,slope,did,is_teamup,support,support_dev,support_third0,support_third1,support_third2
allied,Hulk,The Punisher,Tank,Damage,-0.0016264771872441812,0.0017430884481834258,-0.004411211047240294,False,5292,5060,1557,1615,1888
allied,Hulk,Storm,Tank,Damage,-0.025838038076342412,0.0007498026586455828,-0.027380663600447004,False,3103,2974,799,1027,1148
allied,Hulk,Loki,Tank,Support,-0.004366687403221874,8.996977901476179e-05,-0.004955675448326495,False,4019,3850,910,1186,1754
allied,Hulk,Human Torch,Tank,Damage,0.00978281299916871,5.7625547612469576e-05,0.0056141952211601915,False,4036,3803,835,1290,1678
allied,Hulk,Doctor Strange,Tank,Tank,0.06942296330897794,0.0006900149413184995,0.0907482174252118,True,8544,8175,2391,2866,2918
allied,Hulk,Mantis,Tank,Support,-0.024006360355624545,0.0006742296293514453,-0.01598656782601381,False,11561,10991,2158,3394,5439
allied,Hulk,Hawkeye,Tank,Damage,-0.003833078860018978,0.0005315520714665897,-0.0049866498613486895,False,2970,2828,841,1061,926
allied,Hulk,Captain America,Tank,Tank,0.03603280434144391,-5.9010910062161615e-05,0.037525834399262485,True,3027,2810,842,947,1021
allied,Hulk,Rocket Raccoon,Tank,Support,0.017224716525764548,-0.001627714114975474,0.01990949483813195,False,16407,15727,3977,5337,6413
allied,Hulk,Hela,Tank,Damage,0.0072986207008169735,0.0003815775404182572,0.005929650346988003,False,8093,7698,1825,2374,3499
allied,Hulk,Cloak & Dagger,Tank,Support,-2.7740813078889917e-05,-0.0005576549218233993,0.004520999754841831,False,24470,23343,6982,8016,8345
allied,Hulk,Black Panther,Tank,Damage,0.004000784324266979,-0.0017374114556755612,0.010743754168164659,False,5735,5445,1202,1908,2335
allied,Hulk,Groot,Tank,Tank,-0.016660448223452768,0.0009910243589661793,-0.017685916074198938,False,2229,2131,527,757,847
allied,Hulk,Ultron,Tank,Support,-0.01649348283899624,-0.00016667980356440564,-0.0019364287358517428,False,3049,2819,838,987,994
allied,Hulk,Magik,Tank,Damage,-0.0009317837127390302,-0.0016735497040774865,-0.007287180637276228,False,11877,11383,2834,3936,4613
allied,Hulk,Moon Knight,Tank,Damage,0.010752959378230072,0.0015368298410770645,0.011577836487918207,False,3644,3472,1335,1222,915
allied,Hulk,Luna Snow,Tank,Support,-0.013017431899000988,-0.0030885297664259284,-0.008868624827814914,False,16568,15810,3886,5221,6703
allied,Hulk,Squirrel Girl,Tank,Damage,-0.011015639883926209,-0.0002311070462868551,-0.012063060411433705,False,2140,2045,999,639,407
allied,Hulk,Black Widow,Tank,Damage,0.03373336363213571,-0.00023111347394285815,0.036456651731659975,False,6169,5863,1310,1801,2752
allied,Hulk,Iron Man,Tank,Damage,-0.0306134524307108,-0.0011588613510805305,-0.028541764789578268,True,4834,4611,1740,1630,1241
allied,Hulk,Venom,Tank,Tank,0.03881229677755097,0.0010067635268491391,0.03760488238906311,False,4279,4071,1090,1382,1599
allied,Hulk,Spider-man,Tank,Damage,-0.008409770639866889,0.0002814972066824884,-0.011184717432118761,False,11220,10687,2617,3567,4503
allied,Hulk,Magneto,Tank,Tank,-0.03290159485394874,-0.003197558456495668,-0.025221387604977445,False,18579,17688,3719,5491,8478
allied,Hulk,Scarlet Witch,Tank,Damage,0.01288406247141312,0.0007698108411319236,0.008214629196248617,False,2692,2585,1217,841,527
allied,Hulk,Thor,Tank,Tank,0.01006054197238239,6.726796478312292e-05,0.002974462675453593,False,2988,2837,801,965,1071
allied,Hulk,Mister Fantastic,Tank,Damage,0.020730205710337547,0.00041557656814411115,0.029133539620200943,False,3151,3028,915,1095,1018
allied,Hulk,Winter Soldier,Tank,Damage,0.0070523063781695325,-0.0018399193738994437,0.00260442163537902,False,17217,16421,3772,5480,7169
allied,Hulk,Peni Parker,Tank,Tank,-0.0056302142149980165,-0.000987152870636321,-0.012244006989543924,False,1483,1401,450,434,517
allied,Hulk,Star-lord,Tank,Damage,0.007680970129117666,-0.0011262983048559894,0.006564407238433972,False,3791,3621,973,1214,1434
allied,Hulk,Blade,Tank,Damage,-0.011348700518236315,-0.0004986312997739748,-0.006895748612189636,False,3449,3285,1099,1160,1026
allied,Hulk,Namor,Tank,Damage,0.022043798138888602,0.000760183508777707,0.01071255063292841,True,9797,9394,3237,3299,2858
allied,Hulk,Adam Warlock,Tank,Support,-0.019675681212542855,3.0097351781736533e-05,-0.008169280061129111,False,3224,3057,767,998,1292
allied,Hulk,Jeff The Land Shark,Tank,Support,0.008117391443845327,0.0005871318844249954,0.010367343363883638,False,5650,5404,1751,1825,1828
allied,Hulk,Psylocke,Tank,Damage,0.0013893148241400817,0.001181766301122062,0.0029659555461221394,False,3587,3422,851,1122,1449
allied,Hulk,Wolverine,Tank,Damage,-0.021500954318548544,0.0013691859208338978,-0.018315211176021976,True,4785,4536,1118,1487,1931
allied,Hulk,Invisible Woman,Tank,Support,-0.021367614629745176,-0.0010250489302611981,-0.028845321897832833,False,17840,17038,4561,5576,6901
allied,Hulk,The Thing,Tank,Tank,0.008511944514159635,-0.0004495280049434086,0.005275983125189306,False,5201,4963,1321,1678,1964
allied,Hulk,Iron Fist,Tank,Damage,-0.022289609004871782,0.0004489834344687948,-0.02884491829772016,False,6890,6571,1511,2112,2948
allied,Hulk,Emma Frost,Tank,Tank,-0.010696291264657024,0.0011150664591095894,-0.013486422270080374,False,6067,5700,1809,1894,1997
allied,Hulk,Phoenix,Tank,Damage,0.0015901027428024616,-0.0001160864381389644,-0.00231031858831526,False,2875,2786,867,981,938
allied,Hulk,Daredevil,Tank,Damage,-0.0030146768526267144,-6.414308242438196e-05,-0.0028684632244161544,False,6434,6123,1213,1903,3007
allied,Hulk,Angela,Tank,Tank,-0.023669481728707868,-0.0008370297014175485,-0.029473817753843747,False,1716,1624,389,546,689
allied,Hulk,Gambit,Tank,Support,-0.022946617302018996,0.0011231865767353149,-0.029276397065211415,False,14923,14133,3702,4871,5560
allied,Hulk,Elsa Bloodstone,Tank,Damage,0.01061881563014961,-0.0021490827068129793,0.013801771191515813,False,6264,5984,1623,2063,2298
allied,Hulk,White Fox,Tank,Support,-0.005676180274808742,5.6410312373125166e-05,0.008402339387960547,False,8419,8080,2923,2803,2354
allied,Hulk,Black Cat,Tank,Damage,0.006024507363299565,0.0011257687761968352,0.009191636328284458,False,5109,4979,1674,1901,1404
allied,Hulk,Devil Dinosaur,Tank,Tank,-0.0025625108952947407,0.0006783092277603848,-0.008253185590298537,False,2429,2304,828,729,747
allied,Hulk,Cyclops,Tank,Damage,0.0017849773676982717,0.0011063717059820865,0.0008907019800824948,False,7725,7369,2548,2534,2287
allied,Hulk,Jubilee,Tank,Support,0.0077355331727376134,0.001850418955090399,0.0041820721670254345,False,21055,20156,6462,7174,6520
allied,Hulk,Rogue,Tank,Tank,-0.010866482408490342,-0.00045133485652906714,-0.022049535291940755,False,1943,1804,497,625,682
allied,Hulk,The Hood,Tank,Tank,-0.011772697367228474,0.0013006339754305278,-0.02729078835095553,False,18820,18223,5155,6253,6815
allied,Hulk,Deadpool (Vanguard),Tank,Tank,-0.007538762062871232,1.1783886071769408e-06,-0.017944532302602983,False,1363,1317,489,455,373
allied,Hulk,Deadpool (Duelist),Tank,Damage,-0.0020851812766377225,-0.0011326920372748458,0.0006882063530192298,False,4783,4534,1204,1530,1800
allied,Hulk,Deadpool (Strategist),Tank,Support,0.039097848662959934,0.0016848149090387564,0.05065604635033693,False,5345,5149,1658,1792,1699
allied,The Punisher,Storm,Damage,Damage,0.014890706317536712,-0.00017364060953733353,0.017985118953686083,False,2024,1936,688,606,642
allied,The Punisher,Loki,Damage,Support,-0.03923724376315568,0.0004249733309287034,-0.04211703082895344,False,3336,3226,1042,944,1240
allied,The Punisher,Human Torch,Damage,Damage,-0.005997984494309753,0.0005949307904633235,-0.0005433049909710364,False,2239,2147,670,729,748
allied,The Punisher,Doctor Strange,Damage,Tank,0.001489715512058151,-6.807575706955356e-05,-0.00422729922937273,False,9755,9376,3448,3125,2803
allied,The Punisher,Mantis,Damage,Support,-0.006488602698179425,0.00038270741555694463,-0.006871476864203122,False,9619,9158,2566,2776,3816
allied,The Punisher,Hawkeye,Damage,Damage,-0.03300804124813035,-0.00018335139850879234,-0.03203416118970205,False,1782,1726,691,588,447
allied,The Punisher,Captain America,Damage,Tank,-0.009046169882707924,-0.000825807190266729,-0.013745077536509684,False,2298,2182,911,676,595
allied,The Punisher,Rocket Raccoon,Damage,Support,0.12420164977366699,0.002590343981375366,0.13080055181906974,True,23638,22765,8105,7408,7252
allied,The Punisher,Hela,Damage,Damage,0.01193272193268211,-0.00039029266306947155,0.011545154050786426,False,4601,4380,1415,1284,1681
allied,The Punisher,Cloak & Dagger,Damage,Support,-0.021355423447985564,-0.0022534545166859763,-0.03299619794162541,False,21789,20921,8231,6755,5935
allied,The Punisher,Black Panther,Damage,Damage,0.013209625765265583,-0.00022965648434670522,0.010310877188641874,False,2720,2608,847,876,885
allied,The Punisher,Groot,Damage,Tank,0.005342661070873666,-0.0014839033132793488,0.0011849058869795712,False,4418,4251,1557,1386,1308
allied,The Punisher,Ultron,Damage,Support,-0.02293042519976549,-0.00020643647738233408,-0.022473811515558252,False,2480,2323,892,763,668
allied,The Punisher,Magik,Damage,Damage,0.017153304124767493,-0.0006409571397631182,0.027397252819998573,False,6588,6354,2289,2031,2034
allied,The Punisher,Moon Knight,Damage,Damage,-0.024792036216263243,0.0009143145907069268,-0.02519809272194941,False,2459,2350,1212,709,429
allied,The Punisher,Luna Snow,Damage,Support,-0.009655916068429023,-0.002944905413895406,-0.010474813246475354,False,13132,12597,4181,4032,4384
allied,The Punisher,Squirrel Girl,Damage,Damage,-0.011017438570221205,0.0006687419001412084,-0.010246687685848483,False,1564,1508,907,422,179
allied,The Punisher,Black Widow,Damage,Damage,-0.0006350704960641442,-0.0007635483180388567,0.0002602890633243411,False,3734,3565,1175,1076,1314
allied,The Punisher,Iron Man,Damage,Damage,-0.02688197040056363,0.000890787755728637,-0.028334804325159425,False,2296,2183,966,720,497
allied,The Punisher,Venom,Damage,Tank,-0.037352271629041055,-0.0014153772337768642,-0.04399761473775884,False,6479,6196,2365,1994,1837
allied,The Punisher,Spider-man,Damage,Damage,0.005339703137591232,-8.643469172594483e-05,0.009225335521625248,False,6179,5927,2070,1887,1970
allied,The Punisher,Magneto,Damage,Tank,0.01986871164913713,0.002582575113187795,0.016389166543244155,False,28084,26871,8475,8538,9858
allied,The Punisher,Scarlet Witch,Damage,Damage,-0.009403050285947337,0.0009173104719034339,-0.005317327305153503,False,2215,2138,1245,593,300
allied,The Punisher,Thor,Damage,Tank,-0.0036129300610301856,0.0011403199373230448,-0.0057280066529545445,False,5614,5392,2052,1759,1581
allied,The Punisher,Mister Fantastic,Damage,Damage,0.01340172502471494,-0.000642663344113453,0.011666764471603773,False,2122,2047,803,711,533
allied,The Punisher,Winter Soldier,Damage,Damage,-0.006582148369598519,-0.002419904816042858,-0.0035444572423104577,True,11142,10666,3540,3447,3679
allied,The Punisher,Peni Parker,Damage,Tank,0.020282261677268067,0.0010858811369050226,0.020699393323610312,False,3596,3418,1387,1068,963
allied,The Punisher,Star-lord,Damage,Damage,-0.006693545445054842,-3.572495768641907e-05,-0.006509707910333651,False,2174,2100,808,664,628
allied,The Punisher,Blade,Damage,Damage,-0.012652750617564264,0.0008318003237515267,-0.01504864758198014,False,2038,1951,893,592,466
allied,The Punisher,Namor,Damage,Damage,0.007131122601997184,9.350199388749078e-05,0.012816335454220618,False,3174,3061,1336,967,758
allied,The Punisher,Adam Warlock,Damage,Support,0.02409361881078459,-0.0003643445696502499,0.036724840500223184,False,2600,2468,882,764,822
allied,The Punisher,Jeff The Land Shark,Damage,Support,0.027991315101801948,-0.00035395204391512744,0.031089634283800183,False,4849,4659,2119,1409,1131
allied,The Punisher,Psylocke,Damage,Damage,-0.008361571982295028,-0.001350076892853098,-0.01136176325928645,False,1916,1842,688,572,582
allied,The Punisher,Wolverine,Damage,Damage,-0.001217592782388614,-0.0002933753716220965,-0.0032184189983229874,False,1741,1672,481,555,636
allied,The Punisher,Invisible Woman,Damage,Support,0.046964274262370126,0.0016800341575364535,0.05272873624949563,False,15621,15011,5277,4772,4962
allied,The Punisher,The Thing,Damage,Tank,-0.00016573262310877078,-0.0012930521290385956,0.0034269256463182424,False,8601,8223,2738,2680,2805
allied,The Punisher,Iron Fist,Damage,Damage,0.01730460773747893,-0.0011601738834164594,0.025357378266458515,False,3470,3341,1027,1061,1253
allied,The Punisher,Emma Frost,Damage,Tank,0.0063308990511201325,-0.00197972811559516,0.0062607297101972565,False,12681,12112,4901,3699,3512
allied,The Punisher,Phoenix,Damage,Damage,-0.01372144837379526,0.00016462210890975972,-0.01563044756689458,False,1532,1489,620,477,392
allied,The Punisher,Daredevil,Damage,Damage,0.0327534401325176,0.0016348733629725756,0.037540524546997085,True,4055,3862,1085,1285,1492
allied,The Punisher,Angela,Damage,Tank,0.02113518941350336,-0.0007316249868446409,0.021270028131247523,False,3310,3138,1064,1001,1073
allied,The Punisher,Gambit,Damage,Support,-0.028803070067585822,-0.00043773878175026415,-0.033108304368750945,False,13195,12543,4273,4083,4187
allied,The Punisher,Elsa Bloodstone,Damage,Damage,-0.013641231044094725,0.0002743970382278017,-0.016366261738196077,False,3517,3375,1278,1058,1039
allied,The Punisher,White Fox,Damage,Support,-0.02638688306380414,0.0015364417838775138,-0.031311168273008595,False,6529,6320,3172,1931,1217
allied,The Punisher,Black Cat,Damage,Damage,-0.014830800684755133,0.0005846699726812496,-0.014840610544291899,False,2771,2712,1314,821,577
allied,The Punisher,Devil Dinosaur,Damage,Tank,-0.003330908423637549,0.000316810870839524,-0.004407652139283362,True,6387,6134,2888,1938,1308
allied,The Punisher,Cyclops,Damage,Damage,0.010104721945004355,0.00032327723633275557,0.0077682930263381356,False,4680,4513,2117,1426,970
allied,The Punisher,Jubilee,Damage,Support,-0.03062196271736858,0.00023452386228525095,-0.03353936901140694,False,20160,19455,8026,6398,5031
allied,The Punisher,Rogue,Damage,Tank,-0.008080868890803464,0.0006123602920659816,-0.009556160517912107,False,3753,3565,1370,1104,1091
allied,The Punisher,The Hood,Damage,Tank,0.005337839492785794,0.0014390373601287307,0.0073639929205615235,False,27886,27100,9868,8762,8470
allied,The Punisher,Deadpool (Vanguard),Damage,Tank,0.01024489471707104,-0.00046118873374547753,0.009477879698872965,False,3155,3039,1437,927,675
allied,The Punisher,Deadpool (Duelist),Damage,Damage,0.0171954384774478,0.0004326584834657324,0.016228507092514544,False,2555,2438,863,809,766
allied,The Punisher,Deadpool (Strategist),Damage,Support,-0.03556858099455187,-0.0009055938857458516,-0.038451590802606656,False,4129,3987,1810,1239,938
allied,Storm,Loki,Damage,Support,-0.02841636924335482,-0.000432228282851628,-0.033268662871872065,False,1754,1690,483,513,694
allied,Storm,Human Torch,Damage,Damage,-0.026992031630079617,0.0008281163730984858,-0.02393584129143987,True,2570,2461,734,893,834
allied,Storm,Doctor Strange,Damage,Tank,-0.005952700119440019,-0.00031725638860369574,-0.00853877422948047,False,5568,5341,1726,1882,1733
allied,Storm,Mantis,Damage,Support,-0.0034521334991708358,-0.00020372096549476653,-0.00678056489301305,False,6183,5947,1532,1881,2534
allied,Storm,Hawkeye,Damage,Damage,0.005837943334688843,1.0494825666152309e-05,0.009392024867404777,False,964,926,327,341,258
allied,Storm,Captain America,Damage,Tank,-0.028584910268122155,9.736108924041827e-06,-0.03151537540841964,False,1299,1230,464,425,341
allied,Storm,Rocket Raccoon,Damage,Support,-0.010818556586564207,0.0004113860129745543,-0.02442229621388496,False,7819,7517,2343,2580,2594
allied,Storm,Hela,Damage,Damage,-0.014256993360950775,0.0009309815580054433,-0.017475329998279634,False,2784,2675,740,858,1077
allied,Storm,Cloak & Dagger,Damage,Support,0.01996502116303309,-0.0014962973990444615,0.010164186368075985,False,14195,13689,4892,4642,4155
allied,Storm,Black Panther,Damage,Damage,0.0331797456859964,-0.0011052448172061704,0.03129072664377458,True,2913,2787,872,1020,895
allied,Storm,Groot,Damage,Tank,0.002451974831813046,0.0004099280736526576,0.0019378550735125119,False,2669,2572,818,895,859
allied,Storm,Ultron,Damage,Support,0.015566345592151972,0.00023412912877087696,0.0175099397476543,False,1944,1816,571,669,576
allied,Storm,Magik,Damage,Damage,-0.003610843196063956,-0.000263362356560015,0.004253743999071031,False,3728,3594,1120,1258,1216
allied,Storm,Moon Knight,Damage,Damage,0.02918902434941612,-0.0001356536920757166,0.03262240763979156,False,1417,1350,596,432,322
allied,Storm,Luna Snow,Damage,Support,8.719949419392985e-05,-0.0001959587738770252,-0.0028389241162191225,False,8308,7988,2383,2635,2970
allied,Storm,Squirrel Girl,Damage,Damage,0.006491000383587822,0.0004615085548982411,0.008066668945914533,False,837,800,441,225,134
allied,Storm,Black Widow,Damage,Damage,-0.031991784206310235,0.00030355407561217027,-0.03435708767061715,False,2220,2141,596,674,871
allied,Storm,Iron Man,Damage,Damage,0.005322389636815852,-3.1616451220564775e-05,0.005897174024327108,False,1552,1484,555,560,369
allied,Storm,Venom,Damage,Tank,0.0060602341032879,-0.000600912654822644,0.00827399584551251,False,3562,3392,1205,1123,1064
allied,Storm,Spider-man,Damage,Damage,-0.02080876911040259,-0.0005361842071075927,-0.01975047406040458,False,3407,3287,993,1059,1235
allied,Storm,Magneto,Damage,Tank,0.024126328817851574,0.0007804408201369294,0.025095585180735614,False,17348,16664,4626,5398,6640
allied,Storm,Scarlet Witch,Damage,Damage,0.004608929144986679,1.7549650110787402e-05,0.009208664371431304,False,1282,1251,639,394,218
allied,Storm,Thor,Damage,Tank,-0.027258121678285167,-0.0008290578705015807,-0.02806729559325874,True,5992,5756,2162,2017,1577
allied,Storm,Mister Fantastic,Damage,Damage,-0.001728331572152027,4.158478464892696e-05,-0.005373897277125445,False,1064,1032,382,363,287
allied,Storm,Winter Soldier,Damage,Damage,0.031172652446553404,-7.711841923449739e-06,0.036699758558742385,False,6226,5975,1743,1919,2313
allied,Storm,Peni Parker,Damage,Tank,-0.023041002701024164,0.001145751523372662,-0.023534454595320487,False,2006,1918,709,628,581
allied,Storm,Star-lord,Damage,Damage,0.013585434655509897,9.534505433624093e-05,0.014804698891595153,False,1221,1185,385,421,379
allied,Storm,Blade,Damage,Damage,-0.001088524139488486,0.00033891572740239815,-0.0031740619039313765,False,1110,1064,434,362,268
allied,Storm,Namor,Damage,Damage,-0.0024407924528369127,0.0004002500860594835,0.0017962526238214068,False,1818,1756,670,659,427
allied,Storm,Adam Warlock,Damage,Support,0.04067765083448438,0.0010243097039427079,0.052056760649190854,True,2238,2124,546,740,838
allied,Storm,Jeff The Land Shark,Damage,Support,0.09021107282414917,-0.0007425671455996703,0.09776174584374621,True,7838,7545,2605,2623,2317
allied,Storm,Psylocke,Damage,Damage,0.0010844060248434092,-0.00035368422485303024,-0.0017816643249570154,False,1046,1000,337,325,338
allied,Storm,Wolverine,Damage,Damage,-0.011136858771628922,8.637293182578429e-05,-0.014614752360871008,False,977,937,250,314,373
allied,Storm,Invisible Woman,Damage,Support,-0.014780632131612311,0.00024415977304460666,-0.020059399321429205,False,9934,9554,3002,3149,3403
allied,Storm,The Thing,Damage,Tank,0.02174396274640856,-0.0009201203546060247,0.03177370601821951,False,5255,5034,1446,1726,1862
allied,Storm,Iron Fist,Damage,Damage,0.00809574000249798,-9.94274258729666e-05,0.014730548292924228,False,1951,1882,491,631,760
allied,Storm,Emma Frost,Damage,Tank,0.013786791102500105,0.0024866415233822585,0.01852566847812701,False,7569,7245,2627,2388,2230
allied,Storm,Phoenix,Damage,Damage,-0.02108626840283505,0.00016650058144325737,-0.0242598050653534,False,872,848,335,271,242
allied,Storm,Daredevil,Damage,Damage,0.006925732273460028,-0.000320412353491459,0.008912166951062995,False,1589,1519,401,498,620
allied,Storm,Angela,Damage,Tank,0.0057122706582373095,-0.0005669107100331942,0.008079147182991455,False,1971,1890,576,641,673
allied,Storm,Gambit,Damage,Support,-0.028558727021751655,0.0003515645027158671,-0.0361585343198821,False,8261,7882,2405,2687,2790
allied,Storm,Elsa Bloodstone,Damage,Damage,-0.017347272419630348,-0.001059334157634284,-0.02103243019917918,False,2186,2078,738,664,676
allied,Storm,White Fox,Damage,Support,-0.011499472526115292,0.00010838225627431169,-0.01788794729580323,False,3583,3467,1629,1090,748
allied,Storm,Black Cat,Damage,Damage,0.017077821198699286,-0.0003137220576457623,0.01907102423686301,False,1453,1430,625,475,330
allied,Storm,Devil Dinosaur,Damage,Tank,0.04167727121519368,0.0017701545642183694,0.04963936485094792,False,2998,2855,1141,987,727
allied,Storm,Cyclops,Damage,Damage,-0.026614337239839605,-0.0005207481424337741,-0.032657576325687755,False,2673,2561,1071,874,616
allied,Storm,Jubilee,Damage,Support,-0.0018993484004306053,0.00047260842563507315,-0.004551543782546306,False,12041,11603,4317,4051,3235
allied,Storm,Rogue,Damage,Tank,-0.0023354071226244994,-0.0005800733381491676,0.0008056896107418021,False,2190,2068,717,652,699
allied,Storm,The Hood,Damage,Tank,-0.016942054948603423,-0.0030266120546803216,-0.013456215370771145,False,16872,16387,5293,5694,5400
allied,Storm,Deadpool (Vanguard),Damage,Tank,-0.012300948775255801,0.0009998329466601424,-0.011638233443090852,False,1657,1606,654,531,421
allied,Storm,Deadpool (Duelist),Damage,Damage,-0.012290679919126208,0.00035299546328121823,-0.016362640797657344,False,1286,1238,407,422,409
allied,Storm,Deadpool (Strategist),Damage,Support,-0.02645573931785506,-0.00040053941291293404,-0.03152475979401734,False,2433,2339,894,799,646
allied,Loki,Human Torch,Support,Damage,-0.0017489773299708357,0.000535046286375364,-0.0037327913273034826,False,2050,1953,493,613,847
allied,Loki,Doctor Strange,Support,Tank,0.006432169874385115,-0.0020410439157708187,-0.002428864133987777,False,6062,5828,1684,2007,2137
allied,Loki,Mantis,Support,Support,0.0853993026199928,0.0020965763384774953,0.09211747471867879,True,7359,6996,1577,2052,3367
allied,Loki,Hawkeye,Support,Damage,0.03094363318730997,-0.0004469003808898097,0.032213857392241856,False,1858,1787,567,636,584
allied,Loki,Captain America,Support,Tank,-0.0014797790952066447,0.0011172448375197106,-0.0020042862492947234,False,1579,1513,490,429,594
allied,Loki,Rocket Raccoon,Support,Support,-0.015798627306544757,-0.0018693316224108532,0.011575551523500286,False,4123,3985,1226,1303,1456
allied,Loki,Hela,Support,Damage,0.006924266660985292,-0.0003547033203568911,0.01712357548092381,True,6211,5953,1422,1737,2794
allied,Loki,Cloak & Dagger,Support,Support,0.018262054459093083,-0.0013067798272389847,0.04607051080839773,False,8980,8641,2648,2759,3234
allied,Loki,Black Panther,Support,Damage,-0.014563685602503687,-0.001370359421107488,-0.011704443219064442,False,3057,2936,755,976,1205
allied,Loki,Groot,Support,Tank,-0.010758462451786554,0.0008373467496888165,-0.01668384345020124,False,3170,3053,756,944,1353
allied,Loki,Ultron,Support,Support,-0.020484016739426063,0.00028709657336806237,-0.04963165623466295,False,686,651,226,211,214
allied,Loki,Magik,Support,Damage,0.00823774627546127,7.493944797613956e-05,0.002910166662806101,False,7171,6909,1837,2240,2832
allied,Loki,Moon Knight,Support,Damage,0.014772467075039947,0.0004587139912271389,0.017763491251791712,False,2301,2185,878,704,603
allied,Loki,Luna Snow,Support,Support,-0.013286601400574206,0.0014874924971430275,-0.018212405441046083,False,4648,4462,1045,1276,2141
allied,Loki,Squirrel Girl,Support,Damage,-0.010028121616130634,0.0002931565181955367,-0.010875061317447681,False,1362,1321,690,400,231
allied,Loki,Black Widow,Support,Damage,-0.0031398892658698763,-0.00033755346832950526,-0.00016370401990979875,False,4244,4046,975,1128,1943
allied,Loki,Iron Man,Support,Damage,0.004585635786674687,0.0007508744181583215,0.0011613105127095218,False,2024,1940,757,649,534
allied,Loki,Venom,Support,Tank,-0.0039445986912236075,-0.002513343367515913,-0.004376230223084936,False,4893,4674,1433,1422,1819
allied,Loki,Spider-man,Support,Damage,0.012321302482381204,-0.0005414915603085625,0.013112369738542625,False,6575,6289,1660,2032,2597
allied,Loki,Magneto,Support,Tank,0.00042179950819242645,0.0004108037382853412,-0.013095513152545583,False,19775,18897,4279,5574,9044
allied,Loki,Scarlet Witch,Support,Damage,-0.0007412954102033623,-5.652596657973924e-05,0.0005674613284355998,False,1935,1892,930,592,370
allied,Loki,Thor,Support,Tank,0.008700730228186319,0.00022137871248912574,0.00984151005335779,False,3985,3827,1191,1250,1386
allied,Loki,Mister Fantastic,Support,Damage,-0.030726568584992515,0.0002441991951458928,-0.03192565002432139,False,1789,1737,565,593,579
allied,Loki,Winter Soldier,Support,Damage,0.008928366265279701,0.003482464114983979,0.012990577964905721,False,11371,10883,2564,3286,5033
allied,Loki,Peni Parker,Support,Tank,0.03033661447346748,-0.00020784172696286757,0.03220947966551047,False,1922,1846,610,585,651
allied,Loki,Star-lord,Support,Damage,-0.0067883198662852095,-0.00025926453982362264,-0.00279633525665427,False,2479,2409,696,751,962
allied,Loki,Blade,Support,Damage,0.010847148178141799,-0.0004048584805754598,0.012219641647296643,False,2205,2116,732,680,704
allied,Loki,Namor,Support,Damage,-0.009483713104737838,-0.0008642403966923675,-0.0007403695942434583,False,3482,3362,1106,1176,1080
allied,Loki,Adam Warlock,Support,Support,-0.010306055506911367,0.0005858677924035401,-0.050145253447068674,False,862,818,208,231,379
allied,Loki,Jeff The Land Shark,Support,Support,-0.04272957225466748,-0.0006488725810297889,-0.04410920186161425,False,1174,1134,474,360,300
allied,Loki,Psylocke,Support,Damage,0.03455260583972687,-0.0004121339574602386,0.0458436056653961,False,2172,2088,525,652,911
allied,Loki,Wolverine,Support,Damage,0.015135822325085672,0.00046026761829702766,0.0183031519015082,False,2180,2085,442,563,1080
allied,Loki,Invisible Woman,Support,Support,-0.00615419700832626,-0.00024030531826933736,0.005888234852436601,False,5889,5663,1511,1762,2390
allied,Loki,The Thing,Support,Tank,0.003143984793215294,0.0008244852270920389,-0.012264897147068934,False,6104,5850,1429,1773,2648
allied,Loki,Iron Fist,Support,Damage,-0.01704139494133144,-0.00041854460257034797,-0.023687676799495936,False,4010,3860,885,1237,1738
allied,Loki,Emma Frost,Support,Tank,0.019211025521579158,0.0008471993775074764,0.012256103770879824,False,7938,7595,2387,2324,2884
allied,Loki,Phoenix,Support,Damage,-0.03724604376647225,-0.0001801491336242481,-0.03159277813131222,False,2231,2152,700,694,758
allied,Loki,Daredevil,Support,Damage,-0.015793233759319913,0.0006397169277746487,-0.018452370530370254,False,3723,3557,746,1008,1803
allied,Loki,Angela,Support,Tank,0.027590854236358375,0.0005576385463621567,0.02602140666506346,True,3277,3104,883,1003,1218
allied,Loki,Gambit,Support,Support,0.030339264859903656,0.002684162552977836,0.04921787031522946,False,6643,6326,1515,1938,2873
allied,Loki,Elsa Bloodstone,Support,Damage,0.02357239866337974,0.000166546678260215,0.03139854341248851,False,4506,4317,1207,1333,1777
allied,Loki,White Fox,Support,Support,-0.014008417488683339,-0.00035519579282809613,-0.026032801320442032,False,1558,1516,707,486,323
allied,Loki,Black Cat,Support,Damage,-0.009693310459274525,0.001398285933091558,-0.012248060122213118,False,2957,2896,1131,914,851
allied,Loki,Devil Dinosaur,Support,Tank,0.03428200968611405,-1.0417864862977477e-05,0.033845619317901414,False,3384,3237,1160,1025,1052
allied,Loki,Cyclops,Support,Damage,0.008281684605032775,-0.0009522961837705629,0.02097161234830693,False,5094,4920,1808,1640,1472
allied,Loki,Jubilee,Support,Support,-0.026886772545913463,-0.0024853426524585635,-0.020531865749620282,False,6272,6077,2287,2052,1738
allied,Loki,Rogue,Support,Tank,-0.025292602865087364,0.0005273794635275367,-0.03145810494035817,False,2259,2114,631,642,841
allied,Loki,The Hood,Support,Tank,-0.008531901757239634,-0.003119943168181761,-0.012105574107729347,False,17844,17333,4930,5490,6913
allied,Loki,Deadpool (Vanguard),Support,Tank,-0.013277153323382588,0.00024494645616150837,-0.014801130620115755,False,2039,1971,772,648,551
allied,Loki,Deadpool (Duelist),Support,Damage,-0.007626694498951552,6.382320365225997e-05,-0.0032744312641917682,False,2864,2740,768,869,1103
allied,Loki,Deadpool (Strategist),Support,Support,0.006357419445762712,1.707122638521438e-05,0.0036398853260247335,False,887,864,379,287,198
allied,Human Torch,Doctor Strange,Damage,Tank,-0.00013223302851211332,0.0011782844925352892,-0.008700936050060644,False,6761,6411,1819,2412,2180
allied,Human Torch,Mantis,Damage,Support,0.001413940271756102,-0.0015281735239575877,-0.0017711762587086454,False,7480,7066,1430,2246,3390
allied,Human Torch,Hawkeye,Damage,Damage,0.0006398742759142495,5.285334141175257e-05,0.007859682405675108,False,1195,1139,326,429,384
allied,Human Torch,Captain America,Damage,Tank,0.009546589113617584,-0.0009626028627229038,0.004272924523139729,False,1541,1482,427,532,523
allied,Human Torch,Rocket Raccoon,Damage,Support,-0.003336979848297984,-0.0007061986264878433,-0.01647046674132386,False,9485,9038,2338,3147,3553
allied,Human Torch,Hela,Damage,Damage,-0.002197461144469162,-0.0008900903458989714,-0.00031423875865177996,False,3458,3288,732,1061,1495
allied,Human Torch,Cloak & Dagger,Damage,Support,-0.02491476003573132,0.0023553152044778567,-0.04079051183852238,False,15777,15009,4370,5427,5212
allied,Human Torch,Black Panther,Damage,Damage,-0.017849565709749698,-2.554973556120561e-05,-0.019886017517362627,False,2367,2241,520,795,926
allied,Human Torch,Groot,Damage,Tank,0.040647873902487655,0.0015366270611995047,0.037797808505123036,False,3033,2889,676,1083,1130
allied,Human Torch,Ultron,Damage,Support,0.04084084380539202,-0.0009721354781838235,0.045478805879560956,False,2533,2326,637,853,836
allied,Human Torch,Magik,Damage,Damage,-0.006463874793812053,-0.000520865465939768,0.005261546115125263,False,4987,4767,1254,1647,1866
allied,Human Torch,Moon Knight,Damage,Damage,-0.013829869124288732,0.00040491823368700094,-0.009877451828190565,False,1521,1444,608,509,327
allied,Human Torch,Luna Snow,Damage,Support,-0.019494286417831814,-0.0005600562739284263,-0.025333040125236485,False,10138,9654,2265,3248,4141
allied,Human Torch,Squirrel Girl,Damage,Damage,-0.004066895846313793,0.00028060034291996563,0.0007285616924200738,False,852,812,384,276,152
allied,Human Torch,Black Widow,Damage,Damage,-0.012147659114993199,0.001339770028555452,-0.00876372542896756,False,2733,2593,604,825,1164
allied,Human Torch,Iron Man,Damage,Damage,-0.013090688527486306,0.0004939215419243911,-0.009949666300510019,False,1693,1598,533,640,425
allied,Human Torch,Venom,Damage,Tank,0.009782989754483471,-0.001095241367016435,0.005777841901054324,False,4950,4713,1270,1637,1806
allied,Human Torch,Spider-man,Damage,Damage,-0.007799940254776967,-0.0008808309544317324,-0.001561104701255936,False,5022,4785,1166,1715,1904
allied,Human Torch,Magneto,Damage,Tank,0.0065345642140998,0.0004651417847957221,-0.0011159003660678305,False,21170,20101,4587,6712,8802
allied,Human Torch,Scarlet Witch,Damage,Damage,-0.0004805749031782412,0.0005385259724142246,0.007793919529194031,False,1405,1342,641,442,259
allied,Human Torch,Thor,Damage,Tank,0.015494428152387791,-0.00032857849526436104,0.012862557722415884,False,3832,3623,991,1236,1396
allied,Human Torch,Mister Fantastic,Damage,Damage,0.003870364345565581,0.0005417046150722919,0.00478881608368124,False,1364,1304,386,486,432
allied,Human Torch,Winter Soldier,Damage,Damage,0.007624947100702786,-0.0006909778013668572,0.015291090070851969,False,7456,7086,1654,2401,3031
allied,Human Torch,Peni Parker,Damage,Tank,-0.004756617505469042,0.0010502178599610858,-0.009828795447840164,False,2067,1954,620,685,649
allied,Human Torch,Star-lord,Damage,Damage,-0.03560339383694902,0.00016144951824981264,-0.03437843418870137,False,1623,1536,398,551,587
allied,Human Torch,Blade,Damage,Damage,0.013319020792241627,0.00026527443651559214,0.016530396708853656,False,1405,1331,436,507,388
allied,Human Torch,Namor,Damage,Damage,0.017523251088467633,-1.5139278511587608e-05,0.027519510530497462,False,2114,2037,650,744,643
allied,Human Torch,Adam Warlock,Damage,Support,-0.004343580843274734,0.0007480053788447529,0.0009429306537234509,False,1905,1784,439,648,697
allied,Human Torch,Jeff The Land Shark,Damage,Support,-0.0344593210139158,-1.3888032582354315e-05,-0.04295739158206528,False,3528,3374,1103,1194,1077
allied,Human Torch,Psylocke,Damage,Damage,0.0238939029179496,0.00028788520430892436,0.027023788652390583,False,1389,1317,320,457,540
allied,Human Torch,Wolverine,Damage,Damage,0.013505533398613415,-0.0007331747084796727,0.016176092780670462,False,1321,1245,271,418,556
allied,Human Torch,Invisible Woman,Damage,Support,0.027578602777022856,0.0010133163228142846,0.02712979559279696,True,15278,14581,3994,5055,5532
allied,Human Torch,The Thing,Damage,Tank,-0.010888557848685292,-0.000683690730299394,-0.0111726866068629,True,12103,11499,3204,4107,4188
allied,Human Torch,Iron Fist,Damage,Damage,-0.002243095839023553,0.0009055151093233226,0.0076297272521230735,False,2863,2747,664,923,1160
allied,Human Torch,Emma Frost,Damage,Tank,0.006784925930023054,-0.0006647925533397635,0.004096900705131981,False,8422,7952,2400,2762,2790
allied,Human Torch,Phoenix,Damage,Damage,-0.0007875623736463936,-0.0004723450749721908,0.0018259592481987255,False,1069,1023,339,397,287
allied,Human Torch,Daredevil,Damage,Damage,-0.035293011492065325,-0.0014296998283038148,-0.0327209703530191,False,2504,2361,532,812,1017
allied,Human Torch,Angela,Damage,Tank,-0.029492237040092874,-0.0013223004732258571,-0.03772893438937314,False,2491,2363,578,825,960
allied,Human Torch,Gambit,Damage,Support,-0.0042591809330884975,-0.002661192628385679,-0.009286489328124444,False,9404,8906,2218,3201,3487
allied,Human Torch,Elsa Bloodstone,Damage,Damage,-0.0016159858821698805,0.0004391556825138854,0.00010590532093296745,False,2707,2586,711,885,990
allied,Human Torch,White Fox,Damage,Support,-0.04444268096231936,0.0013114645048843783,-0.0554140011445212,False,4043,3889,1527,1345,1017
allied,Human Torch,Black Cat,Damage,Damage,-0.00025649706728825863,-0.00010942392463143605,0.004392696633880272,False,1964,1910,682,678,550
allied,Human Torch,Devil Dinosaur,Damage,Tank,-0.013957899985491119,0.00121726312212381,-0.01890063627760792,False,3233,3053,1012,1064,977
allied,Human Torch,Cyclops,Damage,Damage,-0.012864293587803093,-0.0014925689451691887,-0.013665323099066843,False,3050,2895,1028,1055,812
allied,Human Torch,Jubilee,Damage,Support,0.09670400548715374,-0.0010257221597076668,0.10591228498299768,True,21097,20113,5972,7325,6816
allied,Human Torch,Rogue,Damage,Tank,0.012618175773714999,0.00038426519201142375,0.010805373672556394,False,2570,2407,688,853,866
allied,Human Torch,The Hood,Damage,Tank,0.011880543434253444,9.238485543082211e-05,0.011974653504338871,False,20376,19638,5334,6920,7384
allied,Human Torch,Deadpool (Vanguard),Damage,Tank,-0.0010465201353179957,-0.00029783451930663667,-0.005754366617107814,False,1987,1896,704,682,510
allied,Human Torch,Deadpool (Duelist),Damage,Damage,0.010405652432145593,-0.00026983282617461506,0.012320232347975243,False,1940,1828,479,614,735
allied,Human Torch,Deadpool (Strategist),Damage,Support,0.01646137658324047,0.0012733278103245933,0.016292051236726734,False,2853,2723,839,973,911
allied,Doctor Strange,Mantis,Tank,Support,4.592833003230963e-05,-0.00019822116677346033,0.0019236906583827873,False,17836,16965,4404,5745,6816
allied,Doctor Strange,Hawkeye,Tank,Damage,0.0006985782492199266,5.489026385588311e-05,-0.0032278394555022463,False,5477,5226,1887,1940,1399
allied,Doctor Strange,Captain America,Tank,Tank,0.0055560556612757805,-0.0005671887329904209,0.019019725049232824,False,2382,2280,842,819,619
allied,Doctor Strange,Rocket Raccoon,Tank,Support,-0.011718315807008226,-0.0005852836114492698,-0.02369267285957727,False,24275,23303,7489,8273,7541
allied,Doctor Strange,Hela,Tank,Damage,-0.021656670032421027,0.0022127176977902313,-0.029570368577393976,False,13718,13070,3855,4369,4846
allied,Doctor Strange,Cloak & Dagger,Tank,Support,0.0005142681972179849,0.0002729618253803963,-0.004857459241090118,False,38913,37236,13561,13121,10554
allied,Doctor Strange,Black Panther,Tank,Damage,-0.031681389403177634,-0.0013801714509987387,-0.0322408461096615,False,8174,7750,2261,2784,2705
allied,Doctor Strange,Groot,Tank,Tank,-0.004084758200739831,0.00019173869725030578,0.013993361702798444,False,3537,3378,1143,1134,1101
allied,Doctor Strange,Ultron,Tank,Support,0.004923550789823694,-0.00041321779900840535,0.012915051557573427,False,4936,4594,1625,1605,1364
allied,Doctor Strange,Magik,Tank,Damage,0.04534891431750262,-0.0006409729938566057,0.04092317255155404,True,25636,24603,7565,8814,8224
allied,Doctor Strange,Moon Knight,Tank,Damage,0.021097844924791307,1.2162991690866283e-05,0.019804662050675482,False,6775,6429,2857,2254,1318
allied,Doctor Strange,Luna Snow,Tank,Support,-0.0029672633630073685,-0.002182711259985198,-0.007210827231420284,False,24088,23023,7313,7915,7795
allied,Doctor Strange,Squirrel Girl,Tank,Damage,0.007516569646037539,-0.0004398681178316784,0.005273287715274172,False,4134,3955,2125,1224,606
allied,Doctor Strange,Black Widow,Tank,Damage,0.00712283815077887,-0.0009823767878857038,0.003565506233134785,False,10390,9941,2904,3268,3769
allied,Doctor Strange,Iron Man,Tank,Damage,-0.008455241934773976,0.0007180042568646694,-0.007170992511169579,False,6508,6209,2497,2258,1454
allied,Doctor Strange,Venom,Tank,Tank,0.00449477565496084,-0.001217349382039979,0.01462165960023384,False,7984,7597,2562,2601,2434
allied,Doctor Strange,Spider-man,Tank,Damage,0.02647117886850588,0.0007390756110391085,0.02434184962661014,False,17247,16437,5181,5763,5493
allied,Doctor Strange,Magneto,Tank,Tank,-0.07157192205243286,5.051741720584701e-06,-0.05327859144085473,False,24080,22879,6593,7728,8558
allied,Doctor Strange,Scarlet Witch,Tank,Damage,0.04145169562885976,0.0011584102575374435,0.03671676460078773,True,9280,8960,4525,2969,1466
allied,Doctor Strange,Thor,Tank,Tank,-0.0025947906545924927,-0.0006177067205350348,0.00524243002648352,False,6035,5756,2001,2054,1701
allied,Doctor Strange,Mister Fantastic,Tank,Damage,-0.05235422712251685,-0.0001468417032591342,-0.05546621158534763,False,5051,4850,1770,1775,1305
allied,Doctor Strange,Winter Soldier,Tank,Damage,0.021684523390428305,0.0026143943368289557,0.015601492372882182,False,29171,27909,8302,9930,9677
allied,Doctor Strange,Peni Parker,Tank,Tank,0.018779892865220447,0.00013001884523331067,0.03323041966513742,False,3182,3004,1095,1054,855
allied,Doctor Strange,Star-lord,Tank,Damage,0.015504124388899592,-0.0008332414064962569,0.011985460352988996,False,6391,6147,2039,2176,1932
allied,Doctor Strange,Blade,Tank,Damage,-0.006934349024367909,0.0005853231115138352,-0.005267456816851577,False,5904,5649,2279,1919,1451
allied,Doctor Strange,Namor,Tank,Damage,0.017558600495609467,-0.0007160117475047802,0.0024388715476490125,False,9841,9438,3620,3418,2400
allied,Doctor Strange,Adam Warlock,Tank,Support,-0.006663199244958047,-0.00022662345323952793,-0.0030730829459232802,False,5039,4798,1493,1572,1733
allied,Doctor Strange,Jeff The Land Shark,Tank,Support,-0.0018943977619250763,0.0009413162309572555,-0.011261059989983543,False,8877,8507,3341,2895,2271
allied,Doctor Strange,Psylocke,Tank,Damage,0.026563114352005764,-0.0006156549672542452,0.02769198485181431,False,5773,5535,1808,1892,1835
allied,Doctor Strange,Wolverine,Tank,Damage,-0.026729048872713705,-0.0007777244864206605,-0.027415465120941045,False,5263,5008,1323,1716,1969
allied,Doctor Strange,Invisible Woman,Tank,Support,0.09260317875322253,0.0009821849094428612,0.0934346295387996,True,42770,40971,13488,14428,13055
allied,Doctor Strange,The Thing,Tank,Tank,-0.024165825147359123,-0.0008110509628777571,-0.015795813404284577,False,9182,8723,2714,3127,2882
allied,Doctor Strange,Iron Fist,Tank,Damage,0.010030340023113753,0.00015817124384456328,0.003832183940797671,False,10321,9921,2845,3488,3588
allied,Doctor Strange,Emma Frost,Tank,Tank,-0.04039365458556391,0.0006265465384535588,-0.03108401732558657,False,11365,10791,3953,3795,3043
allied,Doctor Strange,Phoenix,Tank,Damage,-0.002923102689903576,0.000644431256078252,-0.01061516018655591,False,5519,5324,2007,1879,1438
allied,Doctor Strange,Daredevil,Tank,Damage,-0.00343476702348523,0.0016261639947897073,-0.006619151852744039,False,9336,8860,2340,3079,3441
allied,Doctor Strange,Angela,Tank,Tank,-0.03728776605525852,-4.889764831744804e-05,-0.028328344395810428,False,3293,3120,978,1075,1067
allied,Doctor Strange,Gambit,Tank,Support,-0.01995087444129303,-0.001480470408259353,-0.035806772127609604,False,22713,21536,6847,7597,7092
allied,Doctor Strange,Elsa Bloodstone,Tank,Damage,-0.016475780849110187,0.000611845665485554,-0.019627969785445367,False,11287,10830,3791,3791,3248
allied,Doctor Strange,White Fox,Tank,Support,-0.02276466565187353,-0.0003948941260923266,-0.02144008630758762,False,13106,12615,5442,4349,2824
allied,Doctor Strange,Black Cat,Tank,Damage,0.007881377894943925,-0.0006346228991416042,0.007974379250818288,False,8381,8161,3492,2907,1762
allied,Doctor Strange,Devil Dinosaur,Tank,Tank,-0.022055282292761574,0.00010564644406337916,-0.013955487101913073,False,4537,4318,1813,1457,1048
allied,Doctor Strange,Cyclops,Tank,Damage,0.02577623622139471,-0.0010582669925990344,0.024300992348855587,False,14144,13561,5608,4680,3273
allied,Doctor Strange,Jubilee,Tank,Support,0.018154746491371564,0.0014936709577055309,0.006268225314699018,False,34440,33091,12583,11843,8665
allied,Doctor Strange,Rogue,Tank,Tank,-0.015096324742001099,-0.00048347307244482623,-0.00996013842722779,False,3615,3368,1178,1154,1036
allied,Doctor Strange,The Hood,Tank,Tank,-0.026109971125748466,0.0005878008416373178,-0.026983426934330253,False,32947,31952,10750,11368,9834
allied,Doctor Strange,Deadpool (Vanguard),Tank,Tank,-0.00611045872831879,0.0004270514848407228,0.0007404544828700372,False,2986,2878,1210,1010,658
allied,Doctor Strange,Deadpool (Duelist),Tank,Damage,-0.0049316268339519445,-4.571119603144811e-05,-0.005762135933315689,False,7422,7038,2260,2522,2256
allied,Doctor Strange,Deadpool (Strategist),Tank,Support,-3.257520142160344e-05,0.0011570505168788873,-0.00477077223227532,False,7922,7606,3006,2639,1961
allied,Mantis,Hawkeye,Support,Damage,-0.0043087583914184465,-0.0021088597488839117,-0.009041750367175585,False,5635,5396,1478,1997,1921
allied,Mantis,Captain America,Support,Tank,-0.00932181758923493,-0.0008132894498880975,0.0006585042264882306,False,4582,4315,1217,1391,1707
allied,Mantis,Rocket Raccoon,Support,Support,-0.017229488128477424,-0.000788010074590409,-0.0023571835892494753,False,15978,15209,3625,4782,6802
allied,Mantis,Hela,Support,Damage,-0.01771594695224382,-0.000880243473560616,-0.012193332067306908,False,16141,15303,3280,4341,7682
allied,Mantis,Cloak & Dagger,Support,Support,-0.03245320953360585,-0.004160189338907515,-0.026922046285848798,False,27262,25963,7375,8744,9844
allied,Mantis,Black Panther,Support,Damage,0.0077158162797697424,0.0016810499320044413,0.011763329165145199,False,9503,8998,1998,2974,4026
allied,Mantis,Groot,Support,Tank,0.055350923053750535,-0.000752495120369348,0.07181542131079152,True,13803,13159,3439,4405,5315
allied,Mantis,Ultron,Support,Support,0.012683813332139792,-0.0012345295077288076,-0.022103150194046725,False,4006,3696,929,1181,1586
allied,Mantis,Magik,Support,Damage,-0.012435762602610522,0.0010596007592777851,-0.021944198058372635,False,20657,19770,4723,6334,8713
allied,Mantis,Moon Knight,Support,Damage,-0.0166993265023578,-0.0006118342138921875,-0.019238943756128724,False,6765,6425,2398,2152,1875
allied,Mantis,Luna Snow,Support,Support,0.010609755026441035,0.0017280924026758999,-0.0017943430240648845,False,15932,15116,3244,4579,7293
allied,Mantis,Squirrel Girl,Support,Damage,0.008668943300928591,-0.0007825375901687561,0.00856246948089598,False,3866,3701,1761,1177,763
allied,Mantis,Black Widow,Support,Damage,0.010977524735987568,0.0032703313383578374,0.01412171949883186,False,13284,12533,2567,3604,6362
allied,Mantis,Iron Man,Support,Damage,0.009482524139055057,-0.00024242485831537454,0.005073642675789471,False,6485,6158,1970,2143,2045
allied,Mantis,Venom,Support,Tank,-0.0041141428816659975,-0.0014361036586532229,0.007192133997931646,False,14538,13812,3512,4251,6049
allied,Mantis,Spider-man,Support,Damage,-0.01434758653759367,0.0003018713961588245,-0.01848679764227707,False,19589,18566,4264,5974,8328
allied,Mantis,Magneto,Support,Tank,-0.010391429692378476,-0.0003444558650830797,-0.013881426175428169,False,51206,48755,10889,15392,22474
allied,Mantis,Scarlet Witch,Support,Damage,-0.019163894829147946,-0.0012215975885067024,-0.021754630251225024,False,5106,4937,2213,1608,1116
allied,Mantis,Thor,Support,Tank,-0.013005544879524837,-0.0001924382642438404,-0.0035881169688840157,False,10924,10394,2771,3334,4289
allied,Mantis,Mister Fantastic,Support,Damage,-0.0019317512966803704,8.414106079203949e-05,-0.0011281478083182022,False,5119,4895,1362,1671,1862
allied,Mantis,Winter Soldier,Support,Damage,-0.009123909479655008,0.0007973007892569833,-0.008914899481493793,False,30987,29485,6539,9343,13603
allied,Mantis,Peni Parker,Support,Tank,-0.04516176411628407,-0.0002875699587402494,-0.043657410326956796,False,5497,5194,1507,1660,2027
allied,Mantis,Star-lord,Support,Damage,0.11393125940107604,-0.0026611175615753285,0.1314165241857792,True,17627,16889,4360,5706,6823
allied,Mantis,Blade,Support,Damage,0.005965475544267192,0.0004211915799454276,0.005131092700839742,False,6167,5843,1798,1955,2090
allied,Mantis,Namor,Support,Damage,-0.002716847212468904,-0.0011775189353879763,0.005275687301211124,False,9899,9444,2950,3174,3320
allied,Mantis,Adam Warlock,Support,Support,0.06730523574523917,0.00011406499942091759,0.030641945743834983,True,4579,4275,984,1333,1958
allied,Mantis,Jeff The Land Shark,Support,Support,-0.00013936531050371214,1.277046971609425e-05,-0.005289417750529444,False,5110,4907,1540,1542,1825
allied,Mantis,Psylocke,Support,Damage,0.00636177285953143,0.00040607999252412924,0.01253225132932826,False,6403,6085,1473,1863,2749
allied,Mantis,Wolverine,Support,Damage,-0.00045935909951730244,2.035958749437605e-05,-0.0008380944345181146,False,5997,5665,1043,1617,3005
allied,Mantis,Invisible Woman,Support,Support,0.015543401539632995,0.00195278523793828,0.019671422125094516,False,19848,18860,4345,5802,8713
allied,Mantis,The Thing,Support,Tank,0.00952582442136588,-0.0010403667232791137,0.006907751863385923,False,16810,15944,3588,5019,7337
allied,Mantis,Iron Fist,Support,Damage,-0.012215434987281263,-0.0010376964364266904,-0.01985513908453745,False,11195,10715,2140,3301,5274
allied,Mantis,Emma Frost,Support,Tank,0.04372949845951935,0.00214036115667545,0.05248020215876905,True,30099,28531,8143,9170,11218
allied,Mantis,Phoenix,Support,Damage,-0.008976071320209217,0.0005499095412926017,-0.0013857263626142686,False,6113,5856,1701,1929,2226
allied,Mantis,Daredevil,Support,Damage,-0.01892532218357207,0.0020216593521330166,-0.0235726372410019,False,11083,10471,1934,3089,5448
allied,Mantis,Angela,Support,Tank,0.028560945596312167,-0.0005273140255275955,0.03891256214993275,False,6940,6548,1474,2118,2956
allied,Mantis,Gambit,Support,Support,0.03446762538656291,0.002733946840597511,0.04194701202517248,False,15965,15008,3474,4987,6547
allied,Mantis,Elsa Bloodstone,Support,Damage,0.03580231015850421,0.003865759120592773,0.043560526611155566,False,11445,10927,3044,3642,4241
allied,Mantis,White Fox,Support,Support,-0.004042953530527396,-0.0008232933020641245,-0.026308783597548423,False,5889,5665,2191,1828,1646
allied,Mantis,Black Cat,Support,Damage,-0.01551924470771577,0.003574548812696442,-0.02039890338505749,False,8007,7810,2760,2794,2256
allied,Mantis,Devil Dinosaur,Support,Tank,-0.04577738012215968,-0.0013829749711006501,-0.04731530155320766,False,8177,7705,2570,2544,2591
allied,Mantis,Cyclops,Support,Damage,-0.03567527766884266,-0.0009348642093043254,-0.0300766374431509,False,14020,13354,4478,4392,4484
allied,Mantis,Jubilee,Support,Support,-0.023409731628649382,-0.0017429659737643343,-0.028583231009613613,False,23241,22296,6769,7687,7840
allied,Mantis,Rogue,Support,Tank,-0.029470849598147573,0.0028486035479420415,-0.02454269902773727,False,6200,5724,1491,1804,2429
allied,Mantis,The Hood,Support,Tank,-0.01752371208327661,-0.001325623046124511,-0.010777340222670765,False,48359,46700,12319,15549,18832
allied,Mantis,Deadpool (Vanguard),Support,Tank,-0.028014139367337577,-0.0009437106569630232,-0.02014140426478344,False,5607,5389,1798,1846,1745
allied,Mantis,Deadpool (Duelist),Support,Damage,-0.015016106989914887,-0.001009574321960838,-0.013184187549873487,False,7918,7506,1797,2436,3273
allied,Mantis,Deadpool (Strategist),Support,Support,-0.04430859442588698,-0.00034422676964231916,-0.06929365302812146,False,4063,3888,1226,1249,1413
allied,Hawkeye,Captain America,Damage,Tank,-0.010449082796653063,0.0005168095246205925,-0.013426302209612554,False,1122,1078,449,357,272
allied,Hawkeye,Rocket Raccoon,Damage,Support,-0.00736031424072877,-8.106875830771434e-05,-0.021829256045204064,False,7518,7229,2393,2672,2164
allied,Hawkeye,Hela,Damage,Damage,-0.0012154262365337053,-0.0005777765925227852,-0.0014840612693686418,False,2351,2237,689,793,755
allied,Hawkeye,Cloak & Dagger,Damage,Support,0.04045165935177126,0.0019460852240206282,0.03191417186002245,True,14436,13883,5288,5075,3520
allied,Hawkeye,Black Panther,Damage,Damage,-0.008487134905065793,-0.0001842407856700327,-0.011978195192721567,False,1482,1404,433,542,429
allied,Hawkeye,Groot,Damage,Tank,-0.013971085415698069,-0.0001647361699327229,-0.018424581415007284,False,2313,2206,733,836,637
allied,Hawkeye,Ultron,Damage,Support,0.010983681235842334,1.195077152269223e-06,0.011056959876421985,False,1393,1298,512,447,339
allied,Hawkeye,Magik,Damage,Damage,0.018659060039791123,-0.001039448294270508,0.03024114640389168,False,3425,3304,1206,1195,903
allied,Hawkeye,Moon Knight,Damage,Damage,-0.019910735116590774,-5.5101371269989226e-05,-0.018697808594044685,False,1312,1255,591,462,202
allied,Hawkeye,Luna Snow,Damage,Support,0.006900831257388235,0.0006068220460297543,0.0035289291469905,False,7844,7504,2407,2760,2337
allied,Hawkeye,Squirrel Girl,Damage,Damage,-0.022445288592689357,4.0312904945630824e-05,-0.021412476053446483,False,829,799,440,257,102
allied,Hawkeye,Black Widow,Damage,Damage,-0.023337009386341066,-0.0010467465357950664,-0.023117592365884117,True,2263,2174,760,747,667
allied,Hawkeye,Iron Man,Damage,Damage,-0.00872516445721868,-0.00021446137119192715,-0.007454493350588675,False,1238,1180,511,441,228
allied,Hawkeye,Venom,Damage,Tank,-0.018494567540388737,0.000305970149976273,-0.02113611994368596,False,3378,3214,1146,1167,901
allied,Hawkeye,Spider-man,Damage,Damage,0.004221738391173917,0.0005185914546950934,0.009227214885045514,False,3262,3126,1023,1157,946
allied,Hawkeye,Magneto,Damage,Tank,-0.003213652603138478,-0.0011540886584491769,-0.007413425690363769,False,15602,14914,4584,5390,4940
allied,Hawkeye,Scarlet Witch,Damage,Damage,-0.022879518108514067,-9.649123321035745e-06,-0.018702178473818287,False,1071,1035,533,345,157
allied,Hawkeye,Thor,Damage,Tank,0.009555781230661092,-0.0007190788643817628,0.010803702199444641,False,2845,2711,1043,940,728
allied,Hawkeye,Mister Fantastic,Damage,Damage,0.011763208598801858,-1.1063671189138137e-05,0.011104782255794227,False,952,906,337,321,248
allied,Hawkeye,Winter Soldier,Damage,Damage,-0.021198396486676874,0.0002074933673914146,-0.018163918425990227,False,5427,5188,1644,1911,1633
allied,Hawkeye,Peni Parker,Damage,Tank,0.015069404504421671,-0.00028421699819468306,0.016779082318488184,False,1740,1655,676,576,403
allied,Hawkeye,Star-lord,Damage,Damage,-0.009513081756439348,0.0003671196263605291,-0.008350970866085845,False,1169,1127,391,393,343
allied,Hawkeye,Blade,Damage,Damage,0.001486973964081254,-0.00026844534847654116,0.0014803608615977897,False,1041,992,412,356,224
allied,Hawkeye,Namor,Damage,Damage,-0.02454184884850741,7.090481842089479e-05,-0.020278968444226452,False,1644,1570,642,584,344
allied,Hawkeye,Adam Warlock,Damage,Support,-0.008317837197653995,0.0007974528108229095,-0.004360645857348789,False,1316,1256,444,435,377
allied,Hawkeye,Jeff The Land Shark,Damage,Support,-0.01848412736818347,-0.0010469178801213873,-0.025817836843011976,False,2716,2596,1096,924,576
allied,Hawkeye,Psylocke,Damage,Damage,0.04532561056979426,0.0006097028294774214,0.04800505165787617,True,3737,3584,1191,1426,967
allied,Hawkeye,Wolverine,Damage,Damage,0.011195605477540102,0.00019942125489995892,0.011440416133571302,False,966,916,265,322,329
allied,Hawkeye,Invisible Woman,Damage,Support,-0.007308701647650294,-0.0011098565818799242,-0.012950959997355908,False,9016,8632,2992,3090,2550
allied,Hawkeye,The Thing,Damage,Tank,-0.00121084050288315,0.0001696750980337946,0.004143808222773499,False,4572,4375,1488,1549,1338
allied,Hawkeye,Iron Fist,Damage,Damage,0.0015201005881745183,-9.241757080047947e-05,0.009472458899071477,False,1820,1769,539,641,589
allied,Hawkeye,Emma Frost,Damage,Tank,0.010634837447940958,0.00010456577420176406,0.012929161028468606,False,7082,6785,2637,2452,1696
allied,Hawkeye,Phoenix,Damage,Damage,-0.0008268416724275183,-5.3248792424343804e-05,-0.0004501508112335373,False,762,732,315,251,166
allied,Hawkeye,Daredevil,Damage,Damage,0.01245305349952005,0.001002309880745381,0.016764004522873636,False,1403,1333,401,444,488
allied,Hawkeye,Angela,Damage,Tank,0.03342496669779763,-1.5875433091421646e-05,0.03682380216772422,False,1796,1701,528,656,517
allied,Hawkeye,Gambit,Damage,Support,0.006727941997281369,-0.0011371848989214246,0.0022414858561460847,False,7703,7321,2475,2740,2106
allied,Hawkeye,Elsa Bloodstone,Damage,Damage,0.02270818723333208,-0.0001698633884044444,0.024220286916652144,False,1845,1774,666,616,492
allied,Hawkeye,White Fox,Damage,Support,0.011884084513626535,-0.0005927645467970477,0.007121071903522355,False,3587,3467,1619,1192,656
allied,Hawkeye,Black Cat,Damage,Damage,0.019935626769400513,0.0002682803231041584,0.024031242450789,False,1387,1356,622,476,258
allied,Hawkeye,Devil Dinosaur,Damage,Tank,0.007382692505787894,0.0009270959435598294,0.009392409194660707,False,2669,2564,1123,904,537
allied,Hawkeye,Cyclops,Damage,Damage,-0.02897427807035397,0.0006300633766996595,-0.03334922101355849,False,2361,2273,975,823,475
allied,Hawkeye,Jubilee,Damage,Support,0.012046190802806117,0.0015117155571659263,0.009839705350711032,False,11300,10873,4247,4024,2602
allied,Hawkeye,Rogue,Damage,Tank,-0.02534828986584381,-0.0009300229993039097,-0.026888829599651123,False,1958,1855,675,703,477
allied,Hawkeye,The Hood,Damage,Tank,0.0022833428936638385,0.002446334355395906,0.005845154531808625,False,15358,14920,5301,5526,4093
allied,Hawkeye,Deadpool (Vanguard),Damage,Tank,-0.0010534494341184698,2.9355805786598473e-05,-0.0012133714881968562,False,1657,1595,705,560,330
allied,Hawkeye,Deadpool (Duelist),Damage,Damage,0.012220783682486266,-5.16223606232033e-05,0.012052819795351713,False,1259,1202,414,444,344
allied,Hawkeye,Deadpool (Strategist),Damage,Support,-0.01853884155035161,-0.00017805918228358536,-0.023915732275959924,False,2249,2158,878,755,525
allied,Captain America,Rocket Raccoon,Tank,Support,-0.01877513442667106,0.0005825289501930656,-0.022275532961573856,False,6850,6565,2250,2224,2091
allied,Captain America,Hela,Tank,Damage,0.044604105694492586,-0.0008952198254699802,0.04635868760525004,False,3010,2843,926,873,1044
allied,Captain America,Cloak & Dagger,Tank,Support,0.001280183684256913,-0.0014801075348531729,0.005639639887906413,False,10642,10196,4149,3341,2706
allied,Captain America,Black Panther,Tank,Damage,-0.030772407221878482,0.0008867562477254741,-0.02902463714123137,False,2312,2191,711,768,712
allied,Captain America,Groot,Tank,Tank,-0.019388433416855075,0.0005899109369991884,-0.0181459603821479,False,891,844,320,281,243
allied,Captain America,Ultron,Tank,Support,-0.005321287897500233,-0.00017159541605431082,0.010631811019898787,False,1320,1227,465,419,343
allied,Captain America,Magik,Tank,Damage,0.004786856506674538,-0.0008875637286967329,-0.0020028470426848755,False,4801,4605,1561,1582,1462
allied,Captain America,Moon Knight,Tank,Damage,-0.0038652543367082466,0.00021690402514112803,-0.005765373443348996,False,1585,1510,753,492,265
allied,Captain America,Luna Snow,Tank,Support,0.005717140188402785,0.0013768297324734217,0.01247737411514999,False,6560,6270,2071,2062,2137
allied,Captain America,Squirrel Girl,Tank,Damage,-0.01722735599113851,0.0006439536281746661,-0.020052887015423335,False,1025,981,598,271,112
allied,Captain America,Black Widow,Tank,Damage,-0.01344695370787746,0.00231121524656192,-0.01711637129893501,False,2490,2356,755,735,866
allied,Captain America,Iron Man,Tank,Damage,0.0008169871981273413,-0.0004767834426720176,0.00535047748857614,False,1521,1439,639,500,300
allied,Captain America,Venom,Tank,Tank,-0.010863749621102273,0.00026213664150996033,-0.017581600128557064,False,1604,1537,630,489,418
allied,Captain America,Spider-man,Tank,Damage,-0.01866605685220376,0.00011092058064788214,-0.023674683850876108,False,4711,4491,1534,1473,1484
allied,Captain America,Magneto,Tank,Tank,0.0006374736456712392,-0.0013888608855625098,0.01659436440379189,False,7430,7091,2164,2230,2697
allied,Captain America,Scarlet Witch,Tank,Damage,0.008662421489686795,-0.00015832896725136354,0.0024390345313299233,False,1260,1220,712,352,156
allied,Captain America,Thor,Tank,Tank,0.0036437697527292117,0.0008905396516476017,-0.001785528639426855,True,2536,2437,1056,796,585
allied,Captain America,Mister Fantastic,Tank,Damage,0.016115146105502996,-0.00023962273893810335,0.022920212696054692,False,1259,1208,508,396,304
allied,Captain America,Winter Soldier,Tank,Damage,0.026365293492319856,0.0015439911797202766,0.0230143335057077,True,7937,7579,2535,2516,2528
allied,Captain America,Peni Parker,Tank,Tank,-0.013188483776799083,0.00011288591553700835,-0.01833461946657309,False,619,578,222,210,146
allied,Captain America,Star-lord,Tank,Damage,-0.006913581364099359,7.807570309301889e-05,-0.01075247522086311,False,1607,1536,578,505,453
allied,Captain America,Blade,Tank,Damage,0.02254618109999091,-0.0008584627111720764,0.029738523901411417,True,3297,3137,1293,1039,805
allied,Captain America,Namor,Tank,Damage,0.02986733064381797,0.0006603704741092265,0.018338866028711792,False,2264,2172,919,743,510
allied,Captain America,Adam Warlock,Tank,Support,-0.02140545878108808,-0.0003418281255135648,-0.010576544111676436,False,1211,1141,389,361,391
allied,Captain America,Jeff The Land Shark,Tank,Support,-0.004768096803080565,-0.0014199527814692677,-0.004988513438355531,False,2484,2380,997,765,618
allied,Captain America,Psylocke,Tank,Damage,-0.0009192308883544609,0.00033613901370194507,-0.0006810578439644872,False,1446,1388,485,465,438
allied,Captain America,Wolverine,Tank,Damage,0.009229667574511718,4.640247844999196e-05,0.014798387742269681,False,1165,1103,309,361,433
allied,Captain America,Invisible Woman,Tank,Support,-0.024288910842372783,-0.003125097582710943,-0.03263559866026149,False,7212,6887,2496,2252,2139
allied,Captain America,The Thing,Tank,Tank,0.021102687112403068,-0.0010484982427530398,0.022672680680874732,False,1673,1599,559,519,521
allied,Captain America,Iron Fist,Tank,Damage,0.016273508248922177,0.000313193517704969,0.01298340760160762,False,2741,2614,810,892,912
allied,Captain America,Emma Frost,Tank,Tank,-0.002243655655163196,0.0001776455766862615,-0.0009134352279078035,False,2613,2507,1020,856,631
allied,Captain America,Phoenix,Tank,Damage,-0.0044771033541326465,-0.0009317600716226381,-0.010139357955595372,False,1260,1207,542,397,268
allied,Captain America,Daredevil,Tank,Damage,0.024647553944211083,-0.0004984207782267011,0.026831129117034575,False,2746,2595,729,861,1005
allied,Captain America,Angela,Tank,Tank,-0.01546013013325519,-0.0002775898694765425,-0.017184422136322694,False,583,544,168,186,190
allied,Captain America,Gambit,Tank,Support,0.0232550777606328,-0.00046208497567310836,0.023951083902594938,False,6039,5731,1956,1997,1778
allied,Captain America,Elsa Bloodstone,Tank,Damage,-0.02851691410721529,-0.0010525910284734062,-0.03082054310536338,False,2526,2413,940,801,672
allied,Captain America,White Fox,Tank,Support,0.020335959853946314,0.0007001798449007965,0.03819551552177962,False,3858,3729,1734,1189,806
allied,Captain America,Black Cat,Tank,Damage,-0.005499297920978659,0.0013001028642637088,-0.0047086191677702775,False,2280,2222,1007,766,449
allied,Captain America,Devil Dinosaur,Tank,Tank,0.0011681705624196482,-2.8684445099082396e-05,-0.00118448829901679,False,1084,1021,482,322,217
allied,Captain America,Cyclops,Tank,Damage,0.003933367124553803,0.0005143386029203487,0.0022026415160584503,False,3443,3325,1481,1101,743
allied,Captain America,Jubilee,Tank,Support,-0.006331330182803028,0.0011994506392829453,-0.012545023600570145,False,8982,8617,3701,2915,2001
allied,Captain America,Rogue,Tank,Tank,-0.0005292801781128949,0.00019335011250045796,-0.007279745739034021,False,702,658,268,197,193
allied,Captain America,The Hood,Tank,Tank,0.01909756514697517,0.0014807904154913716,0.011413988633393572,False,7443,7229,2736,2408,2085
allied,Captain America,Deadpool (Vanguard),Tank,Tank,-0.01566709855055669,-0.00020551583675639036,-0.02469966066365124,False,520,497,232,155,110
allied,Captain America,Deadpool (Duelist),Tank,Damage,0.0020196735132554785,-0.0002256283134955774,0.004176981983446438,False,1792,1716,586,577,553
allied,Captain America,Deadpool (Strategist),Tank,Support,-0.009824603817970252,0.0012296939973698586,-0.006528429652085797,False,2272,2176,904,764,508
allied,Rocket Raccoon,Hela,Support,Damage,-0.020390310732694084,-0.0003092052227270219,-0.024556496667867824,False,20252,19319,5129,6117,8073
allied,Rocket Raccoon,Cloak & Dagger,Support,Support,-0.047839053325970694,0.0003646681756891536,-0.004631304278919502,False,36937,35470,12015,12140,11315
allied,Rocket Raccoon,Black Panther,Support,Damage,-0.019565230079479315,0.0017391531078945863,-0.02828235333656436,False,13014,12418,3216,4350,4852
allied,Rocket Raccoon,Groot,Support,Tank,-0.010350004358759659,-0.00030501092286326365,-0.01640602100905296,True,13803,13270,4440,4608,4222
allied,Rocket Raccoon,Ultron,Support,Support,-0.023109665242336378,0.0013307482765866358,-0.02426783829791199,False,4567,4295,1382,1467,1446
allied,Rocket Raccoon,Magik,Support,Damage,0.01940311271315582,0.001944863224023059,0.004520031324310133,False,28814,27736,8044,9628,10064
allied,Rocket Raccoon,Moon Knight,Support,Damage,-0.005369985534368987,-0.0005854931627539416,-0.015847940514695676,False,10025,9575,4090,3304,2181
allied,Rocket Raccoon,Luna Snow,Support,Support,-0.00516669900453521,0.0003948500668416167,0.020028312333288768,False,20400,19590,5179,6530,7881
allied,Rocket Raccoon,Squirrel Girl,Support,Damage,0.008972023442602693,0.000664827389985327,-0.000451070707275023,True,6265,6010,3065,1913,1032
allied,Rocket Raccoon,Black Widow,Support,Damage,-0.0009721671431738983,-0.0008206858496604238,-0.00867618921277916,False,15768,15107,3900,4804,6403
allied,Rocket Raccoon,Iron Man,Support,Damage,-0.008348377243559683,-0.0007211424206231995,-0.02434062672720648,False,9621,9224,3501,3287,2436
allied,Rocket Raccoon,Venom,Support,Tank,-0.0057887019182196395,0.002216043962048037,-0.006712987885534695,False,20690,19794,6096,6665,7033
allied,Rocket Raccoon,Spider-man,Support,Damage,-0.01735085856022279,-0.0008274576247487988,-0.031219984015289196,False,27377,26203,7242,9045,9916
allied,Rocket Raccoon,Magneto,Support,Tank,0.009727248918879276,3.042002948044291e-05,-0.0024908257891134286,False,69927,66940,17915,21825,27200
allied,Rocket Raccoon,Scarlet Witch,Support,Damage,0.04272917546488802,-0.00039521516140701116,0.03852056848201107,False,8155,7871,3987,2508,1376
allied,Rocket Raccoon,Thor,Support,Tank,-0.0034585281153704296,0.0015684248428649134,-0.004468195512242803,False,16129,15454,5035,5253,5166
allied,Rocket Raccoon,Mister Fantastic,Support,Damage,0.042030570011828874,-0.0015656571960751499,0.03897495831620033,True,10937,10499,3612,3807,3080
allied,Rocket Raccoon,Winter Soldier,Support,Damage,-0.008348773931356487,-0.0016320513539373252,-0.017397377337212326,False,41364,39644,10973,13382,15289
allied,Rocket Raccoon,Peni Parker,Support,Tank,0.07350133899575903,-0.0008366917408839261,0.08211511135491237,True,13980,13302,4512,4487,4303
allied,Rocket Raccoon,Star-lord,Support,Damage,-0.02266917512774162,0.0007986657303383024,-0.031613470006695066,False,8944,8613,2833,2858,2922
allied,Rocket Raccoon,Blade,Support,Damage,0.01038072221047592,-0.0008945569242996457,0.0007437398527701936,False,8896,8515,3171,2952,2392
allied,Rocket Raccoon,Namor,Support,Damage,-0.0030681571513796763,0.0007120076361680926,-0.004474041727617863,False,14314,13798,4883,4926,3989
allied,Rocket Raccoon,Adam Warlock,Support,Support,0.019678274299869042,0.00040736805471608926,0.01429663767071663,False,4346,4140,1133,1357,1650
allied,Rocket Raccoon,Jeff The Land Shark,Support,Support,-0.05012464443022205,0.00017004641390642967,-0.024460808987122926,False,7756,7432,2743,2473,2216
allied,Rocket Raccoon,Psylocke,Support,Damage,-0.025977098547193392,0.0018207853354984577,-0.03320348435079153,False,8677,8314,2347,2776,3191
allied,Rocket Raccoon,Wolverine,Support,Damage,0.02350000059751939,-0.00045922002887589184,0.016761679877093795,False,8566,8141,1940,2548,3653
allied,Rocket Raccoon,Invisible Woman,Support,Support,-0.04927197537755615,0.000534128715192217,-0.017271573910121005,False,27154,26093,7609,8662,9822
allied,Rocket Raccoon,The Thing,Support,Tank,0.01841810380081542,6.184816703952268e-05,0.005267710284208988,False,23096,22095,6355,7363,8377
allied,Rocket Raccoon,Iron Fist,Support,Damage,0.023563539679547517,-0.0002526371323256155,0.011041702068090553,False,15812,15245,3982,5037,6226
allied,Rocket Raccoon,Emma Frost,Support,Tank,0.007847604060564636,-0.002503771908279135,-0.0011298625560556845,False,30320,28918,9985,9718,9215
allied,Rocket Raccoon,Phoenix,Support,Damage,0.004660811861286644,0.00260351969719728,0.004601261869014206,False,8545,8262,2857,2929,2476
allied,Rocket Raccoon,Daredevil,Support,Damage,0.01014030577472212,-0.00460910714312684,-0.00022831113547530017,False,14859,14180,3294,4542,6344
allied,Rocket Raccoon,Angela,Support,Tank,-0.0027582470282217207,0.0005846916261971374,-0.009401509433867803,False,9060,8641,2341,2970,3330
allied,Rocket Raccoon,Gambit,Support,Support,-0.04304520375621904,-0.00021819393756281256,-0.010211939156414582,False,21283,20235,5865,6981,7389
allied,Rocket Raccoon,Elsa Bloodstone,Support,Damage,0.034519155339635864,-0.0025477687823169657,0.03276247209237431,False,16317,15648,4993,5340,5315
allied,Rocket Raccoon,White Fox,Support,Support,-0.014354129491318765,-0.00023609493864805303,0.002063171926555704,False,9876,9551,4060,3154,2337
allied,Rocket Raccoon,Black Cat,Support,Damage,0.014008221045578641,0.001978515300138401,0.003464990239844359,False,12482,12191,4853,4335,3003
allied,Rocket Raccoon,Devil Dinosaur,Support,Tank,0.008287851430123543,-0.0014068880563487438,0.0034775477825116385,False,13100,12563,4898,4290,3375
allied,Rocket Raccoon,Cyclops,Support,Damage,0.005578115923513786,0.0011144136768902362,0.0069789250006957295,False,20026,19288,7496,6551,5241
allied,Rocket Raccoon,Jubilee,Support,Support,-0.04308547080817857,3.952434409017169e-05,-0.011433272731104407,False,32906,31719,11291,11288,9140
allied,Rocket Raccoon,Rogue,Support,Tank,0.004700522152076927,-0.0011037035163763032,0.003159063037735304,False,8763,8256,2683,2767,2806
allied,Rocket Raccoon,The Hood,Support,Tank,-0.008571701974393482,-0.001076595589589675,-0.012348051490897998,False,67998,65952,20538,22715,22699
allied,Rocket Raccoon,Deadpool (Vanguard),Support,Tank,-0.013282198903502027,0.0013664440528340488,-0.015003267799583756,False,8243,7968,3157,2680,2131
allied,Rocket Raccoon,Deadpool (Duelist),Support,Damage,-0.0004550610380605633,0.0025644293560508637,-0.00615751620159174,False,11232,10734,3194,3693,3847
allied,Rocket Raccoon,Deadpool (Strategist),Support,Support,0.014685771146052032,0.0003701092954372982,0.04213039772115542,False,6349,6099,2244,2112,1743
allied,Hela,Cloak & Dagger,Damage,Support,-0.013781174171915584,0.0016462812957467323,-0.017166260423328028,False,32943,31425,9744,10047,11634
allied,Hela,Black Panther,Damage,Damage,0.036928601738283974,-8.100614803267168e-05,0.032115611302387326,False,3921,3707,889,1179,1639
allied,Hela,Groot,Damage,Tank,-0.02214439846329185,-4.3075949189071536e-05,-0.02898775952099488,False,6213,5936,1697,1788,2451
allied,Hela,Ultron,Damage,Support,-0.049367561523692864,-0.00030578984739019365,-0.044906682797257895,False,3442,3179,1002,987,1190
allied,Hela,Magik,Damage,Damage,-0.0033430277022909413,9.402564501156118e-05,0.0013079655247008062,False,9431,9009,2426,2888,3695
allied,Hela,Moon Knight,Damage,Damage,-0.007416226504698081,-0.00039845348578370417,-0.010264276302610098,False,2801,2655,1101,859,695
allied,Hela,Luna Snow,Damage,Support,0.0035842145792730124,0.00014879632970619507,0.011729240814908094,False,22685,21641,5453,6609,9579
allied,Hela,Squirrel Girl,Damage,Damage,-0.027964553413897607,0.00033465033111869483,-0.03249146314474684,False,1835,1759,879,528,352
allied,Hela,Black Widow,Damage,Damage,0.021023524845074977,-0.00025771178214135693,0.019833218876618163,False,5677,5395,1147,1515,2733
allied,Hela,Iron Man,Damage,Damage,-0.05632417558125673,0.0014079848099689048,-0.06411426163711426,False,2812,2659,969,914,776
allied,Hela,Venom,Damage,Tank,0.039218026390173334,-0.0010054050149910121,0.04160782372547237,True,10521,9967,2899,2969,4099
allied,Hela,Spider-man,Damage,Damage,0.030262039646190186,-0.002315570529052517,0.032333549767511564,False,9145,8683,2135,2744,3804
allied,Hela,Magneto,Damage,Tank,-0.005355149137922986,-0.0022680354758590556,-0.011265379379626763,False,41840,39801,9386,12018,18397
allied,Hela,Scarlet Witch,Damage,Damage,-0.014606901828419533,-0.0008526626260977851,-0.014841799956187462,False,2427,2340,1108,718,514
allied,Hela,Thor,Damage,Tank,0.036772820748038726,0.001197391885105875,0.03961715263415325,True,10915,10438,3333,3381,3724
allied,Hela,Mister Fantastic,Damage,Damage,0.016837445551223074,0.00014498230110552947,0.01150067628568931,False,2380,2270,700,722,848
allied,Hela,Winter Soldier,Damage,Damage,-0.01695034685301473,0.0024531606497399812,-0.018662950499774972,False,15253,14485,3488,4187,6810
allied,Hela,Peni Parker,Damage,Tank,-0.024652398871181227,-8.898618627934718e-05,-0.02888612486124582,False,4418,4172,1352,1271,1549
allied,Hela,Star-lord,Damage,Damage,-0.02377658106220329,0.0008576703162271014,-0.02890171275105692,False,2976,2855,816,867,1172
allied,Hela,Blade,Damage,Damage,-0.008476005089129966,1.865033675101426e-05,-0.014412057485808179,False,2572,2447,853,754,840
allied,Hela,Namor,Damage,Damage,0.008530363158589443,-6.223472948912788e-05,0.01044433216489328,True,10965,10547,3860,3721,2966
allied,Hela,Adam Warlock,Damage,Support,-0.02423116991448815,-0.0002819588261830354,-0.010331639732989988,False,3967,3782,963,1099,1720
allied,Hela,Jeff The Land Shark,Damage,Support,-0.01602357174785389,0.0006790940938079486,-0.011118206339343984,False,7276,6964,2418,2227,2319
allied,Hela,Psylocke,Damage,Damage,-0.015039294193989423,0.0010681248862745502,-0.02248273261922189,False,2808,2678,680,779,1219
allied,Hela,Wolverine,Damage,Damage,0.012169280560989492,0.0013571958391815975,0.0073945815469961046,False,2808,2645,530,712,1403
allied,Hela,Invisible Woman,Damage,Support,-0.00033377148643815626,0.0025456646177230255,0.006827341864804969,False,25223,24029,6319,7392,10318
allied,Hela,The Thing,Damage,Tank,-0.028645444121850955,-0.0004575390560989955,-0.027850201425539595,False,12635,12010,3117,3633,5260
allied,Hela,Iron Fist,Damage,Damage,0.011693491005046614,0.0011624946897546113,0.015391755961659755,False,5053,4806,1124,1443,2239
allied,Hela,Emma Frost,Damage,Tank,-0.003719936676028287,-0.0006261458580360087,-0.0045117416267829,False,17573,16647,5281,5167,6199
allied,Hela,Phoenix,Damage,Damage,0.0386524147939022,-0.0017322651986939209,0.03721326035612724,True,4848,4617,1510,1440,1667
allied,Hela,Daredevil,Damage,Damage,0.022320059304688295,-0.0004974664166459797,0.0223514257740643,False,4331,4116,866,1108,2142
allied,Hela,Angela,Damage,Tank,0.03460645370163653,0.001457933321765293,0.036669124118962546,False,4948,4687,1129,1525,2033
allied,Hela,Gambit,Damage,Support,0.015918789308364135,-0.0007500289152470566,0.024512694511911414,False,19852,18750,5132,6028,7590
allied,Hela,Elsa Bloodstone,Damage,Damage,0.016098331427753063,-7.10937853402871e-05,0.011959971671081374,False,4855,4623,1337,1420,1866
allied,Hela,White Fox,Damage,Support,0.005897307353411835,-0.001253839834935547,0.012317453029078038,False,9390,8989,3687,2805,2497
allied,Hela,Black Cat,Damage,Damage,0.024251327360203613,0.0005247086786567393,0.023605489893779343,False,3650,3557,1323,1168,1066
allied,Hela,Devil Dinosaur,Damage,Tank,-0.009959293754726092,0.0010711452336942982,-0.011372177293834263,False,6563,6261,2287,2007,1967
allied,Hela,Cyclops,Damage,Damage,0.022444870110401385,-0.0012375271298098612,0.017247480858868125,False,5534,5291,2007,1669,1615
allied,Hela,Jubilee,Damage,Support,0.010259432943558524,-0.0003701608123479285,0.01976110818985471,False,29104,27964,9415,9283,9266
allied,Hela,Rogue,Damage,Tank,-0.0010287199191017064,-0.0016471126852196478,-0.0012992120663364343,False,5116,4767,1419,1499,1849
allied,Hela,The Hood,Damage,Tank,-0.006547045503372989,-0.0013246587768259435,-0.005449110158037307,False,39221,37875,10795,12007,15073
allied,Hela,Deadpool (Vanguard),Damage,Tank,-0.017507819936955046,0.0006762371801682183,-0.02099036352103427,False,5690,5480,2139,1759,1582
allied,Hela,Deadpool (Duelist),Damage,Damage,-0.020604897365529715,-0.0022477681259393373,-0.028604477352826774,False,4459,4225,1305,1345,1575
allied,Hela,Deadpool (Strategist),Damage,Support,0.017003763766782875,0.002102559401513319,0.028001204136613587,False,7360,7053,2608,2320,2125
allied,Cloak & Dagger,Black Panther,Support,Damage,-0.0013024322300866098,-0.0008835248063965913,-0.0077817481423335805,False,18126,17243,5105,6014,6124
allied,Cloak & Dagger,Groot,Support,Tank,-0.0009619046861011716,0.001175681277073153,-0.0008724409897069136,False,16929,16219,5614,5637,4968
allied,Cloak & Dagger,Ultron,Support,Support,0.010485361637658461,-0.002096424393343684,0.009669104801710786,False,7755,7264,2769,2420,2075
allied,Cloak & Dagger,Magik,Support,Damage,0.02645869161327678,0.0007129447133366589,0.012412515200610194,False,42366,40677,13656,13857,13164
allied,Cloak & Dagger,Moon Knight,Support,Damage,0.054993197747874624,-0.0011036109980797687,0.05201559829149237,True,20141,19222,8958,6442,3822
allied,Cloak & Dagger,Luna Snow,Support,Support,-0.003357110372735109,-0.0025488052696078663,0.015875267449537683,True,36560,35050,11760,11618,11672
allied,Cloak & Dagger,Squirrel Girl,Support,Damage,-0.014484421663366876,-0.003433734238012784,-0.026884613837826803,False,10573,10146,5803,3007,1336
allied,Cloak & Dagger,Black Widow,Support,Damage,-0.003287282232881587,-0.0003068566816363777,-0.011325736075036327,False,25330,24217,7445,7724,9048
allied,Cloak & Dagger,Iron Man,Support,Damage,0.017930015764637125,0.0008104034634032806,0.005177523020678911,False,16648,15897,6622,5595,3680
allied,Cloak & Dagger,Venom,Support,Tank,-0.034647309412407644,-0.0002833058983317227,-0.035572907256278326,False,29596,28253,10092,9404,8757
allied,Cloak & Dagger,Spider-man,Support,Damage,-0.019523434888925457,0.0012168816443665997,-0.033709174771415724,False,38837,37177,12070,12591,12516
allied,Cloak & Dagger,Magneto,Support,Tank,0.015663947103950904,-0.00045547386746969235,0.009036663217855014,False,93436,89600,28461,29655,31484
allied,Cloak & Dagger,Scarlet Witch,Support,Damage,0.004300804053081258,0.00021684501262291564,-0.004756391742607557,False,14525,14060,7728,4265,2067
allied,Cloak & Dagger,Thor,Support,Tank,-0.0010316538822293328,0.0020111902669498454,0.0029853906933777017,False,24932,23899,8982,8156,6761
allied,Cloak & Dagger,Mister Fantastic,Support,Damage,0.0030615817271248944,-0.00032781845746246007,-0.004910195890427666,False,12308,11828,4582,4207,3039
allied,Cloak & Dagger,Winter Soldier,Support,Damage,0.02499576111253438,0.0011556828001699489,0.020070182200828884,False,62398,59863,19187,20150,20526
allied,Cloak & Dagger,Peni Parker,Support,Tank,-0.03947862379978273,0.0013807817109835053,-0.04438566684775973,False,12652,12063,4706,4029,3328
allied,Cloak & Dagger,Star-lord,Support,Damage,-0.007468767615993911,0.0011349974427069176,-0.014558053942314915,False,14866,14341,5210,4852,4279
allied,Cloak & Dagger,Blade,Support,Damage,0.03341535927217811,0.002127345405296262,0.02661266416084914,False,15139,14511,6050,4909,3552
allied,Cloak & Dagger,Namor,Support,Damage,-0.004379919107361268,0.002396692664989626,-0.00599481631443317,False,23383,22522,8924,7824,5774
allied,Cloak & Dagger,Adam Warlock,Support,Support,0.03326143741904771,-0.000956089700026201,0.02425242171812168,False,7755,7394,2498,2335,2561
allied,Cloak & Dagger,Jeff The Land Shark,Support,Support,-0.03899255747425476,0.0020218427974032834,-0.0174422649700125,False,13784,13232,5647,4346,3239
allied,Cloak & Dagger,Psylocke,Support,Damage,0.0033058445531505853,0.002177726437861674,-0.00030521574924057243,True,15792,15160,5077,5015,5068
allied,Cloak & Dagger,Wolverine,Support,Damage,0.028048517413625948,0.00026096813593818604,0.02183371890887766,False,12876,12282,3423,4135,4724
allied,Cloak & Dagger,Invisible Woman,Support,Support,-0.062437396050112684,-0.0011616879850238038,-0.03936987787760525,False,39675,38036,13620,12676,11740
allied,Cloak & Dagger,The Thing,Support,Tank,0.007722255854292182,0.0033126702268279425,-0.0025104346115666113,False,33676,32173,10765,10836,10572
allied,Cloak & Dagger,Iron Fist,Support,Damage,-0.018055219578998454,0.0019256691824365512,-0.03582444448410967,False,24550,23582,7079,8187,8316
allied,Cloak & Dagger,Emma Frost,Support,Tank,0.002547360850919444,-0.0010680422501658192,-0.0026452519536692637,False,48990,46725,18258,15601,12866
allied,Cloak & Dagger,Phoenix,Support,Damage,0.02387977801132335,-0.0012947103131360682,0.026177556401469477,False,14855,14359,5683,4970,3706
allied,Cloak & Dagger,Daredevil,Support,Damage,0.02634449969644326,-0.003252798439536317,0.017956364640124966,False,21717,20715,5865,6812,8038
allied,Cloak & Dagger,Angela,Support,Tank,0.02669499973012781,0.00034441126635145807,0.029421973452798202,False,14407,13723,4452,4780,4491
allied,Cloak & Dagger,Gambit,Support,Support,-0.059793013723474446,-0.0004095739030188676,-0.03660318897291813,False,31925,30323,10602,10571,9150
allied,Cloak & Dagger,Elsa Bloodstone,Support,Damage,0.008896443322083425,-0.0021831958095094974,0.0038918786862917982,False,25017,24067,9324,8312,6431
allied,Cloak & Dagger,White Fox,Support,Support,-0.010827379222479921,-0.0004482470229935164,-3.2117276446474996e-05,False,17312,16725,7954,5387,3384
allied,Cloak & Dagger,Black Cat,Support,Damage,0.007308107957270702,-0.0018412070736544145,-0.00411767937083809,False,17443,17095,8161,5622,3312
allied,Cloak & Dagger,Devil Dinosaur,Support,Tank,-0.020374511628582448,-0.0002658386881718805,-0.025154587868476085,False,20870,19999,8857,6639,4503
allied,Cloak & Dagger,Cyclops,Support,Damage,0.017233608986273578,0.00016551250696469384,0.020046312309964478,False,32959,31652,13754,10507,7391
allied,Cloak & Dagger,Jubilee,Support,Support,-0.014460497047411525,0.007853204460299126,0.01654782158927846,False,57583,55458,21962,19055,14441
allied,Cloak & Dagger,Rogue,Support,Tank,-0.03031118523918669,-0.0003960655502642363,-0.03284284728497109,False,14189,13332,5096,4481,3755
allied,Cloak & Dagger,The Hood,Support,Tank,0.0780785893934889,-0.002175612338950365,0.09286485817469006,True,97745,94581,32729,31632,30220
allied,Cloak & Dagger,Deadpool (Vanguard),Support,Tank,-0.000584276391950453,0.0010726007715189136,0.00437207087204891,False,13180,12748,5706,4160,2882
allied,Cloak & Dagger,Deadpool (Duelist),Support,Damage,-0.00129868142677048,-0.0022928703657344607,-0.007151631525226414,False,17242,16446,5748,5700,4998
allied,Cloak & Dagger,Deadpool (Strategist),Support,Support,-0.007670411072354107,0.000380613676264598,0.009018371240049759,False,11340,10955,4488,3768,2699
allied,Black Panther,Groot,Damage,Tank,-0.03254661118102077,0.00012746382872301157,-0.03207825025525082,False,3625,3468,971,1254,1243
allied,Black Panther,Ultron,Damage,Support,0.012741791974799752,4.889562599940114e-05,0.02031226748498315,False,2468,2294,718,778,798
allied,Black Panther,Magik,Damage,Damage,-0.05029335076143303,-0.002348016371537958,-0.05216604350656087,True,6861,6568,1694,2333,2541
allied,Black Panther,Moon Knight,Damage,Damage,0.01453617243368616,0.0007536098567358979,0.010897143133848744,False,1760,1664,667,590,407
allied,Black Panther,Luna Snow,Damage,Support,-0.006650679690210726,0.0005136571822017564,-0.004439087641824261,False,13294,12691,3202,4313,5176
allied,Black Panther,Squirrel Girl,Damage,Damage,-0.010894055624076589,0.0005239189962135325,-0.016618119032411675,False,1068,1020,495,319,206
allied,Black Panther,Black Widow,Damage,Damage,0.02336825283879577,0.0001198186475029981,0.01975560914581756,False,3171,3008,705,976,1327
allied,Black Panther,Iron Man,Damage,Damage,-0.015137901229292604,-0.0002503241269926691,-0.022118708352665696,False,1863,1784,607,672,505
allied,Black Panther,Venom,Damage,Tank,-0.0067533906221661655,0.00041343694037072784,-0.0010582926662486341,False,7442,7043,1914,2472,2657
allied,Black Panther,Spider-man,Damage,Damage,-0.02725788430070127,-0.0007921260822635321,-0.032589450945360234,False,6959,6610,1676,2383,2551
allied,Black Panther,Magneto,Damage,Tank,-0.004249957029852061,0.0017637089902726784,-0.0015523015577043056,False,23854,22668,5294,7581,9793
allied,Black Panther,Scarlet Witch,Damage,Damage,0.012183306493928096,0.00026525563009363124,0.011559934604980525,False,1530,1480,721,444,315
allied,Black Panther,Thor,Damage,Tank,0.012599451269040255,0.0006169304629390312,0.021204358360572682,False,5165,4928,1497,1734,1697
allied,Black Panther,Mister Fantastic,Damage,Damage,0.005436443893458151,-0.0001750436081740431,-0.0034663078036006214,False,1588,1517,468,574,475
allied,Black Panther,Winter Soldier,Damage,Damage,0.014374228768946073,0.0010924135699639243,0.012650410720334003,False,8652,8241,1998,2812,3431
allied,Black Panther,Peni Parker,Damage,Tank,0.003133695600010525,-5.77759005683028e-05,0.01051312179876437,True,2689,2557,797,876,884
allied,Black Panther,Star-lord,Damage,Damage,0.03114990515397576,0.00012140994213963211,0.027977238024709257,False,1949,1868,541,682,645
allied,Black Panther,Blade,Damage,Damage,-0.00461996076032644,-0.0001660548223932087,-0.012852609362447169,False,1709,1622,556,568,498
allied,Black Panther,Namor,Damage,Damage,0.03947460765842921,-0.0001359216212305496,0.041345718713520746,False,2538,2390,815,823,752
allied,Black Panther,Adam Warlock,Damage,Support,-0.024646944686620504,-0.0005840525792120971,-0.015453458755202041,False,2512,2387,662,778,947
allied,Black Panther,Jeff The Land Shark,Damage,Support,0.012820163867261616,0.00079894003945234,0.016676923824097814,False,4769,4557,1485,1662,1410
allied,Black Panther,Psylocke,Damage,Damage,0.008554465122362638,0.0002619897997231355,0.00045660837865169144,False,1737,1653,415,561,677
allied,Black Panther,Wolverine,Damage,Damage,-0.03120874885539399,0.0006973908015705206,-0.042209919010429454,False,1476,1388,292,473,623
allied,Black Panther,Invisible Woman,Damage,Support,-0.0006539075328954956,-0.0006349311677332087,0.0018131164089773108,False,14150,13488,3619,4672,5197
allied,Black Panther,The Thing,Damage,Tank,-0.034286978206903074,0.0002294105983540972,-0.025643783241569976,False,6495,6222,1585,2136,2501
allied,Black Panther,Iron Fist,Damage,Damage,-0.018451325676251233,0.0016655551786977853,-0.019878528561121038,False,3536,3384,774,1161,1449
allied,Black Panther,Emma Frost,Damage,Tank,-0.024235131094496355,-0.0004928638122169193,-0.01885431364894916,False,10097,9562,2942,3379,3241
allied,Black Panther,Phoenix,Damage,Damage,0.013267803557020145,-0.000385747647273691,0.007099230370737628,False,1334,1283,446,453,384
allied,Black Panther,Daredevil,Damage,Damage,-0.004726867788306105,0.0002585223666402629,-0.0095632247466662,False,3563,3387,710,1094,1583
allied,Black Panther,Angela,Damage,Tank,0.009957844883088762,0.0012935925110481722,0.017727560800004313,False,3042,2873,764,942,1167
allied,Black Panther,Gambit,Damage,Support,0.026584468233879624,-1.2293593693970017e-06,0.031857510899553194,False,11744,11067,2877,3897,4293
allied,Black Panther,Elsa Bloodstone,Damage,Damage,0.0411178054209751,-0.0006207750343188023,0.036443646806940524,False,2845,2710,826,900,984
allied,Black Panther,White Fox,Damage,Support,-0.01118653271404358,3.372526814445082e-05,-0.011555939450372454,False,6595,6347,2296,2256,1795
allied,Black Panther,Black Cat,Damage,Damage,-0.00017599068071230066,-0.0002861306069119915,-0.005471600101739743,True,2734,2662,1007,972,683
allied,Black Panther,Devil Dinosaur,Damage,Tank,-0.014943952345116527,-0.0009035999015426925,-0.008434894891903152,False,4248,4015,1385,1480,1150
allied,Black Panther,Cyclops,Damage,Damage,0.014669284424950411,0.0010410556720939928,0.006207547350788665,False,3736,3563,1346,1232,985
allied,Black Panther,Jubilee,Damage,Support,-0.008950664680452275,-0.0001520182897568831,-0.006504324040720587,False,17034,16303,5120,5872,5311
allied,Black Panther,Rogue,Damage,Tank,0.004320398939203479,-0.0008537753474302486,0.013135817222192826,False,3378,3145,885,1146,1114
allied,Black Panther,The Hood,Damage,Tank,0.0025891796784351874,0.0003365535274957014,0.013199595122301596,False,23015,22217,6075,7802,8340
allied,Black Panther,Deadpool (Vanguard),Damage,Tank,0.04978281606549964,-0.0003143025481143107,0.06236311204051847,False,2539,2435,848,864,723
allied,Black Panther,Deadpool (Duelist),Damage,Damage,0.009213523378300892,-0.00017827454498470135,0.0010774169032915716,False,2547,2402,639,825,938
allied,Black Panther,Deadpool (Strategist),Damage,Support,-0.0008175028374174647,-0.0009540862469808099,0.0032982068033250564,False,4171,4002,1305,1476,1221
allied,Groot,Ultron,Tank,Support,-0.03339927724080667,-7.577698533929577e-05,-0.025868369201315303,False,2030,1880,693,631,556
allied,Groot,Magik,Tank,Damage,-0.00455582004665095,0.0005738154214628103,-0.013477425543089483,False,7721,7448,2308,2547,2593
allied,Groot,Moon Knight,Tank,Damage,0.006819735022007718,-0.00014968467569564158,0.005043577436402408,False,3392,3210,1304,1136,770
allied,Groot,Luna Snow,Tank,Support,-0.00261143159221913,0.0014364037849025138,-0.0010993750065195667,False,10939,10474,2864,3412,4198
allied,Groot,Squirrel Girl,Tank,Damage,7.044824267955915e-05,-0.0004684038063875006,-0.0018862712334292017,False,1784,1709,936,526,247
allied,Groot,Black Widow,Tank,Damage,-0.007555288680003309,-0.0005324039699695447,-0.01164065216091694,False,4945,4715,1228,1508,1979
allied,Groot,Iron Man,Tank,Damage,0.001504158815722618,-0.0004515474200041196,0.005035482804717988,False,2669,2543,955,943,645
allied,Groot,Venom,Tank,Tank,-0.04018547937015343,0.0006275100728247177,-0.04554962282260092,False,2931,2808,949,943,916
allied,Groot,Spider-man,Tank,Damage,0.03075522363954332,-0.0011532443539170175,0.03023371183348409,False,7522,7199,2129,2479,2591
allied,Groot,Magneto,Tank,Tank,-0.03716556511232783,-0.0006019085523612193,-0.021260154590623213,False,12395,11814,2911,3730,5173
allied,Groot,Scarlet Witch,Tank,Damage,-0.013747529289841747,-0.0002469422375000711,-0.023574681500976434,False,2105,2040,1077,613,350
allied,Groot,Thor,Tank,Tank,0.03044119545578023,-0.0011047728073363173,0.03566345235921644,False,2404,2306,804,770,732
allied,Groot,Mister Fantastic,Tank,Damage,0.005824700977580023,-0.0009618029452667535,0.01039111146841936,False,2297,2206,807,791,608
allied,Groot,Winter Soldier,Tank,Damage,-0.011798588586607784,0.0017283306637104515,-0.02052779509873227,False,13558,12997,3561,4293,5143
allied,Groot,Peni Parker,Tank,Tank,-0.009343830978582587,0.0008907329813223443,-0.0076412376528552485,False,1512,1421,543,493,385
allied,Groot,Star-lord,Tank,Damage,0.032225206742943054,-0.0007510929887909448,0.03171523525524052,True,5409,5188,1676,1825,1687
allied,Groot,Blade,Tank,Damage,-0.026678185550233786,-0.000645715231574106,-0.02610991308592775,False,2754,2621,982,902,737
allied,Groot,Namor,Tank,Damage,0.03733946597320337,0.001277038379895646,0.02557307547473001,False,4561,4387,1650,1572,1165
allied,Groot,Adam Warlock,Tank,Support,-0.01310989301364418,0.00018296495496928006,-0.004857419293626744,False,2127,2026,585,650,791
allied,Groot,Jeff The Land Shark,Tank,Support,0.004793038308249128,-0.00024669002441026584,0.002199575796704456,True,4586,4413,1658,1456,1299
allied,Groot,Psylocke,Tank,Damage,0.016412796903668137,7.633718436123809e-05,0.017523636347570398,False,2593,2481,762,842,877
allied,Groot,Wolverine,Tank,Damage,-0.0006039616763402067,0.0016878404653664152,0.002777556927309559,False,2379,2264,551,763,950
allied,Groot,Invisible Woman,Tank,Support,0.02683156538211258,-0.0021796402899166875,0.02279101150971132,False,12630,12113,3575,3985,4553
allied,Groot,The Thing,Tank,Tank,0.007718532271923989,0.0013941380678732939,0.013282777850669327,False,3548,3381,1060,1115,1206
allied,Groot,Iron Fist,Tank,Damage,0.01949174525806411,-0.0006180942420798733,0.01548457083966264,False,4461,4284,1153,1460,1671
allied,Groot,Emma Frost,Tank,Tank,0.046512822780664036,-0.00011128052507691483,0.06213278475509593,False,5261,4985,1732,1706,1547
allied,Groot,Phoenix,Tank,Damage,-0.008218422575581232,-0.00019855587403255843,-0.01538165700707101,False,2388,2310,860,786,664
allied,Groot,Daredevil,Tank,Damage,0.00024251418413464448,0.0007791743445282953,-0.0014023974568154597,False,3958,3770,914,1267,1589
allied,Groot,Angela,Tank,Tank,0.01402122145074108,-0.00036360414785224733,0.02339315885371832,False,1434,1363,390,487,486
allied,Groot,Gambit,Tank,Support,0.0133203244135875,-0.002342947908434014,0.008510016891326813,False,9470,8968,2615,3197,3156
allied,Groot,Elsa Bloodstone,Tank,Damage,-0.015890818685360554,-3.305167442338907e-06,-0.01785184509492186,False,5068,4855,1549,1636,1670
allied,Groot,White Fox,Tank,Support,-0.02467605570148146,-0.00027304991741806196,-0.017960230838503878,False,5136,4958,2196,1690,1072
allied,Groot,Black Cat,Tank,Damage,-0.017650030782653137,-0.00036877461894526244,-0.019307546033233515,False,3737,3636,1490,1308,838
allied,Groot,Devil Dinosaur,Tank,Tank,-0.005474857711332002,-0.0002111665755001578,-0.0027163915218535316,False,1916,1846,737,644,465
allied,Groot,Cyclops,Tank,Damage,0.02913117758802539,-0.0016907903566355882,0.029159099394233,False,6265,5998,2404,2082,1512
allied,Groot,Jubilee,Tank,Support,0.015971732132543107,0.001049384857302332,0.009432802567723214,False,14970,14433,5284,5073,4076
allied,Groot,Rogue,Tank,Tank,0.002118413670968379,-0.0008582337719272385,0.002018364400248089,False,1343,1242,429,433,380
allied,Groot,The Hood,Tank,Tank,-0.021521380470603438,-0.0007601366941113314,-0.02972297800206986,False,14777,14381,4532,5048,4801
allied,Groot,Deadpool (Vanguard),Tank,Tank,-0.0070753989396015,0.0007388713457358991,-0.008472739074137403,False,1237,1184,529,382,273
allied,Groot,Deadpool (Duelist),Tank,Damage,0.014328925508182225,0.0011113386805870634,0.016793148158981818,False,3221,3073,998,1068,1007
allied,Groot,Deadpool (Strategist),Tank,Support,-0.027540455179518634,0.0007051853751637059,-0.031001128287330718,False,3303,3185,1223,1092,870
allied,Ultron,Magik,Support,Damage,0.014163597197422287,-0.0008917307206931748,0.010874797379593465,False,5664,5327,1732,1847,1748
allied,Ultron,Moon Knight,Support,Damage,-0.004423206540716418,-0.00014333193904953574,-0.002533593136352978,False,1899,1742,837,571,334
allied,Ultron,Luna Snow,Support,Support,0.0037573609182834523,0.0005846666131426324,-0.024870051155647242,False,4208,3902,1217,1240,1445
allied,Ultron,Squirrel Girl,Support,Damage,-0.00363284705902429,-0.00012013911398416488,-0.002382329011121821,False,1326,1252,693,373,186
allied,Ultron,Black Widow,Support,Damage,0.005112934619679715,0.0007910344428085496,0.010418771280914714,False,2814,2617,856,795,966
allied,Ultron,Iron Man,Support,Damage,0.022443902153550715,-7.159905611244053e-05,0.022549908605026276,True,4301,4055,1632,1474,949
allied,Ultron,Venom,Support,Tank,-0.016991417450069858,0.0006506064530961804,-0.002424867724890049,False,3961,3707,1359,1189,1159
allied,Ultron,Spider-man,Support,Damage,0.006629888658926174,-0.00016725880958757365,0.008007577616736938,False,5202,4843,1568,1657,1618
allied,Ultron,Magneto,Support,Tank,0.008951421542364288,-0.0002179621113688621,0.013899932408973897,False,14425,13431,3900,4286,5245
allied,Ultron,Scarlet Witch,Support,Damage,-0.004820313961866506,0.00017719787410647105,-0.0027233861126042154,False,1689,1600,867,491,242
allied,Ultron,Thor,Support,Tank,-0.02392440424193353,-0.000641738415918959,-0.010931958184747032,False,3293,3081,1075,1079,927
allied,Ultron,Mister Fantastic,Support,Damage,-0.018164034730047584,0.0004731356324154109,-0.016494751007927126,False,1464,1355,491,481,383
allied,Ultron,Winter Soldier,Support,Damage,-0.01142862267752537,-0.001392064400440894,-0.008612986166168759,False,7617,7078,2248,2292,2538
allied,Ultron,Peni Parker,Support,Tank,0.019456963438848562,-0.0003550692686748278,0.03667630470075494,True,2609,2422,941,783,698
allied,Ultron,Star-lord,Support,Damage,0.0175256309944738,0.0006307627544238345,0.02585490789128084,False,1677,1573,536,560,477
allied,Ultron,Blade,Support,Damage,-0.0007089984090176887,0.0001533368955289874,0.0005170251663234406,False,1808,1692,704,575,413
allied,Ultron,Namor,Support,Damage,-0.01527284184666703,0.000942824687490906,-0.00595509099933258,False,2530,2359,971,799,589
allied,Ultron,Adam Warlock,Support,Support,0.15833089904497794,0.002288860540144164,0.12485812458865735,True,6374,5927,1550,1922,2455
allied,Ultron,Jeff The Land Shark,Support,Support,-0.0012415973815162369,0.0010437687298411507,-0.02147443583759913,False,1765,1667,702,526,439
allied,Ultron,Psylocke,Support,Damage,-0.031116711398088373,-0.00021104621590910778,-0.026736327797564827,False,1557,1449,491,476,482
allied,Ultron,Wolverine,Support,Damage,-0.010336145591399566,0.0005520387985183936,-0.009054763574956472,False,1352,1253,383,422,448
allied,Ultron,Invisible Woman,Support,Support,0.03143391496694639,-0.001108505109923058,0.02384961145337407,False,5134,4756,1581,1554,1621
allied,Ultron,The Thing,Support,Tank,-0.000978416825601545,-0.0007856357176320125,4.516381723151594e-05,False,4584,4260,1343,1424,1493
allied,Ultron,Iron Fist,Support,Damage,0.010782703912366586,0.00013283937516530187,0.008912482840495565,False,2891,2732,818,898,1016
allied,Ultron,Emma Frost,Support,Tank,-0.005867542738042665,0.0003034309515377915,0.00024204274138877918,False,5883,5411,1975,1825,1611
allied,Ultron,Phoenix,Support,Damage,0.004472049045951548,-0.0013474734317312333,0.016638124712245784,False,1582,1507,602,532,373
allied,Ultron,Daredevil,Support,Damage,-0.030499994523831023,0.0005683934322091626,-0.03369942796086404,False,2664,2468,699,777,992
allied,Ultron,Angela,Support,Tank,-0.01240532130066952,-0.0004307850506442495,-0.0033077342399882048,False,1875,1706,506,583,617
allied,Ultron,Gambit,Support,Support,0.026615302349443096,0.00038359577563910826,0.01767304195392464,False,4308,3964,1323,1357,1284
allied,Ultron,Elsa Bloodstone,Support,Damage,-0.0008135722619976023,-0.0004962099409494984,0.0052623745510202175,False,3069,2827,1018,940,869
allied,Ultron,White Fox,Support,Support,0.018338291010835606,-0.0011439747768206437,-0.014352445413589585,False,1893,1787,851,584,352
allied,Ultron,Black Cat,Support,Damage,-0.0002790259093518381,0.0002405577878512262,-0.0003589415739688732,False,2425,2355,1064,785,506
allied,Ultron,Devil Dinosaur,Support,Tank,-0.06701002375346281,-0.0009874389796230157,-0.06663049950975172,False,2639,2440,1120,795,525
allied,Ultron,Cyclops,Support,Damage,-0.01910766990641989,-4.8216874564293415e-05,-0.008543363047496097,False,3961,3724,1630,1287,807
allied,Ultron,Jubilee,Support,Support,0.005896332426679513,0.0015113033042033677,-0.008328555391563418,False,6728,6309,2597,2134,1578
allied,Ultron,Rogue,Support,Tank,0.010016575572565953,0.0003432380645289176,0.026620754303773718,False,1764,1602,614,529,459
allied,Ultron,The Hood,Support,Tank,-0.010564617234805595,0.003265060130066328,0.002630015413380163,False,14548,13860,4850,4662,4348
allied,Ultron,Deadpool (Vanguard),Support,Tank,-0.008844606139037722,9.047713112634114e-05,0.00743878163356882,False,1586,1493,669,487,337
allied,Ultron,Deadpool (Duelist),Support,Damage,-0.02268634382914991,-0.0006694003172377387,-0.0189184883310837,False,2101,1943,677,643,623
allied,Ultron,Deadpool (Strategist),Support,Support,0.02007083617164287,-0.00015702809686092738,-0.0070089100661114455,False,1379,1274,522,411,341
allied,Magik,Moon Knight,Damage,Damage,-0.016594644583228905,0.0012266761515701357,-0.010009174626529425,False,4903,4706,2020,1615,1071
allied,Magik,Luna Snow,Damage,Support,0.002762873988020875,-0.00012254943356234906,-0.0048858407346537465,False,28789,27641,7850,9292,10499
allied,Magik,Squirrel Girl,Damage,Damage,-0.009270262789177634,0.0009733574382827155,-0.0020446434013049017,False,2664,2560,1327,792,441
allied,Magik,Black Widow,Damage,Damage,-0.0067001921536906745,0.001376378749204321,5.276230047139563e-08,False,7415,7108,1934,2214,2960
allied,Magik,Iron Man,Damage,Damage,0.012345181666418762,0.00015950673473827422,0.020465550272313088,False,4500,4317,1629,1578,1110
allied,Magik,Venom,Damage,Tank,0.004633333445579051,-0.000984695429716441,-0.0009317733441503819,False,14641,14027,4363,4752,4912
allied,Magik,Spider-man,Damage,Damage,-0.024510321352968857,-0.00035182773384750043,-0.016798707528032253,False,14333,13731,3928,4769,5034
allied,Magik,Magneto,Damage,Tank,-0.003139497177981325,0.0016522199221727682,-0.01285953775052134,False,50256,48171,13026,15914,19231
allied,Magik,Scarlet Witch,Damage,Damage,0.010046285889355197,-0.0009568225722809005,0.02205969711845139,False,4714,4577,2293,1485,799
allied,Magik,Thor,Damage,Tank,-0.0031827911455402464,-0.0015390816516883572,-0.008898329529806856,False,11020,10562,3491,3600,3471
allied,Magik,Mister Fantastic,Damage,Damage,0.002701931247945391,6.450972434119332e-05,0.006386251331124185,False,3871,3749,1324,1332,1093
allied,Magik,Winter Soldier,Damage,Damage,-0.006172763364879986,0.0024201041930149783,0.0032084920733178456,False,21073,20279,5409,7018,7852
allied,Magik,Peni Parker,Damage,Tank,0.02567967577454997,0.0007717844647054616,0.023055846404521033,False,5550,5292,1835,1793,1664
allied,Magik,Star-lord,Damage,Damage,0.036922541942591446,0.000979456888830801,0.047044741426482,False,4886,4706,1427,1617,1662
allied,Magik,Blade,Damage,Damage,-0.022471185079129003,6.758164918525189e-05,-0.019374472312229878,False,4148,3989,1491,1351,1147
allied,Magik,Namor,Damage,Damage,0.008727730560316664,-0.0005887028761764712,0.02085528467318947,False,6213,5972,2130,2104,1738
allied,Magik,Adam Warlock,Damage,Support,0.02297138570249158,-0.0004875976495402886,0.02708016195170902,False,5670,5372,1568,1762,2042
allied,Magik,Jeff The Land Shark,Damage,Support,-0.020274367463888526,0.0024659373489604106,-0.03159142490428613,False,10457,10070,3717,3381,2972
allied,Magik,Psylocke,Damage,Damage,-0.010782670490236445,2.8058105405257025e-07,-0.007674793684571404,False,4420,4259,1276,1383,1600
allied,Magik,Wolverine,Damage,Damage,-0.034104318166172896,-0.00044136170228614973,-0.03253181645552093,False,3505,3358,824,1155,1379
allied,Magik,Invisible Woman,Damage,Support,-0.0026884653601851717,-0.0056252154969429705,-0.01151276212756361,False,33297,31996,9753,10861,11382
allied,Magik,The Thing,Damage,Tank,-0.04503339899547836,-0.0009682967012794266,-0.05014342783927887,False,15241,14601,4221,4889,5491
allied,Magik,Iron Fist,Damage,Damage,-0.012438227800715851,0.0002864774599048987,-0.0005505577099968861,False,8569,8201,2099,2801,3301
allied,Magik,Emma Frost,Damage,Tank,-0.015515317600543262,0.002888155818422797,-0.021695098674064668,False,22150,21156,7296,7225,6635
allied,Magik,Phoenix,Damage,Damage,-0.0024872833719859285,0.0005201557460452283,0.002847903441582479,False,3247,3140,1134,1076,930
allied,Magik,Daredevil,Damage,Damage,-0.03258851073874478,0.0010699974440591552,-0.026928373158237144,False,7380,7040,1751,2343,2946
allied,Magik,Angela,Damage,Tank,-0.02590388224144522,0.000910358326131726,-0.034716312001175115,False,6270,5961,1672,2073,2216
allied,Magik,Gambit,Damage,Support,-0.016669182527329098,0.0018105523169045423,-0.02783984718764666,False,26680,25433,7630,8956,8847
allied,Magik,Elsa Bloodstone,Damage,Damage,0.006482305486788005,0.00015967136007453265,0.011741056510573286,False,7219,6932,2384,2427,2121
allied,Magik,White Fox,Damage,Support,0.016170190952786687,0.00010651014082835703,0.00818337369397156,False,14873,14378,5790,4965,3623
allied,Magik,Black Cat,Damage,Damage,-0.031189750779499432,0.0006358504652497109,-0.02625112180840173,False,6098,5985,2457,2123,1405
allied,Magik,Devil Dinosaur,Damage,Tank,0.011282246290851047,0.0006804351542031929,0.008202578276706242,False,9365,8959,3509,3060,2390
allied,Magik,Cyclops,Damage,Damage,0.022500827107308573,0.0004125548391830907,0.027505257616663253,False,9467,9115,3530,3104,2481
allied,Magik,Jubilee,Damage,Support,-0.003498957059453154,-0.0004430428736384949,-0.011408153947936612,False,42404,40918,14174,14557,12187
allied,Magik,Rogue,Damage,Tank,-0.016475816022575158,0.0012042651105441267,-0.022545603859437387,False,7499,7062,2313,2355,2394
allied,Magik,The Hood,Damage,Tank,0.09996102925463415,-0.005271357929684531,0.10899637771616845,True,61464,59539,18554,20530,20455
allied,Magik,Deadpool (Vanguard),Damage,Tank,-0.0009442018736429919,-0.0003786232960689561,-0.006620438727464534,False,5829,5655,2245,1967,1443
allied,Magik,Deadpool (Duelist),Damage,Damage,-0.037590826017266356,-2.0592265348402256e-05,-0.03680647112964264,False,5557,5310,1549,1819,1942
allied,Magik,Deadpool (Strategist),Damage,Support,0.04446247487367045,-0.00021673285124311855,0.04320118074745893,False,9464,9146,3296,3198,2652
allied,Moon Knight,Luna Snow,Damage,Support,-0.003314422377032764,0.0005291229762602171,-0.004221035455879493,False,9564,9107,3868,3137,2102
allied,Moon Knight,Squirrel Girl,Damage,Damage,-0.02967253413762082,0.0010359741333503035,-0.031304536610482055,False,1317,1256,811,341,104
allied,Moon Knight,Black Widow,Damage,Damage,0.002899282413708222,-0.00203006693106946,0.003238050729163467,False,2408,2294,968,741,585
allied,Moon Knight,Iron Man,Damage,Damage,-0.017084132665173467,0.0014399921543882242,-0.0185724358962111,False,1689,1591,840,527,224
allied,Moon Knight,Venom,Damage,Tank,-0.007451943458413182,0.00032032922490360713,-0.0085141685759871,False,4640,4395,2055,1443,897
allied,Moon Knight,Spider-man,Damage,Damage,-0.0031031711139495022,0.0006826603850060892,-0.0007706352736699788,False,4146,3939,1698,1304,937
allied,Moon Knight,Magneto,Damage,Tank,-0.0016536179901886223,-0.0001236995286248808,-0.005342157660454494,False,19020,18092,7212,6273,4607
allied,Moon Knight,Scarlet Witch,Damage,Damage,-0.020146706107180987,0.0003991069406920516,-0.017805504696740096,False,1853,1765,1144,451,170
allied,Moon Knight,Thor,Damage,Tank,-0.013170120838474863,8.17607019825132e-05,-0.01414647030978002,False,3838,3676,1742,1236,698
allied,Moon Knight,Mister Fantastic,Damage,Damage,-0.026886383377147757,0.0003455718091101788,-0.032823963955320196,False,1376,1312,620,445,247
allied,Moon Knight,Winter Soldier,Damage,Damage,-0.005838031228317163,0.000313854782830737,-0.003589078960900794,False,7001,6710,2686,2351,1673
allied,Moon Knight,Peni Parker,Damage,Tank,0.007890727865163295,-0.0011902563935733451,0.00912733370789105,False,2460,2305,1146,717,442
allied,Moon Knight,Star-lord,Damage,Damage,0.013967249734613224,0.0001549348422458914,0.015019416022256498,False,1571,1498,697,494,307
allied,Moon Knight,Blade,Damage,Damage,0.15847177835613735,-0.0008957109317359682,0.16946279279630713,True,4304,4063,1755,1447,861
allied,Moon Knight,Namor,Damage,Damage,-0.002169260627921486,-0.0006486142159436924,0.0018915109335464154,False,2340,2239,1138,755,346
allied,Moon Knight,Adam Warlock,Damage,Support,-0.006278959672733863,-0.0010609928946905477,0.001675287094039993,False,1950,1850,827,622,401
allied,Moon Knight,Jeff The Land Shark,Damage,Support,0.005566052888069184,0.0015144861060421336,0.004980811681125892,False,3854,3678,1898,1161,619
allied,Moon Knight,Psylocke,Damage,Damage,-0.015432138244105985,-0.00028155520329225815,-0.01987125004010638,False,1298,1246,589,385,272
allied,Moon Knight,Wolverine,Damage,Damage,-0.0028998989997476776,-0.00015932032145125256,-0.005891342498992625,False,1153,1089,398,388,303
allied,Moon Knight,Invisible Woman,Damage,Support,-0.023055730799577328,-0.002026132861488465,-0.02692417205742019,False,11496,10955,4718,3825,2412
allied,Moon Knight,The Thing,Damage,Tank,-0.01782459876565359,-0.0006397911927739248,-0.014005764721676346,False,6073,5787,2458,2043,1286
allied,Moon Knight,Iron Fist,Damage,Damage,0.0011910468681778379,0.00025418855210115936,0.007052519726805269,False,2312,2211,860,802,549
allied,Moon Knight,Emma Frost,Damage,Tank,-0.0043404658884567794,0.00017991130121553737,-0.0033974057479017224,False,8858,8382,4102,2725,1555
allied,Moon Knight,Phoenix,Damage,Damage,0.0007587359833319511,-0.00018116342729605975,-0.0007961612772806842,False,1119,1078,568,352,158
allied,Moon Knight,Daredevil,Damage,Damage,-0.0032106702435479835,-0.0005613075513153148,-0.0022664492183834643,False,1918,1804,711,595,498
allied,Moon Knight,Angela,Damage,Tank,0.012042374524927422,-0.00024344387389499132,0.013368246438685345,False,2332,2207,878,756,573
allied,Moon Knight,Gambit,Damage,Support,-0.010540687474262291,0.0016842803481106577,-0.0134435265634869,False,10040,9481,4007,3380,2094
allied,Moon Knight,Elsa Bloodstone,Damage,Damage,-0.002372952538891925,-0.0005901284380984219,-0.005011111867386704,True,3234,3089,1454,1065,570
allied,Moon Knight,White Fox,Damage,Support,0.0005974953108457784,0.0003150323650584555,-0.0018341452137523638,False,5483,5306,2959,1652,695
allied,Moon Knight,Black Cat,Damage,Damage,0.00029586294053230604,0.000876943354944126,0.0006939420885931555,False,2030,1988,1119,621,248
allied,Moon Knight,Devil Dinosaur,Damage,Tank,-0.02321241515240996,0.001490100430938972,-0.024313335467228987,False,3860,3650,1895,1166,589
allied,Moon Knight,Cyclops,Damage,Damage,-0.024413220787285608,0.0022008098992894205,-0.030472191947304647,False,3611,3421,1833,1072,516
allied,Moon Knight,Jubilee,Damage,Support,0.008322090564557337,5.399095987054656e-05,0.00939228831853479,False,17117,16401,7939,5505,2957
allied,Moon Knight,Rogue,Damage,Tank,-0.012982847758860279,0.000546769341500238,-0.012795061473358228,False,2613,2430,1151,810,469
allied,Moon Knight,The Hood,Damage,Tank,-0.00675125884955469,-0.003173087488417583,-0.0038715656917112096,False,25056,24246,10760,8402,5084
allied,Moon Knight,Deadpool (Vanguard),Damage,Tank,0.029601195440191966,-0.0008986221234370031,0.0332296469698746,False,2285,2194,1198,688,308
allied,Moon Knight,Deadpool (Duelist),Damage,Damage,0.005134853195145879,-0.0007525063935016587,0.002313831708698801,False,1796,1706,769,595,342
allied,Moon Knight,Deadpool (Strategist),Damage,Support,-0.0021926934607179485,-0.001304386982471909,-0.001784119939268425,False,3340,3218,1649,1038,531
allied,Luna Snow,Squirrel Girl,Support,Damage,-0.0042769014387362345,-3.674726937525289e-05,-0.006041714691968383,False,5619,5395,2777,1710,908
allied,Luna Snow,Black Widow,Support,Damage,0.008684017258845355,0.00260923453573068,0.011501414746305434,False,17032,16270,4040,4796,7434
allied,Luna Snow,Iron Man,Support,Damage,-0.009190098551946625,-0.002369368316511889,-0.015973166692328854,False,9163,8770,3318,3091,2361
allied,Luna Snow,Venom,Support,Tank,0.03140428472920001,0.0013893643858438913,0.04278181708587624,False,20847,19901,5935,6511,7455
allied,Luna Snow,Spider-man,Support,Damage,0.021121136784899304,0.0010559127780377581,0.021375407254786087,False,28423,27199,7457,9003,10739
allied,Luna Snow,Magneto,Support,Tank,-0.005578741199308656,-0.0012658972554144342,-0.01393233313492557,False,71846,68709,17680,21980,29049
allied,Luna Snow,Scarlet Witch,Support,Damage,-0.017014419275598738,0.00024431524999619464,-0.019376579094223603,False,7597,7366,3651,2305,1410
allied,Luna Snow,Thor,Support,Tank,0.008196575740552887,-0.0029687281060596362,0.015384424076181326,False,15864,15199,4681,5078,5440
allied,Luna Snow,Mister Fantastic,Support,Damage,-0.02667617248872364,0.0010536017578139923,-0.029005730490108315,False,6956,6681,2146,2385,2150
allied,Luna Snow,Winter Soldier,Support,Damage,-0.0012290197215859824,-0.003754422964996095,-7.325734440757419e-05,False,43848,41961,11070,13566,17325
allied,Luna Snow,Peni Parker,Support,Tank,-0.01027291212718694,0.0016544121635658085,-0.008798484657136783,False,7870,7487,2462,2439,2586
allied,Luna Snow,Star-lord,Support,Damage,-0.023273467418161903,-6.731582648480541e-05,-0.02297890232660495,False,8426,8108,2521,2657,2930
allied,Luna Snow,Blade,Support,Damage,-0.013775080431162465,0.00032619426508729627,-0.017117141612260058,False,8742,8374,3005,2844,2525
allied,Luna Snow,Namor,Support,Damage,0.004667750856251705,0.0005613869248169257,0.013543251287780373,True,14815,14262,5060,4893,4309
allied,Luna Snow,Adam Warlock,Support,Support,0.012231912503123827,-0.0005005857963066622,-0.0274249243921255,True,5350,5084,1339,1527,2218
allied,Luna Snow,Jeff The Land Shark,Support,Support,0.007612751998149076,-0.00013178461473364284,0.011930397071042133,False,7347,7064,2464,2286,2314
allied,Luna Snow,Psylocke,Support,Damage,0.034323817641636,0.0010966447974228872,0.043949442868454466,False,9270,8908,2483,2882,3543
allied,Luna Snow,Wolverine,Support,Damage,-0.014244591915164046,0.0005191380226470088,-0.016386590192862135,False,7955,7547,1712,2387,3448
allied,Luna Snow,Invisible Woman,Support,Support,-0.0241526656342458,3.97430738345863e-05,-0.01996815768116101,False,25730,24615,6637,7809,10169
allied,Luna Snow,The Thing,Support,Tank,0.023446022884721106,0.002105976353598251,0.017428061833684082,False,23566,22488,6207,7333,8948
allied,Luna Snow,Iron Fist,Support,Damage,-0.01627275509622543,-0.0008205872400171036,-0.024459733047841076,False,16789,16116,4049,5276,6791
allied,Luna Snow,Emma Frost,Support,Tank,0.01919018413108173,0.0004502021242920052,0.01836000621002194,True,36685,34932,12026,11460,11446
allied,Luna Snow,Phoenix,Support,Damage,0.009006818361892441,0.0005960967208027375,0.01880491568900866,False,9032,8714,3041,2931,2742
allied,Luna Snow,Daredevil,Support,Damage,0.052362697547991374,0.0009636821679961994,0.05658627611626555,False,15573,14834,3362,4587,6885
allied,Luna Snow,Angela,Support,Tank,0.013280538957116264,0.0004806793410166314,0.015539312626198351,False,9292,8853,2357,2921,3575
allied,Luna Snow,Gambit,Support,Support,-0.03371680763369311,-0.0013369973688635085,-0.03183151858872517,False,18776,17757,4881,6083,6793
allied,Luna Snow,Elsa Bloodstone,Support,Damage,0.003286830072742733,0.000936368806684856,0.006940502673932471,False,16955,16279,5094,5509,5676
allied,Luna Snow,White Fox,Support,Support,0.1006079015973542,0.001001364464876593,0.10702935340409073,True,17582,16956,6496,5739,4721
allied,Luna Snow,Black Cat,Support,Damage,0.028604422901183712,0.0015739642857358067,0.029200113834213,False,12310,12007,4613,4169,3225
allied,Luna Snow,Devil Dinosaur,Support,Tank,-0.008171159116944429,0.002619703556313602,-0.00930228684682198,False,14144,13473,5000,4511,3962
allied,Luna Snow,Cyclops,Support,Damage,-0.004105179078078866,-0.002552320275852906,0.005399614630716931,False,19348,18639,7184,6344,5111
allied,Luna Snow,Jubilee,Support,Support,-0.01881446282409751,-0.0012628463160357542,-0.0151464164615514,False,29956,28959,9972,9970,9017
allied,Luna Snow,Rogue,Support,Tank,-0.03591361163223908,0.0009352071624570549,-0.037657968206261216,False,8274,7830,2438,2596,2796
allied,Luna Snow,The Hood,Support,Tank,-0.02619660612192976,0.0023059456548510412,-0.02648115547791804,False,65037,63126,19211,21066,22849
allied,Luna Snow,Deadpool (Vanguard),Support,Tank,-0.013231408454340277,-0.0024733020784243197,-0.008619940558293588,False,7909,7635,2949,2517,2169
allied,Luna Snow,Deadpool (Duelist),Support,Damage,-0.020108778865339964,-0.00048168919801900185,-0.018953552250468134,False,10841,10334,3004,3463,3867
allied,Luna Snow,Deadpool (Strategist),Support,Support,-0.005710358208459309,-0.0016597634064216226,-0.0151094808365304,False,5516,5314,1922,1746,1646
allied,Squirrel Girl,Black Widow,Damage,Damage,0.004268301141272026,-6.184628692266467e-05,0.004751732680768766,False,1488,1435,754,413,268
allied,Squirrel Girl,Iron Man,Damage,Damage,0.1345894831860904,-0.0025726071863048146,0.14575118565978612,True,3332,3180,1750,1001,429
allied,Squirrel Girl,Venom,Damage,Tank,0.008459742991251197,-0.000612437891861915,0.009769428242483424,False,2846,2723,1519,802,402
allied,Squirrel Girl,Spider-man,Damage,Damage,0.030465943872607593,-2.6537907964726066e-05,0.03562219094567686,True,3243,3125,1511,984,630
allied,Squirrel Girl,Magneto,Damage,Tank,-0.0030508335107792025,-0.001596750498967208,-0.006317091880317095,False,11143,10690,5241,3477,1972
allied,Squirrel Girl,Scarlet Witch,Damage,Damage,0.009214270674626011,-0.00010129631803675488,0.014029066219221434,False,1386,1328,938,281,109
allied,Squirrel Girl,Thor,Damage,Tank,0.003956892883768127,0.00017079655750536896,0.005489345039993633,False,2495,2405,1376,712,317
allied,Squirrel Girl,Mister Fantastic,Damage,Damage,-0.004028013679455771,-0.00011122212675404621,-0.008033017032872052,False,893,861,492,266,103
allied,Squirrel Girl,Winter Soldier,Damage,Damage,-0.03037599823015276,0.0010003507863146955,-0.03013784395138092,False,4051,3881,1931,1232,718
allied,Squirrel Girl,Peni Parker,Damage,Tank,0.008146263186720428,0.00021082347585383416,0.009991311826132361,False,1638,1559,916,439,204
allied,Squirrel Girl,Star-lord,Damage,Damage,-0.01598770780545832,-0.00018390156687535873,-0.01739703311924081,False,928,897,493,247,157
allied,Squirrel Girl,Blade,Damage,Damage,0.021278472122232436,-0.00022600362833149633,0.020885764349649536,False,975,936,577,261,98
allied,Squirrel Girl,Namor,Damage,Damage,-0.01654505852874349,-0.0009624003161265209,-0.013649592486715793,False,1554,1497,901,431,165
allied,Squirrel Girl,Adam Warlock,Damage,Support,-0.007364351709082318,-0.0008215705099930797,-0.0002836692385245059,False,1195,1142,598,342,202
allied,Squirrel Girl,Jeff The Land Shark,Damage,Support,0.0025702824570855653,0.0014005411683362546,0.0008726796545968337,False,2619,2519,1556,655,308
allied,Squirrel Girl,Psylocke,Damage,Damage,-0.008133456833199647,-0.0005903482126398679,-0.011934557469904447,False,748,716,360,218,138
allied,Squirrel Girl,Wolverine,Damage,Damage,0.016015913615511062,-0.0001874776483521416,0.014629026591763829,False,689,664,307,230,127
allied,Squirrel Girl,Invisible Woman,Damage,Support,-0.0019298641684274754,0.001130209435629374,-0.00389546238904909,False,6788,6519,3549,1936,1034
allied,Squirrel Girl,The Thing,Damage,Tank,0.007442602843972724,0.0008184416617192527,0.014687127810488093,False,3632,3482,1814,1088,580
allied,Squirrel Girl,Iron Fist,Damage,Damage,-0.019086700945941844,0.0001959135517318525,-0.014881575839540983,False,1413,1347,667,438,242
allied,Squirrel Girl,Emma Frost,Damage,Tank,0.01509408445608931,0.000901018464357673,0.018805861063500382,False,5372,5164,2991,1503,670
allied,Squirrel Girl,Phoenix,Damage,Damage,0.0018138157946992024,0.0008752010599287814,0.0003774620403005101,False,709,693,440,163,90
allied,Squirrel Girl,Daredevil,Damage,Damage,-0.003929164638769737,-0.000688127875597193,-0.0030139614813794796,False,1181,1127,496,384,247
allied,Squirrel Girl,Angela,Damage,Tank,-0.012216271883616027,0.00023545121613736643,-0.013043169950465476,False,1354,1285,662,405,218
allied,Squirrel Girl,Gambit,Damage,Support,0.0011209935284875311,-0.0003840765220881852,-0.0010620257270658362,False,5952,5683,2962,1800,921
allied,Squirrel Girl,Elsa Bloodstone,Damage,Damage,0.016113606059828003,0.0008088030858297063,0.015044289272654911,False,1619,1575,869,486,220
allied,Squirrel Girl,White Fox,Damage,Support,-0.009214894474540419,-0.00012161375450131847,-0.013610974013984322,False,3459,3350,2219,854,277
allied,Squirrel Girl,Black Cat,Damage,Damage,-0.006655685357766839,-0.0011893605835969132,-0.006805214162216291,False,1415,1376,858,361,157
allied,Squirrel Girl,Devil Dinosaur,Damage,Tank,0.015633376964744018,-0.00034206269656564297,0.019487604195563765,False,2555,2471,1561,655,255
allied,Squirrel Girl,Cyclops,Damage,Damage,-0.03391723228314405,0.0017846760322276765,-0.04073617633371032,False,2473,2385,1475,643,267
allied,Squirrel Girl,Jubilee,Damage,Support,0.023233157663145165,0.0007854988842991389,0.02542934851277361,False,9744,9412,5314,2895,1203
allied,Squirrel Girl,Rogue,Damage,Tank,-0.021580156461948687,0.0005901345086536669,-0.021781088382538463,False,1605,1501,866,416,219
allied,Squirrel Girl,The Hood,Damage,Tank,0.0009106387106846636,-0.0009201062713101147,0.005233007774514442,False,12047,11666,6295,3638,1733
allied,Squirrel Girl,Deadpool (Vanguard),Damage,Tank,-0.01300272325606582,0.0010309895051661448,-0.013593404794342992,False,1350,1315,835,348,132
allied,Squirrel Girl,Deadpool (Duelist),Damage,Damage,0.003698578003755788,-6.287176195240343e-06,0.0007888192872932424,False,1066,1019,529,315,175
allied,Squirrel Girl,Deadpool (Strategist),Damage,Support,0.027269025221004675,-0.0006412793708844099,0.03062242328599704,False,2161,2093,1271,572,250
allied,Black Widow,Iron Man,Damage,Damage,-0.0004451755604581207,-3.0712199024147606e-05,-0.0012575610432293534,False,2161,2074,749,704,621
allied,Black Widow,Venom,Damage,Tank,-0.012560464310284514,0.0013539528829955693,-0.014888140881255419,False,7420,7062,2080,2085,2897
allied,Black Widow,Spider-man,Damage,Damage,-0.0207865861851455,-0.0014553311132206302,-0.020633753961635394,False,7391,7044,1830,2181,3033
allied,Black Widow,Magneto,Damage,Tank,0.006997388975049125,0.000513324342162559,0.003593234775840864,False,32466,30920,7269,9255,14396
allied,Black Widow,Scarlet Witch,Damage,Damage,-0.023041998236129815,0.0001614507413983041,-0.02165012861366338,False,1987,1911,943,578,390
allied,Black Widow,Thor,Damage,Tank,0.010195637939360602,0.002490866124544277,0.011161104775147413,False,5889,5622,1611,1786,2225
allied,Black Widow,Mister Fantastic,Damage,Damage,0.01891271482723288,-0.0013247827350798835,0.016077175736818994,False,1949,1868,601,614,653
allied,Black Widow,Winter Soldier,Damage,Damage,-0.01290262943862654,-0.002301699232342555,-0.011949895225153826,False,11774,11196,2686,3369,5141
allied,Black Widow,Peni Parker,Damage,Tank,-0.006913013707453204,-0.00030015031859585673,-0.008033903410294278,False,3454,3285,1054,997,1234
allied,Black Widow,Star-lord,Damage,Damage,-0.005997423222724741,-0.0003351680393612302,-0.007314761207977902,False,2385,2303,625,728,950
allied,Black Widow,Blade,Damage,Damage,-0.0035159590255320165,0.00047256671871847444,-0.006710767818363024,False,2023,1945,678,647,620
allied,Black Widow,Namor,Damage,Damage,-0.042688061683899485,0.00051253068104968,-0.04270689785313487,False,3208,3089,1098,1010,981
allied,Black Widow,Adam Warlock,Damage,Support,-0.016809079456572323,-0.0014627998241873571,-0.007946892050956233,False,3134,2994,722,891,1381
allied,Black Widow,Jeff The Land Shark,Damage,Support,-0.027749049824054236,-0.0023420877627262503,-0.030274473258190913,False,5465,5246,1811,1599,1836
allied,Black Widow,Psylocke,Damage,Damage,-0.010792190027369754,-0.0002709877049571141,-0.01555370161458361,False,2232,2138,565,586,987
allied,Black Widow,Wolverine,Damage,Damage,0.026334642178624777,0.000295229021297842,0.025067069022574502,False,2204,2100,439,572,1089
allied,Black Widow,Invisible Woman,Damage,Support,0.03305191331442024,0.0018958854267264983,0.03842113318264912,False,19235,18358,4837,5494,8027
allied,Black Widow,The Thing,Damage,Tank,-0.01122215701872786,-6.0281004880704864e-05,-0.007349682487074303,False,9771,9279,2387,2812,4080
allied,Black Widow,Iron Fist,Damage,Damage,-0.008869393794929842,0.0004756307744590675,-0.004553393082318885,False,3933,3783,903,1140,1740
allied,Black Widow,Emma Frost,Damage,Tank,0.01730163696832435,0.0005140781473105203,0.019992365358929544,False,13670,12949,4009,3977,4963
allied,Black Widow,Phoenix,Damage,Damage,0.03490761272251794,0.0003608772891703923,0.035485458523759665,True,4200,4041,1284,1355,1402
allied,Black Widow,Daredevil,Damage,Damage,0.03196307537245301,0.0005689579713591135,0.0351253085500229,True,5753,5429,1143,1597,2689
allied,Black Widow,Angela,Damage,Tank,0.009158811910268122,-0.002075223584074216,0.0094698457984469,False,3897,3703,905,1179,1619
allied,Black Widow,Gambit,Damage,Support,0.03126889229877304,-0.0007264337235458067,0.03581645629299989,False,15227,14423,3891,4722,5810
allied,Black Widow,Elsa Bloodstone,Damage,Damage,-0.013184863273457553,0.0004903477896464037,-0.017431017057914108,False,4114,3966,1126,1291,1549
allied,Black Widow,White Fox,Damage,Support,-0.02569093190240584,-0.002626800398691839,-0.029184420216838394,False,7059,6797,2768,2162,1867
allied,Black Widow,Black Cat,Damage,Damage,0.020033516076935695,-0.001077919859112691,0.021365324483099392,False,2953,2891,1127,958,806
allied,Black Widow,Devil Dinosaur,Damage,Tank,0.01016791088375334,-0.001160118896052769,0.012136821319958819,False,4951,4723,1778,1539,1406
allied,Black Widow,Cyclops,Damage,Damage,0.02647897843056474,0.00027211739308167414,0.02394579476262493,False,4566,4384,1756,1355,1273
allied,Black Widow,Jubilee,Damage,Support,-0.016559303371178065,0.0004979689693667788,-0.016375074247345495,False,22032,21194,7051,7015,7128
allied,Black Widow,Rogue,Damage,Tank,-0.014164883723997844,-0.0006043351339870697,-0.01480027998981562,False,3970,3720,1120,1154,1446
allied,Black Widow,The Hood,Damage,Tank,-0.008271389048616469,0.0031196184014770545,-0.006252960484924938,False,31540,30502,8719,9582,12201
allied,Black Widow,Deadpool (Vanguard),Damage,Tank,-0.014288347327237246,0.0002593635836873706,-0.016293539279901792,False,3216,3107,1132,1011,964
allied,Black Widow,Deadpool (Duelist),Damage,Damage,0.01391664431278886,-0.0017709456798924968,0.011117824364483764,False,2855,2706,764,872,1070
allied,Black Widow,Deadpool (Strategist),Damage,Support,-0.008213219321338675,0.0009205839723389262,-0.006333005920644701,False,4637,4462,1503,1438,1521
allied,Iron Man,Venom,Damage,Tank,-0.007205836379345057,0.0008512529045767494,-0.002334126585231808,False,4203,4024,1713,1371,940
allied,Iron Man,Spider-man,Damage,Damage,0.03820920951024689,-0.001418779275992612,0.043106040523683706,False,3931,3756,1443,1346,967
allied,Iron Man,Magneto,Damage,Tank,-0.017568448308167617,-0.002606143450670162,-0.017143378432897233,False,17371,16580,5929,5875,4776
allied,Iron Man,Scarlet Witch,Damage,Damage,-0.013335050545653926,0.0004944595326341804,-0.01130001428726982,False,1565,1500,896,418,186
allied,Iron Man,Thor,Damage,Tank,0.0391948078890519,-0.0004574090187459921,0.050022919943683374,True,7145,6839,2711,2469,1659
allied,Iron Man,Mister Fantastic,Damage,Damage,0.018546282411775257,-0.0007788299629715422,0.01551580473246537,False,1360,1299,563,466,270
allied,Iron Man,Winter Soldier,Damage,Damage,-0.017933759010433304,0.00017073785895704277,-0.017564066189264836,False,6443,6168,2229,2178,1761
allied,Iron Man,Peni Parker,Damage,Tank,0.004789497515580774,-0.00018335128386086027,0.011583003010175157,False,2216,2108,949,735,424
allied,Iron Man,Star-lord,Damage,Damage,-0.0019147676745153528,-0.00019398317878824026,-0.0030568801300874158,False,1498,1441,588,483,370
allied,Iron Man,Blade,Damage,Damage,0.021001095297782418,-0.0004527243566291905,0.019681654012721247,False,1420,1358,607,492,259
allied,Iron Man,Namor,Damage,Damage,-0.0063722835155586915,0.0014068237348419806,-0.003534098353118043,False,2307,2226,991,807,428
allied,Iron Man,Adam Warlock,Damage,Support,0.012242980025578385,-0.0003090919654687012,0.017370473714970004,False,2083,1960,740,722,498
allied,Iron Man,Jeff The Land Shark,Damage,Support,0.01397686316028282,4.645122973666652e-05,0.009300977697694963,False,3645,3494,1615,1173,706
allied,Iron Man,Psylocke,Damage,Damage,0.02547491022175146,-0.0009627502593091084,0.023566369963334565,False,1223,1165,468,371,326
allied,Iron Man,Wolverine,Damage,Damage,-0.0026875937296622415,-0.00030161890204963965,-0.00653426832521192,False,1156,1101,369,416,316
allied,Iron Man,Invisible Woman,Damage,Support,0.006330221944726114,-0.0019279802245630246,0.0009930292402499132,False,10762,10294,4018,3661,2615
allied,Iron Man,The Thing,Damage,Tank,0.013356129189069211,-0.0003798607231137958,0.02659329225435407,False,5490,5228,1961,1940,1327
allied,Iron Man,Iron Fist,Damage,Damage,-0.0365114644461484,0.0004326428754928546,-0.03465973542364876,False,2308,2201,739,805,657
allied,Iron Man,Emma Frost,Damage,Tank,-0.006049324413467438,0.0003517891031380068,0.0006074684690845976,False,7881,7466,3201,2599,1666
allied,Iron Man,Phoenix,Damage,Damage,-0.008761549592352926,0.00021480299724248897,-0.011981429507638381,False,1059,1016,469,349,198
allied,Iron Man,Daredevil,Damage,Damage,-0.010696292695336444,-0.0010553389120199473,-0.011247770352936563,False,1859,1780,541,638,601
allied,Iron Man,Angela,Damage,Tank,-0.0033193059938505997,-0.0003317179187439876,0.0021824807999689644,False,2081,1977,716,747,514
allied,Iron Man,Gambit,Damage,Support,0.0024866882171508233,0.0005156053877789215,-0.003929724450318417,False,9294,8798,3336,3181,2281
allied,Iron Man,Elsa Bloodstone,Damage,Damage,0.0062430628654768635,0.0012872293582721053,0.00344886112384973,False,2366,2267,861,849,557
allied,Iron Man,White Fox,Damage,Support,-0.01944402860376339,0.001146154002358039,-0.02952285515735895,False,4680,4515,2338,1463,714
allied,Iron Man,Black Cat,Damage,Damage,0.007445852634113367,0.00014597840477793595,0.007565916029904321,False,1981,1934,939,655,340
allied,Iron Man,Devil Dinosaur,Damage,Tank,-0.01660275436827053,0.0015307697290297744,-0.011052965865061931,False,3447,3284,1549,1099,636
allied,Iron Man,Cyclops,Damage,Damage,-0.02956309158531935,0.0020925346413821757,-0.03692342689051065,False,3298,3153,1536,1057,560
allied,Iron Man,Jubilee,Damage,Support,0.0069821853883480734,0.0007444989353590797,0.002742899455628095,False,14094,13548,5921,4877,2750
allied,Iron Man,Rogue,Damage,Tank,0.004956657877652287,0.0007442239051629608,0.013071316824443766,False,2410,2247,934,770,543
allied,Iron Man,The Hood,Damage,Tank,-0.04603873533306116,0.0011398470705362453,-0.0416780658516227,False,18420,17850,7071,6442,4337
allied,Iron Man,Deadpool (Vanguard),Damage,Tank,-0.011437340674088968,7.650690624137237e-05,-0.006525147559442545,False,2007,1925,968,612,345
allied,Iron Man,Deadpool (Duelist),Damage,Damage,0.007164888786781135,-0.00022514919564300056,0.0036398713667822715,False,1692,1601,628,549,424
allied,Iron Man,Deadpool (Strategist),Damage,Support,0.012316394168975595,0.0001123931159302054,0.00939660810446554,False,3089,2977,1393,1047,537
allied,Venom,Spider-man,Tank,Damage,-0.0041322718097736195,0.0029814404779481968,-0.006261962399792497,True,21045,19990,6078,6688,7224
allied,Venom,Magneto,Tank,Tank,0.004973540355798165,0.0017235771582828393,0.018487880630171878,False,25083,23790,6343,7548,9899
allied,Venom,Scarlet Witch,Tank,Damage,-0.0012825037370514407,-0.00047267170252713356,-0.00738417165223809,False,3491,3361,1860,977,524
allied,Venom,Thor,Tank,Tank,0.019394590699857207,-0.0013882743231577932,0.013413943709374506,False,3871,3703,1347,1208,1148
allied,Venom,Mister Fantastic,Tank,Damage,-0.024369425212036704,-0.001575246715073581,-0.02088254476986111,False,3627,3464,1292,1185,987
allied,Venom,Winter Soldier,Tank,Damage,-0.009059068143894428,0.00019930093770760104,-0.015158245605986139,False,19347,18475,5617,6015,6843
allied,Venom,Peni Parker,Tank,Tank,-0.01484379912698403,0.0014207259691437295,-0.023425140316414628,False,2100,2003,770,635,598
allied,Venom,Star-lord,Tank,Damage,0.0009815454037317292,0.000563974487041978,-0.0007261730038800917,False,4631,4482,1550,1426,1506
allied,Venom,Blade,Tank,Damage,-0.00951244299517724,0.0002805831989926413,-0.0046892098692832875,True,5562,5306,2117,1784,1405
allied,Venom,Namor,Tank,Damage,-0.012379623726048289,0.0024275666298279298,-0.02742478466850141,False,6082,5836,2272,2015,1549
allied,Venom,Adam Warlock,Tank,Support,-0.02162912776380079,-0.0007992417255927142,-0.01034715255216707,False,3876,3683,1118,1152,1413
allied,Venom,Jeff The Land Shark,Tank,Support,0.035183325168211425,-0.00015684730264821787,0.041872680121337866,True,9000,8644,3554,2684,2406
allied,Venom,Psylocke,Tank,Damage,0.0024772181591188078,0.0011353256429395887,0.004339847458884144,False,4528,4325,1377,1348,1600
allied,Venom,Wolverine,Tank,Damage,-0.01463484824411148,0.0002740031316202223,-0.010512275006445065,False,3574,3403,943,1103,1357
allied,Venom,Invisible Woman,Tank,Support,-0.026790874461327142,-0.0015664221253643524,-0.035050656232104044,False,22012,21015,6758,6865,7392
allied,Venom,The Thing,Tank,Tank,0.013527447857781488,-0.0008707551066031899,0.010681420131778656,False,5851,5562,1723,1826,2013
allied,Venom,Iron Fist,Tank,Damage,0.007649631621813538,0.0015551833365261402,0.004630049447847259,False,8480,8156,2275,2700,3181
allied,Venom,Emma Frost,Tank,Tank,0.013957411022620632,0.0021115752172306606,0.01481087977733852,False,9076,8602,3322,2746,2534
allied,Venom,Phoenix,Tank,Damage,0.03915120648571766,-0.00020867064048395712,0.03964501883327716,True,10701,10303,3900,3540,2863
allied,Venom,Daredevil,Tank,Damage,0.018451062831662392,-0.0004980351477643171,0.021178570780298334,False,9411,8968,2113,2788,4067
allied,Venom,Angela,Tank,Tank,-0.0004135670647288452,-0.000708791648019445,-0.002805889444826216,False,1991,1892,629,590,673
allied,Venom,Gambit,Tank,Support,0.0013560763716156975,-0.0006666855578780474,-0.0009783925094990055,False,17836,16872,5340,5725,5807
allied,Venom,Elsa Bloodstone,Tank,Damage,0.04063343220952867,0.0006972384510498975,0.04736060503829467,False,7241,6936,2427,2281,2228
allied,Venom,White Fox,Tank,Support,-0.002422576076749371,0.0014791296229571945,0.012268365088094462,False,11018,10605,4529,3458,2618
allied,Venom,Black Cat,Tank,Damage,-0.017739305845650893,0.0005383794065650696,-0.017085420111402218,False,7225,7039,2933,2333,1773
allied,Venom,Devil Dinosaur,Tank,Tank,-0.008135978828893137,-0.001671031036125584,-0.015191105634670066,False,3603,3423,1478,1076,869
allied,Venom,Cyclops,Tank,Damage,0.00831439910316277,-0.0007509491102372979,0.008319030574703668,False,10104,9702,4202,3189,2311
allied,Venom,Jubilee,Tank,Support,-0.026431935429172854,0.00029049503856291246,-0.03538707591851993,False,26567,25499,9786,8609,7104
allied,Venom,Rogue,Tank,Tank,0.02257779025071691,-0.000211752187733106,0.016494762987845784,False,2507,2341,837,752,752
allied,Venom,The Hood,Tank,Tank,0.013064252490847238,-0.003879992519669076,0.001220121811535659,False,24800,23983,8108,8105,7770
allied,Venom,Deadpool (Vanguard),Tank,Tank,-0.010848442898079104,0.0001492479521788884,-0.022243599930507455,False,1904,1829,847,552,430
allied,Venom,Deadpool (Duelist),Tank,Damage,0.008008993144138568,-0.0012232629382034521,0.012082811973880173,False,5822,5511,1824,1844,1843
allied,Venom,Deadpool (Strategist),Tank,Support,0.01841205762515087,0.000587687882237076,0.02673527400883784,False,6988,6707,2653,2279,1775
allied,Spider-man,Magneto,Damage,Tank,0.005141147678972093,0.0006035414563153081,0.0007765679616496365,False,48838,46620,12001,15336,19283
allied,Spider-man,Scarlet Witch,Damage,Damage,0.003553013399261084,-0.0007694272157097122,0.009650759648117443,False,3700,3562,1741,1145,676
allied,Spider-man,Thor,Damage,Tank,-0.014975774751192644,-0.0019260037133647574,-0.017596892848831907,False,10519,10076,3243,3473,3360
allied,Spider-man,Mister Fantastic,Damage,Damage,0.006581287317684372,-0.00029665444584258283,0.005212945116801449,False,3682,3530,1126,1289,1115
allied,Spider-man,Winter Soldier,Damage,Damage,-0.010621263113282773,0.0016040834211951277,-0.006985547563216056,False,19941,19068,5092,6376,7600
allied,Spider-man,Peni Parker,Damage,Tank,0.045735272305636274,0.000610852365998776,0.04979320329258163,True,6292,5978,1966,2016,1996
allied,Spider-man,Star-lord,Damage,Damage,-0.015497309712908225,-0.0016191517352608653,-0.015111866595819251,False,4296,4132,1283,1404,1445
allied,Spider-man,Blade,Damage,Damage,0.0018086933446811724,-0.00020857364860993687,0.0015500672873773038,False,3875,3705,1406,1227,1072
allied,Spider-man,Namor,Damage,Damage,-0.011363504071026414,0.0009280690228161628,-0.006282965388545355,False,5097,4885,1698,1705,1482
allied,Spider-man,Adam Warlock,Damage,Support,0.012739559716252388,-0.0008163666737587517,0.021177560060141525,False,5440,5164,1453,1693,2018
allied,Spider-man,Jeff The Land Shark,Damage,Support,0.011837725824555754,0.0008174777889816037,0.010142882388165284,False,10287,9893,3554,3332,3007
allied,Spider-man,Psylocke,Damage,Damage,-0.012890154950068759,0.0011827873617376284,-0.01533304556052577,False,3934,3751,1050,1218,1483
allied,Spider-man,Wolverine,Damage,Damage,0.01580085306494307,0.0008341155545923401,0.016150040312959878,False,3387,3217,798,1024,1395
allied,Spider-man,Invisible Woman,Damage,Support,-0.01587503752411144,0.001614885848136559,-0.020739453469029064,False,30003,28671,8592,9364,10715
allied,Spider-man,The Thing,Damage,Tank,0.018198125250912425,0.0014531212613223528,0.02463307939135951,False,14688,13980,3911,4578,5491
allied,Spider-man,Iron Fist,Damage,Damage,-0.031361134020823994,-0.002047692037359031,-0.02642327443668203,False,7889,7583,1941,2540,3102
allied,Spider-man,Emma Frost,Damage,Tank,-0.005796393978769845,-0.00046732800060546087,-0.006458710270267046,False,21208,20120,6714,6788,6618
allied,Spider-man,Phoenix,Damage,Damage,0.025018283712276077,0.0006796851097792385,0.02726650899819108,False,3371,3241,1162,1137,942
allied,Spider-man,Daredevil,Damage,Damage,-0.02717526454595648,-0.00019620060131603928,-0.026440169591272857,False,7173,6833,1555,2214,3064
allied,Spider-man,Angela,Damage,Tank,-0.06255275769627357,-0.00044300504003655226,-0.07107046927326682,False,6400,6072,1643,2125,2304
allied,Spider-man,Gambit,Damage,Support,0.006013799390607978,-0.0022320323029640615,0.0032867098129841536,False,24680,23390,6938,8170,8282
allied,Spider-man,Elsa Bloodstone,Damage,Damage,0.017208795208630865,0.0009042262734749439,0.017984565468209472,False,6793,6471,2069,2196,2206
allied,Spider-man,White Fox,Damage,Support,-0.0064982980505845205,0.0018205327031105163,-0.01171047409186945,False,13788,13282,5281,4525,3476
allied,Spider-man,Black Cat,Damage,Damage,-0.054836279950741085,-0.0011837801088690762,-0.0572404669157547,True,7718,7537,3101,2620,1816
allied,Spider-man,Devil Dinosaur,Damage,Tank,0.03265493780279235,-0.0005730637839668443,0.03640538425060824,False,8996,8581,3345,2916,2320
allied,Spider-man,Cyclops,Damage,Damage,0.005798659360184849,-0.00192429656960268,0.004038044803914834,False,8241,7903,3096,2625,2182
allied,Spider-man,Jubilee,Damage,Support,0.010339193551134614,0.0022343781322546035,0.009767967831926226,False,36936,35567,12276,12511,10780
allied,Spider-man,Rogue,Damage,Tank,-0.006377661517020109,0.0006958109025766315,-0.006887269005278331,False,7074,6666,2092,2289,2285
allied,Spider-man,The Hood,Damage,Tank,-0.019048926368854222,0.001680966874350768,-0.01899579457874554,False,48214,46725,14048,15998,16679
allied,Spider-man,Deadpool (Vanguard),Damage,Tank,-0.0026119589430684785,-0.0004775620202432222,-0.0040532966971162385,False,5525,5335,2036,1862,1437
allied,Spider-man,Deadpool (Duelist),Damage,Damage,0.033101605165896754,0.0004818381436042275,0.034392145618895635,False,5528,5223,1482,1792,1949
allied,Spider-man,Deadpool (Strategist),Damage,Support,0.026850053714725684,-0.0003010110131505186,0.02899540928659766,False,8928,8567,2976,2998,2593
allied,Magneto,Scarlet Witch,Tank,Damage,-0.0071199020691281615,-0.002397227988701779,-0.017158501778249492,True,18766,18147,9076,5728,3343
allied,Magneto,Thor,Tank,Tank,0.01767660135088914,-0.000892867422517261,0.03218053022219037,False,19555,18618,5295,5996,7327
allied,Magneto,Mister Fantastic,Tank,Damage,-0.003940770939774608,0.0003129015402331304,-0.0014322833992867344,False,15149,14543,4538,5117,4888
allied,Magneto,Winter Soldier,Tank,Damage,0.009217272410798075,-0.0017756186419978298,0.0018972711063033835,False,78923,75457,19607,24462,31388
allied,Magneto,Peni Parker,Tank,Tank,-0.008460378286197695,-0.0002831136232528367,0.0047851018613812215,False,10362,9836,2797,3137,3902
allied,Magneto,Star-lord,Tank,Damage,0.005293222624888379,-0.0004387153326074064,0.0007917375268654191,False,19386,18665,5201,6006,7458
allied,Magneto,Blade,Tank,Damage,-0.010807191524964744,-0.00019147684117335018,-0.009409218099890475,False,16998,16203,5577,5448,5178
allied,Magneto,Namor,Tank,Damage,-0.004639330601981201,-0.0004564709868138905,-0.022092067982045112,False,27282,26193,8677,9019,8497
allied,Magneto,Adam Warlock,Tank,Support,0.023937693483605308,0.0016631508032669815,0.028755484127646464,False,15675,14854,3763,4450,6641
allied,Magneto,Jeff The Land Shark,Tank,Support,0.012518446290257711,2.705065630170704e-05,0.0017778077270730434,False,25146,24105,8117,7891,8097
allied,Magneto,Psylocke,Tank,Damage,-0.01727072766903561,0.001084563413333774,-0.020911877546004914,False,18159,17368,4552,5483,7333
allied,Magneto,Wolverine,Tank,Damage,0.0331821932108423,-0.0006370797662619413,0.039411329245970336,False,17358,16482,3446,5083,7953
allied,Magneto,Invisible Woman,Tank,Support,0.004719485910300898,0.00317175551515057,-0.012263554497390042,False,78693,75238,20475,24210,30553
allied,Magneto,The Thing,Tank,Tank,0.014222584893622728,-0.00019857356313929934,0.03226094095114738,False,29922,28492,6983,8931,12578
allied,Magneto,Iron Fist,Tank,Damage,0.015575183175957321,-0.0017515173944654724,0.010168891585350432,False,31635,30259,7056,9813,13390
allied,Magneto,Emma Frost,Tank,Tank,-0.027436213342529065,-0.001906411633072693,-0.012671646716873904,True,38897,36898,11406,11676,13816
allied,Magneto,Phoenix,Tank,Damage,0.0036060823403018145,-0.0003295815471486694,-0.003183236991641782,False,16721,16107,5186,5443,5478
allied,Magneto,Daredevil,Tank,Damage,0.025936626258818624,0.0014383677487347824,0.02622786568859832,False,28854,27427,5916,8447,13064
allied,Magneto,Angela,Tank,Tank,-0.017198424714845912,0.0035839106853399476,-0.0016024571055390656,False,11734,11060,2571,3544,4945
allied,Magneto,Gambit,Tank,Support,0.03126630968401946,0.003600177616790515,0.019951418888615385,True,65765,62728,19560,22214,20954
allied,Magneto,Elsa Bloodstone,Tank,Damage,0.017207336192645993,0.0032208724818550472,0.01801643270803489,False,29165,28041,9031,9893,9117
allied,Magneto,White Fox,Tank,Support,-0.006312815263294111,0.0014430167807268596,-0.0060345148072135125,False,35022,33698,13006,11181,9511
allied,Magneto,Black Cat,Tank,Damage,0.030742128366175403,0.0003751129925267279,0.03357741234577517,False,20759,20336,8231,7135,4970
allied,Magneto,Devil Dinosaur,Tank,Tank,-0.01886317186077695,0.002967348448661335,-0.006926371935667234,False,14367,13595,4640,4461,4494
allied,Magneto,Cyclops,Tank,Damage,-0.022312248401534524,0.0014098261153524352,-0.02903674437249271,False,39000,37395,13489,12618,11288
allied,Magneto,Jubilee,Tank,Support,0.025841390660483833,-0.0026640745755711474,0.011499896738905894,False,91393,87924,29016,30100,28808
allied,Magneto,Rogue,Tank,Tank,0.026886554904607982,0.0004020481790882012,0.042286618959615795,True,16225,15160,4439,4940,5781
allied,Magneto,The Hood,Tank,Tank,-0.028384083789935562,-0.001978836429573639,-0.026326181294391095,False,95353,92395,26463,30925,35007
allied,Magneto,Deadpool (Vanguard),Tank,Tank,-0.010904114431574689,-0.0010290363938756648,-0.0015392819996556182,False,9511,9117,3155,3029,2933
allied,Magneto,Deadpool (Duelist),Tank,Damage,-0.008632350869017067,-0.0017685269086382066,-0.009712391780804193,False,22349,21232,5754,7124,8354
allied,Magneto,Deadpool (Strategist),Tank,Support,-0.012750551735164069,-0.0013109444190379236,-0.023223035552453405,False,22142,21296,7367,7100,6829
allied,Scarlet Witch,Thor,Damage,Tank,0.011296302523267385,0.0004566078679049508,0.0073414342358209305,False,2971,2887,1621,848,418
allied,Scarlet Witch,Mister Fantastic,Damage,Damage,-0.004984114315044905,0.0002792526035290789,-0.005888010250172677,False,1302,1260,656,414,190
allied,Scarlet Witch,Winter Soldier,Damage,Damage,0.01652296664164516,0.00019174384422949718,0.02384376978892011,False,5795,5614,2775,1787,1052
allied,Scarlet Witch,Peni Parker,Damage,Tank,0.008557385166007566,-0.001481571615123301,0.004134729312108261,False,1943,1840,1076,486,278
allied,Scarlet Witch,Star-lord,Damage,Damage,-0.005870895145573059,0.00047270778630640746,-0.0032578466548835697,False,1350,1320,692,400,228
allied,Scarlet Witch,Blade,Damage,Damage,-3.8227228521657576e-05,-4.446753946774741e-05,0.000976170604082227,False,1429,1379,837,381,161
allied,Scarlet Witch,Namor,Damage,Damage,-0.0004895757112078709,-0.0004840100662169479,0.006922361492408317,False,2200,2127,1230,606,291
allied,Scarlet Witch,Adam Warlock,Damage,Support,0.009232868434917937,-0.00038421696555150577,0.01938304658769088,False,1610,1544,809,461,274
allied,Scarlet Witch,Jeff The Land Shark,Damage,Support,-0.013939766565940186,0.0008336703404001153,-0.016706282332092037,False,3374,3270,1957,852,461
allied,Scarlet Witch,Psylocke,Damage,Damage,-0.0030617558589093262,0.00046027814416977687,-0.0032602359833836447,False,1118,1081,582,317,182
allied,Scarlet Witch,Wolverine,Damage,Damage,0.016276102709218133,-5.388325317116418e-05,0.018091518409236857,False,971,924,425,319,180
allied,Scarlet Witch,Invisible Woman,Damage,Support,-0.014120793882215002,-0.0015611041085331135,-0.01661541515284496,False,9951,9620,4999,3001,1620
allied,Scarlet Witch,The Thing,Damage,Tank,0.01196424016738834,0.000914007798208101,0.013404058248035516,False,4509,4347,2220,1320,807
allied,Scarlet Witch,Iron Fist,Damage,Damage,0.024399822367609843,0.0003068098978151898,0.03540368120486773,False,2128,2066,976,678,412
allied,Scarlet Witch,Emma Frost,Damage,Tank,-0.00663372225816946,-0.0012424757361990384,-0.01168332068372727,False,6594,6313,3552,1818,943
allied,Scarlet Witch,Phoenix,Damage,Damage,-0.024702528837406208,0.00013301093794023335,-0.025164387474026544,False,1042,1015,576,287,152
allied,Scarlet Witch,Daredevil,Damage,Damage,0.020086048269380888,-0.0004386537496260802,0.026179972131898807,False,1601,1542,663,519,360
allied,Scarlet Witch,Angela,Damage,Tank,0.014509662888429493,-0.00022356651764803066,0.010379091439541044,False,1664,1594,791,500,303
allied,Scarlet Witch,Gambit,Damage,Support,-0.026779388566252223,-0.0005314569561069752,-0.03145511241943296,False,8324,7993,4080,2553,1360
allied,Scarlet Witch,Elsa Bloodstone,Damage,Damage,-0.03446230296647427,7.397442641404728e-05,-0.036558880393466185,False,2281,2208,1162,684,362
allied,Scarlet Witch,White Fox,Damage,Support,-0.01171362290815207,-0.0008415503392156955,-0.015427200337582334,False,5133,4981,3120,1334,527
allied,Scarlet Witch,Black Cat,Damage,Damage,0.02402850206569856,-0.000890173403395581,0.029612552646050956,False,2119,2074,1209,631,234
allied,Scarlet Witch,Devil Dinosaur,Damage,Tank,0.019361322927788954,-0.00021321441591216545,0.01732144397116029,False,2884,2783,1655,794,334
allied,Scarlet Witch,Cyclops,Damage,Damage,-0.02459590505093042,0.001677772150476963,-0.027458659684606996,False,3356,3252,1966,915,371
allied,Scarlet Witch,Jubilee,Damage,Support,0.06236303773114637,0.0011170138792636313,0.07044530675349006,True,16551,16017,8679,5017,2321
allied,Scarlet Witch,Rogue,Damage,Tank,-0.0009952961909129995,0.00022557948252945119,-0.005191615929095086,False,2156,2038,1133,620,285
allied,Scarlet Witch,The Hood,Damage,Tank,-0.0338345310938554,0.0021300270213317324,-0.03973977850997673,False,18978,18557,9566,5849,3142
allied,Scarlet Witch,Deadpool (Vanguard),Damage,Tank,0.009186268711482133,-0.0001141186769148015,0.004780884519230793,False,1764,1715,1064,472,179
allied,Scarlet Witch,Deadpool (Duelist),Damage,Damage,-0.0224870778927762,-6.870040541147126e-05,-0.02439482818866068,False,1514,1459,758,419,282
allied,Scarlet Witch,Deadpool (Strategist),Damage,Support,-0.0009253322538638136,0.001578836861252872,-0.00010138570901491234,False,3045,2945,1755,822,368
allied,Thor,Mister Fantastic,Tank,Damage,-0.014983631903937056,-0.0007200038938272764,-0.009709604391826174,False,3193,3063,1150,1082,831
allied,Thor,Winter Soldier,Tank,Damage,0.001190702785257607,0.0038466364509572603,-0.0030240114462857745,False,16540,15803,4828,5301,5674
allied,Thor,Peni Parker,Tank,Tank,0.0025630279624725767,-0.0004134895463360705,-0.004249402436881172,False,1608,1527,619,508,400
allied,Thor,Star-lord,Tank,Damage,-0.002165030047117601,-0.001447700831027204,-0.0034972143494010266,False,3730,3622,1248,1182,1192
allied,Thor,Blade,Tank,Damage,0.0100385502735135,-0.00023939859117100143,0.017793911783585147,False,3609,3453,1461,1186,806
allied,Thor,Namor,Tank,Damage,0.013763572922442359,0.0010125084311617845,0.0023930687668366935,False,5517,5287,2055,1894,1338
allied,Thor,Adam Warlock,Tank,Support,0.011872284174399882,-0.0016563325836023053,0.0280785412282292,False,3187,3002,936,995,1071
allied,Thor,Jeff The Land Shark,Tank,Support,-0.001920308961279225,-0.00048239945726109883,-0.0016539117125504385,False,5722,5487,2327,1799,1361
allied,Thor,Psylocke,Tank,Damage,-0.002371547408362673,-0.0013008111172218499,-0.00032511420871377054,False,3363,3216,1066,1037,1113
allied,Thor,Wolverine,Tank,Damage,0.005205116123854198,0.00048155684607435067,0.012292366688199054,False,2974,2837,795,956,1086
allied,Thor,Invisible Woman,Tank,Support,0.012511107993084736,-0.0007166665551729539,0.010107842611751662,False,17741,16948,5685,5718,5545
allied,Thor,The Thing,Tank,Tank,-0.02694129334942178,1.5684406673702347e-05,-0.0376072618374571,False,4447,4216,1419,1384,1413
allied,Thor,Iron Fist,Tank,Damage,-0.007830669319847721,0.0007786204424987578,-0.01186395569926387,False,6384,6104,1834,2131,2139
allied,Thor,Emma Frost,Tank,Tank,-0.007114477662243959,0.0022784190856617813,-0.010867269961715454,False,6602,6234,2441,2086,1707
allied,Thor,Phoenix,Tank,Damage,-0.0015143730680614316,-0.001568038312886294,-0.004871068286107933,False,2970,2856,1081,977,798
allied,Thor,Daredevil,Tank,Damage,-0.003228888763767159,-0.00012293552598290452,-0.002213397319494549,False,5841,5573,1463,1827,2283
allied,Thor,Angela,Tank,Tank,-0.006377738518398358,0.001181318838435343,-0.010873268210238592,True,2822,2685,891,930,864
allied,Thor,Gambit,Tank,Support,-0.02050845862463514,0.0013451768831215427,-0.026816744278019666,False,14430,13652,4333,4695,4624
allied,Thor,Elsa Bloodstone,Tank,Damage,-0.013355218015991346,-0.0009519327399705806,-0.011979228295527434,False,6403,6128,2180,2115,1833
allied,Thor,White Fox,Tank,Support,-0.022632072028765174,0.0013271235756437136,-0.011648959218367677,False,8577,8300,3758,2738,1804
allied,Thor,Black Cat,Tank,Damage,-0.03499706708450935,-0.0011589970132522861,-0.035557093995779464,False,5082,4969,2176,1683,1110
allied,Thor,Devil Dinosaur,Tank,Tank,0.0050098247572321715,-0.0006352885714946252,-0.0009823596495523858,False,2686,2557,1114,860,583
allied,Thor,Cyclops,Tank,Damage,-0.015746746818787394,0.0008484843704583416,-0.01772234330047616,False,7969,7657,3304,2587,1766
allied,Thor,Jubilee,Tank,Support,-0.005810400422090751,0.002085897523072,-0.011911239290314854,False,21364,20618,8199,7199,5220
allied,Thor,Rogue,Tank,Tank,-0.00819678434509397,-0.00022235325828935082,-0.020493618256867477,False,1747,1646,576,564,506
allied,Thor,The Hood,Tank,Tank,0.020623634576031346,0.00014204398822968781,0.008916885336976318,False,18949,18421,6360,6358,5703
allied,Thor,Deadpool (Vanguard),Tank,Tank,-0.000113998131977918,0.0001515282154272192,-0.010845727836187122,False,1521,1471,670,485,316
allied,Thor,Deadpool (Duelist),Tank,Damage,-0.01769090236709633,-0.00022408534385819082,-0.015781895922344486,False,4570,4323,1447,1475,1401
allied,Thor,Deadpool (Strategist),Tank,Support,-0.0002436823146837931,-0.0009423050183855178,0.0046214165022288095,False,5384,5194,2096,1797,1301
allied,Mister Fantastic,Winter Soldier,Damage,Damage,-0.006416046435206732,0.0016722468324908717,-0.00872181001567796,False,5663,5432,1718,1978,1736
allied,Mister Fantastic,Peni Parker,Damage,Tank,-0.01152089584713169,0.0004130580523005806,-0.006016118016922359,False,1816,1739,690,601,448
allied,Mister Fantastic,Star-lord,Damage,Damage,-0.015037984000867078,0.00026490071269627796,-0.020905678142690152,False,1312,1260,461,450,349
allied,Mister Fantastic,Blade,Damage,Damage,-0.004327462415421124,0.00012728101311027865,-0.011387969790119376,False,1250,1185,506,414,265
allied,Mister Fantastic,Namor,Damage,Damage,0.008077084428976294,0.0007320809008533132,0.008483726916503703,False,1855,1791,752,626,413
allied,Mister Fantastic,Adam Warlock,Damage,Support,0.008323620984631566,0.00011135112939993486,0.019600464174999513,False,1529,1454,461,503,490
allied,Mister Fantastic,Jeff The Land Shark,Damage,Support,0.0011752267689903357,0.001260707659913425,0.0015384061385855991,False,2709,2614,1115,866,633
allied,Mister Fantastic,Psylocke,Damage,Damage,0.0151578342258872,0.0003081353235080243,0.00875718315671585,False,973,932,301,321,310
allied,Mister Fantastic,Wolverine,Damage,Damage,3.9949799765105385e-05,-0.0006188352157095422,-0.007213523262034764,False,946,899,284,318,297
allied,Mister Fantastic,Invisible Woman,Damage,Support,-0.004652499074351445,0.0004621707740130907,-0.0047232625251176575,True,9509,9144,3280,3118,2746
allied,Mister Fantastic,The Thing,Damage,Tank,-0.003261337421397427,-0.0011819042334931388,0.00865251005873886,True,5238,5027,1757,1723,1547
allied,Mister Fantastic,Iron Fist,Damage,Damage,0.01859892644627984,-0.0007052113135654381,0.021402109903130972,False,2091,2016,635,708,673
allied,Mister Fantastic,Emma Frost,Damage,Tank,0.0002039910779827401,-6.79539539629869e-05,0.00811357295279991,False,6596,6296,2455,2245,1596
allied,Mister Fantastic,Phoenix,Damage,Damage,-0.011906248777887384,-2.694314957821164e-05,-0.019021497753307855,False,893,857,345,314,198
allied,Mister Fantastic,Daredevil,Damage,Damage,0.008569860637868866,0.0008920480409328179,0.005987596849692882,False,1670,1605,450,531,624
allied,Mister Fantastic,Angela,Damage,Tank,0.007913853343776242,-0.0010029712964559024,0.01522934560704018,False,1718,1659,511,601,547
allied,Mister Fantastic,Gambit,Damage,Support,0.019081987449594256,-0.0008581928687152917,0.02137925656727513,False,7373,7052,2370,2539,2143
allied,Mister Fantastic,Elsa Bloodstone,Damage,Damage,-0.0014838184504241513,-0.0003902989091786689,-0.008554626805432798,False,2063,1993,679,766,548
allied,Mister Fantastic,White Fox,Damage,Support,0.0029547321286618124,0.0013481124712507976,0.002315020047714085,False,4002,3881,1783,1361,737
allied,Mister Fantastic,Black Cat,Damage,Damage,0.0033480190589686184,0.0005472763124755806,-0.0005065873865910163,False,1792,1747,784,593,370
allied,Mister Fantastic,Devil Dinosaur,Damage,Tank,-0.017674492310958294,-0.0007130337966381753,-0.011696989515483617,False,2845,2729,1165,930,634
allied,Mister Fantastic,Cyclops,Damage,Damage,-0.00263863001769837,-0.00029437702144860913,-0.011392580208362141,False,2834,2742,1197,933,612
allied,Mister Fantastic,Jubilee,Damage,Support,0.003930734764802707,-0.001793831628539719,0.005949286885234242,False,11793,11380,4523,4048,2809
allied,Mister Fantastic,Rogue,Damage,Tank,0.04212482348045074,-0.00070193962236024,0.054974438602378994,False,2026,1897,679,683,535
allied,Mister Fantastic,The Hood,Damage,Tank,-0.035544581935478735,0.003431056404483065,-0.029453446664655856,False,15455,15034,5423,5340,4271
allied,Mister Fantastic,Deadpool (Vanguard),Damage,Tank,-0.019329235576451352,0.0007420244344313014,-0.014757532662249452,False,1621,1565,714,539,312
allied,Mister Fantastic,Deadpool (Duelist),Damage,Damage,0.02258537263103907,0.0009393149493261514,0.016709609378983924,False,1394,1339,445,481,413
allied,Mister Fantastic,Deadpool (Strategist),Damage,Support,-0.003332967492667736,-2.0180049864212867e-05,-0.0015696543837885246,False,2509,2420,1038,824,558
allied,Winter Soldier,Peni Parker,Damage,Tank,0.0037814582759576696,-0.001900702504627964,-0.0003007232287243994,False,9544,9067,2925,2965,3177
allied,Winter Soldier,Star-lord,Damage,Damage,-0.017222231755269917,-0.0031943908602771257,-0.0168363453634532,False,7211,6939,1999,2291,2649
allied,Winter Soldier,Blade,Damage,Damage,-0.00888049952634249,0.001503544413199258,-0.009884509641863291,False,6080,5794,2062,1975,1757
allied,Winter Soldier,Namor,Damage,Damage,-0.017708703725262287,-0.0007144556250529271,-0.01301212886536142,False,9742,9350,3131,3354,2865
allied,Winter Soldier,Adam Warlock,Damage,Support,-0.023765377581268038,0.0022871710313543438,-0.016195232928966664,False,8384,7980,2166,2430,3384
allied,Winter Soldier,Jeff The Land Shark,Damage,Support,-0.006507546103709805,-0.003502478762531665,-0.006800287060531181,False,14598,14031,4984,4586,4461
allied,Winter Soldier,Psylocke,Damage,Damage,0.0034089942258780084,-0.001071763593740485,0.0024661496155120024,False,6149,5857,1607,1869,2381
allied,Winter Soldier,Wolverine,Damage,Damage,-0.0027508533787133044,-0.0027067039890703638,-0.00380121131815647,False,6318,5984,1271,1821,2892
allied,Winter Soldier,Invisible Woman,Damage,Support,0.03554674951662286,0.0012489790434944974,0.04080531842239931,False,50703,48503,13314,15890,19299
allied,Winter Soldier,The Thing,Damage,Tank,0.016951556626020096,-0.000890960037364686,0.01983155503746678,False,25619,24473,6669,8037,9767
allied,Winter Soldier,Iron Fist,Damage,Damage,-0.012583988724504256,-0.0011072795356959438,-0.005939913863056255,False,11478,11058,2720,3629,4709
allied,Winter Soldier,Emma Frost,Damage,Tank,0.0004110409948789996,-0.0006725209673600392,-0.00296663171918951,False,36753,34913,11320,11587,12006
allied,Winter Soldier,Phoenix,Damage,Damage,-0.03312722784139962,-0.0014107398722493537,-0.035572752328098194,False,4788,4625,1521,1583,1521
allied,Winter Soldier,Daredevil,Damage,Damage,0.014669521378984975,0.0019893505447463864,0.01903005931127596,False,9832,9304,1956,2906,4442
allied,Winter Soldier,Angela,Damage,Tank,-0.015850408778600084,-0.0009474144828496111,-0.02252223647128275,False,10109,9590,2504,3205,3881
allied,Winter Soldier,Gambit,Damage,Support,-0.008591993877140509,0.001646838569016613,-0.009449546142630607,False,38277,36469,10713,12650,13106
allied,Winter Soldier,Elsa Bloodstone,Damage,Damage,0.06405302936131033,-0.0022628772320436486,0.0688701966910441,True,17513,16804,5460,5844,5500
allied,Winter Soldier,White Fox,Damage,Support,-0.008483060993564974,0.002480172511855245,-0.010248070932120172,False,20155,19439,7883,6538,5018
allied,Winter Soldier,Black Cat,Damage,Damage,0.019564974862524433,0.0034437597493699097,0.02349492908662675,False,8153,7960,3108,2812,2040
allied,Winter Soldier,Devil Dinosaur,Damage,Tank,-0.027056609200505847,-0.0008035457674519283,-0.03344645945288442,False,14861,14176,5282,4750,4144
allied,Winter Soldier,Cyclops,Damage,Damage,-0.013500936463492366,-0.0001690950889306408,-0.01672332060364009,False,13901,13358,4901,4545,3912
allied,Winter Soldier,Jubilee,Damage,Support,7.160292828298211e-05,-0.002056363145201901,0.001912189851820427,False,58866,56633,18973,19743,17917
allied,Winter Soldier,Rogue,Damage,Tank,0.01715183059221052,7.874784974815397e-05,0.015877977512586627,False,11229,10566,3221,3570,3775
allied,Winter Soldier,The Hood,Damage,Tank,0.014402933924487249,-0.000968719118722869,0.014809449506605383,False,75954,73584,21978,24913,26693
allied,Winter Soldier,Deadpool (Vanguard),Damage,Tank,0.00797320111492163,-0.000718333805811065,0.004309602346154186,False,9065,8762,3313,3035,2414
allied,Winter Soldier,Deadpool (Duelist),Damage,Damage,0.0154004185365905,0.0007239987958087519,0.015362177050683337,False,8020,7622,2147,2505,2970
allied,Winter Soldier,Deadpool (Strategist),Damage,Support,-0.0005075301107171766,-0.0009841382721273632,0.0019133889535767321,False,13108,12640,4407,4356,3877
allied,Peni Parker,Star-lord,Tank,Damage,-0.019740610052431717,-0.00019175913998853997,-0.023211744472185096,False,2094,2008,752,676,580
allied,Peni Parker,Blade,Tank,Damage,-0.0021654382351301463,0.00047332903919005385,0.004056015056821788,False,2003,1899,805,630,464
allied,Peni Parker,Namor,Tank,Damage,-0.005093925053596377,0.0002678041925719828,-0.018747771186011855,False,3482,3327,1356,1155,816
allied,Peni Parker,Adam Warlock,Tank,Support,0.013759310654573703,-8.171823436162178e-05,0.02752372950588229,False,1751,1647,582,507,558
allied,Peni Parker,Jeff The Land Shark,Tank,Support,-0.022210747625349973,-0.0010421763900171624,-0.02795042404875265,False,2826,2717,1194,860,663
allied,Peni Parker,Psylocke,Tank,Damage,-0.030893237000233713,-0.0007884071798201031,-0.032218694833024086,False,1862,1785,617,601,567
allied,Peni Parker,Wolverine,Tank,Damage,-0.0026532165969372764,-1.127953132291024e-05,0.003389608956161328,False,1755,1656,469,537,650
allied,Peni Parker,Invisible Woman,Tank,Support,0.015937768852159497,9.469467504307922e-06,0.011340106507771917,False,9100,8644,2981,2764,2899
allied,Peni Parker,The Thing,Tank,Tank,-0.005509845337212107,1.0663913595391553e-05,-0.009553102938435401,False,2414,2272,797,749,726
allied,Peni Parker,Iron Fist,Tank,Damage,0.029621410509035825,-0.00013889710805800752,0.02964734448797968,False,3274,3129,972,1035,1122
allied,Peni Parker,Emma Frost,Tank,Tank,0.01410062366968734,0.0012079964423551515,0.016934697836626714,False,3999,3785,1540,1247,998
allied,Peni Parker,Phoenix,Tank,Damage,-0.012372369084642771,0.0003864177435354589,-0.017111363476373393,False,1880,1812,767,587,458
allied,Peni Parker,Daredevil,Tank,Damage,0.018359276583288918,-0.0003913627559945148,0.02164711889758382,False,2735,2584,729,871,984
allied,Peni Parker,Angela,Tank,Tank,-0.0033687044061969595,0.0007409826065021943,-0.004293757466847848,False,970,927,309,316,302
allied,Peni Parker,Gambit,Tank,Support,-0.03568495074856911,-0.0012341168781694245,-0.04717742580870597,False,7255,6877,2388,2315,2174
allied,Peni Parker,Elsa Bloodstone,Tank,Damage,-0.008142946318840338,0.0007410139081642504,-0.006339143199909375,False,3624,3451,1347,1105,999
allied,Peni Parker,White Fox,Tank,Support,-0.00788880391682696,-0.0003379637598802471,0.002718652381869084,False,4131,3956,1950,1203,803
allied,Peni Parker,Black Cat,Tank,Damage,0.013710523994232806,0.00017111276891457132,0.018477508543641937,False,2670,2606,1202,838,566
allied,Peni Parker,Devil Dinosaur,Tank,Tank,0.015420108595536457,-0.0005668263660347663,0.014224643378112136,False,1609,1512,669,499,344
allied,Peni Parker,Cyclops,Tank,Damage,-0.01863941390450504,-0.0002872562379608774,-0.02110011591656636,False,5022,4815,2130,1597,1088
allied,Peni Parker,Jubilee,Tank,Support,-0.005519333915198129,0.0024659933204241188,-0.01431850455307744,False,11395,10904,4657,3655,2592
allied,Peni Parker,Rogue,Tank,Tank,-0.007799191272692805,-2.1181705877115788e-05,-0.016958213340936182,False,991,920,368,296,256
allied,Peni Parker,The Hood,Tank,Tank,0.03264298301919039,-0.0017310638220216293,0.025999543554915325,False,10727,10373,3864,3445,3064
allied,Peni Parker,Deadpool (Vanguard),Tank,Tank,0.008101408784577865,-0.000343804963698388,0.0018027500223386115,False,843,803,413,227,163
allied,Peni Parker,Deadpool (Duelist),Tank,Damage,-0.03712624577457575,0.00028507146209446195,-0.03756566829204325,False,2360,2252,814,750,688
allied,Peni Parker,Deadpool (Strategist),Tank,Support,-0.0072839799673536905,-0.0016120273202190004,-0.006295467874311702,False,2533,2421,1071,768,582
allied,Star-lord,Blade,Damage,Damage,-0.005663921691240572,-0.0008942392483906489,-0.0092448978867698,False,1364,1310,553,422,335
allied,Star-lord,Namor,Damage,Damage,-0.013411150257338189,-2.073707438670778e-05,-0.01120160430479494,False,2103,2032,775,694,563
allied,Star-lord,Adam Warlock,Damage,Support,0.013885313643351934,0.0003132549560277792,0.028056153375181338,True,2085,2006,655,654,697
allied,Star-lord,Jeff The Land Shark,Damage,Support,0.01290617902301945,-0.00016830973595862643,0.016934512383489763,False,3069,2968,1209,964,795
allied,Star-lord,Psylocke,Damage,Damage,0.015637999773450165,9.676208145223865e-05,0.012868023068753258,False,1215,1168,362,390,416
allied,Star-lord,Wolverine,Damage,Damage,0.020873503610933604,2.9214027091701416e-05,0.01894410681714016,False,1206,1156,279,391,486
allied,Star-lord,Invisible Woman,Damage,Support,-0.053103549564352814,0.001149403690193628,-0.05703190936724779,False,10260,9848,3197,3255,3396
allied,Star-lord,The Thing,Damage,Tank,0.0024497623283928492,-5.527618752993376e-05,0.006956827701859563,False,6028,5789,1788,1888,2113
allied,Star-lord,Iron Fist,Damage,Damage,0.00899443503136196,0.0007927685850563941,0.014589249393409127,False,2568,2471,677,839,955
allied,Star-lord,Emma Frost,Damage,Tank,-0.031387017427947146,0.000935025087978834,-0.03508582875453726,False,8775,8389,2976,2748,2665
allied,Star-lord,Phoenix,Damage,Damage,-0.003795062163026471,0.0002763957795743885,-0.00664473582117331,False,986,957,378,314,265
allied,Star-lord,Daredevil,Damage,Damage,0.016164361980922377,7.428757461473884e-05,0.01780468529540565,False,2109,2043,540,645,858
allied,Star-lord,Angela,Damage,Tank,0.018332399497579505,0.0003298762573531184,0.018771344001878628,True,2916,2782,888,945,949
allied,Star-lord,Gambit,Damage,Support,0.007281807665293814,0.0007189350388601677,0.010302839269058539,False,9157,8753,2638,2959,3156
allied,Star-lord,Elsa Bloodstone,Damage,Damage,-0.001964749958100139,0.0008874014609754669,-0.005484847223630223,False,2484,2393,796,797,800
allied,Star-lord,White Fox,Damage,Support,-0.038152397840245295,-0.0014964063603608096,-0.041731716208185,False,4164,4044,1830,1318,896
allied,Star-lord,Black Cat,Damage,Damage,0.012492113114981327,0.0005548480252898893,0.012989019885799154,False,1980,1946,835,657,454
allied,Star-lord,Devil Dinosaur,Damage,Tank,0.01680843650544213,0.00046072796534494766,0.01861994013856321,False,3344,3212,1318,1087,807
allied,Star-lord,Cyclops,Damage,Damage,0.008590765711190789,0.0022128342938889617,0.0043618258360877986,False,3244,3142,1366,999,777
allied,Star-lord,Jubilee,Damage,Support,-0.025507234517110823,-0.000346712118743836,-0.024969643597797072,False,13230,12841,4958,4349,3534
allied,Star-lord,Rogue,Damage,Tank,0.015384395115011235,0.0010176296345982565,0.01717197358981822,False,2734,2592,880,885,827
allied,Star-lord,The Hood,Damage,Tank,-0.01565805032466454,-0.00022127461202608667,-0.015377013901439855,False,19422,18875,6159,6404,6312
allied,Star-lord,Deadpool (Vanguard),Damage,Tank,-0.02033484455420098,2.0261141212228232e-05,-0.0239264761033421,False,2055,1990,858,634,498
allied,Star-lord,Deadpool (Duelist),Damage,Damage,0.011444287394269144,-0.0007454228900552207,0.00823231044143194,False,1797,1719,520,613,586
allied,Star-lord,Deadpool (Strategist),Damage,Support,-0.018901000358999696,0.000736108092841727,-0.016884906399290567,False,2666,2584,1039,871,674
allied,Blade,Namor,Damage,Damage,-0.0190202949558007,0.0006285388896759658,-0.019361358470953813,False,1995,1917,869,651,397
allied,Blade,Adam Warlock,Damage,Support,0.0022786909641329153,-0.001035566344915099,0.010174778215030468,False,1770,1686,635,560,491
allied,Blade,Jeff The Land Shark,Damage,Support,-0.020289386380869936,0.0013686892494394949,-0.02523442334191527,False,3492,3363,1594,1036,733
allied,Blade,Psylocke,Damage,Damage,-0.009405433638515415,-0.00024955731457529043,-0.01634295263187214,False,1145,1106,442,362,302
allied,Blade,Wolverine,Damage,Damage,-0.017852913674559507,0.0003057233523903187,-0.025088277015290265,False,961,914,308,303,303
allied,Blade,Invisible Woman,Damage,Support,0.01263728503535447,-0.0017021737487127808,0.012102604911393432,False,10375,9929,3823,3366,2740
allied,Blade,The Thing,Damage,Tank,-0.024346600007917215,0.0004808247998624366,-0.015144839505981663,False,5334,5060,1914,1737,1409
allied,Blade,Iron Fist,Damage,Damage,-0.02080135093055635,4.902853192543563e-05,-0.019769474589325067,False,2418,2333,782,841,710
allied,Blade,Emma Frost,Damage,Tank,-0.02592586897781526,-0.0013229764225951206,-0.021296584235705435,False,7458,7128,3054,2336,1738
allied,Blade,Phoenix,Damage,Damage,-0.004155044495014911,0.00014326719740658805,-0.00911859731196747,False,965,935,441,308,186
allied,Blade,Daredevil,Damage,Damage,-0.0013377368284444827,0.0006742019054486258,-0.003237516763684816,False,1933,1838,565,639,634
allied,Blade,Angela,Damage,Tank,-0.008064138199256114,0.00012775172823911848,-0.002885463373580313,False,1954,1856,703,598,555
allied,Blade,Gambit,Damage,Support,-0.0026974745109086045,3.961037547248533e-05,-0.005747777825198654,False,9038,8565,3181,2996,2388
allied,Blade,Elsa Bloodstone,Damage,Damage,-0.006124637583970098,0.0006007799858700619,-0.012074766128756844,False,2277,2192,920,713,559
allied,Blade,White Fox,Damage,Support,0.0015586513615872208,0.0004269255263388194,-0.0018807105021528933,False,4874,4697,2408,1426,863
allied,Blade,Black Cat,Damage,Damage,-0.021775943437693377,-6.525071340259286e-06,-0.02621406760084237,False,1798,1750,820,584,346
allied,Blade,Devil Dinosaur,Damage,Tank,-0.005219544172954152,-0.0014439558602293244,0.0018237525226315532,False,3299,3162,1553,989,620
allied,Blade,Cyclops,Damage,Damage,0.020257917966649955,0.0005147105665417875,0.014915756530416885,False,3093,2978,1431,960,587
allied,Blade,Jubilee,Damage,Support,-0.01752437475299113,-0.0028006431781373267,-0.02081285100919189,True,14736,14149,6154,4856,3139
allied,Blade,Rogue,Damage,Tank,0.00518995976000375,0.0007019062620616525,0.013542230633151565,False,2388,2212,873,768,571
allied,Blade,The Hood,Damage,Tank,-0.0066148647829723795,0.00016273502711426649,0.0023977389198148037,False,18100,17551,6897,6019,4635
allied,Blade,Deadpool (Vanguard),Damage,Tank,0.014321343948788957,0.0007536432410197039,0.022346260781993876,False,2003,1939,922,629,388
allied,Blade,Deadpool (Duelist),Damage,Damage,-0.005304219481158425,0.0001681571558401982,-0.011993600834815486,False,1683,1605,640,515,450
allied,Blade,Deadpool (Strategist),Damage,Support,0.0033213895801431905,0.00031130563544429565,0.0032913576362157055,False,3152,3049,1353,1027,669
allied,Namor,Adam Warlock,Damage,Support,-0.01056963412836224,-0.00011298125101827134,0.005632620187672907,False,2653,2538,942,850,746
allied,Namor,Jeff The Land Shark,Damage,Support,-0.016561332012341813,0.0004040790848600703,-0.011128154475621642,False,5229,5034,2354,1619,1061
allied,Namor,Psylocke,Damage,Damage,0.02058320733754426,-0.000698412875013032,0.022575834838167497,False,1700,1644,605,541,498
allied,Namor,Wolverine,Damage,Damage,-0.009953827700759286,-0.00011319810418532233,-0.010096895523698066,False,1725,1646,532,554,560
allied,Namor,Invisible Woman,Damage,Support,0.02952120171897375,0.0002199141435942069,0.04100921888216461,False,16628,15997,5880,5610,4507
allied,Namor,The Thing,Damage,Tank,0.008407403268365022,-0.002621231537658033,0.0017530459225394439,False,8351,8009,2900,2737,2372
allied,Namor,Iron Fist,Damage,Damage,-0.0319509621926532,-0.0017874359435800559,-0.025411641943656575,False,3248,3117,999,1111,1007
allied,Namor,Emma Frost,Damage,Tank,0.025148011950841067,0.0024247270638241007,0.015984681547792336,False,12566,12053,5015,4082,2956
allied,Namor,Phoenix,Damage,Damage,-0.006881356489713423,0.0001683245949127865,-0.0056366468998531,False,1405,1364,592,488,284
allied,Namor,Daredevil,Damage,Damage,0.015242040934807865,0.0013271417780477035,0.021156790074241927,False,2630,2499,771,859,869
allied,Namor,Angela,Damage,Tank,0.0038841003888099405,-0.00026287348221879327,-0.00913684909540963,False,3240,3100,1106,1087,907
allied,Namor,Gambit,Damage,Support,-0.054263082695117454,-0.0007354618123634945,-0.05384687933073412,False,14139,13436,4762,4767,3907
allied,Namor,Elsa Bloodstone,Damage,Damage,-0.020527246352274833,-0.0005884110962431344,-0.02124058038181274,False,3359,3235,1352,1112,771
allied,Namor,White Fox,Damage,Support,0.005822605612864694,-0.000764453728055449,0.012828445732233754,False,7556,7274,3475,2439,1360
allied,Namor,Black Cat,Damage,Damage,0.01740768053531612,-0.0004701242496113826,0.02266472545149332,False,2726,2661,1227,884,550
allied,Namor,Devil Dinosaur,Damage,Tank,0.0018779850142077428,-0.0005811859122933955,-0.009824713713940026,False,5131,4902,2177,1658,1067
allied,Namor,Cyclops,Damage,Damage,0.006749309092076903,0.0003687680883297632,0.006718322962251153,False,4679,4499,2099,1476,924
allied,Namor,Jubilee,Damage,Support,-0.014888454720628578,-0.0020693753178162963,-0.007935233271084531,False,21499,20753,8579,7389,4785
allied,Namor,Rogue,Damage,Tank,-0.002308969648188759,-4.501288045339462e-05,-0.014346800798800604,False,3707,3484,1386,1168,930
allied,Namor,The Hood,Damage,Tank,0.013229514093780752,-0.003919791559557576,0.004931893903804899,False,27178,26374,9790,9385,7199
allied,Namor,Deadpool (Vanguard),Damage,Tank,0.02928229689655065,-0.000330969317608339,0.01944693361971602,False,3154,3049,1488,988,573
allied,Namor,Deadpool (Duelist),Damage,Damage,-0.01223104192585705,0.0012656045555959681,-0.013061643342141237,False,2370,2249,875,782,592
allied,Namor,Deadpool (Strategist),Damage,Support,0.002060764677111543,-2.2266029369877624e-05,0.01178536232200459,False,4546,4390,1953,1485,952
allied,Adam Warlock,Jeff The Land Shark,Support,Support,-0.0032582015492553535,-0.0016122079873874884,-0.03660135522386272,False,1913,1843,612,608,623
allied,Adam Warlock,Psylocke,Support,Damage,-0.02611656605818546,-0.0005801027891695024,-0.014814561786261456,False,1652,1576,468,488,620
allied,Adam Warlock,Wolverine,Support,Damage,0.005883787515398858,0.00018159012695282995,0.015489263674104352,False,1510,1436,327,435,674
allied,Adam Warlock,Invisible Woman,Support,Support,0.03685035117155072,0.001711325546769175,0.01763005449677825,False,5285,4980,1422,1476,2082
allied,Adam Warlock,The Thing,Support,Tank,0.0030282073865781642,8.777035875878029e-06,0.0021564815646722083,False,4758,4502,1259,1369,1874
allied,Adam Warlock,Iron Fist,Support,Damage,-0.0316404652592398,4.694772976454954e-05,-0.03251697997364902,False,3092,2949,752,954,1243
allied,Adam Warlock,Emma Frost,Support,Tank,-0.018237923206663283,-0.00016511775723565075,-0.016655662801385196,False,6221,5877,1915,1963,1999
allied,Adam Warlock,Phoenix,Support,Damage,-0.03390321001921493,-0.0006024897960173474,-0.020237439232153914,False,1602,1538,533,493,512
allied,Adam Warlock,Daredevil,Support,Damage,-0.016120960348805932,-0.0006230455274576405,-0.011226412010048207,False,2875,2724,630,837,1257
allied,Adam Warlock,Angela,Support,Tank,-0.007101847529920814,0.00035519630366954644,0.0003088553165057834,False,1828,1715,481,525,709
allied,Adam Warlock,Gambit,Support,Support,0.013236408317596121,0.0015130348209123326,-0.011069844624864896,False,4395,4141,1104,1317,1720
allied,Adam Warlock,Elsa Bloodstone,Support,Damage,-0.043353238813627064,0.0010788967437417845,-0.036298147815650335,False,3122,2973,909,943,1121
allied,Adam Warlock,White Fox,Support,Support,0.0025246651032687223,-0.0002174120785980121,-0.04601298589303521,False,1813,1735,753,580,402
allied,Adam Warlock,Black Cat,Support,Damage,-0.02769139072236563,0.0011096806184927308,-0.024901249484696793,False,2116,2056,805,680,571
allied,Adam Warlock,Devil Dinosaur,Support,Tank,-0.024466259394009912,-0.0005040041567490623,-0.019788572662797516,False,2415,2276,909,776,591
allied,Adam Warlock,Cyclops,Support,Damage,-0.044596762326673714,-0.0014679131020995733,-0.030921989516369052,False,3946,3762,1509,1257,996
allied,Adam Warlock,Jubilee,Support,Support,0.04053961387743027,0.00029725108905273226,0.020475793112098878,False,6513,6250,2211,2093,1946
allied,Adam Warlock,Rogue,Support,Tank,-0.0016961876638221373,0.00033267657059332466,0.010486354476983924,False,1705,1586,502,517,567
allied,Adam Warlock,The Hood,Support,Tank,-0.026386380400522474,0.002089264576894838,-0.018273759331380545,False,14717,14169,4216,4567,5386
allied,Adam Warlock,Deadpool (Vanguard),Support,Tank,-0.017862782282046238,0.00027868396018999165,-0.005567972459833965,False,1489,1432,558,485,389
allied,Adam Warlock,Deadpool (Duelist),Support,Damage,-0.038023354165762704,-0.0010872573770932706,-0.029876022455860497,False,1848,1747,530,581,636
allied,Adam Warlock,Deadpool (Strategist),Support,Support,-0.009313889360168113,-0.0004137343853857231,-0.05493233852502315,False,1244,1187,464,369,354
allied,Jeff The Land Shark,Psylocke,Support,Damage,0.012035927714640335,-0.0027648279825273083,0.018086879164350037,False,3155,3026,1122,982,922
allied,Jeff The Land Shark,Wolverine,Support,Damage,0.005629743754184979,-0.0006153392156496395,0.005183349898921209,False,2568,2459,833,800,826
allied,Jeff The Land Shark,Invisible Woman,Support,Support,0.02414141336238171,0.0012141229714769687,0.04729101472764697,False,9376,9018,3385,2941,2692
allied,Jeff The Land Shark,The Thing,Support,Tank,0.008044945277359116,0.001343588622511118,-0.005743712148966292,False,8412,8047,2972,2635,2440
allied,Jeff The Land Shark,Iron Fist,Support,Damage,0.027265980778593917,-0.0009605706705775394,0.023732657275096384,False,5680,5447,1883,1739,1825
allied,Jeff The Land Shark,Emma Frost,Support,Tank,0.023219364813875456,-0.001979022370601224,0.017741210599873734,False,11093,10628,4685,3340,2603
allied,Jeff The Land Shark,Phoenix,Support,Damage,-0.030530378216615528,-0.0009562837675819464,-0.02646311799804711,False,3256,3150,1406,1017,727
allied,Jeff The Land Shark,Daredevil,Support,Damage,-0.002196870162750475,0.0009664792583041087,-0.005581925094553345,False,5145,4915,1496,1587,1832
allied,Jeff The Land Shark,Angela,Support,Tank,-0.006346577763559773,0.0016919862451313398,-0.01253768532726297,False,3305,3139,1132,1079,928
allied,Jeff The Land Shark,Gambit,Support,Support,-0.020509375776607598,0.00032273661361086964,-0.0066183282892856975,False,7511,7175,2663,2363,2149
allied,Jeff The Land Shark,Elsa Bloodstone,Support,Damage,-0.030769113204233138,-0.0006496024270486074,-0.03216112104889969,False,6061,5832,2344,1902,1586
allied,Jeff The Land Shark,White Fox,Support,Support,0.02158892232189672,-0.0007444268607455658,0.021723290693458026,False,3555,3428,1786,1005,637
allied,Jeff The Land Shark,Black Cat,Support,Damage,-0.013832768841560442,-0.0019807523625822283,-0.019330414412608486,False,4732,4635,2279,1460,896
allied,Jeff The Land Shark,Devil Dinosaur,Support,Tank,0.026655234518694768,0.0004164444534548624,0.025825682577582595,True,6934,6651,2929,2112,1610
allied,Jeff The Land Shark,Cyclops,Support,Damage,-0.0016726665038973103,0.0015753374536792869,0.0073475037404368716,False,7609,7334,3540,2343,1451
allied,Jeff The Land Shark,Jubilee,Support,Support,0.005130367827447851,0.00033583474958371316,0.022933904624637482,False,12224,11793,5311,3829,2653
allied,Jeff The Land Shark,Rogue,Support,Tank,-0.034483997463327525,0.00019893129421142913,-0.041294117805736934,False,3093,2914,1196,934,784
allied,Jeff The Land Shark,The Hood,Support,Tank,-0.002184231070945585,8.504523449276217e-05,-0.00390517191070233,False,26048,25316,9918,8397,7001
allied,Jeff The Land Shark,Deadpool (Vanguard),Support,Tank,0.006985246265386371,-0.0013567906651356654,0.009550296195855354,False,3864,3735,1833,1188,714
allied,Jeff The Land Shark,Deadpool (Duelist),Support,Damage,0.03434307402689332,0.0016326972275049682,0.041516094717060005,False,4670,4462,1744,1485,1233
allied,Jeff The Land Shark,Deadpool (Strategist),Support,Support,0.04177388125102648,-0.0002584565916010611,0.051179222705454865,False,3096,2990,1362,943,685
allied,Psylocke,Wolverine,Damage,Damage,0.012231605394749568,0.000989744746624877,0.006537953665555376,False,1083,1037,232,337,468
allied,Psylocke,Invisible Woman,Damage,Support,-0.00708780215027389,-0.00229987508035689,-0.0031327940236222187,False,10072,9634,2944,3068,3622
allied,Psylocke,The Thing,Damage,Tank,-0.0007185513445520417,-0.0005045804566151166,0.006833522605628062,False,5265,5025,1491,1633,1901
allied,Psylocke,Iron Fist,Damage,Damage,0.00042718135232468186,0.00016501424151334898,0.002263951204461717,False,2280,2191,579,739,873
allied,Psylocke,Emma Frost,Damage,Tank,-0.015374804175094273,0.0026394273559585753,-0.013868162958054212,True,8941,8548,3021,2782,2745
allied,Psylocke,Phoenix,Damage,Damage,-0.014418953566376447,0.00024031851106812854,-0.021197783993096235,False,909,884,312,319,253
allied,Psylocke,Daredevil,Damage,Damage,-0.0182358697922288,-3.9460678395049776e-05,-0.02250289476508594,False,2041,1956,483,613,860
allied,Psylocke,Angela,Damage,Tank,0.02024783399556581,-0.00017392942043138905,0.024304407062864533,False,2108,1999,536,682,781
allied,Psylocke,Gambit,Damage,Support,-0.022108848948772516,-0.0002087601796125364,-0.020630249918979302,False,8879,8416,2438,2787,3191
allied,Psylocke,Elsa Bloodstone,Damage,Damage,0.016847332489733895,6.589008270731981e-05,0.011847151480049372,False,2148,2059,686,672,701
allied,Psylocke,White Fox,Damage,Support,0.006697870958642487,0.0005358730486090947,0.010856235693350536,True,5165,4989,2177,1587,1225
allied,Psylocke,Black Cat,Damage,Damage,0.0008186844699734582,0.0007320611761110866,-0.0027008870262876018,False,1844,1802,763,598,441
allied,Psylocke,Devil Dinosaur,Damage,Tank,-0.01700888767071221,-0.00018734596228329745,-0.015604599171404072,False,2860,2731,1078,916,737
allied,Psylocke,Cyclops,Damage,Damage,0.013178722026448137,0.00020808570964744345,0.006286251112960326,False,2505,2412,974,759,679
allied,Psylocke,Jubilee,Damage,Support,-0.011416214482265617,-0.0009179303785943859,-0.006985846555809435,False,12496,12037,4392,4017,3628
allied,Psylocke,Rogue,Damage,Tank,0.006287608145026094,-0.0008743023957006291,0.010452427599901821,False,2331,2182,715,678,789
allied,Psylocke,The Hood,Damage,Tank,-0.018797668682554905,-0.002492520528052103,-0.015468391518009035,False,17757,17222,5378,5707,6137
allied,Psylocke,Deadpool (Vanguard),Damage,Tank,0.002575327702163877,0.0006723086724887043,0.004966116606389168,False,1849,1777,726,553,498
allied,Psylocke,Deadpool (Duelist),Damage,Damage,0.006293301129027784,0.000597024404721029,-0.0003924868848917324,False,1575,1514,472,523,519
allied,Psylocke,Deadpool (Strategist),Damage,Support,-0.028417824929760836,-0.00023623670928407436,-0.02545993453861007,False,2746,2641,988,877,776
allied,Wolverine,Invisible Woman,Damage,Support,-0.016268902412093195,3.0158604605670032e-05,-0.01915810412808549,False,9205,8714,2142,2728,3844
allied,Wolverine,The Thing,Damage,Tank,-0.05103992500076707,-0.0009352251379662359,-0.044968515896675915,False,4739,4489,1106,1376,2007
allied,Wolverine,Iron Fist,Damage,Damage,-0.0031916780681332064,0.0003735289046707841,-0.0012510113281534307,False,1974,1884,446,588,850
allied,Wolverine,Emma Frost,Damage,Tank,-0.006278661575723876,-0.0005970802909925922,0.00043994712071898835,False,6714,6336,1816,2055,2465
allied,Wolverine,Phoenix,Damage,Damage,-0.004538951742956963,-8.668105566173331e-05,-0.01009078002634341,False,834,814,251,263,300
allied,Wolverine,Daredevil,Damage,Damage,-0.018077316757418117,-0.0009536954245787821,-0.02192616412615417,False,1710,1612,288,482,842
allied,Wolverine,Angela,Damage,Tank,-0.004627155160616879,0.0002938526805484075,0.0008149666993327905,False,1915,1798,387,591,820
allied,Wolverine,Gambit,Damage,Support,0.04370656184332222,-0.002062344313394206,0.047715514912210724,True,10690,10108,2447,3455,4206
allied,Wolverine,Elsa Bloodstone,Damage,Damage,0.02100916176038709,-0.0007746003530077686,0.01676023093764575,False,2091,1980,492,646,842
allied,Wolverine,White Fox,Damage,Support,-0.03825445980263462,0.0010171322967702473,-0.045411708723002764,False,3456,3348,1261,1142,945
allied,Wolverine,Black Cat,Damage,Damage,-0.0016269981381750078,-0.00010294816473314191,-0.004945064435809183,False,1349,1316,454,440,422
allied,Wolverine,Devil Dinosaur,Damage,Tank,-0.03607757234804786,-0.0005629112884887504,-0.03263372823292194,False,2569,2413,838,820,755
allied,Wolverine,Cyclops,Damage,Damage,0.025992241703530806,-0.0006683486460956415,0.02057084161880111,True,3842,3675,1392,1256,1027
allied,Wolverine,Jubilee,Damage,Support,-0.020305937364295926,0.0027863058159898146,-0.022683357108010085,False,11050,10620,3272,3820,3528
allied,Wolverine,Rogue,Damage,Tank,0.011113511351205274,-0.00046064312413778415,0.020009309782404578,False,2439,2267,620,766,881
allied,Wolverine,The Hood,Damage,Tank,-0.0006309399581541219,0.0010155442592738645,0.008931991584493029,False,15706,15152,3839,5100,6213
allied,Wolverine,Deadpool (Vanguard),Damage,Tank,0.022191972662912684,-8.477912217329466e-05,0.030979730686146588,False,1611,1553,501,528,524
allied,Wolverine,Deadpool (Duelist),Damage,Damage,0.022793149463270598,4.9589668335740296e-05,0.01788513482238492,False,1524,1441,357,506,578
allied,Wolverine,Deadpool (Strategist),Damage,Support,-0.01117120640776461,-0.0008150217257238603,-0.011754061011280868,False,2330,2229,770,749,710
allied,Invisible Woman,The Thing,Support,Tank,0.05085181735282056,1.800238054883833e-05,0.038953838298038244,True,30760,29386,8729,9608,11049
allied,Invisible Woman,Iron Fist,Support,Damage,-0.02341475702712309,0.001012557708028415,-0.03298864984627901,False,17882,17161,4595,5649,6917
allied,Invisible Woman,Emma Frost,Support,Tank,0.012363356759467507,0.0021855074393144773,0.00015148946756558498,False,34406,32683,11323,10696,10664
allied,Invisible Woman,Phoenix,Support,Damage,0.010911594509698566,-0.0005405400285692197,0.02045362422911249,False,10307,9971,3623,3391,2957
allied,Invisible Woman,Daredevil,Support,Damage,0.004980603472799036,-9.164995938382202e-05,0.0027872556554961016,False,16806,15994,3912,5031,7051
allied,Invisible Woman,Angela,Support,Tank,-0.012480639448415713,-0.0008646009846073496,-0.024646575852055395,False,9912,9412,2652,3132,3628
allied,Invisible Woman,Gambit,Support,Support,-0.04464849307444901,0.0008726588731416136,-0.029377928095123115,False,23616,22417,6579,7779,8059
allied,Invisible Woman,Elsa Bloodstone,Support,Damage,-0.005071446710721475,0.001527535790424472,-0.002956723333642825,False,19875,19061,6239,6472,6350
allied,Invisible Woman,White Fox,Support,Support,-0.003159797513719015,-0.0009302105762838351,-0.0017668245502081331,False,11206,10837,4740,3506,2591
allied,Invisible Woman,Black Cat,Support,Damage,0.005006816369073618,0.001283026054195721,0.0021586418594110794,False,13663,13349,5629,4597,3123
allied,Invisible Woman,Devil Dinosaur,Support,Tank,0.02579539013895927,0.003039992348118129,0.019838651424804968,False,15980,15282,6017,5084,4181
allied,Invisible Woman,Cyclops,Support,Damage,0.002514433401769139,-3.924580214096007e-05,0.012352514044367874,False,23118,22210,8694,7606,5910
allied,Invisible Woman,Jubilee,Support,Support,-0.014150177407321492,-0.003891181555938767,0.005996560596861622,False,37832,36496,13384,12655,10457
allied,Invisible Woman,Rogue,Support,Tank,-0.030257091370113114,-0.00011408746649221184,-0.0413768850166977,False,9742,9156,3022,3013,3121
allied,Invisible Woman,The Hood,Support,Tank,-0.021724949074781966,0.001818831898203464,-0.03157535994859705,False,73391,71172,22954,23899,24319
allied,Invisible Woman,Deadpool (Vanguard),Support,Tank,0.011478241753210612,-0.00014579389422216535,0.009776382746495282,False,8796,8488,3486,2828,2174
allied,Invisible Woman,Deadpool (Duelist),Support,Damage,-0.02672704191243826,-0.0007774640703885632,-0.02689326280463178,False,12096,11580,3682,3926,3972
allied,Invisible Woman,Deadpool (Strategist),Support,Support,-0.01814700498172801,0.0007970077380835951,-0.014459356402551131,False,7482,7191,2717,2438,2036
allied,The Thing,Iron Fist,Tank,Damage,0.018186963773590147,-6.936347224563459e-05,0.022403686601339037,True,14752,14162,3800,4690,5672
allied,The Thing,Emma Frost,Tank,Tank,-0.008056481805852637,-0.0013051331548615832,-0.007858655529855641,False,10803,10196,3537,3306,3353
allied,The Thing,Phoenix,Tank,Damage,0.016157340052219752,0.001839561565986159,0.020110591626779434,False,4869,4696,1596,1631,1469
allied,The Thing,Daredevil,Tank,Damage,-0.005081256227251768,-0.001042457745456852,0.0010450410647523055,False,8237,7821,1798,2430,3593
allied,The Thing,Angela,Tank,Tank,-0.020301149907467588,-0.001313454053719507,-0.022996826721312084,False,2330,2224,640,707,877
allied,The Thing,Gambit,Tank,Support,-0.00663549485487584,-0.0020582659126397625,-0.026370810437241547,False,20533,19544,5627,6625,7292
allied,The Thing,Elsa Bloodstone,Tank,Damage,-0.02013495138033365,-0.00048196396410901476,-0.01420316131196016,False,9660,9258,3027,3058,3173
allied,The Thing,White Fox,Tank,Support,-0.029886029134211282,-0.0011696035588123221,-0.035725344250595835,False,11605,11207,4669,3723,2815
allied,The Thing,Black Cat,Tank,Damage,0.0167605545798823,0.0015149626301964503,0.027349821302725317,False,6683,6541,2634,2291,1616
allied,The Thing,Devil Dinosaur,Tank,Tank,-0.0016596456785632188,0.0003798876503383911,-0.0046501408363954265,False,4110,3906,1548,1369,989
allied,The Thing,Cyclops,Tank,Damage,-0.0013728480903062038,0.002893236437217025,0.003590045105051323,False,12788,12242,4708,4139,3395
allied,The Thing,Jubilee,Tank,Support,0.022953122036027118,-0.002405210617575179,0.00581837874230803,False,32075,30824,10766,10763,9295
allied,The Thing,Rogue,Tank,Tank,0.0020629135996820913,0.0006249850572021702,-0.004427398432038473,False,2774,2591,833,816,942
allied,The Thing,The Hood,Tank,Tank,0.004889825527425609,0.0032402913510269577,-0.005317018374858665,False,28873,28021,8695,9459,9867
allied,The Thing,Deadpool (Vanguard),Tank,Tank,0.026403698962842437,0.0006116981214999782,0.024172124133959784,False,2375,2263,930,738,595
allied,The Thing,Deadpool (Duelist),Tank,Damage,-0.03229057144023742,0.0022215596283124274,-0.026706581581808823,False,6520,6202,1874,2085,2243
allied,The Thing,Deadpool (Strategist),Tank,Support,0.01446537166336143,0.00015417222245010852,0.006037812191910231,False,7521,7217,2621,2456,2140
allied,Iron Fist,Emma Frost,Damage,Tank,-0.003719498254968403,-0.003076046169071016,-0.0063648526029932645,False,13015,12444,3978,4133,4333
allied,Iron Fist,Phoenix,Damage,Damage,0.016735763385077724,-7.432087418678918e-05,0.021466541062004737,False,1682,1645,516,582,547
allied,Iron Fist,Daredevil,Damage,Damage,-0.047207979264602636,-0.00010142855899758442,-0.044967948092275466,True,5475,5253,1296,1735,2222
allied,Iron Fist,Angela,Damage,Tank,-0.010980103387471473,0.0008300806482211835,-0.015905781312242313,False,3608,3426,875,1126,1425
allied,Iron Fist,Gambit,Damage,Support,-0.01592441722963343,-7.803487958589136e-05,-0.025160795821149266,False,15269,14591,3840,4995,5756
allied,Iron Fist,Elsa Bloodstone,Damage,Damage,0.004701370416156419,-0.00042555527521991754,0.007608181015236062,False,4029,3868,1120,1310,1438
allied,Iron Fist,White Fox,Damage,Support,0.18968096130574807,0.0012567872353787556,0.20522418074764287,True,14775,14182,4826,5026,4330
allied,Iron Fist,Black Cat,Damage,Damage,-0.007017557318556081,-0.0008120342341305009,-0.002271568478336985,False,3478,3403,1269,1210,924
allied,Iron Fist,Devil Dinosaur,Damage,Tank,-0.015874647832281406,-9.711547605337079e-05,-0.01980742003361373,False,5208,4993,1782,1717,1494
allied,Iron Fist,Cyclops,Damage,Damage,0.023566272931662687,-0.0005748831664664921,0.026455581906774536,False,5067,4889,1830,1672,1387
allied,Iron Fist,Jubilee,Damage,Support,-0.03588762372911466,-0.0023639414212877855,-0.04600421354471604,False,22277,21512,6933,7559,7020
allied,Iron Fist,Rogue,Damage,Tank,0.0027847888903523954,0.0017010568780075701,0.0010902415379467703,False,4403,4171,1209,1428,1534
allied,Iron Fist,The Hood,Damage,Tank,-0.005103662624384772,0.0017836441386405312,-0.005696747218146093,False,31462,30576,8584,10474,11518
allied,Iron Fist,Deadpool (Vanguard),Damage,Tank,-0.0075429726339093905,0.00036032322056835325,-0.011756700878551669,False,3159,3058,1082,1058,918
allied,Iron Fist,Deadpool (Duelist),Damage,Damage,-0.00957366782323816,0.000921035961999914,-0.00866205200070039,False,3083,2935,788,987,1160
allied,Iron Fist,Deadpool (Strategist),Damage,Support,-0.0030537575561931803,0.0003802436583549499,-0.008413390329547896,False,5245,5074,1693,1772,1609
allied,Emma Frost,Phoenix,Tank,Damage,0.018642257538157507,-0.00013544284678621943,0.018480812596543297,False,7066,6777,2862,2219,1696
allied,Emma Frost,Daredevil,Tank,Damage,-0.006838259244455174,-0.0020623713422879848,-0.005304457206616169,False,11598,10970,3131,3540,4299
allied,Emma Frost,Angela,Tank,Tank,-0.018693017436157085,-0.0007817227896079312,-0.017493998120871403,False,4064,3822,1303,1253,1266
allied,Emma Frost,Gambit,Tank,Support,-0.03452259208889488,-7.648918018750168e-05,-0.052868005368487236,False,27956,26315,8985,8828,8502
allied,Emma Frost,Elsa Bloodstone,Tank,Damage,0.001550551554281246,-0.0008068915046356498,0.005530348412513161,False,14611,13902,5163,4641,4098
allied,Emma Frost,White Fox,Tank,Support,-0.013397485598033483,2.8052617976905148e-05,-0.010715099002148759,False,16486,15870,7609,5069,3192
allied,Emma Frost,Black Cat,Tank,Damage,-0.0034539892130382895,0.0008220545925754689,0.0004637735418912985,False,10350,10078,4660,3308,2110
allied,Emma Frost,Devil Dinosaur,Tank,Tank,-0.0022813032450757407,0.00013123464197241323,-0.0017465349427662005,False,5983,5672,2568,1900,1204
allied,Emma Frost,Cyclops,Tank,Damage,-0.01545893223402174,-0.0008285520617769015,-0.016477249474661688,False,17876,17053,7631,5611,3811
allied,Emma Frost,Jubilee,Tank,Support,0.006323727172466798,-0.0014244973489104169,-0.007611840223226639,False,42971,41131,17058,13976,10097
allied,Emma Frost,Rogue,Tank,Tank,-0.012340249549091936,-0.00037602264494488135,-0.017588624489329463,False,4367,4081,1617,1332,1132
allied,Emma Frost,The Hood,Tank,Tank,0.00552702746485964,0.000590334295963091,-0.0009459845387591979,False,40056,38635,14302,13045,11288
allied,Emma Frost,Deadpool (Vanguard),Tank,Tank,0.02008445734738044,-0.0006982108863494857,0.02043416755632838,False,3424,3272,1544,1036,692
allied,Emma Frost,Deadpool (Duelist),Tank,Damage,0.029575263358406694,0.0007326030678248335,0.03773306661775194,False,9030,8525,3050,2875,2600
allied,Emma Frost,Deadpool (Strategist),Tank,Support,-0.004070544294268043,-0.0017346771401728848,-0.009605333043526133,False,9357,8966,3880,2943,2143
allied,Phoenix,Daredevil,Damage,Damage,0.0001402974303293139,0.0002201268204062433,-0.0010606966299460644,False,1304,1265,397,388,480
allied,Phoenix,Angela,Damage,Tank,-0.005978906304591557,-0.0002755990491165152,-0.010376122369984949,False,1710,1645,573,596,476
allied,Phoenix,Gambit,Damage,Support,-0.007734069220999561,0.00024675430345591205,-0.001121525714969033,False,8874,8516,3026,2974,2516
allied,Phoenix,Elsa Bloodstone,Damage,Damage,-0.014960563201921864,-0.0004917786863508512,-0.021070027333487222,False,1676,1628,637,556,435
allied,Phoenix,White Fox,Damage,Support,-0.005012597047244318,0.0005564313758870981,0.0010190561969935738,False,4438,4297,2135,1346,816
allied,Phoenix,Black Cat,Damage,Damage,0.0009645191385825782,0.00048482105450643064,-0.0010057851135852787,False,1423,1400,680,434,286
allied,Phoenix,Devil Dinosaur,Damage,Tank,-0.01921298060819185,0.0004332927773663826,-0.02355663359907641,False,2811,2687,1225,888,574
allied,Phoenix,Cyclops,Damage,Damage,0.06774846326045722,0.00019166826533104504,0.06693332861730389,True,8933,8596,3711,2999,1886
allied,Phoenix,Jubilee,Damage,Support,-0.009012679307476037,0.0010863307703905722,-0.0009447724739054602,False,13299,12885,5381,4468,3036
allied,Phoenix,Rogue,Damage,Tank,0.011871141525696502,-0.001008442874249214,0.011165197180061268,True,2577,2444,985,816,643
allied,Phoenix,The Hood,Damage,Tank,-0.015042694161228063,0.0001481367876331526,-0.0167901448445368,False,16798,16422,6102,5710,4610
allied,Phoenix,Deadpool (Vanguard),Damage,Tank,0.025464191218799354,0.00018738135694291202,0.02493344306859766,False,1687,1639,766,530,343
allied,Phoenix,Deadpool (Duelist),Damage,Damage,0.012932047910805966,-0.0004971818794689603,0.00833573742879532,False,1129,1097,409,380,308
allied,Phoenix,Deadpool (Strategist),Damage,Support,-0.014041239735536677,0.0009881978330476895,-0.005949179184842197,False,2711,2621,1196,860,565
allied,Daredevil,Angela,Damage,Tank,-0.013905087900857609,0.0006568566445153999,-0.014629782968555443,False,3552,3346,735,1111,1500
allied,Daredevil,Gambit,Damage,Support,0.013213149500506845,0.0029596576639131502,0.011450091689621257,False,13998,13219,3232,4493,5494
allied,Daredevil,Elsa Bloodstone,Damage,Damage,-0.007281317435520657,0.0005779674196129973,-0.009922495435467868,False,3214,3077,835,979,1263
allied,Daredevil,White Fox,Damage,Support,0.011390877944905212,-0.0005847479947902102,0.008478961906057379,False,7333,7034,2384,2386,2264
allied,Daredevil,Black Cat,Damage,Damage,-0.02415851651123286,-0.0006644122929916098,-0.025389684445611797,False,3090,2990,1051,1031,908
allied,Daredevil,Devil Dinosaur,Damage,Tank,-0.012584076127406552,-0.0004376424439822736,-0.011615761611916698,False,4528,4297,1460,1427,1410
allied,Daredevil,Cyclops,Damage,Damage,0.026408991276713107,-0.0003711939506142281,0.024983785448365832,False,4023,3835,1314,1261,1260
allied,Daredevil,Jubilee,Damage,Support,0.009478943273748373,-0.0014962552553464137,0.008864299272867584,False,19810,19010,5646,6533,6831
allied,Daredevil,Rogue,Damage,Tank,-0.0498366889252117,0.0010323099529505062,-0.05292793535842701,False,4165,3897,1066,1263,1568
allied,Daredevil,The Hood,Damage,Tank,0.01514668423163634,-0.0020907790964580517,0.021364990698644996,False,27265,26294,6790,8637,10867
allied,Daredevil,Deadpool (Vanguard),Damage,Tank,-0.019664724267183378,0.00023219817052820305,-0.020713369247926834,False,2803,2698,877,929,892
allied,Daredevil,Deadpool (Duelist),Damage,Damage,0.00751016034498649,0.00012982186436771598,0.0052921217013532276,False,2702,2575,624,813,1138
allied,Daredevil,Deadpool (Strategist),Damage,Support,-0.010858113038801721,0.0008788837997813951,-0.01336216530811979,False,4633,4445,1340,1522,1583
allied,Angela,Gambit,Tank,Support,-0.012182877505707073,-0.000425197790886718,-0.022899263519900768,False,8157,7696,2224,2593,2879
allied,Angela,Elsa Bloodstone,Tank,Damage,0.0308126317197929,-0.0013155258764835564,0.036625923949681595,False,3737,3576,1131,1229,1216
allied,Angela,White Fox,Tank,Support,-0.015317839790912785,-0.0008235524872629504,-0.00890536555435448,False,4464,4269,1729,1443,1097
allied,Angela,Black Cat,Tank,Damage,-0.035393022905523625,0.0012881107851762917,-0.03653529683437098,False,2800,2718,1088,933,697
allied,Angela,Devil Dinosaur,Tank,Tank,0.03753772564521013,-0.0006344291994620681,0.043804928820833346,False,1542,1461,563,488,410
allied,Angela,Cyclops,Tank,Damage,0.0055637880366934634,0.0005887676685742062,0.005450906399340361,False,4530,4341,1721,1489,1131
allied,Angela,Jubilee,Tank,Support,-0.020005794871495813,-0.0004162801786845637,-0.034134176602582625,False,11623,11126,3905,3917,3304
allied,Angela,Rogue,Tank,Tank,0.024375869670579392,-0.00030788633376817407,0.02434583806059514,False,1002,932,289,322,321
allied,Angela,The Hood,Tank,Tank,0.05179606680448239,-0.00035680130225665657,0.052124130458682756,False,10962,10573,3182,3686,3705
allied,Angela,Deadpool (Vanguard),Tank,Tank,-0.004290484844586227,0.00033233733315179086,-0.00884402727891083,False,774,746,314,222,210
allied,Angela,Deadpool (Duelist),Tank,Damage,0.007208262349833714,0.0005489654182330708,0.011384197441996544,False,2732,2579,698,910,971
allied,Angela,Deadpool (Strategist),Tank,Support,0.005574221439833439,0.0006351693585587586,0.005628200319513699,False,2774,2670,963,906,801
allied,Gambit,Elsa Bloodstone,Support,Damage,0.0016682115353174743,-0.0016338906524999525,0.004026613946104865,False,14852,14216,5090,5122,4004
allied,Gambit,White Fox,Support,Support,-0.0159095620498185,-0.0003991477063573083,-0.017447667009958777,False,9365,8951,3829,2986,2136
allied,Gambit,Black Cat,Support,Damage,0.009846119506314812,-0.003263168035303256,0.007004079641761292,False,10374,10134,4380,3681,2073
allied,Gambit,Devil Dinosaur,Support,Tank,-0.004820349233013443,0.0005398751812648312,-0.014295778840438401,False,12159,11514,4363,4001,3150
allied,Gambit,Cyclops,Support,Damage,-0.03428124997569308,0.0007746743202672494,-0.029641408002323254,True,21272,20331,7785,7114,5432
allied,Gambit,Jubilee,Support,Support,-0.00920059336082269,-0.002308887192602665,0.011525681314604793,True,34094,32597,11852,11595,9150
allied,Gambit,Rogue,Support,Tank,0.18711536533816903,-0.0003564729704692085,0.21233212659692616,True,24394,22920,7321,7910,7689
allied,Gambit,The Hood,Support,Tank,-0.015235087610655146,0.002700284177691421,-0.022640789243367754,False,57009,55031,18120,19652,17259
allied,Gambit,Deadpool (Vanguard),Support,Tank,0.014241759373774896,0.001561247782895874,0.014385732919018067,False,8180,7841,3146,2676,2019
allied,Gambit,Deadpool (Duelist),Support,Damage,0.08863343344111184,0.0024343715854001783,0.10228849372106595,False,14858,13919,3921,4803,5195
allied,Gambit,Deadpool (Strategist),Support,Support,0.01175536706197069,-0.0010861695864187555,0.02097186563415059,False,6669,6392,2343,2243,1806
allied,Elsa Bloodstone,White Fox,Damage,Support,-0.023178874982339847,-0.0006369701056014459,-0.024847432669771664,False,8525,8277,3790,2797,1690
allied,Elsa Bloodstone,Black Cat,Damage,Damage,-0.002793181024750973,-0.00271818885753336,-0.005898831513341297,False,3194,3124,1400,1074,650
allied,Elsa Bloodstone,Devil Dinosaur,Damage,Tank,0.033400404088648215,0.001055191421820984,0.04104939047428387,True,9855,9421,3834,3277,2310
allied,Elsa Bloodstone,Cyclops,Damage,Damage,-0.022945920104130425,-0.0008028048118400466,-0.03212953302605056,False,5062,4872,2043,1684,1145
allied,Elsa Bloodstone,Jubilee,Damage,Support,-0.017035247292842705,0.0017172625733033197,-0.015399587647225732,False,24481,23618,9169,8336,6113
allied,Elsa Bloodstone,Rogue,Damage,Tank,-0.0217711783672787,0.0013307133862499828,-0.020200098413817962,False,4255,4012,1433,1382,1197
allied,Elsa Bloodstone,The Hood,Damage,Tank,-0.018931628396718782,9.342402160907701e-05,-0.015050711890940167,False,30284,29435,10625,10487,8323
allied,Elsa Bloodstone,Deadpool (Vanguard),Damage,Tank,-0.02604551190138831,0.0011110086934909636,-0.0263117706764383,False,4076,3939,1679,1337,923
allied,Elsa Bloodstone,Deadpool (Duelist),Damage,Damage,-0.006049967994576352,-0.0006840142750822397,-0.013048287782747924,False,3185,3058,1010,1042,1006
allied,Elsa Bloodstone,Deadpool (Strategist),Damage,Support,-0.018309056698694478,0.0018351332997969317,-0.016179899458177494,False,5695,5494,2244,1904,1346
allied,White Fox,Black Cat,Support,Damage,0.044817203330473475,-0.0017892083636392028,0.04542547466042775,True,9679,9483,4701,3107,1675
allied,White Fox,Devil Dinosaur,Support,Tank,0.007659259748639393,-0.0005996167674107201,0.017822175059854423,False,7567,7291,3807,2266,1218
allied,White Fox,Cyclops,Support,Damage,0.0010871596552302933,-9.501506389936246e-05,0.0092269785489535,False,11147,10776,5621,3257,1898
allied,White Fox,Jubilee,Support,Support,-0.011643361857662873,0.0007462976475701081,-0.013508358019386633,False,17119,16569,8100,5502,2967
allied,White Fox,Rogue,Support,Tank,0.014282767238066258,-0.0010831498598269011,0.029355554420181236,False,4611,4359,2028,1375,956
allied,White Fox,The Hood,Support,Tank,-0.018216636562722408,-0.0017618354651849576,-0.00846882223042862,False,36442,35498,15462,11877,8159
allied,White Fox,Deadpool (Vanguard),Support,Tank,-0.00288787044936599,0.00012977403947529479,0.012135820349461032,False,4654,4510,2407,1385,718
allied,White Fox,Deadpool (Duelist),Support,Damage,0.015046849114733587,0.00023410221520026654,0.01858251207037838,False,5463,5237,2213,1733,1291
allied,White Fox,Deadpool (Strategist),Support,Support,0.026239611057487868,0.0013999108753886345,0.016222262757942783,False,3147,3059,1516,961,582
allied,Black Cat,Devil Dinosaur,Damage,Tank,0.004517676528204389,-0.001618320702085403,0.009415052825597892,False,4722,4629,2338,1487,804
allied,Black Cat,Cyclops,Damage,Damage,0.013398802172178162,-0.0016136914304642714,0.01005326317231443,False,4322,4244,2129,1375,740
allied,Black Cat,Jubilee,Damage,Support,-0.000765830304811215,-0.0014041715736515684,-0.0033191743074058805,False,18260,17911,8322,6185,3404
allied,Black Cat,Rogue,Damage,Tank,0.0008944105309958209,-0.000883924610802854,0.005520146810520594,False,3352,3237,1422,1075,740
allied,Black Cat,The Hood,Damage,Tank,0.016018342439448455,-0.0018936915940319893,0.0243375956544054,False,23679,23341,10220,8230,4891
allied,Black Cat,Deadpool (Vanguard),Damage,Tank,-0.023621760788984203,0.0009577685602271515,-0.02311335046110391,False,2736,2678,1353,846,479
allied,Black Cat,Deadpool (Duelist),Damage,Damage,-0.015062481092034933,0.0002642848130706345,-0.019996448941247528,False,2086,2039,868,671,500
allied,Black Cat,Deadpool (Strategist),Damage,Support,-0.0006879876755617541,-4.0160807023562745e-05,-0.0025788775788687535,False,4280,4182,1931,1422,829
allied,Devil Dinosaur,Cyclops,Tank,Damage,0.0035535463424255093,-0.0017560205550149017,0.004758450683379659,False,7958,7633,3715,2478,1440
allied,Devil Dinosaur,Jubilee,Tank,Support,0.041465914833728273,-0.0004212683905151564,0.03727460795392402,False,20874,20031,8984,6856,4191
allied,Devil Dinosaur,Rogue,Tank,Tank,-0.0024558426424640205,-0.0002108495181275395,-0.01031471663888887,False,1714,1609,692,558,359
allied,Devil Dinosaur,The Hood,Tank,Tank,-0.004883267375381927,0.001138555173868999,-0.01732921422756883,False,18437,17858,7360,6128,4370
allied,Devil Dinosaur,Deadpool (Vanguard),Tank,Tank,0.02802554430110505,0.0009238661121013225,0.025442785284153877,False,1479,1408,735,428,245
allied,Devil Dinosaur,Deadpool (Duelist),Tank,Damage,0.003152460044026875,-0.0002726928365877954,0.008415774562098348,False,3884,3728,1506,1224,998
allied,Devil Dinosaur,Deadpool (Strategist),Tank,Support,0.03893027674779694,-0.0026912965692829807,0.044402743164914306,False,4802,4645,2202,1512,931
allied,Cyclops,Jubilee,Damage,Support,-0.02302194418794155,0.0016364583027014593,-0.015359499402753172,False,31608,30456,13684,10242,6530
allied,Cyclops,Rogue,Damage,Tank,0.00853269302516028,-0.0012820164691906481,0.010434910424832721,False,5947,5643,2370,1852,1421
allied,Cyclops,The Hood,Damage,Tank,0.0014054166322652545,-0.0002776725245905868,0.0044948335488114765,False,40190,39017,15764,13360,9893
allied,Cyclops,Deadpool (Vanguard),Damage,Tank,-0.007954422076121126,-0.002711259898445491,-0.00926515891115183,False,4644,4492,2260,1427,805
allied,Cyclops,Deadpool (Duelist),Damage,Damage,0.014703530199777002,0.00027649006649627344,0.007844839948117716,False,3595,3436,1350,1159,927
allied,Cyclops,Deadpool (Strategist),Damage,Support,0.018690244630522317,-0.00043264877105130743,0.03221943678865016,False,6931,6706,3210,2129,1367
allied,Jubilee,Rogue,Support,Tank,-0.03252384467941229,-0.0007511696873481582,-0.04476098331372922,False,12286,11643,4772,3951,2920
allied,Jubilee,The Hood,Support,Tank,0.07933419955982143,0.0018246110916531088,0.08497239222497263,True,118399,114785,40355,39911,34519
allied,Jubilee,Deadpool (Vanguard),Support,Tank,0.004755769477879679,-0.0007715936048349068,0.001220467792462621,False,11654,11295,5240,3833,2222
allied,Jubilee,Deadpool (Duelist),Support,Damage,-0.03325787746324264,0.0002566279175909629,-0.033224041457983224,False,15499,14890,5498,5264,4128
allied,Jubilee,Deadpool (Strategist),Support,Support,0.010594336564533194,-0.0003930347163588981,0.018407468426449986,False,10756,10423,4624,3537,2262
allied,Rogue,The Hood,Tank,Tank,0.029612018762929224,0.0019474387998225837,0.01876469499000097,False,11499,11049,3928,3684,3437
allied,Rogue,Deadpool (Vanguard),Tank,Tank,0.014820155041289963,-0.0004391608613526328,0.005932948623434511,False,950,892,417,289,186
allied,Rogue,Deadpool (Duelist),Tank,Damage,0.005498826262084985,-0.0009134783430051728,0.0111629043909304,False,3389,3151,1028,1064,1059
allied,Rogue,Deadpool (Strategist),Tank,Support,-0.026777857406769932,-0.00104765386477339,-0.028020247240108747,False,2927,2794,1136,946,712
allied,The Hood,Deadpool (Vanguard),Tank,Tank,0.027737415105789413,-0.0012256762598610402,0.016805450473164136,False,11140,10931,4601,3793,2537
allied,The Hood,Deadpool (Duelist),Tank,Damage,-0.012255593002983263,0.0006952269392212346,-0.006601328702756108,False,22000,21248,6754,7344,7150
allied,The Hood,Deadpool (Strategist),Tank,Support,-0.03174819360268755,0.0007409195404367469,-0.03389124184935041,False,23286,22662,8726,7834,6102
allied,Deadpool (Vanguard),Deadpool (Duelist),Tank,Damage,-0.003591381318031148,0.00018167752744132343,-0.0003070892690323528,False,21,19,5,7,7
allied,Deadpool (Vanguard),Deadpool (Strategist),Tank,Support,-0.00044584752106918316,4.9356069536624214e-05,0.00525416319370042,False,14,14,5,2,7
allied,Deadpool (Duelist),Deadpool (Strategist),Damage,Support,-0.008531343223457636,7.732303082163934e-05,-0.004753966667593613,False,35,32,9,14,9
opposing,Hulk,The Punisher,Tank,Damage,-0.0033406881248112105,0.0012186179659414128,-0.007692735321139278,False,5953,5718,1796,1838,2084
opposing,Hulk,Storm,Tank,Damage,0.011404386883623082,-0.00045013642432655524,0.007081971379481112,False,3656,3494,969,1177,1348
opposing,Hulk,Loki,Tank,Support,-0.011171340126922552,-5.6965791006108156e-05,-0.010749180174720081,False,4032,3882,890,1183,1809
opposing,Hulk,Human Torch,Tank,Damage,0.01048636405906395,-0.0011193351149595314,0.011107113285093324,False,4429,4194,914,1482,1798
opposing,Hulk,Doctor Strange,Tank,Tank,-0.010165849334989225,0.0004085561206381673,-0.007988895069952748,False,11281,10724,2923,3835,3966
opposing,Hulk,Mantis,Tank,Support,-0.014411392509477977,-0.0005362014782503948,-0.009095607913541096,False,12320,11681,2346,3551,5784
opposing,Hulk,Hawkeye,Tank,Damage,-0.0015783595838728462,0.0008369924807077634,-0.0017235999684076305,False,3163,3006,904,1120,982
opposing,Hulk,Captain America,Tank,Tank,-0.01701910708568476,0.0008970921748768976,-0.016465374595376295,False,2796,2658,805,886,967
opposing,Hulk,Rocket Raccoon,Tank,Support,0.025813631355833377,0.0003873623708856067,0.026776174051304367,False,16346,15624,4077,5292,6255
opposing,Hulk,Hela,Tank,Damage,-0.02590720630150339,-0.0003665758810678406,-0.0347467152813921,False,8966,8538,1998,2723,3817
opposing,Hulk,Cloak & Dagger,Tank,Support,-0.0036444725252679716,-0.00017904059289010246,-0.005441230015224629,False,24540,23382,6972,7992,8418
opposing,Hulk,Black Panther,Tank,Damage,0.010420687648880286,-0.0008247733003020676,-0.0009527317635836243,False,5742,5460,1280,1892,2288
opposing,Hulk,Groot,Tank,Tank,-0.023991874179219407,-0.0004771350297172515,-0.024804587735651147,False,5042,4831,1322,1609,1900
opposing,Hulk,Ultron,Tank,Support,0.004341182068426154,-0.0006541892206929158,0.006290385847885098,False,3164,2929,842,1037,1050
opposing,Hulk,Magik,Tank,Damage,0.00231145617318672,0.0019242412169658166,0.008833424217288693,False,12803,12234,3124,4160,4950
opposing,Hulk,Moon Knight,Tank,Damage,0.008722537594060597,0.0009431412126025449,0.008666016532071063,False,4151,3917,1555,1350,1012
opposing,Hulk,Luna Snow,Tank,Support,-0.005346034246264959,0.0014752694163585405,-0.0015336835650814717,False,15753,15063,3691,4973,6399
opposing,Hulk,Squirrel Girl,Tank,Damage,0.005258117771360915,-0.0010778953938630424,0.0020386097810835054,False,2355,2259,1110,723,426
opposing,Hulk,Black Widow,Tank,Damage,-0.009393145394497825,0.0020122075258197573,-0.017475444852410316,False,6800,6469,1491,1939,3039
opposing,Hulk,Iron Man,Tank,Damage,-0.015628931035960678,-3.327835806520556e-05,-0.017841577357134857,False,3986,3793,1269,1454,1070
opposing,Hulk,Venom,Tank,Tank,0.016072277838115392,0.00039739129048671886,0.02544578696116179,False,8843,8433,2310,2771,3352
opposing,Hulk,Spider-man,Tank,Damage,0.0033603905847560947,-0.0005402763048756938,0.002339803745719444,False,11537,11009,2659,3786,4564
opposing,Hulk,Magneto,Tank,Tank,0.01737871120617038,-0.003387231935876515,0.0013993789851902778,False,31883,30378,7232,9728,13418
opposing,Hulk,Scarlet Witch,Tank,Damage,0.012794222007408467,2.9881467425327574e-05,0.012048877345008284,False,3506,3376,1551,1119,706
opposing,Hulk,Thor,Tank,Tank,-0.0005264494667945543,-0.000401917066850436,-0.0002827251332237892,False,7043,6703,1933,2276,2494
opposing,Hulk,Mister Fantastic,Tank,Damage,-0.013825858519426783,0.00030795574630877205,-0.01643989327995415,False,3481,3336,1060,1193,1083
opposing,Hulk,Winter Soldier,Tank,Damage,-0.03421038454186148,-0.0016557016478141707,-0.04366415377178648,False,18313,17460,4169,5773,7518
opposing,Hulk,Peni Parker,Tank,Tank,-0.040473788328763166,0.0007722954257276661,-0.03719056350880637,False,3449,3261,999,1091,1171
opposing,Hulk,Star-lord,Tank,Damage,-0.025492468999164967,-0.0007464702731406785,-0.031847401564753075,False,4241,4075,1108,1423,1544
opposing,Hulk,Blade,Tank,Damage,0.023272792209627535,0.0015960874409663946,0.02784716363377654,False,3885,3693,1259,1228,1206
opposing,Hulk,Namor,Tank,Damage,0.011275338744715748,0.0011031807023797271,0.0042777982421294556,False,6021,5756,1844,2024,1888
opposing,Hulk,Adam Warlock,Tank,Support,0.012767619096491994,0.0001731486468973109,0.011219972917882872,False,3179,3006,748,964,1294
opposing,Hulk,Jeff The Land Shark,Tank,Support,0.003383338805868649,7.483445038168e-05,0.0028165155691346816,False,5723,5478,1775,1922,1781
opposing,Hulk,Psylocke,Tank,Damage,-0.0051055993386295,0.0009782618400877969,-0.008672737263317128,False,3913,3745,976,1207,1562
opposing,Hulk,Wolverine,Tank,Damage,0.042520068314279506,-0.0006996919016731978,0.05017915472813253,False,3711,3531,782,1099,1650
opposing,Hulk,Invisible Woman,Tank,Support,0.009857102255570209,-0.0002158389342352514,0.005827078816467775,False,18362,17571,4610,5861,7100
opposing,Hulk,The Thing,Tank,Tank,-0.0009984775370303594,0.0011937284340871872,0.014237545332023253,False,10154,9705,2449,3186,4070
opposing,Hulk,Iron Fist,Tank,Damage,0.02071048540860843,0.00011866244872428479,0.028374291226300016,False,7226,6891,1527,2323,3041
opposing,Hulk,Emma Frost,Tank,Tank,0.025289230701622215,-4.030571599659773e-05,0.03075271541170759,False,13597,12893,3887,4302,4704
opposing,Hulk,Phoenix,Tank,Damage,-0.02218578610429531,0.00012052942813645528,-0.028974179891126235,False,3616,3472,1083,1216,1173
opposing,Hulk,Daredevil,Tank,Damage,0.008718705177835094,-0.0018911639136170266,0.011816311421124461,False,6515,6166,1273,1853,3040
opposing,Hulk,Angela,Tank,Tank,-0.002972580706194566,-0.0010722368457978747,-0.002714998182172061,False,3948,3717,890,1281,1546
opposing,Hulk,Gambit,Tank,Support,-0.01442848895262189,-0.00023817781213999594,-0.014486848405853221,False,15666,14835,3852,5114,5869
opposing,Hulk,Elsa Bloodstone,Tank,Damage,-0.011210815232226137,-0.0019173043542839922,-0.017341691807506304,False,6985,6674,1930,2311,2433
opposing,Hulk,White Fox,Tank,Support,-0.010827278957548628,0.0013470087044801515,-0.004668880488355762,False,7879,7578,2772,2634,2172
opposing,Hulk,Black Cat,Tank,Damage,0.008167399811895158,-0.0001975071529677021,0.008263731121726053,False,5288,5156,1797,1895,1464
opposing,Hulk,Devil Dinosaur,Tank,Tank,-7.027399008333832e-05,-0.0001880688931692676,0.0074867744803912666,False,5841,5558,1935,1935,1688
opposing,Hulk,Cyclops,Tank,Damage,0.023716061596387977,1.0047457270946284e-05,0.024154477525950065,False,8476,8118,2837,2822,2459
opposing,Hulk,Jubilee,Tank,Support,-0.026269273666981993,-0.0007408227488548305,-0.017787223966460552,False,22618,21660,6983,7601,7076
opposing,Hulk,Rogue,Tank,Tank,0.029588805017727465,-0.0018596122589327891,0.03637172950528264,False,4324,4027,1174,1332,1521
opposing,Hulk,The Hood,Tank,Tank,-0.01880440760496383,0.0029659010768765806,-0.020369089483144035,False,31589,30509,8491,10499,11519
opposing,Hulk,Deadpool (Vanguard),Tank,Tank,-0.006807098836083031,-5.533634336545205e-05,-0.005877696967430379,False,3193,3073,1134,1049,890
opposing,Hulk,Deadpool (Duelist),Tank,Damage,0.023134018962869388,-0.0008213589213832258,0.020344117937626624,False,4450,4234,1080,1404,1750
opposing,Hulk,Deadpool (Strategist),Tank,Support,0.005042499936757675,0.0011521545650822107,0.010832527326562019,False,4869,4679,1515,1634,1530
opposing,The Punisher,Storm,Damage,Damage,0.014996069009735855,0.0003872189126391298,0.01747863597503559,False,3429,3305,1197,1110,998
opposing,The Punisher,Loki,Damage,Support,0.0030566513602229973,0.0009603701804085528,0.0021433668931423403,False,3642,3510,1148,1078,1284
opposing,The Punisher,Human Torch,Damage,Damage,-0.002351915444638303,0.0005507302932981841,-0.004245905961597301,False,4264,4068,1254,1364,1450
opposing,The Punisher,Doctor Strange,Damage,Tank,0.012786058220044616,-0.0006514786497527487,0.014992578566701676,False,10472,10003,3789,3314,2900
opposing,The Punisher,Mantis,Damage,Support,-0.023264332310078645,-0.0023072139251180137,-0.029145198878602684,False,11043,10535,2912,3306,4317
opposing,The Punisher,Hawkeye,Damage,Damage,-0.003916380906047747,0.0005634174017822613,-0.006912591247175475,False,3139,3014,1161,1058,795
opposing,The Punisher,Captain America,Damage,Tank,-0.011853080282593654,0.00028760254622580626,-0.011188974870128165,False,2661,2543,1101,757,685
opposing,The Punisher,Rocket Raccoon,Damage,Support,-0.00015070258807421073,-0.0014167004487850227,-0.0016757984041462799,False,14289,13745,4853,4460,4432
opposing,The Punisher,Hela,Damage,Damage,0.00710798559498614,-0.0012051249455058283,0.009869683105409002,False,8175,7788,2469,2354,2965
opposing,The Punisher,Cloak & Dagger,Damage,Support,-0.00252080993070404,-0.0019757525339371574,-0.0015972662398142162,False,23194,22254,8672,7211,6371
opposing,The Punisher,Black Panther,Damage,Damage,-0.004993909229647097,0.0015405235281054093,-0.0023444467785712257,False,4675,4473,1414,1464,1595
opposing,The Punisher,Groot,Damage,Tank,0.014290354749330927,0.0008956808650795901,0.016311498843157732,False,4392,4205,1480,1358,1367
opposing,The Punisher,Ultron,Damage,Support,0.018283118597022606,0.0005443094322710801,0.01754164786981035,False,2968,2769,1083,893,793
opposing,The Punisher,Magik,Damage,Damage,0.002626823302137845,-0.0013559362304375372,-0.003920989469647683,False,11117,10711,3728,3488,3495
opposing,The Punisher,Moon Knight,Damage,Damage,-0.0153550463949869,-0.0003214801493562931,-0.01746326438974173,False,4377,4185,2036,1345,804
opposing,The Punisher,Luna Snow,Damage,Support,-0.0011979796382609665,0.0029098272634966826,0.0021869796537703225,False,14353,13791,4599,4383,4809
opposing,The Punisher,Squirrel Girl,Damage,Damage,-0.005531062303500098,-0.0006867411757857037,-0.00560455355665732,False,2573,2461,1482,657,322
opposing,The Punisher,Black Widow,Damage,Damage,-0.004316496380764886,-0.0005905585847463489,-0.004473324204228844,False,6182,5919,1903,1797,2219
opposing,The Punisher,Iron Man,Damage,Damage,0.025052679347410085,6.65623682372837e-05,0.024128042047254987,False,3953,3803,1718,1228,857
opposing,The Punisher,Venom,Damage,Tank,0.02069461885391075,0.00048476593634327,0.02335968752960346,False,7781,7459,2775,2321,2363
opposing,The Punisher,Spider-man,Damage,Damage,-0.019735407935289696,-0.0013546493839485042,-0.02169315232720968,False,10298,9858,3225,3208,3425
opposing,The Punisher,Magneto,Damage,Tank,-0.03764331036161635,0.0005713788714575643,-0.030849584215041238,False,27803,26644,8456,8465,9723
opposing,The Punisher,Scarlet Witch,Damage,Damage,-0.013022783118796585,-0.00030399571696326593,-0.01330931006926801,False,3744,3631,2080,995,556
opposing,The Punisher,Thor,Damage,Tank,-0.009026094919243555,0.00026061361617665997,-0.00572926399584615,False,6077,5862,2249,1888,1725
opposing,The Punisher,Mister Fantastic,Damage,Damage,0.02854859362527987,0.00024742761609864843,0.03001972993635112,False,3120,3009,1199,1009,801
opposing,The Punisher,Winter Soldier,Damage,Damage,0.005917403391854978,-0.0011654913981344235,0.0059763593597475595,False,16189,15512,5098,4974,5440
opposing,The Punisher,Peni Parker,Damage,Tank,0.0014813973412385315,-0.0002603281899339901,-0.0031883899053021386,False,3434,3291,1343,1014,934
opposing,The Punisher,Star-lord,Damage,Damage,-0.01960884358871667,0.00045285299973141566,-0.022664797795734624,False,3872,3730,1357,1203,1170
opposing,The Punisher,Blade,Damage,Damage,0.008183744033808667,0.00015441046622188435,0.005062352562445848,False,3672,3511,1572,1138,801
opposing,The Punisher,Namor,Damage,Damage,-0.007458207292729095,0.00018920435416498879,-0.004930807426555684,False,5724,5515,2277,1800,1438
opposing,The Punisher,Adam Warlock,Damage,Support,-0.021990916515178788,0.0006124917491275615,-0.02330188586251306,False,3038,2898,1020,889,989
opposing,The Punisher,Jeff The Land Shark,Damage,Support,-0.0072148214544154035,0.0017967597921921968,-0.008359623061214587,False,5485,5286,2328,1654,1304
opposing,The Punisher,Psylocke,Damage,Damage,-0.004554921311366099,-0.0011437674239801368,-0.00506001570313587,False,3715,3541,1164,1131,1246
opposing,The Punisher,Wolverine,Damage,Damage,0.02446674267409024,-0.00017225621603022547,0.026565984171682197,False,3148,3017,819,985,1213
opposing,The Punisher,Invisible Woman,Damage,Support,-0.020893305384558712,-0.0003715488486993214,-0.01959584203804152,False,16921,16219,5667,5135,5417
opposing,The Punisher,The Thing,Damage,Tank,0.05488929800747254,0.00024280892494044768,0.05715760203844429,False,9144,8725,2947,2830,2948
opposing,The Punisher,Iron Fist,Damage,Damage,-0.009383208519392507,-0.00047114765581707073,-0.013961782260716643,False,6317,6084,1895,1956,2233
opposing,The Punisher,Emma Frost,Damage,Tank,-0.026538947407654213,-0.0018525191994574165,-0.02820798206874826,False,12682,12071,4787,3812,3472
opposing,The Punisher,Phoenix,Damage,Damage,0.02286846910311319,0.0005134437173108017,0.02550523254580528,False,3569,3450,1406,1124,920
opposing,The Punisher,Daredevil,Damage,Damage,-0.021075249059328175,0.0019559443699961876,-0.025553278035789287,False,5775,5530,1580,1715,2235
opposing,The Punisher,Angela,Damage,Tank,-0.011297338801506893,9.728091501982654e-05,-0.00928562805904321,False,3473,3305,1097,1113,1095
opposing,The Punisher,Gambit,Damage,Support,0.013101081680054182,0.0010168512493230525,0.016320042183664476,False,14425,13743,4792,4412,4539
opposing,The Punisher,Elsa Bloodstone,Damage,Damage,0.020513675578702564,0.00017565489690313032,0.02314763461013667,False,6452,6191,2476,1990,1725
opposing,The Punisher,White Fox,Damage,Support,0.01630612604393802,0.0006418139450908194,0.016465860989201046,False,7508,7266,3568,2192,1506
opposing,The Punisher,Black Cat,Damage,Damage,-0.021234674943633396,-0.0006383710995383426,-0.0231732548577923,False,4733,4638,2304,1468,866
opposing,The Punisher,Devil Dinosaur,Damage,Tank,0.013756913847317972,0.0005485783862829347,0.01393752851332521,False,5040,4845,2340,1447,1058
opposing,The Punisher,Cyclops,Damage,Damage,0.0175898528366389,0.0022392321706410034,0.02206641420818934,False,8381,8076,3686,2491,1899
opposing,The Punisher,Jubilee,Damage,Support,0.014526277797896097,-0.0019911153859821307,0.011561151552314611,False,21657,20887,8693,6802,5392
opposing,The Punisher,Rogue,Damage,Tank,-0.004205202907995135,0.0008972456661479185,-0.003494782675482478,False,4113,3886,1519,1202,1165
opposing,The Punisher,The Hood,Damage,Tank,-0.04636460951048979,-0.0004983768961925122,-0.049399623679470074,False,29053,28208,10269,9181,8758
opposing,The Punisher,Deadpool (Vanguard),Damage,Tank,0.006349455945636568,0.0005853859097379662,0.007892598656690078,False,3180,3078,1469,936,673
opposing,The Punisher,Deadpool (Duelist),Damage,Damage,-0.011998381964020068,-0.00034818156279265523,-0.014508594438235912,False,4537,4348,1549,1407,1392
opposing,The Punisher,Deadpool (Strategist),Damage,Support,0.01796386133857238,-8.903475761620004e-05,0.017456565342429203,False,4579,4420,1941,1390,1089
opposing,Storm,Loki,Damage,Support,0.0018392971708188367,-9.529120058119718e-05,0.001646224313593174,False,2111,2046,613,617,816
opposing,Storm,Human Torch,Damage,Damage,0.01764009347699922,-0.0013202866239359944,0.016062582229250357,False,2520,2406,641,853,912
opposing,Storm,Doctor Strange,Damage,Tank,-0.0013239776041547354,-0.0012776158672637894,0.0009244401891998342,False,6050,5784,1956,2008,1820
opposing,Storm,Mantis,Damage,Support,0.0025882353173971614,0.00023274537611397186,0.0008113205858381171,False,6742,6420,1608,2062,2750
opposing,Storm,Hawkeye,Damage,Damage,-0.0429404084784819,-0.00033956707279450245,-0.05034142246992523,False,1754,1684,561,631,492
opposing,Storm,Captain America,Damage,Tank,-0.011083137883204454,-0.001513960106443051,-0.008701093520835054,False,1450,1396,514,479,403
opposing,Storm,Rocket Raccoon,Damage,Support,-0.03394760543801341,0.00044307827924387316,-0.038824933226797365,False,8670,8325,2537,2849,2939
opposing,Storm,Hela,Damage,Damage,-0.015105844953063902,0.0014602730121196046,-0.015404135331005911,False,5015,4818,1340,1538,1940
opposing,Storm,Cloak & Dagger,Damage,Support,-0.021603145851429084,0.00012097314267828429,-0.022192513267099378,False,14559,13995,5000,4759,4236
opposing,Storm,Black Panther,Damage,Damage,0.013282160986585464,-0.0003894461931676299,0.016110827610439072,False,3111,2964,878,1058,1028
opposing,Storm,Groot,Damage,Tank,0.014632879496455984,0.0013045907376299111,0.018323819343091012,False,2671,2569,780,910,879
opposing,Storm,Ultron,Damage,Support,-0.02836975879211886,0.0006571221640857838,-0.03407045830944328,False,1877,1752,619,561,572
opposing,Storm,Magik,Damage,Damage,0.028088253402539128,0.0001578205788946912,0.022294473594264834,False,6838,6542,1976,2296,2270
opposing,Storm,Moon Knight,Damage,Damage,0.02279862807621984,0.0008333567549774685,0.02245982259464068,False,2505,2401,1054,850,497
opposing,Storm,Luna Snow,Damage,Support,-0.0011792276984936892,-0.0006198654533617393,0.003080456469539023,False,8892,8561,2532,2769,3260
opposing,Storm,Squirrel Girl,Damage,Damage,-0.01985441893541456,0.00045398342530983003,-0.022356660163645806,False,1496,1441,788,450,203
opposing,Storm,Black Widow,Damage,Damage,-0.036197302035075124,-0.000897432721607084,-0.04018747575540477,False,3813,3662,1031,1102,1529
opposing,Storm,Iron Man,Damage,Damage,-0.017215708447464298,-0.0001360739220850889,-0.02280469821573021,False,2385,2272,900,776,596
opposing,Storm,Venom,Damage,Tank,-0.030000075475172625,-0.0013056641406810907,-0.0314139087997611,False,4531,4355,1456,1475,1424
opposing,Storm,Spider-man,Damage,Damage,-0.007751588874521212,-0.0002550752741881409,-0.010033509186100584,False,6179,5930,1777,1967,2186
opposing,Storm,Magneto,Damage,Tank,-0.012791394304663386,-0.00047970239953690154,-0.001567199208293943,False,17948,17230,4895,5565,6770
opposing,Storm,Scarlet Witch,Damage,Damage,0.01431485627741004,0.0005046297769278102,0.01493245903411428,False,2085,2032,1100,606,326
opposing,Storm,Thor,Damage,Tank,-0.025463445662845773,0.00017877011919012654,-0.022386859907298984,False,3691,3542,1194,1191,1157
opposing,Storm,Mister Fantastic,Damage,Damage,0.021906634960992665,-0.0001824990997281863,0.021563533134400074,False,1868,1811,656,624,531
opposing,Storm,Winter Soldier,Damage,Damage,-0.0032613255675928454,-0.0006073261281000761,-0.005219549360976957,False,10280,9920,2854,3254,3812
opposing,Storm,Peni Parker,Damage,Tank,0.03122186388794605,0.0005761745555223482,0.031533179025485254,False,2110,2010,712,663,635
opposing,Storm,Star-lord,Damage,Damage,-0.00918518833678729,-6.109291065155689e-05,-0.01269013156817176,False,2380,2298,746,779,773
opposing,Storm,Blade,Damage,Damage,0.019765360763694444,-0.0004475113322611608,0.01628761718620162,False,2153,2063,832,661,570
opposing,Storm,Namor,Damage,Damage,0.006364742957839101,0.0004587515198707127,0.0087150973995371,False,3505,3367,1280,1141,946
opposing,Storm,Adam Warlock,Damage,Support,-0.01041969613462246,2.460437262839127e-05,-0.009411882050856676,False,1847,1761,519,575,667
opposing,Storm,Jeff The Land Shark,Damage,Support,0.0030359392791953536,-0.00037370478668480306,0.004044863647628026,False,3216,3096,1193,998,905
opposing,Storm,Psylocke,Damage,Damage,-0.0039187102781773914,-0.0002088547039181783,-0.005655789231812933,False,2034,1951,599,688,664
opposing,Storm,Wolverine,Damage,Damage,0.0199258999481731,-0.00012964137274253275,0.020378992583170816,False,1942,1862,478,617,767
opposing,Storm,Invisible Woman,Damage,Support,-0.00921770786106065,-0.00034824542323489034,-0.005588413940575687,False,10455,10034,3108,3337,3589
opposing,Storm,The Thing,Damage,Tank,0.04010791805416138,-0.001160503571850355,0.042342501099705415,False,5754,5503,1661,1846,1996
opposing,Storm,Iron Fist,Damage,Damage,0.058212867631574274,0.00029102103801910374,0.05775909853780661,False,3933,3805,1084,1274,1447
opposing,Storm,Emma Frost,Damage,Tank,-0.008558640968118626,-0.0009277903998644221,-0.00657120666379777,False,7649,7315,2677,2403,2235
opposing,Storm,Phoenix,Damage,Damage,-0.013812209134470026,0.0002986443022974663,-0.015392781395305463,False,2116,2061,771,733,557
opposing,Storm,Daredevil,Damage,Damage,0.0023278689684285924,0.00010880313767785624,-0.0015607920103328464,False,3409,3256,846,1026,1384
opposing,Storm,Angela,Damage,Tank,-0.003014329314952727,0.0008458904634443885,0.0015615724394307002,False,2126,2032,621,721,690
opposing,Storm,Gambit,Damage,Support,0.031673955335673305,0.0005638413006399372,0.038086905929766504,False,9165,8751,2704,3044,3003
opposing,Storm,Elsa Bloodstone,Damage,Damage,0.025242904839488996,0.0008032715348487825,0.026972320767265152,False,4022,3876,1350,1351,1175
opposing,Storm,White Fox,Damage,Support,0.030239052723174873,0.0011937489521118478,0.033012784386873016,False,4341,4203,1913,1374,916
opposing,Storm,Black Cat,Damage,Damage,-0.011106571646255736,-0.0004543274539492828,-0.013517784741145294,False,2793,2749,1181,971,597
opposing,Storm,Devil Dinosaur,Damage,Tank,-0.03371372219390147,0.0001344798086282744,-0.0372488601056413,False,3134,3005,1195,1037,773
opposing,Storm,Cyclops,Damage,Damage,0.0040536862329318265,-0.0006507282503342153,0.0061644728316648315,False,5004,4802,1942,1689,1171
opposing,Storm,Jubilee,Damage,Support,0.03717951367084916,0.0003731207522692971,0.037918422792917315,False,13228,12796,4716,4525,3555
opposing,Storm,Rogue,Damage,Tank,0.03116584740499981,0.00029403595763702274,0.037491584127135706,False,2351,2233,785,812,636
opposing,Storm,The Hood,Damage,Tank,-0.04120425568361501,0.002882009264555427,-0.042026806538606465,False,17751,17213,5627,5964,5622
opposing,Storm,Deadpool (Vanguard),Damage,Tank,0.020097867681571957,-6.671258254408774e-05,0.024820809899667822,False,1820,1769,739,614,416
opposing,Storm,Deadpool (Duelist),Damage,Damage,-0.013171026607913859,-0.0012836992149097462,-0.017057932098162074,False,2643,2520,779,830,911
opposing,Storm,Deadpool (Strategist),Damage,Support,-0.005895448490176507,0.00027396036741006164,-0.008512777331382781,False,2571,2490,954,908,628
opposing,Loki,Human Torch,Support,Damage,-0.003022531056428505,0.0011290250614043053,-0.0023990475554195798,False,2594,2467,586,791,1090
opposing,Loki,Doctor Strange,Support,Tank,0.012266293877443256,0.0015560296575734573,0.014631718072366285,False,6335,6077,1771,2080,2226
opposing,Loki,Mantis,Support,Support,0.02470511681826213,0.0010385407936130324,0.026495955526702746,False,7501,7134,1448,2108,3578
opposing,Loki,Hawkeye,Support,Damage,0.009665819647259941,0.0011894931962909733,0.013297410432648881,False,1903,1830,575,661,594
opposing,Loki,Captain America,Support,Tank,0.01546983364563906,0.0004737554287136945,0.016339189059192724,False,1587,1521,515,469,537
opposing,Loki,Rocket Raccoon,Support,Support,-0.0017072835455414074,-0.0003182448113346171,0.004790750677416298,False,10140,9771,2614,3059,4098
opposing,Loki,Hela,Support,Damage,0.014661411236473396,0.001041158986836235,0.015314755600466466,False,5724,5493,1249,1493,2751
opposing,Loki,Cloak & Dagger,Support,Support,-0.0035687853658414063,0.0024130058446824166,-0.005718409419110018,False,14273,13690,4160,4307,5223
opposing,Loki,Black Panther,Support,Damage,-0.021329057156491738,-0.00044928298014508625,-0.019296177130234272,False,3276,3153,811,1031,1311
opposing,Loki,Groot,Support,Tank,0.0022530896415416334,0.0012554608650547938,0.004779234546113508,False,2943,2829,737,917,1175
opposing,Loki,Ultron,Support,Support,0.007527711470692368,0.0004761890850930104,0.013809121050619443,False,1925,1817,555,578,684
opposing,Loki,Magik,Support,Damage,-0.01891841438193141,4.207216256696702e-05,-0.017310868087525688,False,7489,7189,1928,2360,2901
opposing,Loki,Moon Knight,Support,Damage,-0.008697813914221376,-0.0005646902919895361,-0.010012445975670225,False,2452,2348,957,762,629
opposing,Loki,Luna Snow,Support,Support,0.0035130484098920027,-0.001953170098109481,-0.009269554295126643,False,10019,9608,2400,2872,4336
opposing,Loki,Squirrel Girl,Support,Damage,-0.007451016057650267,-7.050441659366317e-05,-0.008076655375720027,False,1447,1408,707,436,265
opposing,Loki,Black Widow,Support,Damage,-0.020204412272146123,-0.0007217162116806718,-0.018285786856759568,False,4270,4086,920,1139,2027
opposing,Loki,Iron Man,Support,Damage,-0.017740554834581656,0.0009695288415467678,-0.016437069249066058,False,2259,2175,850,724,601
opposing,Loki,Venom,Support,Tank,-0.01979160122695711,-0.0007185253464755961,-0.025309558911308313,False,5181,4963,1472,1538,1953
opposing,Loki,Spider-man,Support,Damage,-0.003498782220971578,-0.002733337264107034,-0.0048271163772584495,False,6836,6566,1789,2025,2752
opposing,Loki,Magneto,Support,Tank,-0.017326406767436058,0.000863331745408328,-0.015970132926215342,False,19823,18972,4429,5571,8972
opposing,Loki,Scarlet Witch,Support,Damage,0.004624739657694684,-0.0005592475565657891,0.0027766178617088027,False,2085,2027,1010,645,372
opposing,Loki,Thor,Support,Tank,0.005791081024735952,4.562584441202667e-05,0.0033955513923628897,False,3856,3685,1161,1130,1394
opposing,Loki,Mister Fantastic,Support,Damage,0.004907014374649357,-0.0002351793728251885,0.005168572869426631,False,2016,1947,646,640,661
opposing,Loki,Winter Soldier,Support,Damage,-0.02299260727974448,0.000474155183498365,-0.021779285982210114,False,11078,10602,2502,3159,4941
opposing,Loki,Peni Parker,Support,Tank,-0.016687591939339996,0.00015935233601192358,-0.013531875941934252,False,2103,2016,642,636,738
opposing,Loki,Star-lord,Support,Damage,-0.029029221546946333,0.00015830757928916644,-0.028719178883627357,False,2498,2413,674,775,964
opposing,Loki,Blade,Support,Damage,0.015130330051785159,0.0004172658199972133,0.019569544044257554,False,2198,2115,777,713,625
opposing,Loki,Namor,Support,Damage,0.014723350627422062,-0.0005466513578227129,0.0161074640662089,False,3414,3292,1070,1154,1068
opposing,Loki,Adam Warlock,Support,Support,-0.001976860545133935,-0.0003311958590326305,-0.001465647326018443,False,1972,1876,469,556,851
opposing,Loki,Jeff The Land Shark,Support,Support,-0.020205573697336922,-0.00043583059666873304,-0.022265528252461357,False,3427,3322,1167,1063,1092
opposing,Loki,Psylocke,Support,Damage,0.027897462981003995,-0.0005506352222368757,0.03183675734646608,False,2294,2202,613,666,923
opposing,Loki,Wolverine,Support,Damage,0.015405696419883801,-0.0009996732714331118,0.01033335921019291,False,2199,2091,435,604,1052
opposing,Loki,Invisible Woman,Support,Support,-0.005099961476075887,0.0013426443824567208,-0.008181541022932238,False,11810,11342,2972,3361,5009
opposing,Loki,The Thing,Support,Tank,-0.0009925229245724481,0.0006175739217262529,-0.004137466035036346,False,6064,5790,1456,1796,2538
opposing,Loki,Iron Fist,Support,Damage,0.026628877233636553,0.0002844186037953882,0.028676479804160052,False,4188,4037,968,1242,1827
opposing,Loki,Emma Frost,Support,Tank,-0.0018794280067353688,0.0004681327199491901,-0.0004710200884389381,False,7823,7467,2338,2281,2848
opposing,Loki,Phoenix,Support,Damage,-0.0009067648525154546,-0.000352282838920932,-0.0011053114003843451,False,2150,2057,645,672,740
opposing,Loki,Daredevil,Support,Damage,0.018039082659969598,0.0015219220633460732,0.020523203697828455,False,3762,3593,760,1058,1775
opposing,Loki,Angela,Support,Tank,-0.008956927309150934,-0.00013832430741088285,-0.01194543171919043,False,2202,2085,514,664,907
opposing,Loki,Gambit,Support,Support,0.01895705520111899,0.00020204157747805374,0.0160769155414402,False,8570,8194,2224,2730,3240
opposing,Loki,Elsa Bloodstone,Support,Damage,-0.0013002448006043752,-0.00037645492066203004,-0.0012743492008583485,False,4460,4265,1184,1283,1798
opposing,Loki,White Fox,Support,Support,0.005646603229123442,-0.00010163661174806877,0.0012715033738057873,False,4700,4548,1809,1467,1272
opposing,Loki,Black Cat,Support,Damage,-0.0009779230442743152,0.0002409179687910314,-0.0029634807932636983,False,3153,3091,1165,1024,902
opposing,Loki,Devil Dinosaur,Support,Tank,0.009595813548872805,-2.7360863785457036e-05,0.01171647982647492,False,3165,3011,1099,982,930
opposing,Loki,Cyclops,Support,Damage,-1.2041798441322609e-05,-0.0006457768064236376,-0.00739199111008955,False,5012,4833,1829,1585,1419
opposing,Loki,Jubilee,Support,Support,-0.007788085616181817,-0.0009926516796342892,-0.013918895709597253,False,13585,13125,4360,4361,4404
opposing,Loki,Rogue,Support,Tank,-0.00940686829929931,0.0005010980514463619,-0.009676927475107,False,2398,2263,720,706,837
opposing,Loki,The Hood,Support,Tank,0.007420020147597033,-0.004033085078876157,0.008728028246462013,False,19257,18676,5310,5914,7452
opposing,Loki,Deadpool (Vanguard),Support,Tank,0.007232328259155506,-0.0009505773642042759,0.0107030317795382,False,1841,1788,641,583,564
opposing,Loki,Deadpool (Duelist),Support,Damage,-0.005548288822454137,0.0011274025070155947,6.419025145805007e-05,False,2728,2623,691,809,1123
opposing,Loki,Deadpool (Strategist),Support,Support,-0.001319601000727755,-0.0003943019104896378,-0.0016246701447385217,False,2930,2829,1013,914,902
opposing,Human Torch,Doctor Strange,Damage,Tank,0.013862278485943916,0.0010414182697356114,0.012774667713652198,False,7477,7123,1989,2648,2486
opposing,Human Torch,Mantis,Damage,Support,0.00612690586324064,-0.00029018384605145997,0.004214010070427558,False,8579,8106,1668,2602,3836
opposing,Human Torch,Hawkeye,Damage,Damage,0.03082505231490173,-0.0004237344758044589,0.032313993912837895,False,2339,2213,628,819,766
opposing,Human Torch,Captain America,Damage,Tank,0.00039599871365148475,0.00021166224137864734,-0.0009755456523258176,False,1691,1608,510,540,558
opposing,Human Torch,Rocket Raccoon,Damage,Support,-0.013932754555307821,-0.00016981378230625542,-0.016886540863238046,False,11279,10760,2785,3797,4178
opposing,Human Torch,Hela,Damage,Damage,0.003948510512257735,-0.00113078014341794,0.008163287297450257,False,6470,6120,1315,1972,2833
opposing,Human Torch,Cloak & Dagger,Damage,Support,-0.013853829148134626,-0.0004476426681020681,-0.01405284685537758,False,17374,16571,4835,5955,5781
opposing,Human Torch,Black Panther,Damage,Damage,-0.02176272354191759,0.000344417120412119,-0.018748928954435425,False,3976,3751,874,1384,1493
opposing,Human Torch,Groot,Damage,Tank,0.006956496329832547,0.0010126816924827427,0.004736220222014679,False,3257,3093,786,1092,1215
opposing,Human Torch,Ultron,Damage,Support,-0.022728611643084696,0.0012431525486082259,-0.028302482646264324,False,2094,1938,539,701,698
opposing,Human Torch,Magik,Damage,Damage,0.037104039731897985,0.0023629395454018,0.0350202415558812,False,8607,8185,2128,2871,3186
opposing,Human Torch,Moon Knight,Damage,Damage,0.019940201590708903,0.0010240515561571,0.022361440716197667,False,2928,2764,1028,1046,690
opposing,Human Torch,Luna Snow,Damage,Support,0.006583379545122276,5.846616439684973e-05,0.011235074739122513,False,11568,11008,2679,3714,4615
opposing,Human Torch,Squirrel Girl,Damage,Damage,0.03605751635628381,0.00011034681845691498,0.04101694867729724,False,1661,1585,729,549,307
opposing,Human Torch,Black Widow,Damage,Damage,0.025686424217443767,-0.0006571214964573593,0.029635667323224438,False,5121,4859,1098,1589,2172
opposing,Human Torch,Iron Man,Damage,Damage,-0.024920826759605757,-0.00016733869327576736,-0.028137507266934186,False,2878,2729,946,994,789
opposing,Human Torch,Venom,Damage,Tank,-0.03465324737701912,-0.0010957095070959395,-0.04163777011250046,False,5772,5499,1546,1829,2124
opposing,Human Torch,Spider-man,Damage,Damage,-0.046203621644897455,0.0009776318166369066,-0.048572985852198124,False,7855,7436,1804,2627,3005
opposing,Human Torch,Magneto,Damage,Tank,0.007594042657118562,-0.0014132017829703546,0.01606783120910275,False,22392,21302,4828,7222,9252
opposing,Human Torch,Scarlet Witch,Damage,Damage,0.005307059192089973,0.0016561671861624236,0.008192756907877406,False,2305,2228,1030,758,440
opposing,Human Torch,Thor,Damage,Tank,-0.008596249374893549,0.00017395820329687967,-0.008666355514355696,False,4345,4129,1195,1430,1504
opposing,Human Torch,Mister Fantastic,Damage,Damage,0.017397692717617288,8.722286862117584e-06,0.019682594237463467,False,2256,2163,608,813,742
opposing,Human Torch,Winter Soldier,Damage,Damage,-0.018096075250887415,-0.0001887870925451379,-0.018252360293026293,False,12786,12182,2979,4178,5025
opposing,Human Torch,Peni Parker,Damage,Tank,0.006648083686079163,0.001397170009293122,-0.0008550953683207403,False,2564,2415,733,854,828
opposing,Human Torch,Star-lord,Damage,Damage,-0.03407411784754303,0.00018128892561836444,-0.036581456713879155,False,2964,2846,776,981,1089
opposing,Human Torch,Blade,Damage,Damage,0.00810938913247481,-0.0009605390674140627,0.006687886550393218,False,2581,2454,775,894,785
opposing,Human Torch,Namor,Damage,Damage,0.031906600107989805,-0.0007257136503284584,0.03928902184760866,False,4168,3977,1216,1516,1245
opposing,Human Torch,Adam Warlock,Damage,Support,-0.024773687840087256,0.0007827022777741616,-0.02613843759898904,False,2059,1955,478,645,832
opposing,Human Torch,Jeff The Land Shark,Damage,Support,0.0005753656972811481,0.0014289095808668903,0.0006984034884900763,False,3867,3679,1200,1292,1187
opposing,Human Torch,Psylocke,Damage,Damage,0.010432320605733526,1.1227421378071319e-05,0.012832042848719659,False,2834,2689,730,888,1071
opposing,Human Torch,Wolverine,Damage,Damage,-0.0012552672432642473,-0.0004526861007849553,0.0004920507423272829,False,2463,2308,470,798,1040
opposing,Human Torch,Invisible Woman,Damage,Support,0.019737166107733094,-0.0013889044287639597,0.026407504394832804,False,12739,12136,3172,4232,4732
opposing,Human Torch,The Thing,Damage,Tank,-0.020499018333286066,-0.0029959371368351267,-0.030137609159925107,False,7293,6904,1778,2351,2775
opposing,Human Torch,Iron Fist,Damage,Damage,0.01953069929579216,-0.001197180625854555,0.01897107546107073,False,4919,4689,1054,1613,2022
opposing,Human Torch,Emma Frost,Damage,Tank,0.021410906014868676,-0.0013629056979533704,0.021727462650819165,False,9250,8713,2701,3025,2987
opposing,Human Torch,Phoenix,Damage,Damage,0.0021501065774712064,9.869367659567465e-05,0.004835238299499869,False,2660,2560,819,944,797
opposing,Human Torch,Daredevil,Damage,Damage,-0.002587812155728966,-0.0006035117634680277,-0.003881008898514208,False,4515,4283,871,1417,1995
opposing,Human Torch,Angela,Damage,Tank,0.008713166665605126,0.000823961814289649,0.009563454237608276,False,2660,2491,617,865,1009
opposing,Human Torch,Gambit,Damage,Support,-0.037100052896537034,-0.000768321377098019,-0.039862168210954604,False,10905,10304,2620,3687,3997
opposing,Human Torch,Elsa Bloodstone,Damage,Damage,-0.033648231119008526,-0.0004389323777322669,-0.03364138734200337,False,4780,4565,1389,1646,1530
opposing,Human Torch,White Fox,Damage,Support,0.024320555870788758,3.795728863058416e-05,0.025776160548454167,False,5127,4908,1894,1670,1344
opposing,Human Torch,Black Cat,Damage,Damage,-0.03798170908150288,-0.00042557042709761574,-0.039554214445303416,False,3118,3047,1146,1095,806
opposing,Human Torch,Devil Dinosaur,Damage,Tank,0.02127760888438691,-0.00037479245612540767,0.01888998107325294,False,3682,3480,1188,1257,1035
opposing,Human Torch,Cyclops,Damage,Damage,-0.024652406405410995,0.0006459677216559537,-0.021849388491836614,False,5878,5610,1923,2034,1653
opposing,Human Torch,Jubilee,Damage,Support,0.03711470712496664,0.0005268779084267237,0.03726720054931502,False,15342,14679,4569,5394,4716
opposing,Human Torch,Rogue,Damage,Tank,0.02803388391104479,0.0004920275659276503,0.028960276125374506,False,2883,2676,773,950,953
opposing,Human Torch,The Hood,Damage,Tank,-0.015539081254046827,-0.00010095231805101505,-0.01851734294963444,False,21558,20787,5660,7431,7696
opposing,Human Torch,Deadpool (Vanguard),Damage,Tank,0.0015857240298947058,0.00027507510101119827,-0.0008230611896689368,False,2017,1933,672,703,558
opposing,Human Torch,Deadpool (Duelist),Damage,Damage,-0.01723502520033226,0.0001352713704965023,-0.018458331852065146,False,2938,2778,750,962,1066
opposing,Human Torch,Deadpool (Strategist),Damage,Support,0.017514477767271608,-4.235158061234396e-05,0.017245074828761878,False,3097,2955,936,1090,929
opposing,Doctor Strange,Mantis,Tank,Support,0.010465293107937918,-0.0009842327384441117,0.01716750702659625,False,19495,18571,4962,6296,7313
opposing,Doctor Strange,Hawkeye,Tank,Damage,-0.030160778623147373,0.0006303100994961089,-0.030316038879730067,False,5717,5476,1893,2103,1480
opposing,Doctor Strange,Captain America,Tank,Tank,-0.009192134977545171,-0.0014625313137169365,-0.01117518401794236,False,4619,4383,1570,1582,1231
opposing,Doctor Strange,Rocket Raccoon,Tank,Support,0.0003566057866484121,-0.001248018965688745,-0.005383768635862857,False,25982,24863,7982,8771,8110
opposing,Doctor Strange,Hela,Tank,Damage,-0.009223862252434335,9.093366845547373e-05,-0.01297477493233226,False,14701,13994,4294,4598,5102
opposing,Doctor Strange,Cloak & Dagger,Tank,Support,0.026760645425523432,-0.0033881903896943095,0.027238815311866435,False,41244,39508,14177,13954,11377
opposing,Doctor Strange,Black Panther,Tank,Damage,-0.009834462050533864,0.00017089664254382376,-0.020279939678632838,False,8739,8353,2405,3024,2924
opposing,Doctor Strange,Groot,Tank,Tank,0.027042843480790984,-0.0005692701115938065,0.030340693863172178,False,8515,8140,2548,2996,2596
opposing,Doctor Strange,Ultron,Tank,Support,0.0051740086991824055,0.0015301931272495822,0.004645450178506789,False,5404,5040,1807,1751,1482
opposing,Doctor Strange,Magik,Tank,Damage,-0.021484989054292854,0.0004564638874125011,-0.01443396141442672,False,20002,19165,6180,6787,6198
opposing,Doctor Strange,Moon Knight,Tank,Damage,0.015493416103256462,-0.001320690261680707,0.019408977365612663,False,7577,7213,3314,2490,1409
opposing,Doctor Strange,Luna Snow,Tank,Support,0.003527855668565599,1.6273860264991618e-07,0.006154757791697897,False,25834,24699,7768,8504,8427
opposing,Doctor Strange,Squirrel Girl,Tank,Damage,-0.006319215445108553,0.000537311650042315,-0.007633335288931105,False,4375,4197,2259,1307,631
opposing,Doctor Strange,Black Widow,Tank,Damage,0.007434670163027478,0.0006562069852548822,0.004457239894794529,False,11104,10590,3073,3487,4030
opposing,Doctor Strange,Iron Man,Tank,Damage,0.028264867824481017,-0.000366167081318336,0.03420573166941378,False,7022,6703,2640,2400,1663
opposing,Doctor Strange,Venom,Tank,Tank,-0.02961404340386171,0.0016278125600469166,-0.03101013017307738,False,14506,13838,4625,4775,4438
opposing,Doctor Strange,Spider-man,Tank,Damage,-0.011191812139364012,0.0014208935429451802,-0.010642092287477882,False,18727,17910,5654,6369,5887
opposing,Doctor Strange,Magneto,Tank,Tank,0.022066363119251087,-0.0005784802206064781,0.003067277029863967,False,46685,44730,13653,15485,15592
opposing,Doctor Strange,Scarlet Witch,Tank,Damage,0.005432781003019631,0.00038842836018317453,0.007067691467006463,False,6125,5895,3062,1804,1029
opposing,Doctor Strange,Thor,Tank,Tank,0.011017714958143039,-0.0007007491118669618,0.009296533502053998,False,11366,10855,3846,3849,3160
opposing,Doctor Strange,Mister Fantastic,Tank,Damage,-0.011212128421565472,-0.0005751040310876962,-0.01032233109089193,False,5628,5373,1980,1944,1449
opposing,Doctor Strange,Winter Soldier,Tank,Damage,0.03374157190566549,0.0015841905286336697,0.03515116026237078,False,29816,28469,8576,10138,9755
opposing,Doctor Strange,Peni Parker,Tank,Tank,0.029172561139253837,0.0007117721011721166,0.03942967786848612,False,6113,5800,2146,2025,1629
opposing,Doctor Strange,Star-lord,Tank,Damage,0.017222727834634247,-0.0001734563315186797,0.018888550811273025,False,6966,6694,2263,2282,2149
opposing,Doctor Strange,Blade,Tank,Damage,-0.02177211809386137,-0.0011663611811310861,-0.019062058140202006,False,6509,6206,2495,2143,1568
opposing,Doctor Strange,Namor,Tank,Damage,0.007299026739785308,0.0027559423455428937,0.003063033366272281,False,10404,9986,3891,3581,2514
opposing,Doctor Strange,Adam Warlock,Tank,Support,0.008371531429094737,7.475790064443698e-05,0.003505761723862095,False,5298,5036,1569,1736,1731
opposing,Doctor Strange,Jeff The Land Shark,Tank,Support,-0.03568560781945876,-0.0011352149640140737,-0.04514297834391216,False,9668,9249,3689,3165,2395
opposing,Doctor Strange,Psylocke,Tank,Damage,0.019637632124488272,-0.0003180132815153388,0.022066934961263954,False,6209,5928,1870,2030,2028
opposing,Doctor Strange,Wolverine,Tank,Damage,-0.013156907970247158,0.0005974439136994562,-0.008559700898374299,False,5597,5337,1390,1890,2057
opposing,Doctor Strange,Invisible Woman,Tank,Support,-0.009175378416847355,-0.001715179145843922,-0.018875802829808712,False,28699,27480,8957,9552,8971
opposing,Doctor Strange,The Thing,Tank,Tank,-0.025612144113850398,-0.0004338393267748663,-0.017903770265496225,False,16576,15835,5021,5388,5426
opposing,Doctor Strange,Iron Fist,Tank,Damage,-0.001378573821315286,0.0007535859478114569,0.007006607047909114,False,11146,10698,3058,3740,3900
opposing,Doctor Strange,Emma Frost,Tank,Tank,-0.00878616096826549,-0.0011610265943972887,-0.012305975293197656,False,24343,23105,8404,7988,6713
opposing,Doctor Strange,Phoenix,Tank,Damage,0.014134624255138508,-0.00125379127290178,0.014646694127432865,False,6326,6091,2312,2147,1632
opposing,Doctor Strange,Daredevil,Tank,Damage,0.011815701536700324,-0.0011782718116345123,0.018471573708281695,False,9749,9275,2414,3123,3738
opposing,Doctor Strange,Angela,Tank,Tank,-0.013711674226528423,6.450606250228557e-05,-0.01884719102220748,False,6353,6037,1830,2151,2056
opposing,Doctor Strange,Gambit,Tank,Support,0.006709856669548332,0.0019641087642568336,0.007437121896945401,False,25545,24231,7752,8620,7859
opposing,Doctor Strange,Elsa Bloodstone,Tank,Damage,-0.015156875882880057,-0.0018529298180399482,-0.018522797896325046,False,12287,11779,4057,4215,3507
opposing,Doctor Strange,White Fox,Tank,Support,-0.032292017196852714,0.0032577086387548045,-0.032194918239054106,False,13379,12861,5635,4379,2847
opposing,Doctor Strange,Black Cat,Tank,Damage,-0.0006363925364468112,0.001731266599430812,0.0016777312483917618,False,9026,8820,3814,3134,1872
opposing,Doctor Strange,Devil Dinosaur,Tank,Tank,-0.013159082703242031,-5.3754431040080765e-05,-0.011356628197518967,False,10031,9564,3958,3305,2301
opposing,Doctor Strange,Cyclops,Tank,Damage,0.020666400638652552,0.0003187031359528709,0.0239707392273291,False,14931,14355,5918,4989,3448
opposing,Doctor Strange,Jubilee,Tank,Support,0.016140496473902186,0.00020236834012964165,0.028826792652702486,False,38215,36742,13759,13176,9807
opposing,Doctor Strange,Rogue,Tank,Tank,0.003522563183978942,0.0005368060011316723,0.0025543655343841423,False,7548,7063,2502,2386,2175
opposing,Doctor Strange,The Hood,Tank,Tank,0.002177288965335755,-0.0030016499310912847,9.9629319859131e-05,False,51266,49622,16680,17518,15424
opposing,Doctor Strange,Deadpool (Vanguard),Tank,Tank,0.010041278020832219,0.0013553032899326302,0.009821806781667783,False,5918,5697,2453,1885,1359
opposing,Doctor Strange,Deadpool (Duelist),Tank,Damage,-0.023779284775830616,0.000378375616762591,-0.02864394818047416,False,7926,7556,2399,2699,2458
opposing,Doctor Strange,Deadpool (Strategist),Tank,Support,0.016270122280929486,0.0019173793979408735,0.02125297953882677,False,8044,7753,3076,2758,1919
opposing,Mantis,Hawkeye,Support,Damage,0.0028366320466702627,0.0007895903930067918,0.007292033524641166,False,5845,5578,1571,2024,1983
opposing,Mantis,Captain America,Support,Tank,-0.02777415565510477,-0.0007441519033686833,-0.039269074441530036,False,4865,4635,1272,1516,1847
opposing,Mantis,Rocket Raccoon,Support,Support,-0.0032630867572877894,0.0015263335109997887,0.0056530748675048875,False,29422,28040,6597,9105,12338
opposing,Mantis,Hela,Support,Damage,0.041062440888966496,-0.0004847143029954432,0.046693373102176874,False,16940,16039,3443,4738,7858
opposing,Mantis,Cloak & Dagger,Support,Support,-0.008461636044637243,-0.0024808643771521313,-0.008799868599170781,False,40939,39018,10983,12925,15110
opposing,Mantis,Black Panther,Support,Damage,-0.05561414618004086,-0.0007632676285961741,-0.056189443139071364,False,9859,9327,1980,3073,4274
opposing,Mantis,Groot,Support,Tank,-0.006695439495776318,-0.00022848865883617694,-0.011021798407775646,False,9046,8621,2085,2655,3881
opposing,Mantis,Ultron,Support,Support,0.006634645732268484,0.0015330777744126947,0.015454680436452806,False,5793,5365,1420,1736,2209
opposing,Mantis,Magik,Support,Damage,-0.0346975366351013,-0.002087277188756597,-0.033384921479686136,False,22001,21045,5108,6734,9203
opposing,Mantis,Moon Knight,Support,Damage,0.0197457746238703,0.001362314556854595,0.02366405027233858,False,7462,7077,2578,2479,2020
opposing,Mantis,Luna Snow,Support,Support,0.0123546862119236,0.0006328680464299048,0.0038806547294268365,False,29567,28210,6598,8870,12742
opposing,Mantis,Squirrel Girl,Support,Damage,-0.007393316404286738,-0.0007048095807417169,-0.0063342841230303835,False,4100,3932,1813,1261,858
opposing,Mantis,Black Widow,Support,Damage,0.006953070453874626,-0.0013753390983761546,0.013943840352669453,False,12705,12001,2512,3449,6040
opposing,Mantis,Iron Man,Support,Damage,0.006755748737100957,0.0007565093382210307,0.012798731411732557,False,6901,6563,2150,2316,2097
opposing,Mantis,Venom,Support,Tank,-0.022732881107288713,-0.0016554490335151783,-0.034137891834766884,False,15147,14337,3672,4509,6156
opposing,Mantis,Spider-man,Support,Damage,-0.02405916816919535,-0.00422624287026118,-0.026280091426354523,False,20788,19745,4612,6307,8826
opposing,Mantis,Magneto,Support,Tank,0.023435630004920927,-0.0014204726183015815,0.025928598122196767,False,52480,49960,11342,15887,22731
opposing,Mantis,Scarlet Witch,Support,Damage,0.0020981679403932526,-0.0004614829018935872,0.001611683822400367,False,5874,5651,2496,1820,1335
opposing,Mantis,Thor,Support,Tank,0.014490210124860296,-0.0011454310134907085,0.008078407464076398,False,11578,10982,2923,3499,4560
opposing,Mantis,Mister Fantastic,Support,Damage,-0.00924925207831777,0.0001730584064209664,-0.009079767747505713,False,5646,5410,1470,1842,2098
opposing,Mantis,Winter Soldier,Support,Damage,0.007854468188079803,0.0019111905574527134,0.014601133061747878,False,32488,30931,6934,9924,14073
opposing,Mantis,Peni Parker,Support,Tank,-0.01349144466982651,0.0009797410332864757,-0.015236409495036915,False,6386,6040,1758,1888,2394
opposing,Mantis,Star-lord,Support,Damage,0.02544709221853148,0.0009935134757746984,0.03424413324519085,False,7654,7330,1784,2290,3256
opposing,Mantis,Blade,Support,Damage,-0.012512353036261263,-0.0010629613378061156,-0.009851015287139,False,6521,6181,1879,2088,2214
opposing,Mantis,Namor,Support,Damage,0.02857119625737241,-4.3461925949954586e-05,0.03336374954255872,False,10851,10360,3158,3559,3643
opposing,Mantis,Adam Warlock,Support,Support,-0.007033317949164304,-0.00017204794374763195,-0.0047404599086291075,False,6098,5746,1299,1690,2757
opposing,Mantis,Jeff The Land Shark,Support,Support,-0.01570954373945806,-0.0016394098018628924,-0.014251037589179295,False,10417,9944,3086,3224,3634
opposing,Mantis,Psylocke,Support,Damage,0.019389266648682846,-0.0008300126381240178,0.023942495615260462,False,6861,6536,1542,2044,2950
opposing,Mantis,Wolverine,Support,Damage,-0.008770718703725177,0.0011134600412238398,-0.015187648661211516,False,6542,6207,1150,1830,3227
opposing,Mantis,Invisible Woman,Support,Support,-0.004798133421036527,-9.359410491681009e-05,-0.005123834426642314,False,34102,32441,8000,10348,14093
opposing,Mantis,The Thing,Support,Tank,0.02875171026187754,0.003258484261556595,0.024972742994019432,False,18028,17099,4060,5402,7637
opposing,Mantis,Iron Fist,Support,Damage,-0.0193040225462475,-0.001444654183823753,-0.021320573305553835,False,12747,12168,2526,3763,5879
opposing,Mantis,Emma Frost,Support,Tank,-0.00046146850439027443,-0.0011245469913630716,-0.004239521585576342,False,24160,22834,6369,7341,9124
opposing,Mantis,Phoenix,Support,Damage,0.0004570036899542138,0.0006468515647695409,0.002106387352549707,False,6517,6293,1863,2074,2356
opposing,Mantis,Daredevil,Support,Damage,-0.019331289697285828,0.0006268722562676406,-0.01984100606142822,False,11565,10915,2073,3109,5733
opposing,Mantis,Angela,Support,Tank,-0.026247781386959386,-0.0009160203821812402,-0.037429520407577486,False,7059,6635,1478,2072,3085
opposing,Mantis,Gambit,Support,Support,0.007649382643651001,0.0005438378443293404,0.005414303232039621,False,24945,23546,6291,7996,9259
opposing,Mantis,Elsa Bloodstone,Support,Damage,0.0062440251623231855,0.001614163603104368,0.008890413650090832,False,11665,11128,3169,3753,4206
opposing,Mantis,White Fox,Support,Support,0.009429552074066797,0.0004153117447464924,0.008443261812709525,False,13640,13143,4761,4505,3877
opposing,Mantis,Black Cat,Support,Damage,-0.04736109215862021,-0.0007726117722437532,-0.05346708690424715,False,8137,7919,2861,2852,2206
opposing,Mantis,Devil Dinosaur,Support,Tank,0.042542297737982536,0.00015792723010399983,0.04454358734076075,False,9685,9169,2993,3054,3122
opposing,Mantis,Cyclops,Support,Damage,0.03538555611578898,0.0013348153597117474,0.034107765686075216,False,14904,14258,4729,4723,4806
opposing,Mantis,Jubilee,Support,Support,0.005416896685394196,0.0005655041173282745,0.00438799317805417,False,40570,38867,11594,13349,13924
opposing,Mantis,Rogue,Support,Tank,0.01609802704788481,0.00015467418913159368,0.014512621561943747,False,7466,6935,1866,2258,2811
opposing,Mantis,The Hood,Support,Tank,0.02519210303723771,0.005662077543605245,0.02394199139529269,False,51904,50119,13321,16761,20037
opposing,Mantis,Deadpool (Vanguard),Support,Tank,0.00907557426887232,-0.0005901247059768705,0.0074281664070286815,False,5722,5477,1839,1793,1845
opposing,Mantis,Deadpool (Duelist),Support,Damage,-0.0341575955963702,-0.0012189809665958374,-0.030443820726541847,False,8447,8000,1898,2575,3527
opposing,Mantis,Deadpool (Strategist),Support,Support,0.011458047421114295,-0.0019123047359980634,0.016177187794136398,False,8301,7974,2524,2715,2735
opposing,Hawkeye,Captain America,Damage,Tank,-0.01886143724214104,0.0008332539014006731,-0.022995037446861613,False,1285,1234,501,444,289
opposing,Hawkeye,Rocket Raccoon,Damage,Support,-0.011714972265559991,-0.0006306733235531618,-0.0158135992336907,False,7939,7647,2589,2871,2187
opposing,Hawkeye,Hela,Damage,Damage,-0.008159171690375238,-2.2424218879943068e-05,-0.003935946894137379,False,4738,4518,1396,1601,1521
opposing,Hawkeye,Cloak & Dagger,Damage,Support,0.025718015852832895,-0.0011609707570949962,0.02904341532429192,False,13626,13059,4941,4787,3331
opposing,Hawkeye,Black Panther,Damage,Damage,-0.03647974649505403,0.0009928692628150997,-0.03366625115656681,False,2572,2463,724,934,805
opposing,Hawkeye,Groot,Damage,Tank,-0.0020982820524844204,-0.00032256315388190786,-0.005931413558077155,False,2400,2293,784,850,659
opposing,Hawkeye,Ultron,Damage,Support,-0.0014456096762211863,-5.646008755026432e-05,-0.005781168879961836,False,1530,1436,520,539,377
opposing,Hawkeye,Magik,Damage,Damage,0.0048170681382624665,-0.00010095210392016482,0.0011273748220108157,False,5934,5701,1946,2082,1673
opposing,Hawkeye,Moon Knight,Damage,Damage,0.006156683952536136,-0.0006018473919217053,0.008452304254227055,False,2465,2337,1086,826,425
opposing,Hawkeye,Luna Snow,Damage,Support,-0.005862643149871936,0.0009547700658142849,-0.004188764239164935,False,8070,7746,2540,2826,2380
opposing,Hawkeye,Squirrel Girl,Damage,Damage,0.0036282537589365084,-7.306907334423608e-05,0.006970407659418122,False,1353,1288,690,417,181
opposing,Hawkeye,Black Widow,Damage,Damage,0.003233623918126169,0.0005852611506917491,0.006363705587217404,False,3598,3452,1095,1197,1160
opposing,Hawkeye,Iron Man,Damage,Damage,-0.01884205570816813,-0.000857288565474065,-0.020595371944125574,False,2138,2019,837,765,417
opposing,Hawkeye,Venom,Damage,Tank,0.011063280585790128,0.0017284997777839547,0.00863519794745199,False,3980,3825,1430,1300,1095
opposing,Hawkeye,Spider-man,Damage,Damage,-0.002747863077840843,0.000553251601071703,-0.0006637040125210103,False,5694,5446,1773,2045,1628
opposing,Hawkeye,Magneto,Damage,Tank,-0.01530409581674108,-0.0018317076554348808,-0.010002442233282444,False,15501,14858,4685,5315,4858
opposing,Hawkeye,Scarlet Witch,Damage,Damage,-0.0008493732588626701,0.0008855205816709218,0.002520872448104526,False,1782,1723,939,541,243
opposing,Hawkeye,Thor,Damage,Tank,0.01787466359121434,0.0002547121281665756,0.020193222233332874,False,3243,3099,1193,1134,772
opposing,Hawkeye,Mister Fantastic,Damage,Damage,-0.014807544041663203,0.00042389943123490286,-0.01412199887530349,False,1570,1508,586,543,379
opposing,Hawkeye,Winter Soldier,Damage,Damage,-0.0037005430821097423,-0.0005669660959375363,-0.0017281229634904304,False,9207,8826,2858,3238,2730
opposing,Hawkeye,Peni Parker,Damage,Tank,0.03148298383420927,-0.0002765316195294605,0.026184193392332106,False,1909,1812,671,667,474
opposing,Hawkeye,Star-lord,Damage,Damage,0.010137682936296561,9.156994071495034e-05,0.012144350719923572,False,2088,2020,718,698,604
opposing,Hawkeye,Blade,Damage,Damage,-0.014088597654691433,0.0003244930857139532,-0.016308876592490352,False,1933,1856,784,660,412
opposing,Hawkeye,Namor,Damage,Damage,-0.007628236313112459,0.0004485362113686463,-0.0024315388999258097,False,3184,3047,1229,1138,680
opposing,Hawkeye,Adam Warlock,Damage,Support,0.013579762044568882,-0.0001425782698651549,0.015587130074830154,False,1519,1456,488,512,456
opposing,Hawkeye,Jeff The Land Shark,Damage,Support,-0.011348068334634543,-0.0006482361260582456,-0.014137523243834037,False,2856,2731,1119,949,663
opposing,Hawkeye,Psylocke,Damage,Damage,0.002727857032186577,-5.456094984792741e-05,0.005488284776544928,False,1934,1859,665,663,531
opposing,Hawkeye,Wolverine,Damage,Damage,0.0051956865634814105,-0.0001834863413725496,0.008436143440868567,False,1762,1674,475,657,542
opposing,Hawkeye,Invisible Woman,Damage,Support,-0.02650981326766883,-0.000646515150440911,-0.027042410848913324,False,8931,8573,2916,3063,2594
opposing,Hawkeye,The Thing,Damage,Tank,0.016360314027441935,0.0010409544875687867,0.010280512144964414,False,5086,4873,1655,1756,1462
opposing,Hawkeye,Iron Fist,Damage,Damage,0.04297109778506164,0.0002056669170474333,0.04526376841673774,False,3482,3337,1003,1229,1105
opposing,Hawkeye,Emma Frost,Damage,Tank,-0.012290681504608072,0.0009314505442739754,-0.016363131845068577,False,6787,6458,2550,2293,1615
opposing,Hawkeye,Phoenix,Damage,Damage,0.010280142732861078,-0.00046915882568160545,0.014592739934576902,False,2017,1947,786,689,472
opposing,Hawkeye,Daredevil,Damage,Damage,-0.013562441890181926,-0.00014376568826571074,-0.014756546424467432,False,2950,2829,780,1049,1000
opposing,Hawkeye,Angela,Damage,Tank,-0.011873327144633124,-0.00018106361677198263,-0.013934796982890482,False,1799,1711,567,641,503
opposing,Hawkeye,Gambit,Damage,Support,0.03165252402029454,0.003043100347441856,0.03606241737406196,False,7958,7553,2494,2816,2243
opposing,Hawkeye,Elsa Bloodstone,Damage,Damage,-0.02330007196513109,-0.00015813723780125322,-0.02148831286855977,False,3562,3421,1231,1306,884
opposing,Hawkeye,White Fox,Damage,Support,-0.005277946651335222,0.0005815477698320599,-0.008944218235354271,False,3843,3725,1720,1269,736
opposing,Hawkeye,Black Cat,Damage,Damage,-0.009237814301573546,-0.0005876864008390874,-0.007533745495723757,False,2359,2303,1121,806,376
opposing,Hawkeye,Devil Dinosaur,Damage,Tank,0.009856224370886858,0.000543077991504256,0.005589172888960147,False,2749,2615,1122,955,538
opposing,Hawkeye,Cyclops,Damage,Damage,-0.006234730898943954,-0.0011672550392666607,-0.0009812363575962364,False,4524,4364,1935,1493,936
opposing,Hawkeye,Jubilee,Damage,Support,0.008042871791510902,-0.0013668409304203732,0.0031393223527583507,False,11533,11086,4356,4152,2578
opposing,Hawkeye,Rogue,Damage,Tank,0.006568486868085134,0.0005813815430111499,0.004484124330007154,False,2147,2037,743,746,548
opposing,Hawkeye,The Hood,Damage,Tank,-0.010186354665795682,-0.0004965115420494139,-0.013154648397088674,False,15742,15281,5409,5632,4240
opposing,Hawkeye,Deadpool (Vanguard),Damage,Tank,-0.019632852555348246,0.00026537814575470223,-0.02502459132191743,False,1645,1583,686,551,346
opposing,Hawkeye,Deadpool (Duelist),Damage,Damage,0.0007214098791351183,0.0003178330338433621,0.0019116806210155964,False,2158,2053,700,764,589
opposing,Hawkeye,Deadpool (Strategist),Damage,Support,0.014707217438315032,0.0004067242691631416,0.01266484351226677,False,2356,2263,953,801,509
opposing,Captain America,Rocket Raccoon,Tank,Support,0.006692765236752089,-9.312078553751227e-05,0.003981625541408318,False,6753,6457,2328,2109,2020
opposing,Captain America,Hela,Tank,Damage,0.015475643266837898,-0.0009684689908342823,0.013273945102675481,False,3600,3420,1184,1024,1212
opposing,Captain America,Cloak & Dagger,Tank,Support,-0.007339519487444548,-0.00047940547812189453,-0.01033080986085628,False,10658,10193,4084,3338,2771
opposing,Captain America,Black Panther,Tank,Damage,0.01263193835326748,-5.66983408593461e-05,0.0034841441702053687,False,2318,2182,658,786,738
opposing,Captain America,Groot,Tank,Tank,-0.0005618074884763886,-6.507057833776189e-05,-0.0009419520575153213,False,2072,1982,697,671,614
opposing,Captain America,Ultron,Tank,Support,0.0028296213704516538,-4.379428801314711e-05,0.003935209701773715,False,1311,1210,466,390,354
opposing,Captain America,Magik,Tank,Damage,-0.00417602832745806,-0.000625275147222271,0.0035917623542701333,False,5184,4954,1706,1717,1531
opposing,Captain America,Moon Knight,Tank,Damage,-0.0062315050213087855,-0.0003891785221355435,-0.00599585422233064,False,1891,1800,897,589,314
opposing,Captain America,Luna Snow,Tank,Support,-0.014261995072924229,0.0006898909783320575,-0.012483252717701962,False,6405,6127,2093,1975,2059
opposing,Captain America,Squirrel Girl,Tank,Damage,-0.004273211393716691,-0.0004270517038933661,-0.006589747381647404,False,1139,1087,658,328,101
opposing,Captain America,Black Widow,Tank,Damage,0.003416060092048926,-0.0014447974070022614,-0.00124688846044929,False,2661,2538,762,769,1007
opposing,Captain America,Iron Man,Tank,Damage,0.008187350957862835,-0.0005939444244722544,0.01063386361023026,False,1754,1676,760,537,379
opposing,Captain America,Venom,Tank,Tank,0.004982194411476869,0.0004548045425625162,0.00947748019616507,False,3650,3469,1300,1122,1047
opposing,Captain America,Spider-man,Tank,Damage,0.046565031470426135,0.0009183447709035103,0.05238745721637534,False,4821,4608,1605,1538,1465
opposing,Captain America,Magneto,Tank,Tank,0.011225901043897934,-0.0008719073996329737,-0.008872074013230197,False,12873,12297,3978,4031,4288
opposing,Captain America,Scarlet Witch,Tank,Damage,-0.016219223292071153,0.0006366979861007403,-0.018256010132098495,False,1658,1588,934,445,209
opposing,Captain America,Thor,Tank,Tank,-0.01220492206894235,-0.00015080326487311994,-0.016929942485346593,False,2965,2819,1078,975,766
opposing,Captain America,Mister Fantastic,Tank,Damage,-0.011264590064203417,-0.00041006721016964527,-0.011613574518998535,False,1479,1417,547,516,354
opposing,Captain America,Winter Soldier,Tank,Damage,0.020036180908147048,0.001732378503229462,0.018669157524575708,False,7605,7257,2351,2402,2504
opposing,Captain America,Peni Parker,Tank,Tank,-0.013863515253046538,0.0008547948083565928,-0.009658458924931761,False,1450,1395,582,425,388
opposing,Captain America,Star-lord,Tank,Damage,-0.026082483760674634,0.0007945605397402625,-0.030527318250986684,False,1773,1703,648,535,520
opposing,Captain America,Blade,Tank,Damage,-0.01376494750679013,1.8744991492034818e-05,-0.011385853620417899,False,1698,1605,682,516,407
opposing,Captain America,Namor,Tank,Damage,-0.012976944837531963,-0.0002767675011586999,-0.020729642818826433,False,2669,2552,1059,877,616
opposing,Captain America,Adam Warlock,Tank,Support,0.0050922450202920055,0.0009200847734972865,0.0017103705291883315,False,1205,1141,420,364,357
opposing,Captain America,Jeff The Land Shark,Tank,Support,0.012805003064517153,0.0007025500123267213,0.013151689819103569,False,2520,2419,1014,817,588
opposing,Captain America,Psylocke,Tank,Damage,-0.014464028531139032,0.0004251681964238157,-0.017108719456569825,False,1537,1477,507,492,478
opposing,Captain America,Wolverine,Tank,Damage,-0.012995400340908536,-0.0010866570772673466,-0.00961287412002346,False,1431,1370,423,441,506
opposing,Captain America,Invisible Woman,Tank,Support,0.04590640004957981,0.000445837767566677,0.04706932770569508,False,7437,7080,2513,2354,2213
opposing,Captain America,The Thing,Tank,Tank,-0.01904734300321302,0.000599975708836757,-0.009760125324755167,False,3756,3601,1288,1146,1167
opposing,Captain America,Iron Fist,Tank,Damage,0.004720306671965485,0.0007432521345299881,0.012559576710591191,False,2773,2665,854,923,888
opposing,Captain America,Emma Frost,Tank,Tank,-0.015664530088316045,3.320042071746609e-05,-0.01967368061863498,False,5850,5537,2287,1743,1507
opposing,Captain America,Phoenix,Tank,Damage,0.00541597242015238,-0.000331849489438646,0.0037131236995981993,False,1559,1494,628,490,376
opposing,Captain America,Daredevil,Tank,Damage,-0.015667581687701146,-0.0007519364328862837,-0.013340226699534323,False,2468,2333,670,758,905
opposing,Captain America,Angela,Tank,Tank,0.0034649198303465254,-0.0011202406616339943,0.0015408303949615426,False,1594,1511,505,499,507
opposing,Captain America,Gambit,Tank,Support,-0.02167935092016171,-0.0013384842247737786,-0.023503713525567207,False,6523,6174,2105,2167,1902
opposing,Captain America,Elsa Bloodstone,Tank,Damage,-0.01962076057927588,0.0006220667674271568,-0.024722355436442477,False,2871,2726,1055,934,737
opposing,Captain America,White Fox,Tank,Support,-0.01692040178406494,-0.001143345408191285,-0.012341941247953177,False,3539,3423,1629,1089,705
opposing,Captain America,Black Cat,Tank,Damage,-0.011930134757029484,0.0005168468888727343,-0.012120980954625873,False,2215,2152,954,723,475
opposing,Captain America,Devil Dinosaur,Tank,Tank,0.006597972442799616,0.0003164525795742469,0.012008848322534712,False,2607,2489,1104,832,553
opposing,Captain America,Cyclops,Tank,Damage,0.006249261337198238,-0.0004138246743372883,0.006696818733781207,False,3704,3546,1628,1150,768
opposing,Captain America,Jubilee,Tank,Support,-0.026114202300467987,-0.0004362052650974686,-0.018207916466290632,False,9713,9311,3867,3157,2287
opposing,Captain America,Rogue,Tank,Tank,0.0013891339410731856,-7.523529081270667e-05,0.0006615908364215871,False,1865,1747,632,580,535
opposing,Captain America,The Hood,Tank,Tank,0.0323442829995913,0.0005740318794122604,0.03547657378785192,False,13218,12787,4750,4275,3762
opposing,Captain America,Deadpool (Vanguard),Tank,Tank,-0.01713767459121228,-8.398210381459005e-05,-0.020969648726839474,False,1346,1292,612,409,271
opposing,Captain America,Deadpool (Duelist),Tank,Damage,0.015996807391765008,-0.0002495070068133659,0.014379545460497797,False,1746,1659,574,584,501
opposing,Captain America,Deadpool (Strategist),Tank,Support,-0.017480110889353938,0.0009106573964955913,-0.01591047486113708,False,2062,1992,836,689,467
opposing,Rocket Raccoon,Hela,Support,Damage,-0.024631126842743892,-0.002254269806646332,-0.02867845763319872,False,21224,20223,5528,6291,8404
opposing,Rocket Raccoon,Cloak & Dagger,Support,Support,-0.004272238725030597,-0.0007261596515068712,-0.013358212802117022,False,52403,50252,16703,16844,16705
opposing,Rocket Raccoon,Black Panther,Support,Damage,0.004806552336091895,-0.0008179278370454582,0.010317275654376578,False,12961,12384,3186,4385,4813
opposing,Rocket Raccoon,Groot,Support,Tank,-0.0064091099823188075,-0.0003453748298674557,0.00012852622773561168,False,11600,11114,3399,3715,4000
opposing,Rocket Raccoon,Ultron,Support,Support,0.011977793441032043,0.0018804675178965059,0.012259859420692009,False,8172,7642,2537,2514,2591
opposing,Rocket Raccoon,Magik,Support,Damage,-0.016975962748525586,0.00040899848027748775,-0.01491471789448987,False,29376,28331,8320,9768,10243
opposing,Rocket Raccoon,Moon Knight,Support,Damage,0.01984031012984011,-0.0007553073306246093,0.02230383567935321,False,10519,10027,4283,3452,2292
opposing,Rocket Raccoon,Luna Snow,Support,Support,0.01967858712923505,-0.0015300740935089018,0.003026723869222636,False,40508,38873,10767,12781,15325
opposing,Rocket Raccoon,Squirrel Girl,Support,Damage,0.04910106652919821,-0.0006859757147375769,0.05575532963993878,False,6258,6015,3072,1940,1003
opposing,Rocket Raccoon,Black Widow,Support,Damage,-0.032017979667791845,8.690433490909604e-05,-0.03136515807140674,False,16369,15650,4121,4838,6691
opposing,Rocket Raccoon,Iron Man,Support,Damage,0.027037965195406573,-0.0014000215395659668,0.03414965789012496,False,9966,9563,3596,3439,2528
opposing,Rocket Raccoon,Venom,Support,Tank,-0.0043940005797060205,-0.0012466066249938064,-0.002033713343574614,False,20492,19565,6248,6510,6807
opposing,Rocket Raccoon,Spider-man,Support,Damage,-0.04095226988189461,-7.79818533629127e-05,-0.046751397890342605,False,27322,26191,7509,8989,9693
opposing,Rocket Raccoon,Magneto,Support,Tank,0.025542414930039645,-0.0032612404100534056,0.03919195136052907,False,71381,68352,18439,22407,27506
opposing,Rocket Raccoon,Scarlet Witch,Support,Damage,0.01656258813191369,0.0013919332827688519,0.016417589500659448,False,8740,8464,4258,2677,1529
opposing,Rocket Raccoon,Thor,Support,Tank,-0.0275540212975021,-0.00044514215190821153,-0.02990495470091759,False,16115,15466,5033,5333,5100
opposing,Rocket Raccoon,Mister Fantastic,Support,Damage,0.03328252561627243,9.022107439194212e-06,0.03730191512170685,False,7986,7681,2548,2749,2384
opposing,Rocket Raccoon,Winter Soldier,Support,Damage,-0.0050791679740334935,0.003526226977738678,-0.0014157746578309933,False,43018,41239,11348,13860,16031
opposing,Rocket Raccoon,Peni Parker,Support,Tank,-0.010790102914357756,1.1459523667270962e-05,-0.0012829456500483183,False,8412,8049,2796,2712,2541
opposing,Rocket Raccoon,Star-lord,Support,Damage,-0.035817949061445684,0.0013916595900268852,-0.036145605231984866,False,10232,9844,2969,3355,3520
opposing,Rocket Raccoon,Blade,Support,Damage,-0.022715975284351365,0.0030363686885043917,-0.022796657353441774,False,9299,8877,3301,3090,2486
opposing,Rocket Raccoon,Namor,Support,Damage,0.03881140888282776,-6.425108882946878e-06,0.043417421708994576,False,14507,13970,4983,5001,3986
opposing,Rocket Raccoon,Adam Warlock,Support,Support,0.0057168812504209705,-0.0029990484981895736,0.000818507201126667,False,8114,7739,2202,2492,3045
opposing,Rocket Raccoon,Jeff The Land Shark,Support,Support,-0.009679420411758049,0.0006933339866874582,-0.016633978328015192,False,14502,13947,5229,4651,4067
opposing,Rocket Raccoon,Psylocke,Support,Damage,-0.020496638668659806,-0.0010000227135506835,-0.022395714903951435,False,9165,8799,2593,2928,3278
opposing,Rocket Raccoon,Wolverine,Support,Damage,0.0024904668398655913,-0.00042136656595479155,-0.003985381961873315,False,8329,7921,1917,2559,3445
opposing,Rocket Raccoon,Invisible Woman,Support,Support,0.014186794751056489,-0.001217902632844185,0.007803448741531701,False,46506,44612,13266,14897,16449
opposing,Rocket Raccoon,The Thing,Support,Tank,0.018395593792097265,0.001791552262136019,0.023770228541843977,False,23738,22697,6533,7599,8565
opposing,Rocket Raccoon,Iron Fist,Support,Damage,-0.05289453806031161,0.0002866946354370071,-0.06057647029607737,False,17197,16582,4324,5641,6617
opposing,Rocket Raccoon,Emma Frost,Support,Tank,-0.012424326350886713,0.0003281392608359305,-0.007307003707154491,False,31609,30094,10331,10152,9611
opposing,Rocket Raccoon,Phoenix,Support,Damage,-0.00276630434280043,-0.0013373595732120464,-0.00298640122150068,False,8875,8592,3074,2963,2555
opposing,Rocket Raccoon,Daredevil,Support,Damage,-0.03822693807473581,-0.00044507307415304084,-0.04256517752326086,False,15239,14532,3441,4621,6470
opposing,Rocket Raccoon,Angela,Support,Tank,-0.008739497738228042,-0.002407592279538398,-0.006289427579337673,False,8978,8581,2423,2910,3248
opposing,Rocket Raccoon,Gambit,Support,Support,0.020997967112812734,0.0007522537485343151,0.011680452933113029,False,35439,33751,10451,11909,11391
opposing,Rocket Raccoon,Elsa Bloodstone,Support,Damage,0.0017272542718144222,-0.0006906065944698002,0.00234247936106706,False,17332,16647,5311,5778,5558
opposing,Rocket Raccoon,White Fox,Support,Support,5.383807312550278e-05,0.002227532221463012,-0.012146577587247917,False,20598,19902,8213,6737,4952
opposing,Rocket Raccoon,Black Cat,Support,Damage,-0.0009292657315469216,-0.00020211047202653404,-0.002697849210991119,False,13154,12835,5139,4584,3112
opposing,Rocket Raccoon,Devil Dinosaur,Support,Tank,0.017052355111381496,0.0014888600440377052,0.02577502467084691,False,13607,13020,5060,4481,3479
opposing,Rocket Raccoon,Cyclops,Support,Damage,0.03412019254151107,0.0008783431912869322,0.031217664627811153,False,20951,20163,7811,6874,5478
opposing,Rocket Raccoon,Jubilee,Support,Support,0.009225235622297623,0.0008926435164029142,-0.0006206927499049652,False,57440,55446,19268,19707,16471
opposing,Rocket Raccoon,Rogue,Support,Tank,-0.007443084845595026,0.001365239797914941,-0.0019939054355972725,False,10152,9588,3168,3217,3203
opposing,Rocket Raccoon,The Hood,Support,Tank,-0.010438398737417597,-0.0007909005131679423,-0.0065968631428984245,False,72810,70643,21817,24259,24567
opposing,Rocket Raccoon,Deadpool (Vanguard),Support,Tank,-0.013607898222571222,0.0015916583559856146,-0.008082886284577354,False,8015,7774,3060,2650,2064
opposing,Rocket Raccoon,Deadpool (Duelist),Support,Damage,-0.013925497194424775,-0.0009814473851123026,-0.009149277061554656,False,11413,10920,3295,3765,3860
opposing,Rocket Raccoon,Deadpool (Strategist),Support,Support,0.020720518879846397,0.00048684777489748667,0.017614294846520245,False,12619,12163,4358,4259,3546
opposing,Hela,Cloak & Dagger,Damage,Support,0.0025725000259847856,0.0010674407385696401,0.006607405389135347,False,33309,31777,9981,10169,11627
opposing,Hela,Black Panther,Damage,Damage,0.005792059083125585,0.0007500376044141286,0.0071113403363993015,False,7136,6766,1527,2256,2983
opposing,Hela,Groot,Damage,Tank,-0.011043415377122893,-0.00013886252435591677,-0.009930171643771118,False,6543,6233,1697,1920,2616
opposing,Hela,Ultron,Damage,Support,0.04317506074838918,-0.0007433449749358643,0.048019780717772374,False,4237,3926,1170,1209,1547
opposing,Hela,Magik,Damage,Damage,-0.0007579099839275545,0.0008813137436515333,-0.009769560081422286,False,16288,15578,4247,4840,6491
opposing,Hela,Moon Knight,Damage,Damage,-0.011966555901852992,-0.0005653447866502885,-0.01599675331998108,False,5776,5479,2229,1851,1399
opposing,Hela,Luna Snow,Damage,Support,0.010632976833748314,-0.0017853741419350255,0.0179715036124554,False,22405,21414,5378,6525,9511
opposing,Hela,Squirrel Girl,Damage,Damage,0.014361459242691195,-0.001105841488905659,0.013686311050405308,False,3332,3203,1648,931,624
opposing,Hela,Black Widow,Damage,Damage,-0.04509269945548323,-0.003826156991998152,-0.05070468218774862,False,9966,9464,2180,2741,4543
opposing,Hela,Iron Man,Damage,Damage,0.03923871669757703,0.0014049162001030346,0.037255903722611325,False,4970,4709,1739,1598,1372
opposing,Hela,Venom,Damage,Tank,-0.0005982655608835416,-0.0008795847797143312,0.0016140574636144705,False,11225,10676,3061,3303,4312
opposing,Hela,Spider-man,Damage,Damage,0.0012030605970577367,0.0012035714091653824,-0.0012726649750984228,False,15855,15059,3826,4649,6584
opposing,Hela,Magneto,Damage,Tank,-0.05615059598784104,0.0007495480730152994,-0.049495852991550314,False,42258,40218,9732,12040,18446
opposing,Hela,Scarlet Witch,Damage,Damage,0.010925942629362754,0.001372674284548848,0.010362255075920106,False,4474,4298,2075,1370,853
opposing,Hela,Thor,Damage,Tank,0.0034001556917286754,-0.0008045696271553889,0.010042275403646843,False,8672,8250,2478,2649,3123
opposing,Hela,Mister Fantastic,Damage,Damage,0.007226659534325113,-0.001196676411763236,0.004798982455296015,False,4277,4101,1337,1300,1464
opposing,Hela,Winter Soldier,Damage,Damage,-0.030725783942550502,0.00045235757629500024,-0.03579134162423433,False,24820,23679,5880,7162,10637
opposing,Hela,Peni Parker,Damage,Tank,0.011189919284247356,-0.001475340320960319,0.009559303036704098,False,4835,4591,1483,1449,1659
opposing,Hela,Star-lord,Damage,Damage,0.003234795297668609,-0.0019149961540289822,-0.00018672646126249233,False,5748,5502,1560,1697,2245
opposing,Hela,Blade,Damage,Damage,0.01215106822793344,-9.670584211323654e-06,0.007154004029276633,False,5194,4939,1719,1566,1654
opposing,Hela,Namor,Damage,Damage,0.036398310750808974,0.0015052008280208727,0.040241173397641467,False,8052,7735,2739,2601,2395
opposing,Hela,Adam Warlock,Damage,Support,-0.026946732702807067,-0.001904261736391338,-0.02640248114592024,False,4695,4437,1071,1300,2066
opposing,Hela,Jeff The Land Shark,Damage,Support,-0.004561839352400511,-0.001613928139929891,-0.002900320268773199,False,7733,7416,2567,2380,2469
opposing,Hela,Psylocke,Damage,Damage,-0.0034675012388380244,-0.0014812403207609768,-0.00607866068762952,False,5506,5262,1380,1653,2229
opposing,Hela,Wolverine,Damage,Damage,0.0018394608188590687,0.00019689033148011025,-6.45388947914399e-05,False,5029,4775,1027,1327,2421
opposing,Hela,Invisible Woman,Damage,Support,-0.04431085155167794,-0.0012715741900187919,-0.043465883548376015,False,24951,23812,6412,7293,10107
opposing,Hela,The Thing,Damage,Tank,0.029519297612101134,0.002566745997792948,0.030875620400659345,False,13752,13025,3427,3936,5662
opposing,Hela,Iron Fist,Damage,Damage,-0.02237622683474031,0.001758249433365136,-0.030187300704116245,False,9418,8971,2066,2806,4099
opposing,Hela,Emma Frost,Damage,Tank,-0.009695139479002869,-0.0038808874178623033,-0.007521303346013397,False,18279,17296,5561,5300,6435
opposing,Hela,Phoenix,Damage,Damage,-0.0010170383350816777,0.00097548997578206,-0.00248417415026915,False,4900,4705,1590,1537,1578
opposing,Hela,Daredevil,Damage,Damage,0.027875579671693764,-0.0019650886557782614,0.025120558330890438,False,8826,8361,1711,2463,4187
opposing,Hela,Angela,Damage,Tank,-0.03184617534060411,0.0004193963560577983,-0.030203402658940674,False,5126,4884,1257,1498,2129
opposing,Hela,Gambit,Damage,Support,0.01779299212331936,-0.0002846458253648618,0.02407313936001243,False,20164,19020,5170,6145,7705
opposing,Hela,Elsa Bloodstone,Damage,Damage,0.007764012660253764,0.0004556635745861206,0.007184939995387996,False,8816,8435,2643,2777,3015
opposing,Hela,White Fox,Damage,Support,-0.004234418744134273,-0.0005144127933887991,-0.004167553969705651,False,9899,9482,3892,2958,2632
opposing,Hela,Black Cat,Damage,Damage,0.004684249061166038,-0.0004781455005545315,0.0026261244045671173,False,6034,5895,2428,1900,1567
opposing,Hela,Devil Dinosaur,Damage,Tank,0.008945862651645493,-0.001031725868011565,0.01053020189168879,False,6904,6561,2505,2074,1982
opposing,Hela,Cyclops,Damage,Damage,-0.00801072399651595,-0.0015940680077716452,-0.00777526743444187,False,11265,10768,3983,3456,3329
opposing,Hela,Jubilee,Damage,Support,0.01978171321417086,0.0022131897539702204,0.019948214323298356,False,29601,28396,9443,9416,9537
opposing,Hela,Rogue,Damage,Tank,-0.007399115294558967,0.0024148245888451106,-0.005102820237533731,False,5798,5410,1597,1696,2117
opposing,Hela,The Hood,Damage,Tank,-0.01906614906415447,0.0018189462131381511,-0.017080707952169254,False,40556,39138,11208,12555,15375
opposing,Hela,Deadpool (Vanguard),Damage,Tank,0.01751843929187204,-0.001003835948685222,0.022265255522616073,False,4462,4291,1619,1365,1307
opposing,Hela,Deadpool (Duelist),Damage,Damage,0.006672561555772167,0.003767891727022522,0.0034629659003157305,False,6519,6171,1713,1976,2482
opposing,Hela,Deadpool (Strategist),Damage,Support,-0.0054009357019236415,0.0016552361593724569,-0.006354133400454188,False,6246,6001,2168,1849,1984
opposing,Cloak & Dagger,Black Panther,Support,Damage,-0.007977086879326249,0.0020231697342257293,-0.006809221387759458,False,18158,17264,5085,6058,6121
opposing,Cloak & Dagger,Groot,Support,Tank,-0.011765559901668245,-0.002875990055278551,-0.0080638196526872,False,18204,17466,5991,5971,5504
opposing,Cloak & Dagger,Ultron,Support,Support,-0.009038594980632758,0.0013258908848394525,-0.004268487132376441,False,11818,11023,4089,3614,3320
opposing,Cloak & Dagger,Magik,Support,Damage,-0.03354351300894112,0.0005116240226468836,-0.03629811486224797,False,42073,40429,13713,13737,12979
opposing,Cloak & Dagger,Moon Knight,Support,Damage,0.0058819486478963465,0.0015337544971971793,0.0038557760873758496,False,18406,17566,8212,5897,3457
opposing,Cloak & Dagger,Luna Snow,Support,Support,-0.02639739850477819,-0.003554466765737947,-0.043117510298439424,False,55921,53585,17099,17621,18865
opposing,Cloak & Dagger,Squirrel Girl,Support,Damage,-0.012826664476213999,0.0009522114515791068,-0.016658270665940587,False,10696,10272,5776,3080,1416
opposing,Cloak & Dagger,Black Widow,Support,Damage,-0.007146223935925906,-0.00019823800426464015,-0.006129335797848183,False,25591,24477,7672,7761,9044
opposing,Cloak & Dagger,Iron Man,Support,Damage,0.009618602642085307,0.0006620606549786766,0.011807972092847915,False,16340,15633,6616,5502,3515
opposing,Cloak & Dagger,Venom,Support,Tank,0.059164282878708924,-0.00175132701966245,0.0697642563037648,False,29513,28213,10200,9249,8764
opposing,Cloak & Dagger,Spider-man,Support,Damage,0.020021297771155397,0.0021015909376320397,0.019098962794548036,False,38509,36843,11876,12440,12527
opposing,Cloak & Dagger,Magneto,Support,Tank,-0.012386745672662692,0.0019035254387719598,-0.006808005134499784,False,92845,88993,28094,29449,31450
opposing,Cloak & Dagger,Scarlet Witch,Support,Damage,0.016232958214473736,0.00013742164408875332,0.013301852918748878,False,14953,14477,7920,4421,2136
opposing,Cloak & Dagger,Thor,Support,Tank,0.007828153609540988,-0.0017240105895908935,0.009188603235008065,False,24746,23674,8773,8116,6785
opposing,Cloak & Dagger,Mister Fantastic,Support,Damage,-0.0020416707573467784,-0.0004845616929921933,-0.00518270872340538,False,13033,12536,4831,4442,3263
opposing,Cloak & Dagger,Winter Soldier,Support,Damage,0.008526525555693186,-0.0062146932201282215,0.011145727638320899,False,61550,59011,18957,19857,20197
opposing,Cloak & Dagger,Peni Parker,Support,Tank,-0.027825247521717566,-0.0031214311525788697,-0.023030919293340314,False,13546,12913,5015,4272,3626
opposing,Cloak & Dagger,Star-lord,Support,Damage,0.01759835712582361,-0.0005495177697783488,0.021202836303902465,False,16237,15668,5652,5304,4712
opposing,Cloak & Dagger,Blade,Support,Damage,-0.039065067246323644,0.0013828061137185757,-0.04393428873545121,False,15215,14595,6083,4966,3546
opposing,Cloak & Dagger,Namor,Support,Damage,-0.011928602681913794,-8.679996547540368e-05,-0.0164099942261303,False,23012,22195,8804,7737,5654
opposing,Cloak & Dagger,Adam Warlock,Support,Support,0.0005723001400246289,0.0018452701275065305,0.003047751106830035,False,12151,11553,3740,3686,4127
opposing,Cloak & Dagger,Jeff The Land Shark,Support,Support,-0.014770208045097183,0.0005804032367455401,-0.014341160313062401,False,20501,19720,8186,6335,5199
opposing,Cloak & Dagger,Psylocke,Support,Damage,0.007482078978837399,-0.0015322613238300655,0.006335439524692297,False,14933,14328,4858,4716,4754
opposing,Cloak & Dagger,Wolverine,Support,Damage,-0.05165686073784457,-0.0034559029747496623,-0.06764602841158786,False,13213,12632,3544,4327,4761
opposing,Cloak & Dagger,Invisible Woman,Support,Support,-0.02160124886651027,-0.001633117363292777,-0.0261823084976027,False,60127,57637,19416,18995,19226
opposing,Cloak & Dagger,The Thing,Support,Tank,-0.0015576916452519718,-3.526811419232327e-05,-0.0013648728505428899,False,34404,32933,10891,11061,10981
opposing,Cloak & Dagger,Iron Fist,Support,Damage,0.017026547053888515,9.389838353221686e-05,0.015339847532607146,False,25334,24342,7406,8314,8622
opposing,Cloak & Dagger,Emma Frost,Support,Tank,-0.03707090783114306,-0.0009253644042017825,-0.037889680863629954,False,50347,48027,18668,15913,13446
opposing,Cloak & Dagger,Phoenix,Support,Damage,-0.0016433452073279934,0.0014675867807472974,-0.004467975118884812,False,14964,14463,5775,4960,3728
opposing,Cloak & Dagger,Daredevil,Support,Damage,0.03316818863564435,-0.0002790004896916523,0.035009437101126195,False,21770,20737,5764,6937,8036
opposing,Cloak & Dagger,Angela,Support,Tank,-0.009169331632812739,-0.002440064988480781,-0.008763379859587122,False,14432,13747,4451,4761,4535
opposing,Cloak & Dagger,Gambit,Support,Support,0.01147145488152527,-0.003422501207838749,0.008731050968672341,False,46092,43835,15674,15379,12782
opposing,Cloak & Dagger,Elsa Bloodstone,Support,Damage,0.009608542278683062,0.0010900852698723733,0.008464025444003659,False,25073,24119,9380,8298,6441
opposing,Cloak & Dagger,White Fox,Support,Support,0.007070065797781076,0.0014353493659168277,0.004454531305334985,False,27593,26569,12337,8628,5604
opposing,Cloak & Dagger,Black Cat,Support,Damage,0.003869145432044545,0.00018824338386494959,-4.4539576741341156e-05,False,17602,17242,8242,5700,3300
opposing,Cloak & Dagger,Devil Dinosaur,Support,Tank,-0.027250693924365105,0.001750231195607623,-0.027623195183965468,False,22032,21096,9143,7032,4921
opposing,Cloak & Dagger,Cyclops,Support,Damage,0.04895554977948501,-0.0012138224714465266,0.045162538595741215,False,33216,31900,13774,10539,7587
opposing,Cloak & Dagger,Jubilee,Support,Support,0.022912882330216572,0.0035106335779797318,0.023864820395625565,False,80611,77629,30405,26625,20599
opposing,Cloak & Dagger,Rogue,Support,Tank,-0.012350872777030461,0.0015414842376760922,-0.009665482937191331,False,15519,14638,5602,4884,4152
opposing,Cloak & Dagger,The Hood,Support,Tank,0.014838833279963387,-0.0008466157664869704,0.02076774322466943,False,91277,88406,31273,29830,27303
opposing,Cloak & Dagger,Deadpool (Vanguard),Support,Tank,0.025172922539865455,-0.0006757704543277419,0.03495552844778729,False,13092,12633,5674,4175,2784
opposing,Cloak & Dagger,Deadpool (Duelist),Support,Damage,0.006126445747409826,0.002671485095698562,0.010664255823218649,False,18055,17196,5911,5915,5370
opposing,Cloak & Dagger,Deadpool (Strategist),Support,Support,0.01565317713993949,0.0010753930366312657,0.019934821644620217,False,17097,16484,6856,5497,4131
opposing,Black Panther,Groot,Damage,Tank,-0.002680692045321023,-0.0012066413372084199,0.006000295385907068,False,3981,3793,1035,1373,1385
opposing,Black Panther,Ultron,Damage,Support,-0.008250258570116823,0.0010524887221750134,-0.015712047726931914,False,2828,2631,780,941,910
opposing,Black Panther,Magik,Damage,Damage,0.015268094753432507,0.0025672872756229534,0.006682608508302912,False,9985,9534,2453,3290,3791
opposing,Black Panther,Moon Knight,Damage,Damage,0.034112090758960864,-0.0008911145920170543,0.032912268547074214,False,3149,2965,1168,1071,726
opposing,Black Panther,Luna Snow,Damage,Support,-0.008111397399860068,0.001363685407486044,-0.00899426161173907,False,13195,12583,3184,4315,5084
opposing,Black Panther,Squirrel Girl,Damage,Damage,0.009211260861878755,-0.000650343926457568,0.007268180272504202,False,1829,1748,827,578,343
opposing,Black Panther,Black Widow,Damage,Damage,-0.00734661239427314,-0.0007185056919867185,-0.010794824688265396,False,5598,5317,1230,1695,2392
opposing,Black Panther,Iron Man,Damage,Damage,0.0033905499616193675,0.000902392774662781,-0.002316032878846624,False,3327,3172,1100,1196,876
opposing,Black Panther,Venom,Damage,Tank,0.007738841717099287,-3.713691144038162e-05,0.01751602311473026,False,7065,6721,1927,2293,2501
opposing,Black Panther,Spider-man,Damage,Damage,-0.02048802210669393,0.0005648783505671126,-0.02555495082177389,False,9689,9200,2353,3162,3685
opposing,Black Panther,Magneto,Damage,Tank,-0.007402919955276952,-0.0004563031895600886,0.011368421301338577,False,24727,23474,5442,7893,10139
opposing,Black Panther,Scarlet Witch,Damage,Damage,0.0020542763906689077,4.367182521187603e-05,-7.506098849291685e-05,False,2686,2579,1170,840,569
opposing,Black Panther,Thor,Damage,Tank,-0.04991264994538372,0.0007347294703348106,-0.042649755457912,False,5578,5297,1557,1890,1850
opposing,Black Panther,Mister Fantastic,Damage,Damage,0.011207677786978438,-0.0008714728980231942,0.008242565641537938,False,2812,2680,833,984,863
opposing,Black Panther,Winter Soldier,Damage,Damage,0.006468586996842035,0.0008432710073899261,0.003522662463685942,False,14402,13731,3271,4682,5778
opposing,Black Panther,Peni Parker,Damage,Tank,-0.008403506162029237,0.0018187307034009553,-0.005615285579556667,False,2701,2535,800,838,897
opposing,Black Panther,Star-lord,Damage,Damage,-0.02119122912453789,0.00215083683180649,-0.02742274936386918,False,3304,3141,828,1133,1180
opposing,Black Panther,Blade,Damage,Damage,-0.007659124356178049,0.0009042539101583628,-0.015096920488187445,False,2932,2783,914,953,916
opposing,Black Panther,Namor,Damage,Damage,0.010774988720715509,-0.0007861934321711985,0.01171206907851685,False,4719,4490,1318,1668,1504
opposing,Black Panther,Adam Warlock,Damage,Support,-0.009918094213682352,0.0007545461964190836,-0.01312360705703997,False,2701,2556,694,845,1017
opposing,Black Panther,Jeff The Land Shark,Damage,Support,0.026201644860507828,0.0005537334766977135,0.025830255259363645,False,4562,4338,1459,1490,1389
opposing,Black Panther,Psylocke,Damage,Damage,-0.0016336931327990763,-0.0003707020169579465,-0.004954064459731125,False,3129,2972,769,988,1215
opposing,Black Panther,Wolverine,Damage,Damage,0.02465230905957644,0.0009540050143042327,0.023717420678559652,False,2760,2615,536,889,1190
opposing,Black Panther,Invisible Woman,Damage,Support,-0.004295800194396053,-0.005816322551312038,-0.004327294982818934,False,14429,13748,3676,4730,5342
opposing,Black Panther,The Thing,Damage,Tank,-0.028642903285909887,0.0008530912518144386,-0.027212028814371878,False,6833,6523,1668,2252,2603
opposing,Black Panther,Iron Fist,Damage,Damage,0.012765880787441746,0.0010650036019644088,0.006910259001216709,False,5690,5441,1268,1847,2326
opposing,Black Panther,Emma Frost,Damage,Tank,0.012371009874607463,0.0012764691736039638,0.023656107471665962,False,10411,9842,3030,3418,3394
opposing,Black Panther,Phoenix,Damage,Damage,0.02052979100904455,0.0005657687990569959,0.019930485014763504,False,2743,2641,813,963,865
opposing,Black Panther,Daredevil,Damage,Damage,-0.0011580414213995618,-0.0010017896729084643,-0.007091668976274025,False,5336,5075,1084,1725,2266
opposing,Black Panther,Angela,Damage,Tank,-0.0002709132628718814,7.704427796488597e-05,0.011554202261127055,False,3186,2998,758,1098,1142
opposing,Black Panther,Gambit,Damage,Support,0.0047987418978877525,0.002902971631684766,0.0035762636450168395,False,12181,11475,2896,4102,4477
opposing,Black Panther,Elsa Bloodstone,Damage,Damage,-0.027728304518950676,-0.0010936299717776601,-0.03200267908477647,False,4764,4563,1421,1623,1519
opposing,Black Panther,White Fox,Damage,Support,-0.010819275022706012,-0.0010367100944516272,-0.017453861494483896,False,6645,6405,2400,2211,1794
opposing,Black Panther,Black Cat,Damage,Damage,-0.006318415062369248,0.00013912700544067036,-0.01011266937547466,False,4128,4014,1560,1445,1009
opposing,Black Panther,Devil Dinosaur,Damage,Tank,0.0051014203001215185,-5.482644023399114e-05,0.012878520290193984,False,4600,4378,1531,1522,1325
opposing,Black Panther,Cyclops,Damage,Damage,-0.021168196816733327,-0.001562012801646877,-0.022841254606900306,False,6501,6213,2170,2140,1903
opposing,Black Panther,Jubilee,Damage,Support,0.008153055953945146,-0.0005244053918332194,0.0009876306941593892,False,17693,16958,5334,6145,5479
opposing,Black Panther,Rogue,Damage,Tank,-0.010489988096469392,-7.404585095524824e-05,-0.0019160522027826888,False,3448,3207,945,1118,1144
opposing,Black Panther,The Hood,Damage,Tank,-0.01749982033560172,-0.0018192698262517082,-0.008712163489292973,False,24266,23421,6483,8134,8804
opposing,Black Panther,Deadpool (Vanguard),Damage,Tank,-0.021584917411753616,-0.0008416519877400956,-0.0146168115530578,False,2577,2472,907,884,681
opposing,Black Panther,Deadpool (Duelist),Damage,Damage,0.0096539024909601,-0.00027553726230066634,0.00582689758369503,False,3525,3330,903,1090,1337
opposing,Black Panther,Deadpool (Strategist),Damage,Support,-0.032537082472035087,0.0005211467518672226,-0.042760642728214594,False,3976,3819,1281,1349,1189
opposing,Groot,Ultron,Tank,Support,-0.03058977666732166,0.0006300863193366331,-0.03863607208374703,False,2455,2305,769,803,733
opposing,Groot,Magik,Tank,Damage,-0.051635261765805525,-0.000518148524655106,-0.04762546508044782,False,8866,8512,2585,3062,2865
opposing,Groot,Moon Knight,Tank,Damage,-0.021384805507157722,0.0007046329645089092,-0.021268293619241162,False,3215,3058,1360,1064,634
opposing,Groot,Luna Snow,Tank,Support,-0.004096959928886531,0.001182168028422445,-0.004465460274334933,False,11719,11215,3211,3735,4269
opposing,Groot,Squirrel Girl,Tank,Damage,-0.012918896778908385,-0.00022831482988699752,-0.014621571075903575,False,1901,1828,993,555,280
opposing,Groot,Black Widow,Tank,Damage,0.011334988412862587,-0.00015491140705052104,0.009151695952251045,False,5064,4829,1253,1535,2041
opposing,Groot,Iron Man,Tank,Damage,-0.006593153284247688,-0.00016358330779337233,-0.004223788757246039,False,2966,2854,1112,1039,703
opposing,Groot,Venom,Tank,Tank,-0.013090173717877853,-6.265183634891541e-05,-0.011081539613047812,False,6130,5837,1900,1947,1990
opposing,Groot,Spider-man,Tank,Damage,0.023053953950592603,-0.0009566938964192252,0.027815842822861078,False,8247,7875,2345,2679,2851
opposing,Groot,Magneto,Tank,Tank,0.016740176916455424,-0.0009046688538979679,-0.002215735358698222,False,21443,20565,5696,6730,8139
opposing,Groot,Scarlet Witch,Tank,Damage,0.004997235484364284,-0.00053393340253823,0.006937903496334861,False,2667,2577,1343,805,429
opposing,Groot,Thor,Tank,Tank,0.006370878786216802,-0.0003112940373710533,0.004797386533725761,False,4932,4738,1607,1619,1512
opposing,Groot,Mister Fantastic,Tank,Damage,0.013337561310560115,0.0014639430286669233,0.017347387192739427,False,2452,2356,834,846,676
opposing,Groot,Winter Soldier,Tank,Damage,0.02103159005388718,-0.0002463327116854717,0.02136437582215302,False,13396,12847,3515,4294,5038
opposing,Groot,Peni Parker,Tank,Tank,0.010631958459768312,-0.0012807381623012733,0.01889926185297409,False,2690,2551,874,846,831
opposing,Groot,Star-lord,Tank,Damage,-0.0052227035075222234,0.001869468860855315,-0.005730258474008343,False,3092,2983,1015,951,1017
opposing,Groot,Blade,Tank,Damage,-0.010011998202559614,-0.00012931033970889106,-0.005622493113531227,False,2870,2754,1066,958,730
opposing,Groot,Namor,Tank,Damage,0.02279163585552963,0.0013739274306432824,0.020655505359699216,False,4423,4248,1593,1550,1105
opposing,Groot,Adam Warlock,Tank,Support,0.014822126800183326,-0.0001276629504528126,0.009223074246314028,False,2466,2344,671,741,932
opposing,Groot,Jeff The Land Shark,Tank,Support,0.029105622143442735,0.0008018523363214166,0.028291142186894033,False,4273,4109,1554,1385,1170
opposing,Groot,Psylocke,Tank,Damage,0.024894116051781556,0.0006753622277402832,0.02827031162138684,False,2716,2606,813,889,904
opposing,Groot,Wolverine,Tank,Damage,-0.019147214126867963,-0.00043888527506956345,-0.014869923095353621,False,2617,2489,631,829,1029
opposing,Groot,Invisible Woman,Tank,Support,-0.0028338428122684565,-0.0020100012391455276,-0.013285077536341242,False,13596,13024,3961,4384,4679
opposing,Groot,The Thing,Tank,Tank,-0.005085825198843426,6.110075693208049e-05,0.006643030943406164,False,7486,7094,2029,2375,2690
opposing,Groot,Iron Fist,Tank,Damage,-0.007220757244994665,7.128721768627315e-05,0.0008611917378563785,False,4996,4802,1301,1651,1850
opposing,Groot,Emma Frost,Tank,Tank,-0.029897564075156445,-0.0011506902450886935,-0.03580269949417749,False,10724,10140,3466,3351,3323
opposing,Groot,Phoenix,Tank,Damage,0.008665769517999572,0.0012125021926824566,0.008916658262569358,False,2753,2668,969,932,767
opposing,Groot,Daredevil,Tank,Damage,0.0024525967198207005,0.00041128550524648886,0.008408649705245172,False,4446,4246,1042,1441,1763
opposing,Groot,Angela,Tank,Tank,0.014639314044879566,-0.0002720763343964691,0.014728074828696078,False,2824,2683,766,917,1000
opposing,Groot,Gambit,Tank,Support,-0.00942614418925908,-0.0007058730751040357,-0.013062150490303381,False,11026,10476,3226,3730,3520
opposing,Groot,Elsa Bloodstone,Tank,Damage,0.03347189731421344,6.0822395695367546e-05,0.03593820830849315,False,5404,5180,1617,1770,1793
opposing,Groot,White Fox,Tank,Support,0.005013035952714337,-0.0020502729541546135,0.009335604204846042,False,5697,5510,2337,1908,1265
opposing,Groot,Black Cat,Tank,Damage,-0.0024960350011088736,-0.00016957925329403283,-3.656019242467468e-05,False,3939,3839,1551,1362,926
opposing,Groot,Devil Dinosaur,Tank,Tank,-0.013681964552231281,-0.0005835603788642598,-0.011097366331689142,False,4357,4166,1680,1432,1054
opposing,Groot,Cyclops,Tank,Damage,-0.014538598364450464,-0.0007747168909745768,-0.014844841768620814,False,6481,6241,2527,2152,1562
opposing,Groot,Jubilee,Tank,Support,-0.025560016678337478,0.0015393176959754083,-0.021345574360851587,False,16766,16136,5827,5737,4572
opposing,Groot,Rogue,Tank,Tank,0.011944011935426524,0.0007541122556577581,0.013134008862256467,False,3191,3012,1015,1039,958
opposing,Groot,The Hood,Tank,Tank,0.0010358539077933357,0.00043780433662483784,-0.0003548240549493168,False,22172,21539,6880,7505,7154
opposing,Groot,Deadpool (Vanguard),Tank,Tank,0.006800085125319615,0.0007007665579939646,0.006944555901509123,False,2571,2481,1031,825,625
opposing,Groot,Deadpool (Duelist),Tank,Damage,-0.022903127409373177,-0.0001482253239857133,-0.02731428651249005,False,3373,3199,1015,1072,1112
opposing,Groot,Deadpool (Strategist),Tank,Support,0.025129893444931488,-0.001789296999632724,0.029766656820910342,False,3474,3345,1263,1194,888
opposing,Ultron,Magik,Support,Damage,0.05176241519815905,-0.0002087984538074548,0.06393655985480763,False,6224,5854,1924,2031,1899
opposing,Ultron,Moon Knight,Support,Damage,0.028317225769260566,0.0004966492418182575,0.03336096833297851,False,2221,2053,957,686,410
opposing,Ultron,Luna Snow,Support,Support,0.015480491710481875,0.0016727495090310333,-3.894697968525393e-05,False,7799,7254,2269,2371,2614
opposing,Ultron,Squirrel Girl,Support,Damage,0.032428078138798076,-0.00044075301559195004,0.03851882026001591,False,1361,1279,747,364,168
opposing,Ultron,Black Widow,Support,Damage,-0.06645350508476525,-0.0017622075321270254,-0.06858452160622452,False,3215,2983,862,984,1137
opposing,Ultron,Iron Man,Support,Damage,0.0004522605070868921,0.0001038515757415226,0.0057613426750426095,False,2004,1862,775,638,449
opposing,Ultron,Venom,Support,Tank,0.03194667740171985,-0.00016119118275799513,0.035709840308259154,False,4197,3908,1392,1315,1201
opposing,Ultron,Spider-man,Support,Damage,-0.015795568345536422,0.0016006397516080098,-0.01692950610266235,False,5374,5022,1612,1693,1717
opposing,Ultron,Magneto,Support,Tank,-0.0011650317838482983,-0.0018732906824858906,0.0037546459910164486,False,15340,14300,4311,4627,5362
opposing,Ultron,Scarlet Witch,Support,Damage,0.014453802586849765,-0.00040314676364487325,0.015565808321739821,False,1956,1836,980,539,317
opposing,Ultron,Thor,Support,Tank,-0.0014935504720807414,0.0002222911593743329,-0.004093784355160488,False,3232,3028,1116,990,922
opposing,Ultron,Mister Fantastic,Support,Damage,0.017029587755319632,0.0011598067568131792,0.020537962587412244,False,1695,1590,622,544,424
opposing,Ultron,Winter Soldier,Support,Damage,-0.04049858716928854,-0.002698361026771725,-0.03974201869321563,False,8873,8293,2570,2769,2954
opposing,Ultron,Peni Parker,Support,Tank,0.00016708436781325822,0.000501248401946378,0.006997627725864631,False,1924,1758,673,587,498
opposing,Ultron,Star-lord,Support,Damage,-0.016862645710963204,5.214821560006985e-05,-0.013300286403414787,False,2096,1977,716,594,667
opposing,Ultron,Blade,Support,Damage,-0.014799721426153106,0.0014400016340636987,-0.012370269203691444,False,1933,1790,728,615,447
opposing,Ultron,Namor,Support,Damage,-0.01856967578539926,-0.000986207636261346,-0.019615695983483537,False,3022,2830,1145,974,711
opposing,Ultron,Adam Warlock,Support,Support,-0.010010400499661138,0.0006060835590258138,-0.01587256567571542,False,1633,1494,488,474,532
opposing,Ultron,Jeff The Land Shark,Support,Support,0.025136864166915122,1.582504492957098e-05,0.026408254456398963,False,2898,2727,1157,861,709
opposing,Ultron,Psylocke,Support,Damage,-0.0009385694494779516,0.00141932149241071,0.001127715526905441,False,1882,1745,563,585,597
opposing,Ultron,Wolverine,Support,Damage,0.01874731825894858,-1.5863657446189815e-05,0.01582417844387234,False,1613,1485,433,498,554
opposing,Ultron,Invisible Woman,Support,Support,0.00908106400730039,0.0001635673415013549,0.0036651179630748988,False,9347,8740,2903,2920,2917
opposing,Ultron,The Thing,Support,Tank,0.01820660677812111,0.0007485708961695738,0.019113278181157534,False,4812,4473,1429,1466,1578
opposing,Ultron,Iron Fist,Support,Damage,-0.020433879673510902,-0.00044236042104545386,-0.022537627051649283,False,3352,3129,923,1080,1126
opposing,Ultron,Emma Frost,Support,Tank,-0.012305012886143806,-0.0005580814475128408,-0.011606105297899164,False,6680,6146,2356,2018,1772
opposing,Ultron,Phoenix,Support,Damage,-0.006120240283056922,0.0008916897211941897,-0.005238976595011944,False,1881,1790,682,613,495
opposing,Ultron,Daredevil,Support,Damage,-0.03918863404627709,0.0007561102115568129,-0.04212648293196752,False,2997,2771,744,890,1137
opposing,Ultron,Angela,Support,Tank,-0.00720397502336809,-0.00035815338646200215,-0.008944714861910773,False,1842,1701,524,610,567
opposing,Ultron,Gambit,Support,Support,0.00549834332180959,0.0017958281331366263,-0.0047415696284539175,False,7468,6888,2258,2442,2188
opposing,Ultron,Elsa Bloodstone,Support,Damage,0.0028110569463615375,0.0019475234167733544,0.0050823599292098565,False,3641,3391,1224,1139,1028
opposing,Ultron,White Fox,Support,Support,0.05097512397977306,-0.0007597971328027727,0.049928838584772324,False,4164,3930,1764,1286,880
opposing,Ultron,Black Cat,Support,Damage,0.003156079649498115,0.000631843613352319,0.003418766901961838,False,2747,2650,1099,927,624
opposing,Ultron,Devil Dinosaur,Support,Tank,-0.021475287775210235,0.0007173235462562815,-0.023382151256268326,False,2793,2600,1088,874,638
opposing,Ultron,Cyclops,Support,Damage,0.021622624375455382,0.0008344014517910398,0.018678503000275796,False,4439,4145,1768,1381,996
opposing,Ultron,Jubilee,Support,Support,-0.0017030838626670543,-0.0001665467007719575,-0.011640264767971906,False,11795,11087,4310,3835,2942
opposing,Ultron,Rogue,Support,Tank,-0.027956998313685456,0.00017567383267251267,-0.03024228828766635,False,2082,1882,681,638,563
opposing,Ultron,The Hood,Support,Tank,-0.005812030635384575,0.00018242830959963596,-0.005664562029645642,False,15617,14869,5211,4925,4733
opposing,Ultron,Deadpool (Vanguard),Support,Tank,-0.0074792028730338534,0.000692619713522272,-0.005406812473328453,False,1609,1516,681,477,358
opposing,Ultron,Deadpool (Duelist),Support,Damage,-0.00685319118166233,0.00028645106523324465,0.00032766976208038474,False,2223,2042,694,681,667
opposing,Ultron,Deadpool (Strategist),Support,Support,-0.0046333808405288205,0.00109530044914347,-0.010453690177031877,False,2483,2329,951,776,602
opposing,Magik,Moon Knight,Damage,Damage,0.03634152353787317,-0.0006770579031040086,0.0451269897737037,False,7904,7562,3251,2620,1691
opposing,Magik,Luna Snow,Damage,Support,-0.035514014008548166,-7.932445253469727e-06,-0.039095541217841395,False,28859,27723,7780,9429,10514
opposing,Magik,Squirrel Girl,Damage,Damage,-0.02708558487191998,0.0005074809895989792,-0.022125479294594234,False,4552,4371,2258,1387,726
opposing,Magik,Black Widow,Damage,Damage,0.015093689508703973,-0.0003127033129832367,0.023247635192354083,False,12604,12050,3244,3739,5067
opposing,Magik,Iron Man,Damage,Damage,-0.042315667792441135,0.0006419718280309344,-0.041871814227827764,False,7670,7371,2759,2579,2033
opposing,Magik,Venom,Damage,Tank,-0.01879770297267838,0.002652931727238428,-0.030818317885416367,False,15997,15321,4831,5159,5331
opposing,Magik,Spider-man,Damage,Damage,-0.00018923036353875,0.0009094083076999969,0.006174678086237897,False,21697,20819,5968,7073,7778
opposing,Magik,Magneto,Damage,Tank,0.029443408115973794,0.0012151860962084857,0.033556232686402135,False,54621,52416,14218,17391,20807
opposing,Magik,Scarlet Witch,Damage,Damage,0.012019393440398879,-0.0020372027421350224,0.020494199250619648,False,6837,6636,3297,2169,1170
opposing,Magik,Thor,Damage,Tank,-0.013624955778338792,0.0005656462241777565,-0.021083501026703817,False,12384,11848,3824,4169,3855
opposing,Magik,Mister Fantastic,Damage,Damage,0.02333207418717694,0.001051785957695476,0.03114384757915651,False,6362,6125,2055,2232,1838
opposing,Magik,Winter Soldier,Damage,Damage,-0.019908416647714006,-0.0011998332065340112,-0.015157567647030388,False,31939,30719,8677,10376,11666
opposing,Magik,Peni Parker,Damage,Tank,-0.029175632058913995,-0.000340948057492495,-0.04753591885684168,False,6154,5887,2053,1921,1913
opposing,Magik,Star-lord,Damage,Damage,-0.013163007171474481,-0.0011255850487837226,-0.008945335829156504,False,7971,7718,2288,2696,2734
opposing,Magik,Blade,Damage,Damage,0.01560056999090029,0.00015369613268270465,0.01983048323206136,False,7251,6935,2552,2405,1978
opposing,Magik,Namor,Damage,Damage,-0.017856749855997705,0.001001043800478679,-0.009403274758929228,False,10790,10391,3587,3696,3108
opposing,Magik,Adam Warlock,Damage,Support,0.013235456813419264,0.0008880210878228393,0.013650801927121132,False,6099,5793,1593,1995,2205
opposing,Magik,Jeff The Land Shark,Damage,Support,-0.0020907576743277785,-0.001972110435846443,-0.005272033513654628,False,10935,10512,3892,3513,3107
opposing,Magik,Psylocke,Damage,Damage,0.010496268919209179,0.0021139374654737027,0.017953228381841983,False,7022,6732,1959,2259,2514
opposing,Magik,Wolverine,Damage,Damage,-0.005481142958066767,-0.0009293429712172618,0.0009802263249091827,False,6334,6054,1483,1982,2589
opposing,Magik,Invisible Woman,Damage,Support,0.022409669077665922,0.002486794149127603,0.026443022026922575,False,33102,31816,9543,10767,11506
opposing,Magik,The Thing,Damage,Tank,-0.07984134175656278,0.0014964022362006343,-0.10298611426851428,False,16718,16054,4569,5358,6127
opposing,Magik,Iron Fist,Damage,Damage,0.009436153982279993,0.0016294792078548272,0.013121087877046212,False,13380,12865,3369,4383,5113
opposing,Magik,Emma Frost,Damage,Tank,0.01635356275666935,-0.0007765281343516241,0.009278454703923232,False,24328,23256,8026,7874,7356
opposing,Magik,Phoenix,Damage,Damage,0.027639947713778992,0.0016540097196662614,0.0374163880812809,False,6631,6421,2262,2204,1955
opposing,Magik,Daredevil,Damage,Damage,-0.012657620665701265,-0.00041828165609334497,-0.00970428073471567,False,11806,11298,2649,3791,4858
opposing,Magik,Angela,Damage,Tank,0.004988747018090903,-0.0009922450882692017,-0.0014024930984979163,False,6971,6625,1869,2288,2468
opposing,Magik,Gambit,Damage,Support,-0.04093205892793624,-0.002592951845912089,-0.04714422320536337,False,27464,26144,7787,9216,9141
opposing,Magik,Elsa Bloodstone,Damage,Damage,-0.04402954975561763,-0.0036349017896932755,-0.039801090114972584,False,12034,11604,3967,4161,3476
opposing,Magik,White Fox,Damage,Support,-0.00993924442109496,0.000592892070221416,-0.01573716298899968,False,15533,15014,5949,5194,3871
opposing,Magik,Black Cat,Damage,Damage,-0.029422855343414187,-0.0006173045011036085,-0.025258531053599,False,9621,9427,3895,3434,2098
opposing,Magik,Devil Dinosaur,Damage,Tank,0.06448486753558505,-0.0004860083741742634,0.06014197250357122,False,10733,10315,3937,3591,2787
opposing,Magik,Cyclops,Damage,Damage,0.0019365762408882698,0.0014821044513794784,0.011918834120735211,False,15862,15244,5897,5224,4123
opposing,Magik,Jubilee,Damage,Support,0.009325794035596045,0.000850652415953166,0.0030336251146884344,False,41162,39727,13940,13951,11836
opposing,Magik,Rogue,Damage,Tank,0.01961951272486609,8.365028582415506e-05,0.012776113478391629,False,8049,7561,2458,2556,2547
opposing,Magik,The Hood,Damage,Tank,0.061808666639814255,-0.003255049928851856,0.060720632390789585,False,55080,53481,16674,18361,18446
opposing,Magik,Deadpool (Vanguard),Damage,Tank,-0.011568804992855387,0.0009067340631647153,-0.022281300550419433,False,6197,5990,2370,2039,1581
opposing,Magik,Deadpool (Duelist),Damage,Damage,-0.00825341854499428,0.001269633972717056,-0.0037060753097315083,False,8773,8357,2445,2916,2996
opposing,Magik,Deadpool (Strategist),Damage,Support,0.028070409116878452,0.0016388985172231386,0.026149449387984917,False,9513,9182,3243,3257,2682
opposing,Moon Knight,Luna Snow,Damage,Support,0.007692860038127503,-0.0016440334190667176,0.013711945498987061,False,10162,9679,4095,3303,2281
opposing,Moon Knight,Squirrel Girl,Damage,Damage,0.0004513320537229312,-0.00029308235448219486,0.001736246632299432,False,2205,2103,1333,596,174
opposing,Moon Knight,Black Widow,Damage,Damage,0.0026291607173667382,0.0009401085432785124,0.003907799744909191,False,4365,4167,1712,1341,1114
opposing,Moon Knight,Iron Man,Damage,Damage,-0.017995319328541263,-0.0009964885529040526,-0.02148398223961659,False,3122,2965,1483,1033,449
opposing,Moon Knight,Venom,Damage,Tank,0.004037332451320808,0.002658939155403966,0.001889412113464973,False,5567,5309,2475,1707,1127
opposing,Moon Knight,Spider-man,Damage,Damage,-0.009168203270218294,0.0002212910070646629,-0.009400757005776686,False,7101,6748,2874,2314,1560
opposing,Moon Knight,Magneto,Damage,Tank,-0.019320779879141603,0.0013165239075235992,-0.013400008426643469,False,20038,19062,7673,6559,4830
opposing,Moon Knight,Scarlet Witch,Damage,Damage,0.0042848991804784655,-0.0005735617356807543,0.006262801097104923,False,3048,2940,1815,817,308
opposing,Moon Knight,Thor,Damage,Tank,0.014066009061689274,7.606282386052767e-05,0.017027117470781086,False,4424,4208,1920,1457,831
opposing,Moon Knight,Mister Fantastic,Damage,Damage,0.026325889110837827,-0.0008845871727105015,0.028499023343909597,False,2422,2309,1096,785,428
opposing,Moon Knight,Winter Soldier,Damage,Damage,0.01886261573690982,0.0017593721446462181,0.02083700297556267,False,11762,11201,4593,3934,2674
opposing,Moon Knight,Peni Parker,Damage,Tank,0.029958165793413243,-0.002029430688684811,0.025559170437294772,False,2654,2499,1215,838,446
opposing,Moon Knight,Star-lord,Damage,Damage,0.024111769511511123,2.3428061798568223e-05,0.025433278635667272,False,2859,2745,1251,911,583
opposing,Moon Knight,Blade,Damage,Damage,-0.039285855830489956,0.0002834708204051034,-0.04532500100784078,False,2883,2744,1436,870,438
opposing,Moon Knight,Namor,Damage,Damage,0.014795633358809773,-0.0006658658947778872,0.019983154760262172,False,4410,4194,2035,1433,726
opposing,Moon Knight,Adam Warlock,Damage,Support,-0.0013942238098389103,-0.0007163121657621305,0.0013921646402740146,False,2200,2070,909,689,472
opposing,Moon Knight,Jeff The Land Shark,Damage,Support,-0.0030498430770890942,0.000619548011620677,-0.002151251177442779,False,4200,4024,2068,1277,679
opposing,Moon Knight,Psylocke,Damage,Damage,-0.04663759594202343,0.0016333838465107037,-0.049629490021089906,False,2531,2397,1030,815,552
opposing,Moon Knight,Wolverine,Damage,Damage,0.009338829941575748,-0.0008321963385821399,0.011107652703722423,False,2251,2139,801,765,573
opposing,Moon Knight,Invisible Woman,Damage,Support,0.002891236469227336,0.0007395247597025802,0.008684538756747495,False,11764,11215,4903,3803,2509
opposing,Moon Knight,The Thing,Damage,Tank,0.0382997924613224,-0.0015638571253186644,0.035762742135652295,False,6783,6452,2722,2223,1507
opposing,Moon Knight,Iron Fist,Damage,Damage,0.016567875589879346,-0.00039738176978493884,0.014945202860452837,False,4557,4361,1710,1482,1169
opposing,Moon Knight,Emma Frost,Damage,Tank,-0.011210188288261246,-0.00023333671499079666,-0.014089388154109058,False,9493,9012,4319,3022,1671
opposing,Moon Knight,Phoenix,Damage,Damage,0.020134190245269065,-0.0003732354714017568,0.0234320256624895,False,2768,2660,1300,885,475
opposing,Moon Knight,Daredevil,Damage,Damage,0.03771067768869157,-0.0005856531012583078,0.03881533713522791,False,3776,3576,1335,1231,1010
opposing,Moon Knight,Angela,Damage,Tank,-0.006469468866923234,1.7047969412474776e-06,-0.006850715792337444,False,2379,2249,929,802,518
opposing,Moon Knight,Gambit,Damage,Support,0.013890198073038512,0.0014031380248796677,0.018730569335051555,False,10516,9924,4250,3532,2142
opposing,Moon Knight,Elsa Bloodstone,Damage,Damage,0.013994578123361027,-0.0009646387850251344,0.016986823641523693,False,5089,4860,2214,1691,955
opposing,Moon Knight,White Fox,Damage,Support,0.01795410060575056,3.441239889122148e-05,0.019842603580519865,False,5777,5567,3125,1686,756
opposing,Moon Knight,Black Cat,Damage,Damage,0.016031951145275086,0.0004327514850099064,0.017954515601384738,False,3565,3481,1983,1094,404
opposing,Moon Knight,Devil Dinosaur,Damage,Tank,0.02220197760333914,-7.414887573433766e-05,0.020397065773663372,False,4169,3979,2089,1254,636
opposing,Moon Knight,Cyclops,Damage,Damage,-0.013897232264131944,0.0004431103385881444,-0.011059823417487295,False,6746,6456,3374,1987,1095
opposing,Moon Knight,Jubilee,Damage,Support,0.033100989870272275,-0.00028565701858042125,0.03398047384301752,False,16564,15885,7704,5364,2817
opposing,Moon Knight,Rogue,Damage,Tank,-0.018433207499862454,0.00037065413130388513,-0.02226214838463563,False,2920,2714,1262,923,529
opposing,Moon Knight,The Hood,Damage,Tank,-0.019803081070008766,0.0011674636540788517,-0.022783030932301586,False,21560,20847,9210,7133,4504
opposing,Moon Knight,Deadpool (Vanguard),Damage,Tank,-0.016474883313244513,-0.00031192554523798996,-0.020439370184717396,False,2428,2334,1286,713,335
opposing,Moon Knight,Deadpool (Duelist),Damage,Damage,0.005112522877179412,1.820000084145043e-05,0.004850997073415406,False,3404,3226,1417,1111,698
opposing,Moon Knight,Deadpool (Strategist),Damage,Support,-0.01759009122363893,9.349437227034677e-05,-0.021018860080778808,False,3420,3291,1635,1090,566
opposing,Luna Snow,Squirrel Girl,Support,Damage,-0.029540887950348094,0.000636648318641735,-0.03775783388892752,False,5809,5562,2829,1724,1009
opposing,Luna Snow,Black Widow,Support,Damage,0.02828245408633796,0.0004199839405143182,0.031431865162612586,False,17207,16449,4064,4865,7520
opposing,Luna Snow,Iron Man,Support,Damage,-0.010965332708935807,-0.0007118932465668292,-0.013645016991636921,False,9141,8707,3298,3058,2351
opposing,Luna Snow,Venom,Support,Tank,-0.007975303367458749,0.0019683686000208696,-0.014048194036837335,False,20301,19410,5787,6236,7387
opposing,Luna Snow,Spider-man,Support,Damage,0.03166038791990787,0.0022929780459912457,0.029896877397308487,False,28255,27033,7339,9001,10693
opposing,Luna Snow,Magneto,Support,Tank,-0.013933921986909683,-0.002216483146033811,-0.014486408232693988,False,71237,68146,17622,22005,28519
opposing,Luna Snow,Scarlet Witch,Support,Damage,0.016504694889781606,-0.00044790243215526895,0.01131149486388415,False,8085,7796,3862,2470,1464
opposing,Luna Snow,Thor,Support,Tank,0.003417697321001107,0.0017539003484260062,-0.0018132498333475289,False,15444,14767,4712,4882,5173
opposing,Luna Snow,Mister Fantastic,Support,Damage,-0.02052128375639403,-0.0013094473145410623,-0.02826833516191962,False,7692,7362,2435,2570,2357
opposing,Luna Snow,Winter Soldier,Support,Damage,-0.009536078453232772,0.0031501417410834324,-0.011470763686306885,False,43290,41451,10887,13457,17107
opposing,Luna Snow,Peni Parker,Support,Tank,-0.017062287797850746,-0.0012840277625716591,-0.01642077163300956,False,8579,8172,2753,2535,2884
opposing,Luna Snow,Star-lord,Support,Damage,0.0019868102288479465,0.0009626922233828567,0.0013437842302187646,False,10039,9680,2895,3236,3549
opposing,Luna Snow,Blade,Support,Damage,0.007885108194825156,-0.00018334010131482569,0.006588596821255108,False,8936,8542,3147,2852,2543
opposing,Luna Snow,Namor,Support,Damage,0.015836010629949583,4.6759616119253066e-05,0.01252913393512992,False,14133,13608,4810,4725,4073
opposing,Luna Snow,Adam Warlock,Support,Support,-0.02394324558559882,-0.0006100986796322834,-0.014004581776114302,False,8326,7898,2127,2432,3339
opposing,Luna Snow,Jeff The Land Shark,Support,Support,-0.020715552761305923,0.0006691241619502716,-0.009446892003062077,False,14508,13936,4910,4565,4461
opposing,Luna Snow,Psylocke,Support,Damage,-0.01249167680970876,-0.000490685418218382,-0.01843109755200821,False,9422,9043,2557,2847,3639
opposing,Luna Snow,Wolverine,Support,Damage,-0.002376780602900438,0.003599719971265417,-0.0145020000743618,False,8371,7957,1901,2484,3572
opposing,Luna Snow,Invisible Woman,Support,Support,-0.01201129152871443,-0.0017936332385055699,-0.0029281377601424186,False,47097,45061,12483,14547,18031
opposing,Luna Snow,The Thing,Support,Tank,0.029839182651876267,-0.0009679646093031584,0.029195354225180586,False,23595,22528,6251,7279,8998
opposing,Luna Snow,Iron Fist,Support,Damage,-0.005808426934477935,-0.0018873415162749397,-0.01264556001889119,False,16803,16131,4000,5265,6866
opposing,Luna Snow,Emma Frost,Support,Tank,0.023559886802235672,-0.00032669906080124914,0.026602775173812834,False,31177,29665,9808,9637,10220
opposing,Luna Snow,Phoenix,Support,Damage,0.017697690656588383,-0.0010759336487216396,0.01499462841343503,False,8918,8622,3004,2889,2729
opposing,Luna Snow,Daredevil,Support,Damage,0.0031528062283055604,-0.0008101926325502682,-0.0010539299217160263,False,15238,14527,3211,4501,6815
opposing,Luna Snow,Angela,Support,Tank,0.0013982598104908782,0.0011780830239175102,-0.0023799989534815137,False,9201,8757,2391,2869,3497
opposing,Luna Snow,Gambit,Support,Support,0.0005364765192211381,-0.0013830141964349726,0.007728479515105381,False,33322,31701,9714,11062,10925
opposing,Luna Snow,Elsa Bloodstone,Support,Damage,-0.0020564361885015096,-0.002697155342599043,-0.006955137146165065,False,16750,16068,5070,5322,5676
opposing,Luna Snow,White Fox,Support,Support,-0.01996860613791636,0.00027831390661200615,-0.015579678007696789,False,19428,18733,7505,6229,4999
opposing,Luna Snow,Black Cat,Support,Damage,0.01636259753974124,-0.0022407877185063934,0.01171453222983136,False,12121,11834,4713,3965,3156
opposing,Luna Snow,Devil Dinosaur,Support,Tank,0.0014837422312615975,-0.0019203812534302432,-0.0001532980939134185,False,12871,12276,4694,4055,3527
opposing,Luna Snow,Cyclops,Support,Damage,0.0010815802432452759,-0.0004879679534461966,-0.010991738947114568,False,19348,18561,7158,6273,5130
opposing,Luna Snow,Jubilee,Support,Support,-0.024656733141377868,-0.002934789568939045,-0.02043323127801176,False,55638,53601,18283,18589,16729
opposing,Luna Snow,Rogue,Support,Tank,0.01115276104149331,-0.0017811105599313281,0.011732947154437671,False,9763,9184,2912,3130,3142
opposing,Luna Snow,The Hood,Support,Tank,-0.00561605810173712,0.0036997937556005806,-0.008857114862533317,False,71350,69202,20762,23157,25283
opposing,Luna Snow,Deadpool (Vanguard),Support,Tank,-0.018569655024645648,0.002999414637971034,-0.0216996796730349,False,7849,7572,2874,2565,2133
opposing,Luna Snow,Deadpool (Duelist),Support,Damage,0.02697062284240427,0.0029623568044766274,0.03181789324050132,False,10901,10402,3130,3461,3811
opposing,Luna Snow,Deadpool (Strategist),Support,Support,-0.003562975100292692,0.0007875115059022207,0.009145408335320107,False,11546,11135,3959,3723,3453
opposing,Squirrel Girl,Black Widow,Damage,Damage,-0.00218895111412727,0.0009641569934623759,-0.0025445690473830046,False,2438,2357,1216,684,457
opposing,Squirrel Girl,Iron Man,Damage,Damage,-0.016385735927729062,0.0003249235513339865,-0.020994440181018075,False,1954,1876,1134,532,210
opposing,Squirrel Girl,Venom,Damage,Tank,-0.053766734745743755,0.0011235492102037714,-0.059652788945999444,False,3364,3247,1811,944,492
opposing,Squirrel Girl,Spider-man,Damage,Damage,-0.002290116627148432,0.00044077676120495463,-0.0032212314455399016,False,3995,3840,1946,1228,666
opposing,Squirrel Girl,Magneto,Damage,Tank,-0.01611110838856895,-0.001256959766894769,-0.007056044188049993,False,11659,11166,5492,3586,2088
opposing,Squirrel Girl,Scarlet Witch,Damage,Damage,0.01511687129603911,0.0006663979128654161,0.016712522967631756,False,2088,2025,1425,480,120
opposing,Squirrel Girl,Thor,Damage,Tank,0.010759316845538155,-0.0009298409585373977,0.016120731980739593,False,2704,2603,1487,758,358
opposing,Squirrel Girl,Mister Fantastic,Damage,Damage,0.010761343310557772,-0.0001836298185364334,0.01044050586532847,False,1363,1319,758,387,174
opposing,Squirrel Girl,Winter Soldier,Damage,Damage,0.0011863958502832804,-0.0012116008031267825,0.0004978774837273395,False,6772,6505,3305,2080,1120
opposing,Squirrel Girl,Peni Parker,Damage,Tank,0.03245821841257234,0.000585639304975457,0.031113586206320966,False,1758,1677,940,504,233
opposing,Squirrel Girl,Star-lord,Damage,Damage,-0.027338139733248137,-0.00017607906113225824,-0.03138143136295139,False,1647,1583,852,465,266
opposing,Squirrel Girl,Blade,Damage,Damage,0.025471783641262465,-0.00010241189017604363,0.023364441607373162,False,1750,1673,1002,475,196
opposing,Squirrel Girl,Namor,Damage,Damage,0.024442109981698792,4.71299974221471e-05,0.02915254149870365,False,2738,2622,1509,795,318
opposing,Squirrel Girl,Adam Warlock,Damage,Support,-0.0031863131687088035,0.00026556600901666454,-0.0011570788997623184,False,1355,1279,693,364,222
opposing,Squirrel Girl,Jeff The Land Shark,Damage,Support,0.005597078013141602,0.0004805216240018408,0.007043392037759051,False,2586,2487,1542,656,289
opposing,Squirrel Girl,Psylocke,Damage,Damage,-0.0232829972936695,-9.682221914820042e-05,-0.025655331495146334,False,1458,1404,729,410,265
opposing,Squirrel Girl,Wolverine,Damage,Damage,-0.018520246325943766,-4.212118720874901e-05,-0.020228957679477317,False,1211,1158,534,394,230
opposing,Squirrel Girl,Invisible Woman,Damage,Support,-0.007976274606694063,-4.3092969121915144e-05,-0.004074554214971784,False,7104,6849,3688,2091,1070
opposing,Squirrel Girl,The Thing,Damage,Tank,0.031006206637265717,-0.000842736486976558,0.030420389856595,False,3975,3819,1949,1211,659
opposing,Squirrel Girl,Iron Fist,Damage,Damage,0.01277924926607399,-0.0011954257764834452,0.009604678416464386,False,2515,2417,1170,749,498
opposing,Squirrel Girl,Emma Frost,Damage,Tank,0.016149264565292545,-0.0015757796222635632,0.01912452512846068,False,5731,5473,3161,1557,755
opposing,Squirrel Girl,Phoenix,Damage,Damage,-0.0024907099784585887,-0.0005847906684590612,-0.002251674593415031,False,1650,1596,942,462,192
opposing,Squirrel Girl,Daredevil,Damage,Damage,-0.0005899519977206809,0.0009142775488416324,-0.0037981509403759808,False,2170,2064,981,682,401
opposing,Squirrel Girl,Angela,Damage,Tank,-0.01101482074180311,-0.00013680102037167321,-0.009135280298272196,False,1394,1335,674,447,214
opposing,Squirrel Girl,Gambit,Damage,Support,-0.012352429780352834,0.0013164277916553003,-0.011325530011321411,False,6234,5953,3073,1880,1000
opposing,Squirrel Girl,Elsa Bloodstone,Damage,Damage,0.03034927222933025,0.0004030479700734614,0.03340108526169179,False,2989,2880,1541,932,407
opposing,Squirrel Girl,White Fox,Damage,Support,0.008629983541606344,-0.0006511647352128486,0.008819828872049915,False,3663,3531,2259,909,363
opposing,Squirrel Girl,Black Cat,Damage,Damage,-0.013541939937055828,0.0001900683765105436,-0.015234094781811314,False,2568,2514,1617,663,234
opposing,Squirrel Girl,Devil Dinosaur,Damage,Tank,-0.002079022139514797,0.00039024897294671597,-0.003846117926033729,False,2574,2465,1544,641,280
opposing,Squirrel Girl,Cyclops,Damage,Damage,0.011465225579314082,-0.0010557674967798826,0.015082823039155747,False,4198,4041,2454,1144,443
opposing,Squirrel Girl,Jubilee,Damage,Support,0.03198206081518051,-0.002850294756148495,0.032188535644731585,False,10078,9726,5616,2896,1214
opposing,Squirrel Girl,Rogue,Damage,Tank,-0.009876445969825494,0.0005194284715532182,-0.009968811986748078,False,1766,1657,957,461,239
opposing,Squirrel Girl,The Hood,Damage,Tank,-0.024077462681188412,0.001378451564833863,-0.024766103798679762,False,12436,12060,6521,3690,1849
opposing,Squirrel Girl,Deadpool (Vanguard),Damage,Tank,-0.008829556398793334,-0.00015185937723854838,-0.009160129993731607,False,1643,1578,993,434,151
opposing,Squirrel Girl,Deadpool (Duelist),Damage,Damage,0.00885568732619076,-0.00048798215613038047,0.007644806664068994,False,1954,1882,1016,591,275
opposing,Squirrel Girl,Deadpool (Strategist),Damage,Support,-0.0038082996592499153,0.0003181486883908597,-0.006047487582148871,False,2204,2124,1292,611,221
opposing,Black Widow,Iron Man,Damage,Damage,0.059931791591250914,1.9215518438139405e-05,0.06160899138360585,False,4044,3873,1410,1350,1113
opposing,Black Widow,Venom,Damage,Tank,-0.01733768137914419,-0.0007689077835416547,-0.015907951259483553,False,8629,8213,2382,2415,3416
opposing,Black Widow,Spider-man,Damage,Damage,0.018314881495000154,-0.0011923232377069137,0.019212668370506128,False,12247,11659,2987,3635,5037
opposing,Black Widow,Magneto,Damage,Tank,-0.038251385626666204,-0.002614704019985078,-0.028477632036979738,False,32362,30875,7354,9282,14239
opposing,Black Widow,Scarlet Witch,Damage,Damage,0.013706187923951218,-0.0010444270544965508,0.015369486769902383,False,3359,3236,1551,1006,679
opposing,Black Widow,Thor,Damage,Tank,0.0030455323066786973,7.007845548229633e-05,0.010750598920796956,False,6550,6247,1925,1885,2437
opposing,Black Widow,Mister Fantastic,Damage,Damage,-0.04613849650647801,0.00018995033714641689,-0.050830819292944626,False,3107,2976,918,1027,1031
opposing,Black Widow,Winter Soldier,Damage,Damage,0.0099732639202435,0.0009332036671105223,0.010168196843409931,False,19236,18331,4392,5527,8412
opposing,Black Widow,Peni Parker,Damage,Tank,0.0004924747699735707,-5.620785718301246e-05,-0.0012401826695953543,False,3701,3501,1136,1102,1263
opposing,Black Widow,Star-lord,Damage,Damage,0.033809033559125554,0.0009936389487656065,0.03483801763693774,False,4350,4195,1208,1315,1672
opposing,Black Widow,Blade,Damage,Damage,-0.020941840484878144,-0.0018159401837586563,-0.02658177060473314,False,3830,3671,1281,1177,1213
opposing,Black Widow,Namor,Damage,Damage,0.011885704679886986,-0.0006380831788306124,0.01577212561687245,False,6224,5972,2096,1995,1881
opposing,Black Widow,Adam Warlock,Damage,Support,0.008337127701855653,-0.000978071286494277,0.007668352819354395,False,3512,3315,813,917,1585
opposing,Black Widow,Jeff The Land Shark,Damage,Support,-0.015006623918158123,0.0004308414988577972,-0.02027421189522144,False,5916,5675,1972,1741,1962
opposing,Black Widow,Psylocke,Damage,Damage,0.0027033116496580738,0.0022435645629018224,0.002590384007773002,False,4108,3921,1038,1189,1694
opposing,Black Widow,Wolverine,Damage,Damage,-0.03627482945084698,3.2013888612259696e-05,-0.03922340561024724,False,3777,3575,722,1010,1843
opposing,Black Widow,Invisible Woman,Damage,Support,-0.038981607545348615,-0.0018871664464754569,-0.04309399303122645,False,19162,18272,4805,5541,7926
opposing,Black Widow,The Thing,Damage,Tank,0.04256329236466072,0.002616931797391143,0.04649174706542449,False,10488,9969,2537,3022,4410
opposing,Black Widow,Iron Fist,Damage,Damage,-0.04627698203377946,0.0006612238649433339,-0.05399554954325179,False,7379,7097,1605,2197,3295
opposing,Black Widow,Emma Frost,Damage,Tank,-0.038067232477104924,0.0013435473038571173,-0.037986263326902,False,13881,13188,4089,4033,5066
opposing,Black Widow,Phoenix,Damage,Damage,0.006952563133814045,0.0006830354942075632,0.008127562211964966,False,3828,3676,1167,1185,1324
opposing,Black Widow,Daredevil,Damage,Damage,0.008420803615461478,0.0009478432474662636,0.006113966965986302,False,6634,6274,1285,1814,3175
opposing,Black Widow,Angela,Damage,Tank,-0.017534162036640887,-0.0018307709560779041,-0.013176431177366535,False,3999,3779,922,1172,1685
opposing,Black Widow,Gambit,Damage,Support,0.009858766137625558,0.00010101619265142774,0.009523626136135981,False,15602,14820,4041,4813,5966
opposing,Black Widow,Elsa Bloodstone,Damage,Damage,-0.009167435958045976,0.00166321487523782,-0.009096457736548984,False,6846,6567,2051,2183,2333
opposing,Black Widow,White Fox,Damage,Support,-0.02426775950466763,-0.0019209232530444035,-0.032328571315276604,False,7525,7242,2924,2306,2012
opposing,Black Widow,Black Cat,Damage,Damage,-0.008489157135382933,-0.0011868339985536566,-0.009596587511879036,False,4502,4415,1841,1466,1108
opposing,Black Widow,Devil Dinosaur,Damage,Tank,-0.0006265564106765977,-0.0007357511986642797,0.0009824615371487758,False,5326,5058,1908,1618,1532
opposing,Black Widow,Cyclops,Damage,Damage,-0.0007872107050831214,-0.0009485309444758408,0.0020306936961323207,False,8483,8144,3021,2633,2490
opposing,Black Widow,Jubilee,Damage,Support,0.001536109242806129,0.0002292937687025703,-0.006201599134457895,False,22442,21616,7023,7190,7403
opposing,Black Widow,Rogue,Damage,Tank,0.0003891388234900577,0.0006974045529008752,0.00466557302894357,False,4332,4079,1163,1292,1624
opposing,Black Widow,The Hood,Damage,Tank,-0.0020919610742175924,0.000517870675343772,0.002908298550886565,False,31412,30368,8712,9703,11953
opposing,Black Widow,Deadpool (Vanguard),Damage,Tank,0.019772756572508394,0.0004423958284064273,0.02587638390131279,False,3377,3264,1203,1099,962
opposing,Black Widow,Deadpool (Duelist),Damage,Damage,-0.028072905032148446,-0.0016960046143950159,-0.0320575712388118,False,4728,4495,1209,1408,1878
opposing,Black Widow,Deadpool (Strategist),Damage,Support,0.010327901626218721,-0.0024964974510893515,0.005717299603735046,False,4643,4469,1522,1445,1502
opposing,Iron Man,Venom,Damage,Tank,0.01156052284679814,0.0010947707676865447,0.009673234890060188,False,5205,4945,2056,1662,1227
opposing,Iron Man,Spider-man,Damage,Damage,-0.06575209386198817,0.001632563687530594,-0.06846232148009614,False,5984,5705,2070,2129,1506
opposing,Iron Man,Magneto,Damage,Tank,-0.020938511444912655,-0.0034693021505643345,-0.015786716953085606,False,18274,17412,6258,6220,4934
opposing,Iron Man,Scarlet Witch,Damage,Damage,0.008298159075947888,0.0006415439252575784,0.012646159149003921,False,2660,2569,1520,762,287
opposing,Iron Man,Thor,Damage,Tank,-0.0028935950915698837,0.0007668265352936693,-0.0024295317093222697,False,4125,3960,1676,1355,929
opposing,Iron Man,Mister Fantastic,Damage,Damage,-0.0004656112450741371,0.00042662235145862667,0.0016132403243166948,False,2225,2128,909,804,415
opposing,Iron Man,Winter Soldier,Damage,Damage,-0.02296205114217864,-0.002534028675601635,-0.022284599889060848,False,10981,10501,3862,3798,2841
opposing,Iron Man,Peni Parker,Damage,Tank,0.01814763281021358,-0.00038448618245744864,0.011831570223878493,False,2460,2334,1004,790,540
opposing,Iron Man,Star-lord,Damage,Damage,-0.01625103859843269,0.0005285412759522943,-0.016109516758280026,False,2701,2599,1060,888,651
opposing,Iron Man,Blade,Damage,Damage,0.03983270834011272,-0.0003582374526569811,0.042172085661202126,False,2598,2482,1122,865,495
opposing,Iron Man,Namor,Damage,Damage,0.022327094686452567,-0.001041631530158006,0.030166170358908413,False,4016,3818,1652,1370,796
opposing,Iron Man,Adam Warlock,Damage,Support,0.0031941860771262523,0.001499420893163144,0.0028056655011003393,False,2049,1909,719,674,516
opposing,Iron Man,Jeff The Land Shark,Damage,Support,0.004832132676098356,0.00010784276094865424,0.0029675112828836192,False,3884,3717,1772,1206,739
opposing,Iron Man,Psylocke,Damage,Damage,-0.026110589423703465,-0.001133688170369331,-0.025411285616512326,False,2385,2278,895,776,607
opposing,Iron Man,Wolverine,Damage,Damage,0.0094696745927355,0.00041012672532445997,0.013298002291766977,False,2012,1898,641,696,561
opposing,Iron Man,Invisible Woman,Damage,Support,-0.005362534776648146,-0.0026190751152944114,-0.004349414156871909,False,10926,10472,4061,3736,2675
opposing,Iron Man,The Thing,Damage,Tank,0.04218232211717025,-0.0010987893000680635,0.03949582974864877,False,6377,6090,2274,2141,1675
opposing,Iron Man,Iron Fist,Damage,Damage,-0.01865846776913884,-0.0016525496312615481,-0.021050210602494783,False,4204,4027,1365,1516,1146
opposing,Iron Man,Emma Frost,Damage,Tank,0.024550762496263857,0.0016881474035746495,0.02511282186854205,False,8471,8047,3490,2800,1757
opposing,Iron Man,Phoenix,Damage,Damage,-0.015684567357817918,0.001330890430109359,-0.013203195184052418,False,2544,2462,1064,890,508
opposing,Iron Man,Daredevil,Damage,Damage,0.005008844855045912,0.0004528455371499853,0.005546395039682627,False,3703,3511,1108,1286,1117
opposing,Iron Man,Angela,Damage,Tank,-0.0015070786232615804,-0.0007994444679046489,-0.001916134942899784,False,2284,2176,784,824,568
opposing,Iron Man,Gambit,Damage,Support,0.033046540292020546,-0.0010178551470376176,0.036532994069396856,False,10211,9669,3606,3509,2554
opposing,Iron Man,Elsa Bloodstone,Damage,Damage,0.0035028407212840938,0.0026800703947834834,0.007704784612072625,False,4713,4510,1892,1609,1009
opposing,Iron Man,White Fox,Damage,Support,0.01236212147829229,0.00033200175101351245,0.009803166800119825,False,5284,5078,2527,1656,895
opposing,Iron Man,Black Cat,Damage,Damage,-0.004451435500183453,0.0006142940605840193,-0.00211850461091846,False,3680,3594,1763,1233,598
opposing,Iron Man,Devil Dinosaur,Damage,Tank,-0.01387184192190229,0.0018917529624148301,-0.020326773586804875,False,3870,3691,1754,1252,685
opposing,Iron Man,Cyclops,Damage,Damage,0.0061380363878803775,-0.0011385650161793589,0.012627304091478036,False,6117,5856,2757,2035,1064
opposing,Iron Man,Jubilee,Damage,Support,0.005419340637320893,0.001293837335316397,-0.0009098418060622664,False,15111,14500,6265,5328,2907
opposing,Iron Man,Rogue,Damage,Tank,-0.0006728282582126523,3.8886890263536664e-05,-0.0030880468094144527,False,2749,2575,1043,891,641
opposing,Iron Man,The Hood,Damage,Tank,-0.005264386646074971,0.0012815525005398468,-0.007193496255912777,False,19818,19185,7676,6966,4543
opposing,Iron Man,Deadpool (Vanguard),Damage,Tank,-0.008900445223225965,-0.0003374788910049764,-0.012598527308426598,False,2312,2221,1102,722,397
opposing,Iron Man,Deadpool (Duelist),Damage,Damage,0.0058111787791694895,-0.0016286118103104991,0.0076545828123567115,False,2947,2806,1084,1010,712
opposing,Iron Man,Deadpool (Strategist),Damage,Support,-0.006609774351401691,0.0009270603122768949,-0.0124144638615214,False,3176,3053,1395,1057,601
opposing,Venom,Spider-man,Tank,Damage,0.0018610395714722596,0.0029014439103132133,0.004313249297984276,False,14996,14302,4319,4801,5182
opposing,Venom,Magneto,Tank,Tank,0.014182201397709569,0.0004464423733274821,-0.009189752557139304,False,38015,36223,10359,11642,14222
opposing,Venom,Scarlet Witch,Tank,Damage,0.0009449861274076882,-0.0003688105330626305,0.0025066542955688225,False,4776,4606,2492,1366,748
opposing,Venom,Thor,Tank,Tank,0.003315227315500868,-0.0006184837309969485,-0.002750872147757718,False,8790,8374,2981,2739,2654
opposing,Venom,Mister Fantastic,Tank,Damage,0.004101908154731349,-0.0007955565708714225,0.007148889259711772,False,4401,4206,1553,1475,1178
opposing,Venom,Winter Soldier,Tank,Damage,-0.0032207824375902303,-0.0014877539115728698,-0.00554228510795623,False,22583,21496,6313,7067,8116
opposing,Venom,Peni Parker,Tank,Tank,-0.03084428653583447,0.0006569090298389883,-0.03298045089568652,False,4459,4218,1567,1366,1285
opposing,Venom,Star-lord,Tank,Damage,0.0017146431866456458,-0.0004890884366073281,0.002065927491998717,False,5326,5103,1703,1659,1741
opposing,Venom,Blade,Tank,Damage,-0.014082287404324148,-0.0004756577298964076,-0.010073814119646756,False,5068,4840,1913,1668,1259
opposing,Venom,Namor,Tank,Damage,0.0011493471740101717,0.0003746796333085766,-0.003347078803835945,False,7495,7178,2647,2552,1979
opposing,Venom,Adam Warlock,Tank,Support,-0.010446084137056187,-0.0012488954225409342,-0.015604893320781766,False,4042,3821,1184,1222,1415
opposing,Venom,Jeff The Land Shark,Tank,Support,-0.018688290496107766,-0.0009244774967367459,-0.022682729141812723,False,7652,7356,2958,2399,1999
opposing,Venom,Psylocke,Tank,Damage,-0.037110053435354534,7.80799362989151e-05,-0.04064040915279319,False,4795,4595,1453,1489,1653
opposing,Venom,Wolverine,Tank,Damage,-0.030926302466282012,-0.0001237007548484121,-0.02789834204308468,False,4562,4312,1154,1345,1813
opposing,Venom,Invisible Woman,Tank,Support,0.03719275814153557,0.0008497983191906011,0.037675575841524214,False,22913,21946,7113,7135,7698
opposing,Venom,The Thing,Tank,Tank,0.008570163177280082,-0.0004147128698752064,0.0183774336236605,False,11689,11157,3409,3662,4086
opposing,Venom,Iron Fist,Tank,Damage,-0.01442382568039051,0.0006484025604818557,-0.007075776492491794,False,9041,8649,2459,2880,3310
opposing,Venom,Emma Frost,Tank,Tank,0.032080137791422374,0.0006098366036071281,0.03168752644429451,False,17508,16575,6101,5365,5109
opposing,Venom,Phoenix,Tank,Damage,-0.0003117636195496218,0.0010445973233230012,-0.000994645694075807,False,4714,4543,1720,1519,1304
opposing,Venom,Daredevil,Tank,Damage,-0.02660025075437697,-0.0001890276191843497,-0.023839199049044586,False,8032,7640,1945,2458,3237
opposing,Venom,Angela,Tank,Tank,-0.0032674048289626544,-0.0005250378406379335,-0.009956030856394658,False,4905,4677,1413,1553,1711
opposing,Venom,Gambit,Tank,Support,0.002639832485660697,0.00017272186711351017,0.005444206849571429,False,19017,17964,5664,6142,6158
opposing,Venom,Elsa Bloodstone,Tank,Damage,0.0003432837978592272,0.0032950181738486003,-0.0008444900256685986,False,8680,8291,2968,2725,2598
opposing,Venom,White Fox,Tank,Support,-0.006526340237377154,-0.002296834691725283,0.0004428912549756303,False,10907,10494,4614,3454,2426
opposing,Venom,Black Cat,Tank,Damage,-0.00811729689153703,0.0009500152330656626,-0.0062135513603774764,False,7162,6971,2992,2297,1682
opposing,Venom,Devil Dinosaur,Tank,Tank,-0.01866643918303414,0.0011814774615184155,-0.020871190197888304,False,7523,7132,2981,2316,1835
opposing,Venom,Cyclops,Tank,Damage,-0.020379015888539555,0.0016368928941994136,-0.02126567368281724,False,11151,10656,4457,3466,2733
opposing,Venom,Jubilee,Tank,Support,0.016422937125697694,0.00019406990285793826,0.031885845718175015,False,28726,27551,10307,9319,7925
opposing,Venom,Rogue,Tank,Tank,0.011340989157205201,0.0008847779753647457,0.008415706364420614,False,5546,5202,1805,1653,1744
opposing,Venom,The Hood,Tank,Tank,0.0001612475348064993,-0.001690124297240501,-0.0053864922390530695,False,38507,37189,12448,12300,12441
opposing,Venom,Deadpool (Vanguard),Tank,Tank,0.017688599918960997,0.001127424218960902,0.015485719832745623,False,4236,4076,1753,1341,982
opposing,Venom,Deadpool (Duelist),Tank,Damage,0.015019626522114467,0.0008019550644276141,0.014957421242293134,False,5883,5583,1835,1838,1910
opposing,Venom,Deadpool (Strategist),Tank,Support,-0.010610186512555004,-0.0016973011736999717,-0.00721615871611498,False,6406,6157,2432,2009,1716
opposing,Spider-man,Magneto,Damage,Tank,0.019782069628646252,-0.0003086974398656379,0.030467370601152545,False,51428,49037,12744,16039,20254
opposing,Spider-man,Scarlet Witch,Damage,Damage,-0.005784941363483962,0.0006021125851022904,-0.005113529216433569,False,6461,6239,3029,2043,1167
opposing,Spider-man,Thor,Damage,Tank,-0.01470936128340365,0.0003399911898300206,-0.014629347019051248,False,11446,10930,3487,3691,3752
opposing,Spider-man,Mister Fantastic,Damage,Damage,0.0025330883172820537,0.0030307164608185297,0.002301895960810288,False,5834,5594,1781,2009,1804
opposing,Spider-man,Winter Soldier,Damage,Damage,0.01585423591323623,-0.0003403823315078145,0.01708705023993612,False,31283,29841,7832,10075,11934
opposing,Spider-man,Peni Parker,Damage,Tank,-0.015328267756907023,-0.00037806839617294006,-0.024468119871540506,False,5950,5664,1887,1924,1853
opposing,Spider-man,Star-lord,Damage,Damage,-0.014221276547794773,0.0011038507642523578,-0.01646731363444217,False,7413,7128,2123,2441,2564
opposing,Spider-man,Blade,Damage,Damage,-0.013307264981525091,-0.00019412606241953317,-0.017769025417017803,False,6631,6336,2262,2217,1857
opposing,Spider-man,Namor,Damage,Damage,-0.06046844597971852,-0.0010414505063260876,-0.06180295345140745,False,9044,8682,2816,3089,2777
opposing,Spider-man,Adam Warlock,Damage,Support,-0.0073217736128552285,0.0010248043675804913,-0.004612747831625096,False,5617,5347,1494,1707,2146
opposing,Spider-man,Jeff The Land Shark,Damage,Support,-0.010886434859189987,0.0009815791211670451,-0.010303835875812035,False,10065,9673,3449,3198,3026
opposing,Spider-man,Psylocke,Damage,Damage,-0.0049117548457834,-0.0004905481998188931,-0.005066484163209747,False,6786,6496,1802,2117,2577
opposing,Spider-man,Wolverine,Damage,Damage,0.010652845224964892,-0.0002404719877913352,0.012025886683723626,False,5885,5593,1296,1856,2441
opposing,Spider-man,Invisible Woman,Damage,Support,0.03735933391013365,0.0006360738573360284,0.04812472943426135,False,31140,29709,8783,9934,10992
opposing,Spider-man,The Thing,Damage,Tank,0.0035999326221947555,0.0018169893830332377,-0.002485530719795591,False,16450,15694,4349,5247,6098
opposing,Spider-man,Iron Fist,Damage,Damage,-0.01819588493917985,0.0008715070467686325,-0.02310056103699017,False,12542,12022,3113,4052,4857
opposing,Spider-man,Emma Frost,Damage,Tank,0.023423158424691573,0.002865408346372021,0.024805055071741373,False,22491,21354,7198,7278,6878
opposing,Spider-man,Phoenix,Damage,Damage,-0.028591365155803797,-0.0021898684444060334,-0.029692476696728264,False,6186,5974,2056,2008,1910
opposing,Spider-man,Daredevil,Damage,Damage,-0.02644127703097178,0.0007011371663500349,-0.030969676488067574,False,11152,10632,2423,3370,4839
opposing,Spider-man,Angela,Damage,Tank,0.005859883931752061,0.002020755631093772,0.007227470468451459,False,6761,6416,1756,2197,2463
opposing,Spider-man,Gambit,Damage,Support,-0.04276430034865948,-0.0032652440450885124,-0.04434216033286444,False,25314,23995,6987,8520,8488
opposing,Spider-man,Elsa Bloodstone,Damage,Damage,-0.033380708926357645,0.0004378441970319307,-0.03467938889823154,False,11065,10603,3599,3733,3271
opposing,Spider-man,White Fox,Damage,Support,-0.012778759192858856,-0.0005933712336552637,-0.014068282636421483,False,14429,13929,5548,4773,3608
opposing,Spider-man,Black Cat,Damage,Damage,0.008153565451826144,0.0013649895877930105,0.00894495652640081,False,9623,9411,3759,3320,2332
opposing,Spider-man,Devil Dinosaur,Damage,Tank,-0.013903003926716609,-0.0008809460174155043,-0.019414597974163308,False,9605,9139,3481,3207,2451
opposing,Spider-man,Cyclops,Damage,Damage,0.013134171339053072,-0.0016245886661996197,0.01763318994789345,False,14440,13827,5306,4684,3837
opposing,Spider-man,Jubilee,Damage,Support,0.003449610812367215,0.0012937029255020362,0.0012862534593685768,False,37842,36353,12498,12727,11128
opposing,Spider-man,Rogue,Damage,Tank,0.019132006239608274,-0.002405805185460398,0.019894399637203138,False,7387,6937,2180,2346,2411
opposing,Spider-man,The Hood,Damage,Tank,0.03046782504584932,-0.0011200484777938709,0.033510345145682456,False,50973,49308,14963,16675,17670
opposing,Spider-man,Deadpool (Vanguard),Damage,Tank,0.02072187040941745,0.0012270482020196082,0.021307215455781948,False,5400,5196,1999,1724,1473
opposing,Spider-man,Deadpool (Duelist),Damage,Damage,0.004029564031658358,0.001631286241456097,0.003180498994193596,False,7592,7206,2159,2480,2567
opposing,Spider-man,Deadpool (Strategist),Damage,Support,-0.018942045710202225,-0.00047349626412080363,-0.02187622782166827,False,8607,8269,2921,2804,2544
opposing,Magneto,Scarlet Witch,Tank,Damage,0.04364777781881682,0.0016688072982621294,0.03931968786090644,False,16236,15674,7397,5121,3156
opposing,Magneto,Thor,Tank,Tank,-0.018733623373794004,-0.002449936255596328,-0.002638022619370687,False,30319,28945,8650,9585,10710
opposing,Magneto,Mister Fantastic,Tank,Damage,-0.033082963998630324,0.0013395438143910376,-0.044924076782456586,False,15564,14966,4624,5219,5123
opposing,Magneto,Winter Soldier,Tank,Damage,0.017553294954817184,0.0010612603784616245,0.006872041613711895,False,76961,73595,19119,23863,30613
opposing,Magneto,Peni Parker,Tank,Tank,0.0010514570699294587,-0.0010230578767604912,0.029376161280845282,False,16137,15345,4834,4903,5608
opposing,Magneto,Star-lord,Tank,Damage,0.01419107754800368,-0.0014307749788505775,0.00524798655549377,False,20104,19329,5366,6359,7604
opposing,Magneto,Blade,Tank,Damage,-0.018320124829387687,-0.0011537180999364146,-0.025488678334999886,False,17778,16917,5871,5643,5403
opposing,Magneto,Namor,Tank,Damage,0.03205200008287602,-0.0017189999388542525,0.020336679467737855,False,27881,26715,8775,9329,8611
opposing,Magneto,Adam Warlock,Tank,Support,-0.007163407843841544,-0.0011138772696119665,-0.018272683610735096,False,16208,15360,3831,4647,6882
opposing,Magneto,Jeff The Land Shark,Tank,Support,0.02490326823585547,0.002500019939562257,0.02143657625606713,False,26686,25618,8724,8308,8586
opposing,Magneto,Psylocke,Tank,Damage,0.015617927854415455,-0.0016869257432894531,0.007327024927204173,False,18471,17659,4706,5579,7374
opposing,Magneto,Wolverine,Tank,Damage,-0.02288035911159579,8.045869068604673e-05,-0.029645812808441512,False,17348,16435,3521,5058,7856
opposing,Magneto,Invisible Woman,Tank,Support,0.0008797857125471645,0.0031869017005823185,-0.010951449572414793,False,80449,76908,21193,24774,30941
opposing,Magneto,The Thing,Tank,Tank,-0.02501189950046634,-0.0009281956510409674,0.005182730857680361,False,43507,41568,11051,13447,17070
opposing,Magneto,Iron Fist,Tank,Damage,-0.014742811740193621,0.0014515401328284681,-0.01813038026023373,False,33133,31726,7591,10179,13956
opposing,Magneto,Emma Frost,Tank,Tank,-0.03173033732195495,-0.0031247733234547213,-0.0163861137474136,False,57577,54835,17914,17793,19128
opposing,Magneto,Phoenix,Tank,Damage,0.04122584912986869,-0.0005860014365772617,0.034521966246244554,False,17540,16903,5537,5688,5678
opposing,Magneto,Daredevil,Tank,Damage,-0.029490281474407392,0.00019509277875530423,-0.03775444316676472,False,29919,28418,6188,8710,13520
opposing,Magneto,Angela,Tank,Tank,-0.0430728603426062,9.019826479217975e-05,-0.0303315715099484,False,18150,17198,4442,5548,7208
opposing,Magneto,Gambit,Tank,Support,0.011218308434672523,-0.0026267498260609964,0.00892332687438269,False,57775,55063,16684,19346,19033
opposing,Magneto,Elsa Bloodstone,Tank,Damage,0.044337003948273,-0.0012209465804211062,0.03740487877564946,False,28859,27733,9163,9715,8855
opposing,Magneto,White Fox,Tank,Support,-0.005400514883768046,-0.0036679202672405334,-0.004728386732734123,False,35668,34322,13354,11283,9685
opposing,Magneto,Black Cat,Tank,Damage,-0.02801833928442306,-0.003437812187829897,-0.03905588264157706,False,20505,20122,8239,7056,4827
opposing,Magneto,Devil Dinosaur,Tank,Tank,-0.0359890381649738,-0.0018739421404335823,-0.015304973314860644,False,25226,24054,8891,8029,7134
opposing,Magneto,Cyclops,Tank,Damage,0.00943742093502063,-5.321679784367622e-05,0.0012095199883477895,False,38863,37263,13578,12501,11184
opposing,Magneto,Jubilee,Tank,Support,0.02339287373063804,-0.002510231561333664,0.03349791114718903,False,94925,91363,30067,31354,29942
opposing,Magneto,Rogue,Tank,Tank,-0.023213528968877996,-0.0011291056370367242,-0.005901060380409658,False,20663,19404,5821,6355,7228
opposing,Magneto,The Hood,Tank,Tank,-0.02559572344997775,0.0013877535550128725,-0.009552243051615322,False,123011,119347,35596,40350,43401
opposing,Magneto,Deadpool (Vanguard),Tank,Tank,0.00789928414495313,0.0012027344744362607,0.029744186571079197,False,14850,14336,5279,4903,4154
opposing,Magneto,Deadpool (Duelist),Tank,Damage,-0.008953925035937525,0.00022946076278677473,-0.02241613589575319,False,22524,21395,5911,7072,8412
opposing,Magneto,Deadpool (Strategist),Tank,Support,0.002657120768047518,-0.0019360033843726233,0.0017053548185783395,False,22215,21356,7327,7142,6887
opposing,Scarlet Witch,Thor,Damage,Tank,0.008807193967872615,0.0011875836809336264,0.012323410708421172,False,3769,3657,1966,1139,552
opposing,Scarlet Witch,Mister Fantastic,Damage,Damage,0.009157872303208454,-0.00011398011935800506,0.00832245520948169,False,2080,2017,1105,617,295
opposing,Scarlet Witch,Winter Soldier,Damage,Damage,-0.013245162038044576,-0.0009189282119698312,-0.015474507003576261,False,9270,8939,4456,2863,1620
opposing,Scarlet Witch,Peni Parker,Damage,Tank,0.008985270320932567,1.8331944845570176e-05,0.0033713907261466005,False,2240,2159,1214,627,318
opposing,Scarlet Witch,Star-lord,Damage,Damage,0.021985231609901686,0.0008548798662496249,0.0215015077197409,False,2458,2384,1260,695,429
opposing,Scarlet Witch,Blade,Damage,Damage,0.010911449722020386,-0.0006572930513262755,0.007252979006682203,False,2576,2481,1486,698,297
opposing,Scarlet Witch,Namor,Damage,Damage,-0.014222437012279874,-0.0010821207150401517,-0.012991471222702826,False,3873,3738,2080,1118,540
opposing,Scarlet Witch,Adam Warlock,Damage,Support,0.011768807034842876,0.0007256841279107497,0.018399383271567562,False,1887,1814,918,558,338
opposing,Scarlet Witch,Jeff The Land Shark,Damage,Support,-0.00825749537905485,-0.0001392633105407824,-0.005811051086127716,False,3627,3501,2077,962,462
opposing,Scarlet Witch,Psylocke,Damage,Damage,0.007262558064084068,-0.0003445823361288452,0.006947566323318008,False,2046,1984,1029,607,348
opposing,Scarlet Witch,Wolverine,Damage,Damage,0.00903339261821838,-3.312323419415317e-06,0.009142670412308283,False,1757,1684,790,551,343
opposing,Scarlet Witch,Invisible Woman,Damage,Support,-0.03464757868757819,0.0014253204846446932,-0.03134781936363218,False,9934,9617,5061,2881,1675
opposing,Scarlet Witch,The Thing,Damage,Tank,0.004134972098256656,-0.0006858345446719261,-0.0011028660938666264,False,5442,5226,2659,1597,970
opposing,Scarlet Witch,Iron Fist,Damage,Damage,0.024129585100495708,-0.000571319596174397,0.021476739149730327,False,3817,3702,1744,1250,708
opposing,Scarlet Witch,Emma Frost,Damage,Tank,0.004688153916630843,0.001192042812020207,0.004747148781270159,False,7969,7676,4312,2295,1069
opposing,Scarlet Witch,Phoenix,Damage,Damage,0.012168411608789186,-0.0007585503959749703,0.013193874752903052,False,2249,2175,1212,656,307
opposing,Scarlet Witch,Daredevil,Damage,Damage,0.01674686553269768,0.0014544274161146621,0.014539310024566335,False,3154,3027,1321,1019,687
opposing,Scarlet Witch,Angela,Damage,Tank,-0.022302370123766433,0.0018494359486934285,-0.023319545895427434,False,2001,1923,1008,587,328
opposing,Scarlet Witch,Gambit,Damage,Support,0.01620583317559037,0.0022126240237127066,0.023534467756448938,False,8696,8334,4141,2718,1475
opposing,Scarlet Witch,Elsa Bloodstone,Damage,Damage,0.007818041521354473,0.0005259960520391768,0.008681054129168432,False,4248,4110,2233,1226,651
opposing,Scarlet Witch,White Fox,Damage,Support,0.029502062149375157,-0.0022890838414394237,0.03503286924812408,False,5438,5278,3251,1464,563
opposing,Scarlet Witch,Black Cat,Damage,Damage,0.014440196391490636,0.0011139014304138407,0.014600310485109352,False,3591,3529,2143,1042,344
opposing,Scarlet Witch,Devil Dinosaur,Damage,Tank,0.004953766700422804,0.0011140958132326094,0.0023535092786513482,False,3661,3529,2109,1011,409
opposing,Scarlet Witch,Cyclops,Damage,Damage,-0.017834491362026604,0.0010840699154183841,-0.016947173225401707,False,5625,5450,3273,1554,623
opposing,Scarlet Witch,Jubilee,Damage,Support,0.039910229350233584,-0.001987739175905411,0.04383967718900053,False,14665,14259,7890,4347,2022
opposing,Scarlet Witch,Rogue,Damage,Tank,0.009710767934334664,0.0002531228118159795,0.010199337610821986,False,2625,2504,1411,719,374
opposing,Scarlet Witch,The Hood,Damage,Tank,0.022514290995783275,-0.0006411019080652178,0.025448305710947087,False,18221,17801,9229,5574,2998
opposing,Scarlet Witch,Deadpool (Vanguard),Damage,Tank,0.01488846782709572,-0.0009411823010411383,0.015604113505762093,False,2277,2218,1380,597,241
opposing,Scarlet Witch,Deadpool (Duelist),Damage,Damage,0.010236976186002961,-0.0006221070294448404,0.008750296664756659,False,2840,2740,1370,883,487
opposing,Scarlet Witch,Deadpool (Strategist),Damage,Support,-0.021005583291627793,0.0006370598098955448,-0.022662479726239738,False,3194,3103,1882,852,369
opposing,Thor,Mister Fantastic,Tank,Damage,-0.017986997405651073,0.00041280586616537773,-0.021407477429350636,False,3570,3432,1318,1229,885
opposing,Thor,Winter Soldier,Tank,Damage,-0.021367185289972543,0.0016933445048509124,-0.029712075981798734,False,17611,16827,5225,5671,5931
opposing,Thor,Peni Parker,Tank,Tank,-0.044322736484229706,0.00121158345351555,-0.04195637409357615,False,3692,3526,1341,1190,995
opposing,Thor,Star-lord,Tank,Damage,0.007041718296626449,-0.00030104344341495577,0.004013605230126163,False,4210,4052,1435,1360,1257
opposing,Thor,Blade,Tank,Damage,0.025137071433134636,0.0015360534161676814,0.029583684798778993,False,3999,3847,1585,1311,951
opposing,Thor,Namor,Tank,Damage,-0.0065523249138816735,0.0005836687388719,-0.015895671986418454,False,6205,5965,2424,1999,1542
opposing,Thor,Adam Warlock,Tank,Support,-0.022116014027895863,-0.0005377325466777333,-0.02816127320560529,False,3285,3149,984,1026,1139
opposing,Thor,Jeff The Land Shark,Tank,Support,0.022709495429039606,-0.0003281731086973916,0.026357346831205858,False,5928,5717,2378,1865,1474
opposing,Thor,Psylocke,Tank,Damage,0.010807668757640342,-0.0007090411234738343,0.008695213828797716,False,3627,3473,1144,1200,1129
opposing,Thor,Wolverine,Tank,Damage,0.026273769641117186,0.0002342977437209411,0.03176517026634619,False,3377,3212,863,1125,1224
opposing,Thor,Invisible Woman,Tank,Support,0.010937205936678173,-0.0014223541628388932,0.008189455770787262,False,17687,16914,5801,5732,5381
opposing,Thor,The Thing,Tank,Tank,-0.02814518371804816,-0.002219861061284705,-0.01741029374376721,False,9754,9311,2989,3125,3197
opposing,Thor,Iron Fist,Tank,Damage,-0.02700989689600111,-0.0004835366218200198,-0.02505893463860753,False,6724,6440,1904,2163,2373
opposing,Thor,Emma Frost,Tank,Tank,-0.00665821629672192,0.00024680106777651834,-0.006434439991767106,False,13802,13120,5069,4260,3791
opposing,Thor,Phoenix,Tank,Damage,-0.02894018121385097,-0.0016146808874583794,-0.03682711780549307,False,3680,3540,1422,1174,944
opposing,Thor,Daredevil,Tank,Damage,-0.0012427859003752229,0.000841638089973871,0.0003950387064687972,False,6060,5792,1501,1916,2375
opposing,Thor,Angela,Tank,Tank,0.023846261727210324,0.0013149544228204966,0.027905103450986735,False,3976,3787,1190,1326,1271
opposing,Thor,Gambit,Tank,Support,-0.011629416528148018,0.0031666587589437834,-0.01012923987441259,False,15710,14931,4789,5198,4944
opposing,Thor,Elsa Bloodstone,Tank,Damage,-0.0025759078175430685,-0.0010802319162014737,-0.008071916748475646,False,7133,6832,2453,2353,2026
opposing,Thor,White Fox,Tank,Support,-0.015481595056370616,-0.00081123612573693,-0.008962526492883538,False,8215,7944,3593,2633,1718
opposing,Thor,Black Cat,Tank,Damage,0.02656786930369178,-0.0013268205267935346,0.02839903541490778,False,5598,5469,2409,1887,1173
opposing,Thor,Devil Dinosaur,Tank,Tank,0.011807170157006042,-0.00162589019353069,0.020866801167801395,False,6027,5776,2522,1888,1366
opposing,Thor,Cyclops,Tank,Damage,0.00045767031304644865,-0.0009733432681346213,-0.0020614231641949967,False,8613,8300,3580,2852,1868
opposing,Thor,Jubilee,Tank,Support,-0.019173780722781628,0.001115624716174216,-0.008442698760337384,False,22849,22016,8673,7647,5696
opposing,Thor,Rogue,Tank,Tank,0.01861928534714199,0.0010193234540143178,0.0233898748646064,False,4482,4219,1503,1472,1244
opposing,Thor,The Hood,Tank,Tank,-0.0002735320999506701,0.00010271704089127278,0.0006879733864858398,False,31154,30164,10490,10335,9339
opposing,Thor,Deadpool (Vanguard),Tank,Tank,-0.014913789518239833,-9.470867613389371e-05,-0.015556287390688924,False,3293,3170,1455,1063,652
opposing,Thor,Deadpool (Duelist),Tank,Damage,0.00970577963733603,-0.0020858021031960397,0.005065611596141755,False,4603,4378,1408,1524,1446
opposing,Thor,Deadpool (Strategist),Tank,Support,-7.650622007879867e-05,-0.0009164035177758877,0.00599950893326743,False,5038,4861,1954,1701,1206
opposing,Mister Fantastic,Winter Soldier,Damage,Damage,0.006773790857967478,-0.0002628322367316658,0.007714009002100198,False,8666,8339,2788,2944,2607
opposing,Mister Fantastic,Peni Parker,Damage,Tank,-0.004520252648860762,-0.00011013398759904352,-0.012785084297612326,False,1770,1672,669,569,434
opposing,Mister Fantastic,Star-lord,Damage,Damage,0.038098304318093926,-0.00039131925711421165,0.04047167312257195,False,2239,2168,765,742,661
opposing,Mister Fantastic,Blade,Damage,Damage,0.012563948326719228,0.0003265097673844854,0.010605724377740391,False,2020,1932,813,686,433
opposing,Mister Fantastic,Namor,Damage,Damage,-0.004735415803259275,0.0011031768551936275,-0.0011774414389771398,False,3213,3092,1231,1112,749
opposing,Mister Fantastic,Adam Warlock,Damage,Support,-0.0005392038932358903,-0.0012564204523598064,0.0024784750263351276,False,1750,1674,534,564,576
opposing,Mister Fantastic,Jeff The Land Shark,Damage,Support,-0.02248084180670958,0.00023362485606137062,-0.023886711768383112,False,3012,2914,1244,969,701
opposing,Mister Fantastic,Psylocke,Damage,Damage,0.017056187635060605,0.0007734141974196176,0.01909273313795611,False,1871,1794,617,601,576
opposing,Mister Fantastic,Wolverine,Damage,Damage,-0.013938086261559889,-0.00024927707594201966,-0.014098479899868807,False,1709,1621,469,542,610
opposing,Mister Fantastic,Invisible Woman,Damage,Support,0.013237297879639998,0.0008768976675986961,0.020448270823344453,False,8996,8654,3051,3044,2559
opposing,Mister Fantastic,The Thing,Damage,Tank,-0.0374615152957926,-0.0010349477950171836,-0.048514397688569647,False,4981,4781,1653,1630,1498
opposing,Mister Fantastic,Iron Fist,Damage,Damage,-0.01211780542811985,-0.0004947699898285447,-0.01610239574319104,False,3591,3459,1065,1242,1152
opposing,Mister Fantastic,Emma Frost,Damage,Tank,-0.008256878789687165,0.002129619604040457,-0.010785703833951665,False,6752,6445,2500,2264,1681
opposing,Mister Fantastic,Phoenix,Damage,Damage,-0.004818727027959487,-0.0004677280244789545,-0.003584188096802077,False,1976,1921,777,683,461
opposing,Mister Fantastic,Daredevil,Damage,Damage,0.007892623184614356,0.0003899237980311865,0.006544775166619783,False,3021,2889,838,1014,1037
opposing,Mister Fantastic,Angela,Damage,Tank,0.0032848165665930024,-0.0006695335822393638,0.004019988455434161,False,1896,1818,600,654,564
opposing,Mister Fantastic,Gambit,Damage,Support,-0.012579551397394795,-0.0014051409360159,-0.010923485839303197,False,7945,7595,2532,2693,2370
opposing,Mister Fantastic,Elsa Bloodstone,Damage,Damage,-0.006016941392628548,0.001011811773204758,-0.004692680539949793,False,3666,3528,1294,1298,936
opposing,Mister Fantastic,White Fox,Damage,Support,0.007389418396761549,4.8147263416960145e-05,0.00808174907528994,False,4379,4233,1952,1448,833
opposing,Mister Fantastic,Black Cat,Damage,Damage,0.046307773913334294,-0.0011142163377021526,0.050585341086683944,False,3037,2967,1308,1035,624
opposing,Mister Fantastic,Devil Dinosaur,Damage,Tank,-0.034103490694207886,0.00033665410800496525,-0.04223278014636893,False,3071,2958,1256,1061,641
opposing,Mister Fantastic,Cyclops,Damage,Damage,-0.027251348830144913,0.0017557396943156855,-0.025549332412986042,False,4754,4574,1962,1614,998
opposing,Mister Fantastic,Jubilee,Damage,Support,0.005271574760457836,0.0002347239612687443,0.0027967948243589925,False,12389,11956,4748,4360,2848
opposing,Mister Fantastic,Rogue,Damage,Tank,-0.007017677104026418,-0.0003497488458320033,-0.009543080923293918,False,2159,2055,775,719,561
opposing,Mister Fantastic,The Hood,Damage,Tank,0.029510684335060593,0.0013168867908912726,0.03210302877832445,False,16160,15704,5618,5629,4457
opposing,Mister Fantastic,Deadpool (Vanguard),Damage,Tank,0.008644353467276721,0.0004720966169409958,0.007526953006837242,False,1727,1671,738,592,341
opposing,Mister Fantastic,Deadpool (Duelist),Damage,Damage,0.03018834120004571,-0.0003306585296980549,0.03186581775790626,False,2429,2315,774,864,677
opposing,Mister Fantastic,Deadpool (Strategist),Damage,Support,0.020078347803000093,0.0001299985516994898,0.021482546804072807,False,2698,2597,1094,892,611
opposing,Winter Soldier,Peni Parker,Damage,Tank,0.03517937930106694,0.0016235643489000214,0.035929884712447104,False,9546,9094,2943,3030,3121
opposing,Winter Soldier,Star-lord,Damage,Damage,0.0010655206551302243,-0.00029172607567575545,7.795189107583874e-05,False,11277,10832,3257,3569,4006
opposing,Winter Soldier,Blade,Damage,Damage,0.010546587296090712,0.0008151978517464349,0.008028659589166274,False,10226,9784,3446,3341,2997
opposing,Winter Soldier,Namor,Damage,Damage,-0.009669502795692777,-6.825293734782698e-05,-0.006904570266300643,False,15646,15075,5391,5263,4421
opposing,Winter Soldier,Adam Warlock,Damage,Support,0.027667493626038202,-0.0018979933902984459,0.02977179422596216,False,9303,8824,2271,2750,3803
opposing,Winter Soldier,Jeff The Land Shark,Damage,Support,-0.010201364582756155,0.001011127435045503,-0.01451151540099183,False,15737,15115,5312,4977,4826
opposing,Winter Soldier,Psylocke,Damage,Damage,-0.018325589470481022,-0.0007673108211672564,-0.019517901011524168,False,10434,10006,2741,3299,3966
opposing,Winter Soldier,Wolverine,Damage,Damage,-0.010566892583245436,-0.00012564378870582517,-0.010855905602784518,False,9789,9290,2155,2876,4259
opposing,Winter Soldier,Invisible Woman,Damage,Support,-0.05117563034282536,-0.0020895377261900164,-0.05645548893648539,False,49334,47155,13124,15393,18638
opposing,Winter Soldier,The Thing,Damage,Tank,0.005961606711586007,-0.0004593342382087234,0.004343465478818399,False,27074,25859,7086,8426,10347
opposing,Winter Soldier,Iron Fist,Damage,Damage,-0.007326420878709699,-0.002631705631958573,-0.011326015305323393,False,18999,18278,4476,6072,7730
opposing,Winter Soldier,Emma Frost,Damage,Tank,-0.017743455510857584,0.0008568224084230415,-0.016797148317833827,False,36352,34490,11144,11371,11975
opposing,Winter Soldier,Phoenix,Damage,Damage,-0.005738725893752314,0.000525750699270948,-0.004976101747353651,False,10131,9764,3332,3285,3147
opposing,Winter Soldier,Daredevil,Damage,Damage,-0.005440550355365792,0.0019426621050618483,-0.008253367132054098,False,17512,16654,3678,5192,7784
opposing,Winter Soldier,Angela,Damage,Tank,0.025235613014547922,0.0006122699292888415,0.0329869399426942,False,10324,9815,2590,3162,4063
opposing,Winter Soldier,Gambit,Damage,Support,0.01888179700370629,-0.00311555256874705,0.020031315602379206,False,38201,36389,10631,12581,13177
opposing,Winter Soldier,Elsa Bloodstone,Damage,Damage,-0.01796199452489395,-0.0021220635421462333,-0.017991652798291746,False,18001,17308,5579,5987,5742
opposing,Winter Soldier,White Fox,Damage,Support,0.016609382614157186,0.0032416414171465026,0.014014993310303711,False,20660,19893,7996,6670,5227
opposing,Winter Soldier,Black Cat,Damage,Damage,0.004696407037416912,0.0007213298466885793,0.00524674998519785,False,12387,12122,5034,4302,2786
opposing,Winter Soldier,Devil Dinosaur,Damage,Tank,-0.010354949423923671,-0.002045549401280754,-0.011265590601297443,False,14964,14259,5308,4860,4091
opposing,Winter Soldier,Cyclops,Damage,Damage,0.022743195687276344,0.0055060691244765685,0.028046460790333592,False,22690,21798,8218,7481,6099
opposing,Winter Soldier,Jubilee,Damage,Support,0.005183075675542721,6.145429236140894e-05,-0.0017419821557268296,False,59065,56930,19127,19776,18027
opposing,Winter Soldier,Rogue,Damage,Tank,0.007498542114074526,-0.0016184440155736738,0.011151882162617609,False,11481,10820,3243,3642,3935
opposing,Winter Soldier,The Hood,Damage,Tank,-0.040875148283126814,-0.000488983709206537,-0.04166720317339254,False,77793,75404,22648,25508,27248
opposing,Winter Soldier,Deadpool (Vanguard),Damage,Tank,-0.012579666920878528,-0.0003637620834320133,-0.011544009842783533,False,9170,8875,3295,3011,2569
opposing,Winter Soldier,Deadpool (Duelist),Damage,Damage,-0.007910456659008013,-0.0020982252195778537,-0.009679198805367077,False,12980,12352,3485,4142,4725
opposing,Winter Soldier,Deadpool (Strategist),Damage,Support,-0.03042247909429089,0.0010882697633359949,-0.039770098964935864,False,12891,12393,4341,4243,3809
opposing,Peni Parker,Star-lord,Tank,Damage,-0.010715326468970023,-0.0008247713237583446,-0.0065933918400094054,False,2317,2228,851,729,648
opposing,Peni Parker,Blade,Tank,Damage,0.030125168363837468,0.00020604496075228332,0.044283782198427,False,2108,2004,830,688,486
opposing,Peni Parker,Namor,Tank,Damage,-0.005386924220325248,-0.001532891030403573,-0.005448849246232802,False,3375,3218,1395,1059,764
opposing,Peni Parker,Adam Warlock,Tank,Support,0.006081435086550861,-0.0014129177809385164,-0.004595980696770644,False,1771,1676,544,542,590
opposing,Peni Parker,Jeff The Land Shark,Tank,Support,-0.0002621878013259537,0.00048817028084050863,-0.009470103560188039,False,3221,3081,1369,964,748
opposing,Peni Parker,Psylocke,Tank,Damage,0.005970999065553302,0.001411979619786575,0.012463908804737201,False,2067,1972,668,640,664
opposing,Peni Parker,Wolverine,Tank,Damage,-0.02009105152319546,-0.0007357077474594154,-0.010671907686976323,False,1759,1664,512,505,647
opposing,Peni Parker,Invisible Woman,Tank,Support,-0.023945581344627938,0.001267168519852791,-0.04146338325116264,False,9785,9310,3241,3084,2985
opposing,Peni Parker,The Thing,Tank,Tank,0.029042727003868667,-0.00040000328478984824,0.03939051216252484,False,5087,4832,1558,1602,1672
opposing,Peni Parker,Iron Fist,Tank,Damage,-0.0024944009061608793,0.0005285903562610645,0.011368076549366422,False,3466,3321,1023,1104,1194
opposing,Peni Parker,Emma Frost,Tank,Tank,0.008852777465875367,0.0011772445371489705,0.0022776155768485587,False,7769,7333,2898,2344,2091
opposing,Peni Parker,Phoenix,Tank,Damage,-0.009781012257310272,-0.00035553386095202105,-0.006359756201272714,False,2179,2086,895,665,526
opposing,Peni Parker,Daredevil,Tank,Damage,0.019361544264204517,0.00048600433827606645,0.03247034066578753,False,3092,2910,866,904,1140
opposing,Peni Parker,Angela,Tank,Tank,-0.0010246224225747198,0.0010141772938311892,-0.009977315494684908,False,2216,2077,681,669,727
opposing,Peni Parker,Gambit,Tank,Support,0.029839047748383946,0.00015376693087846806,0.028839909518985286,False,8240,7765,2685,2640,2440
opposing,Peni Parker,Elsa Bloodstone,Tank,Damage,-0.002089518378145312,3.440448775881764e-05,0.0016194127006818166,False,3869,3671,1435,1198,1038
opposing,Peni Parker,White Fox,Tank,Support,0.008612284824469634,-0.001279062641047724,0.009839694584086449,False,4616,4417,2119,1379,919
opposing,Peni Parker,Black Cat,Tank,Damage,0.012280262174210865,2.0571129990267438e-05,0.02165226428605463,False,2820,2741,1255,894,592
opposing,Peni Parker,Devil Dinosaur,Tank,Tank,-0.01272661371217989,0.00017770900644655305,-0.016626655915640498,False,3286,3119,1355,1029,735
opposing,Peni Parker,Cyclops,Tank,Damage,-0.02662312828491532,-0.00030498385166644466,-0.023042377108253492,False,5095,4844,2130,1604,1110
opposing,Peni Parker,Jubilee,Tank,Support,-0.04006658963238605,-0.00015401124289442683,-0.041857170029419244,False,12901,12354,5120,4197,3037
opposing,Peni Parker,Rogue,Tank,Tank,-0.007874493584091957,9.135216928371903e-05,-0.01636511498273705,False,2349,2171,843,712,616
opposing,Peni Parker,The Hood,Tank,Tank,-0.02617883440636586,0.0005246431357826174,-0.03838800497068212,False,16399,15828,5799,5262,4767
opposing,Peni Parker,Deadpool (Vanguard),Tank,Tank,0.011389326733340028,0.00032900901017138046,0.005608217203675868,False,1948,1877,840,626,411
opposing,Peni Parker,Deadpool (Duelist),Tank,Damage,0.0038071210868573452,-0.0009490048842368033,0.007652698089530099,False,2584,2459,905,788,766
opposing,Peni Parker,Deadpool (Strategist),Tank,Support,-0.0006226184675970994,-0.00010391140267951971,-0.0037982608530358996,False,2645,2511,1092,812,607
opposing,Star-lord,Blade,Damage,Damage,0.03103299095227059,-0.0009119779778048985,0.031226785954305343,False,2488,2380,923,838,619
opposing,Star-lord,Namor,Damage,Damage,-0.03339904698901802,5.836330507056489e-05,-0.03145966757862711,False,4077,3932,1460,1367,1105
opposing,Star-lord,Adam Warlock,Damage,Support,0.019391934929717046,0.0008542183749973319,0.02061049254341602,False,2009,1914,597,612,705
opposing,Star-lord,Jeff The Land Shark,Damage,Support,0.015978026445530005,0.0004295278207516028,0.01508900135664526,False,3758,3644,1415,1229,1000
opposing,Star-lord,Psylocke,Damage,Damage,-0.004949215724896423,-0.0006346993961146283,-0.003998606949828,False,2505,2425,788,766,871
opposing,Star-lord,Wolverine,Damage,Damage,0.010224439047676248,0.0005009864809488132,0.012671542975075705,False,2264,2192,550,706,936
opposing,Star-lord,Invisible Woman,Damage,Support,-0.017541150533431565,0.0004860747007697098,-0.01846799730010221,False,11680,11241,3611,3715,3915
opposing,Star-lord,The Thing,Damage,Tank,0.003830416802364222,-0.0012023244153288623,-0.00014464969096977085,False,6610,6335,1883,2106,2346
opposing,Star-lord,Iron Fist,Damage,Damage,-0.02820950771348149,-0.00045712464283965173,-0.03280693867041212,False,4699,4509,1237,1470,1802
opposing,Star-lord,Emma Frost,Damage,Tank,-0.005567796790153722,-0.0012085361224933016,-0.005366929160369561,False,8616,8234,2972,2733,2529
opposing,Star-lord,Phoenix,Damage,Damage,-0.03236800433997821,-0.0001918871456343964,-0.03266291205281281,False,2465,2403,889,807,707
opposing,Star-lord,Daredevil,Damage,Damage,-0.009908928482215525,-4.4485043177936566e-05,-0.012006405092587005,False,3955,3783,932,1211,1640
opposing,Star-lord,Angela,Damage,Tank,-0.03353381693538467,7.154528194660576e-05,-0.034518997250412305,False,2352,2248,655,783,810
opposing,Star-lord,Gambit,Damage,Support,0.013027199847369336,0.0007247350097459254,0.013593595652315289,False,9973,9535,2955,3157,3423
opposing,Star-lord,Elsa Bloodstone,Damage,Damage,-0.011344485100645089,0.0006570987618583313,-0.009771932203638173,False,4297,4141,1450,1439,1252
opposing,Star-lord,White Fox,Damage,Support,0.013238459523900572,0.001008860382865805,0.010371406684580182,False,5021,4881,2132,1617,1132
opposing,Star-lord,Black Cat,Damage,Damage,0.009784666966671888,0.0012164929932761506,0.011814881125258027,False,3256,3201,1370,1148,683
opposing,Star-lord,Devil Dinosaur,Damage,Tank,-0.003341934323071877,0.0012553115639733952,-0.00557952162526199,False,3541,3404,1412,1117,875
opposing,Star-lord,Cyclops,Damage,Damage,0.004540878900783746,0.0013078551194197106,0.009460769077386393,False,5804,5590,2189,1870,1531
opposing,Star-lord,Jubilee,Damage,Support,-0.030647156181190204,-0.0006743852998279999,-0.04190229114373621,False,15143,14615,5390,5026,4199
opposing,Star-lord,Rogue,Damage,Tank,-0.006080923507788816,-8.698674914948048e-05,-0.006074012302829437,False,2657,2517,877,817,823
opposing,Star-lord,The Hood,Damage,Tank,0.011281475611687542,0.0011230709086102744,0.014247331631090269,False,20634,20093,6575,6822,6696
opposing,Star-lord,Deadpool (Vanguard),Damage,Tank,-0.0066340083687498035,0.0006404075324907985,-0.0070455216421130345,False,2127,2062,880,697,485
opposing,Star-lord,Deadpool (Duelist),Damage,Damage,0.01816009152891051,-5.8356382363806106e-05,0.019549803654049732,False,3023,2909,931,950,1028
opposing,Star-lord,Deadpool (Strategist),Damage,Support,-0.013575481244257585,-0.000736468026886528,-0.02066852453283324,False,3212,3122,1231,1052,839
opposing,Blade,Namor,Damage,Damage,-0.00769673490152355,0.0014737780350946694,-0.0014123262499861813,False,3780,3631,1688,1189,754
opposing,Blade,Adam Warlock,Damage,Support,0.0011835821987703397,0.0004408080999247444,0.0015168683417889932,False,1936,1843,708,592,543
opposing,Blade,Jeff The Land Shark,Damage,Support,0.019540276705813,-0.0011159374825108555,0.02048730552015165,False,3506,3373,1588,1066,719
opposing,Blade,Psylocke,Damage,Damage,0.022166559084464806,-0.0006006710929379571,0.02757527411842902,False,2310,2210,854,676,680
opposing,Blade,Wolverine,Damage,Damage,0.010225082194889237,-0.0004923431418679689,0.014961081848212624,False,1945,1848,582,640,626
opposing,Blade,Invisible Woman,Damage,Support,-0.01640278985099973,0.0015911393753207821,-0.015796568911678383,False,10594,10128,3841,3395,2892
opposing,Blade,The Thing,Damage,Tank,-0.0011676744457671015,-0.0005230705704474585,-0.011142226334368123,False,5847,5621,2056,1950,1615
opposing,Blade,Iron Fist,Damage,Damage,0.0007353288645851207,-0.0012862054198031266,0.000742329108046706,False,4154,3995,1420,1359,1216
opposing,Blade,Emma Frost,Damage,Tank,0.03120764330444642,-0.001068147799709177,0.030114285937458025,False,7911,7519,3267,2464,1788
opposing,Blade,Phoenix,Damage,Damage,-0.019093694415334005,0.0014757855849854501,-0.01603781306005018,False,2260,2181,947,788,446
opposing,Blade,Daredevil,Damage,Damage,0.004944213163364774,-0.0006272833245322072,0.00632383215878661,False,3572,3389,1048,1159,1182
opposing,Blade,Angela,Damage,Tank,0.002993527649000104,7.462119366248256e-05,0.0006861775132470844,False,2149,2042,764,682,596
opposing,Blade,Gambit,Damage,Support,-0.01666722925511859,0.00037857052026486624,-0.01842186446729561,False,9453,8947,3350,3112,2485
opposing,Blade,Elsa Bloodstone,Damage,Damage,0.00014676046035602504,-0.0012615338639894167,0.004927457276389922,False,4159,4014,1694,1390,930
opposing,Blade,White Fox,Damage,Support,-0.01064854231061724,0.0019214790309323207,-0.015110697758564341,False,5044,4869,2433,1551,885
opposing,Blade,Black Cat,Damage,Damage,-0.010497892681687456,0.0008838796679690163,-0.007801439020823173,False,3107,3043,1536,980,527
opposing,Blade,Devil Dinosaur,Damage,Tank,0.00794659275869985,0.0006532337765059903,0.001544001796204316,False,3621,3475,1716,1068,691
opposing,Blade,Cyclops,Damage,Damage,0.009369607491224055,-0.0001094251174674743,0.016964640229208818,False,5689,5458,2553,1799,1106
opposing,Blade,Jubilee,Damage,Support,-0.014272669667741641,0.0009973277855222756,-0.022090221195418563,False,14104,13563,5868,4634,3061
opposing,Blade,Rogue,Damage,Tank,0.009094126892183285,0.0007036781779335721,0.005373802173227944,False,2709,2564,1029,870,665
opposing,Blade,The Hood,Damage,Tank,0.013314750175710531,-0.0014664427899285875,0.01107311530066581,False,18849,18247,7152,6272,4823
opposing,Blade,Deadpool (Vanguard),Damage,Tank,-0.0022169248680933896,-0.00012176936319963865,-0.007567423084250305,False,2051,1967,937,673,357
opposing,Blade,Deadpool (Duelist),Damage,Damage,0.007520963112399259,0.0006821424358112891,0.010348389238364473,False,2734,2578,971,886,721
opposing,Blade,Deadpool (Strategist),Damage,Support,-0.0083320673163014,0.00036273499061894373,-0.013378911243194517,False,3143,3033,1383,990,660
opposing,Namor,Adam Warlock,Damage,Support,-0.013200457263973661,-0.0006227544955668198,-0.011660947928157842,False,3080,2958,1037,1018,903
opposing,Namor,Jeff The Land Shark,Damage,Support,0.012275730975436763,0.0006290387374811808,0.015318919699118548,False,5535,5300,2352,1741,1207
opposing,Namor,Psylocke,Damage,Damage,-0.010030040731303399,1.1674361468793728e-05,-0.014097201126259895,False,3511,3377,1237,1158,982
opposing,Namor,Wolverine,Damage,Damage,-0.010830788623751328,-0.0004462051372439636,-0.014679406079578437,False,3177,3045,975,1050,1020
opposing,Namor,Invisible Woman,Damage,Support,-0.024242143404153253,-8.092064636663871e-06,-0.02161161353333593,False,16511,15879,5974,5485,4420
opposing,Namor,The Thing,Damage,Tank,0.011244944994037241,0.0007765044596364229,0.01288906823264018,False,8849,8465,2928,2984,2553
opposing,Namor,Iron Fist,Damage,Damage,0.015992721024765656,0.001999773026726259,0.010320165197382433,False,6048,5819,1821,2069,1929
opposing,Namor,Emma Frost,Damage,Tank,-0.0214725726968734,0.002504189154326674,-0.0182791402473339,False,12827,12300,5165,4184,2951
opposing,Namor,Phoenix,Damage,Damage,0.004731218909321719,-0.0008486023467761801,0.0027929458869187496,False,3720,3604,1498,1275,831
opposing,Namor,Daredevil,Damage,Damage,0.028855768933466776,1.974885474899077e-05,0.02524816494683752,False,5427,5175,1542,1711,1922
opposing,Namor,Angela,Damage,Tank,-0.0029714166079731924,0.0006002114761989198,0.004269908076972578,False,3474,3309,1139,1160,1010
opposing,Namor,Gambit,Damage,Support,0.04307042730331451,-0.001979241096197665,0.05178722728658179,False,14487,13764,4870,4905,3989
opposing,Namor,Elsa Bloodstone,Damage,Damage,0.00870316253710388,-7.03621840254853e-05,0.007268224075618355,False,6538,6321,2565,2282,1474
opposing,Namor,White Fox,Damage,Support,0.019608185593165836,-0.000984871005963382,0.02193234925883179,False,7678,7397,3605,2433,1359
opposing,Namor,Black Cat,Damage,Damage,0.025301911978193585,-6.588557203928738e-05,0.0239622025681891,False,4650,4532,2083,1572,877
opposing,Namor,Devil Dinosaur,Damage,Tank,-0.019851315319990105,0.0009222482059764517,-0.019164438925221967,False,5529,5314,2492,1734,1088
opposing,Namor,Cyclops,Damage,Damage,0.021462676320610455,-0.0018195309274877034,0.02312500712128688,False,8692,8389,3745,2893,1751
opposing,Namor,Jubilee,Damage,Support,-0.006599454207377245,0.0030884476733929887,-0.010453625676868448,False,22300,21525,8910,7513,5102
opposing,Namor,Rogue,Damage,Tank,0.015910450501156286,-0.0014936995401810978,0.0231784489064816,False,4191,3936,1525,1365,1046
opposing,Namor,The Hood,Damage,Tank,-0.03339422729160738,-0.001201429323577428,-0.030676487789975643,False,28846,28027,10424,9844,7759
opposing,Namor,Deadpool (Vanguard),Damage,Tank,0.022985615458847686,-0.0003863524169305556,0.030694415326962335,False,3474,3365,1611,1090,664
opposing,Namor,Deadpool (Duelist),Damage,Damage,0.0030107392971573713,0.0003317326869523822,-0.0014227999257560176,False,4724,4523,1635,1597,1291
opposing,Namor,Deadpool (Strategist),Damage,Support,0.022294113176732137,0.00031928453747860034,0.02407976993710838,False,4729,4565,1999,1543,1023
opposing,Adam Warlock,Jeff The Land Shark,Support,Support,0.028617652417975536,-0.0013810779076690962,0.034564005656495346,False,2934,2766,1046,861,859
opposing,Adam Warlock,Psylocke,Support,Damage,-0.003158048169859777,0.0013726535751154936,-0.005833953802427274,False,1915,1840,507,572,761
opposing,Adam Warlock,Wolverine,Support,Damage,0.0008524520481113623,0.0017973159876308398,-0.008772301812222695,False,1743,1641,398,505,738
opposing,Adam Warlock,Invisible Woman,Support,Support,0.022958225830412952,-0.0014660104280803416,0.024107492475596546,False,9713,9242,2559,2884,3799
opposing,Adam Warlock,The Thing,Support,Tank,-0.006427889303686142,-0.0013263481018352418,-0.004629234576218663,False,5045,4803,1364,1494,1945
opposing,Adam Warlock,Iron Fist,Support,Damage,0.013327393742490944,-4.7387640734329274e-05,0.01097904977244963,False,3397,3248,801,1063,1384
opposing,Adam Warlock,Emma Frost,Support,Tank,-0.011059520723369184,-0.00011508371402794999,-0.005309345985671397,False,6794,6365,2084,2050,2231
opposing,Adam Warlock,Phoenix,Support,Damage,0.017674836406918016,-0.000265452683056814,0.017065728912306698,False,1873,1792,650,583,559
opposing,Adam Warlock,Daredevil,Support,Damage,0.005544111474226762,0.0008590398945495941,0.003733100009696157,False,3058,2906,659,814,1433
opposing,Adam Warlock,Angela,Support,Tank,0.005916427567954455,-0.0005394214850747847,0.011135422626310117,False,1858,1740,476,569,695
opposing,Adam Warlock,Gambit,Support,Support,0.01088220964866518,-0.00033156055640557033,0.005663273843036761,False,7620,7172,2057,2398,2717
opposing,Adam Warlock,Elsa Bloodstone,Support,Damage,-0.002868591114804953,0.0008623066407089818,-0.005771999908505608,False,3641,3443,1044,1077,1322
opposing,Adam Warlock,White Fox,Support,Support,-0.018444022173059262,-0.0010086207077059032,-0.028069878147004526,False,4003,3835,1600,1225,1010
opposing,Adam Warlock,Black Cat,Support,Damage,0.01932222270636594,-0.0004923639535585767,0.01714092207203498,False,2325,2258,844,769,645
opposing,Adam Warlock,Devil Dinosaur,Support,Tank,-0.0076677721427483,-0.0003776715369005919,-0.0025044718452963558,False,2800,2636,1050,802,784
opposing,Adam Warlock,Cyclops,Support,Damage,-0.034396982846669345,-0.0013508769600933958,-0.048808310893517684,False,4305,4099,1592,1357,1150
opposing,Adam Warlock,Jubilee,Support,Support,-0.03108648403180124,0.0011512195343829465,-0.042324008973560055,False,11866,11347,3936,3836,3575
opposing,Adam Warlock,Rogue,Support,Tank,-0.027635149029333013,-0.00042919004975586433,-0.025017614459321477,False,2176,2016,646,640,730
opposing,Adam Warlock,The Hood,Support,Tank,-0.012105707820102635,-0.00023827211113481404,-0.008118624281471884,False,15761,15161,4590,4912,5659
opposing,Adam Warlock,Deadpool (Vanguard),Support,Tank,-0.012627816327136259,0.0005835064151393057,-0.00653178289497581,False,1432,1384,521,473,390
opposing,Adam Warlock,Deadpool (Duelist),Support,Damage,0.013126285844021422,-0.0007137822019329286,0.018339825647071446,False,1999,1893,546,641,706
opposing,Adam Warlock,Deadpool (Strategist),Support,Support,-0.02134177449851768,-0.0011225781931864685,-0.026157881233084636,False,2260,2151,784,723,644
opposing,Jeff The Land Shark,Psylocke,Support,Damage,-0.01514691220971481,7.672020525033505e-05,-0.01764058170520385,False,3238,3126,1176,973,977
opposing,Jeff The Land Shark,Wolverine,Support,Damage,0.0059505161070176026,-0.0003920135735086532,-0.0013561356038928355,False,2875,2748,876,886,986
opposing,Jeff The Land Shark,Invisible Woman,Support,Support,0.013490748232069048,0.00037824172687225957,0.012175511605938587,False,16973,16304,6076,5335,4893
opposing,Jeff The Land Shark,The Thing,Support,Tank,-0.01150696441397629,-0.00033837690884294365,-0.013013600460673637,False,8757,8387,3114,2712,2561
opposing,Jeff The Land Shark,Iron Fist,Support,Damage,-0.008245251814229094,-1.7282289668730268e-05,-0.011609332336800076,False,6102,5874,1987,1968,1919
opposing,Jeff The Land Shark,Emma Frost,Support,Tank,0.004556624282212374,0.00040023469368577176,0.010327525764367575,False,12108,11582,4951,3633,2998
opposing,Jeff The Land Shark,Phoenix,Support,Damage,0.0026841389927615964,0.0009249614804539442,0.001882038463441066,False,3421,3308,1446,1106,756
opposing,Jeff The Land Shark,Daredevil,Support,Damage,0.014185172086022475,0.0004439844858460895,0.015135137340026672,False,5238,4980,1537,1643,1800
opposing,Jeff The Land Shark,Angela,Support,Tank,0.009071199989129622,0.00014458526915204389,0.012308201198020242,False,3227,3051,1079,1057,915
opposing,Jeff The Land Shark,Gambit,Support,Support,-0.033077854913417526,-0.0001582700103203313,-0.04703267343831251,False,13557,12936,5065,4369,3502
opposing,Jeff The Land Shark,Elsa Bloodstone,Support,Damage,0.004759007542182477,-0.0006830565726551465,0.0044898927226655885,False,6437,6209,2518,2031,1660
opposing,Jeff The Land Shark,White Fox,Support,Support,0.01876239993738653,-0.0016358430808662493,0.01515820427554352,False,7892,7635,3897,2299,1439
opposing,Jeff The Land Shark,Black Cat,Support,Damage,-0.01291591510977848,0.0005937796609282483,-0.01744613882906716,False,5184,5084,2413,1626,1045
opposing,Jeff The Land Shark,Devil Dinosaur,Support,Tank,-0.011037631687453399,0.0009097406462773688,-0.00890492680541154,False,5147,4959,2385,1532,1042
opposing,Jeff The Land Shark,Cyclops,Support,Damage,0.014379274461808629,0.0012975981340604952,0.007745822720580373,False,7978,7693,3724,2436,1533
opposing,Jeff The Land Shark,Jubilee,Support,Support,0.038971133354404636,-0.003136647319148179,0.03972821332034083,False,21649,20943,9160,6911,4872
opposing,Jeff The Land Shark,Rogue,Support,Tank,0.003149352913861926,0.001630060630845781,0.008225385879018743,False,3799,3592,1548,1121,923
opposing,Jeff The Land Shark,The Hood,Support,Tank,-0.009526602403034283,0.0011420062469326177,-0.007614030625242883,False,27797,26981,10507,8889,7585
opposing,Jeff The Land Shark,Deadpool (Vanguard),Support,Tank,0.0067134623005320505,-0.0002550572507859683,0.013428904666413857,False,3170,3062,1525,929,608
opposing,Jeff The Land Shark,Deadpool (Duelist),Support,Damage,-0.0022957564317981796,0.00015609667270674013,0.0026708722288347297,False,4015,3839,1478,1280,1081
opposing,Jeff The Land Shark,Deadpool (Strategist),Support,Support,-0.029037177509953303,0.0020403411610024572,-0.03599559213639644,False,4572,4415,2021,1393,1001
opposing,Psylocke,Wolverine,Damage,Damage,0.0229988939749592,0.00011660266593643706,0.025121408263481155,False,2045,1941,477,608,856
opposing,Psylocke,Invisible Woman,Damage,Support,0.0042477686521038465,-0.0003238722197931875,0.009531120647475804,False,10470,10009,3021,3272,3716
opposing,Psylocke,The Thing,Damage,Tank,0.030120827364868753,-0.0012179620408995916,0.028615571970042632,False,5747,5479,1654,1777,2048
opposing,Psylocke,Iron Fist,Damage,Damage,-0.017191484675363897,0.000734306895850033,-0.02225401982230526,False,4133,3971,1070,1250,1651
opposing,Psylocke,Emma Frost,Damage,Tank,0.009859860087018507,0.000288862801459619,0.011306986889215425,False,7585,7226,2490,2333,2403
opposing,Psylocke,Phoenix,Damage,Damage,0.004313701226114053,-0.0007717345723917101,0.005606783925506693,False,2167,2097,734,724,639
opposing,Psylocke,Daredevil,Damage,Damage,0.014524309356594423,-0.0015193465129560613,0.0130349457402676,False,3550,3385,816,1017,1552
opposing,Psylocke,Angela,Damage,Tank,-0.007956784059356722,6.43224011898564e-05,-0.006552506257045549,False,2117,2026,572,657,797
opposing,Psylocke,Gambit,Damage,Support,0.014002338912682795,0.0018898624800268216,0.01817721096464361,False,9047,8586,2467,2870,3249
opposing,Psylocke,Elsa Bloodstone,Damage,Damage,-0.02805210684562306,-0.00039262758631846827,-0.02916270972127452,False,3805,3650,1303,1213,1134
opposing,Psylocke,White Fox,Damage,Support,-0.009763301981551833,-0.0025223142210562695,-0.012018991145203094,False,4524,4363,1860,1414,1089
opposing,Psylocke,Black Cat,Damage,Damage,-0.04401331993339843,0.0001077635469934403,-0.04763349075987806,False,2727,2660,1179,881,600
opposing,Psylocke,Devil Dinosaur,Damage,Tank,-0.0039998494984266175,0.0003468209255767254,-0.0068030140407138815,False,3147,2998,1225,964,809
opposing,Psylocke,Cyclops,Damage,Damage,-0.011130518383910373,-0.0005293295348455569,-0.008810886023143394,False,5127,4948,1939,1628,1381
opposing,Psylocke,Jubilee,Damage,Support,-0.023831301743337637,-0.001530941033208892,-0.030747871037301394,False,12973,12484,4528,4218,3738
opposing,Psylocke,Rogue,Damage,Tank,0.0046326739721270814,0.0004681593600262684,0.005354865131676387,False,2510,2395,797,761,837
opposing,Psylocke,The Hood,Damage,Tank,-0.011078370667153505,0.00262860302361078,-0.011122540171482374,False,18386,17844,5613,5834,6397
opposing,Psylocke,Deadpool (Vanguard),Damage,Tank,-0.007407703579670323,0.001005591755510762,-0.008397835250982894,False,1966,1891,747,620,524
opposing,Psylocke,Deadpool (Duelist),Damage,Damage,-0.006608988188627378,0.00022001321136026864,-0.008547348473951324,False,2622,2493,713,836,944
opposing,Psylocke,Deadpool (Strategist),Damage,Support,0.014141435457165655,-0.0002830775131935589,0.013999590620118584,False,2758,2660,971,866,823
opposing,Wolverine,Invisible Woman,Damage,Support,-0.009289377048607697,0.00044854733876245286,0.0017519924891882684,False,9722,9222,2206,2866,4150
opposing,Wolverine,The Thing,Damage,Tank,-0.020800697410503343,-0.0002882113518318294,-0.03390341379777392,False,5078,4821,1139,1542,2140
opposing,Wolverine,Iron Fist,Damage,Damage,0.018154472292303908,0.00012927291667726574,0.01563701093225075,False,3686,3517,791,1127,1599
opposing,Wolverine,Emma Frost,Damage,Tank,0.02704010569492104,-0.00029652800305616524,0.02456057531158081,False,6877,6494,1870,2162,2462
opposing,Wolverine,Phoenix,Damage,Damage,0.010139663291068503,-0.00020103301400248427,0.01161622018513228,False,1843,1755,526,566,663
opposing,Wolverine,Daredevil,Damage,Damage,0.011613598528829839,-0.0008574339959957795,0.009608775275756631,False,3370,3166,602,987,1577
opposing,Wolverine,Angela,Damage,Tank,0.0033159329377337827,-0.0002244182798757036,0.00012814511208117821,False,1979,1859,415,605,839
opposing,Wolverine,Gambit,Damage,Support,-0.029854594215090503,-0.0011415963361367445,-0.0237116780490884,False,8548,8080,1845,2700,3535
opposing,Wolverine,Elsa Bloodstone,Damage,Damage,0.013762945541409591,0.0007523408073816959,0.015714944086195524,False,3562,3391,950,1145,1296
opposing,Wolverine,White Fox,Damage,Support,-0.03681931668069468,-8.040669661881358e-05,-0.03500684692672584,False,3915,3747,1436,1231,1080
opposing,Wolverine,Black Cat,Damage,Damage,0.018770119963684453,0.00020271885637821645,0.01989002155844624,False,2317,2260,820,829,611
opposing,Wolverine,Devil Dinosaur,Damage,Tank,0.027420037406467222,-0.00026676121897506157,0.022294131319237985,False,2800,2644,889,882,873
opposing,Wolverine,Cyclops,Damage,Damage,0.022912390207928728,-0.0019164594096322152,0.027672852485517617,False,4349,4164,1413,1420,1331
opposing,Wolverine,Jubilee,Damage,Support,-0.021477433811916254,0.0003815308856699887,-0.020649608859439384,False,11577,11088,3387,3905,3796
opposing,Wolverine,Rogue,Damage,Tank,-0.021662393422768485,-0.00022682090663146196,-0.029763804045225342,False,2211,2049,534,665,850
opposing,Wolverine,The Hood,Damage,Tank,0.0309616888397843,0.001140541436160656,0.029791006023161266,False,16658,16069,4159,5322,6588
opposing,Wolverine,Deadpool (Vanguard),Damage,Tank,-0.02373040331944174,-0.0006921675825382006,-0.03242087558083715,False,1587,1532,542,513,477
opposing,Wolverine,Deadpool (Duelist),Damage,Damage,-0.017314084416184563,0.00014308296183396723,-0.020391455170238305,False,2433,2311,552,795,964
opposing,Wolverine,Deadpool (Strategist),Damage,Support,-0.01174795912074631,-4.1323735056211134e-05,-0.0076758175250194235,False,2393,2298,772,770,756
opposing,Invisible Woman,The Thing,Support,Tank,-0.0046893307905997265,0.0006561540659603698,-0.0005966492481839083,False,27511,26267,7704,8504,10059
opposing,Invisible Woman,Iron Fist,Support,Damage,-0.036222327898869214,-0.0010073991616606614,-0.0472356183766045,False,18867,18123,4851,6055,7217
opposing,Invisible Woman,Emma Frost,Support,Tank,0.005676243655053156,0.002780314049689788,0.016130710436056843,False,36927,35121,12237,11456,11428
opposing,Invisible Woman,Phoenix,Support,Damage,-0.0006195490530609009,-0.0008773933586251018,-0.0059866860326935325,False,10441,10058,3685,3386,2987
opposing,Invisible Woman,Daredevil,Support,Damage,-0.04471044007160487,-0.0003820857213122073,-0.05527450178188838,False,17149,16320,4008,5099,7213
opposing,Invisible Woman,Angela,Support,Tank,0.007114776437118222,-0.0006012548191795041,0.014540978903363226,False,10544,10020,2791,3290,3939
opposing,Invisible Woman,Gambit,Support,Support,8.065668477949604e-05,0.0002606706050123435,-0.004077241608482105,False,39542,37692,12068,13283,12341
opposing,Invisible Woman,Elsa Bloodstone,Support,Damage,0.02592698734892533,-0.0017211203127257733,0.02415179456066701,False,19795,18990,6210,6406,6374
opposing,Invisible Woman,White Fox,Support,Support,0.010113911688888021,-0.0019616940860578505,0.008705363559279207,False,22942,22112,9383,7292,5437
opposing,Invisible Woman,Black Cat,Support,Damage,-0.02657322219328249,-0.0017739756489258023,-0.036962684742593455,False,14237,13943,5833,4831,3279
opposing,Invisible Woman,Devil Dinosaur,Support,Tank,0.00220917227803082,-0.0022359277114521224,0.010974454268453147,False,15463,14739,5914,4927,3898
opposing,Invisible Woman,Cyclops,Support,Damage,0.033355460277994436,0.0026175586325261277,0.02494195631920512,False,23260,22375,8974,7582,5819
opposing,Invisible Woman,Jubilee,Support,Support,0.014860045574343462,-0.0004760087073483314,0.01500139133950245,False,65419,62966,22564,21637,18765
opposing,Invisible Woman,Rogue,Support,Tank,-0.01665626232233935,-0.005417308298536357,-0.010259648191930095,False,11607,10934,3690,3637,3607
opposing,Invisible Woman,The Hood,Support,Tank,-0.012733797735428175,-0.0015207119161434323,-0.006833041593558146,False,81201,78686,25109,26325,27252
opposing,Invisible Woman,Deadpool (Vanguard),Support,Tank,-0.017154263898676487,0.0008358923398553341,-0.009771079629454123,False,9358,9016,3652,3025,2339
opposing,Invisible Woman,Deadpool (Duelist),Support,Damage,-0.05205502128922012,-0.0013575329817066336,-0.05746037618034924,False,13341,12725,3910,4348,4467
opposing,Invisible Woman,Deadpool (Strategist),Support,Support,-0.013862484600527502,0.00012477673823024798,-0.014293764211477487,False,13906,13365,5060,4601,3704
opposing,The Thing,Iron Fist,Tank,Damage,0.008772619585506524,-0.0006099385830967893,0.02298181831152678,False,10740,10259,2702,3434,4123
opposing,The Thing,Emma Frost,Tank,Tank,-0.0017353112777226544,-0.002457078091201909,-0.015819083208440925,False,20594,19506,6533,6386,6587
opposing,The Thing,Phoenix,Tank,Damage,-0.03302968146368477,-0.0012491032629615836,-0.033149460394351286,False,5750,5527,1978,1870,1679
opposing,The Thing,Daredevil,Tank,Damage,-0.004750777125130555,0.0006584731095912152,0.004719704785623706,False,8739,8305,1930,2622,3753
opposing,The Thing,Angela,Tank,Tank,0.03371820136965164,0.0005126116633128391,0.024230884799822973,False,4892,4665,1360,1545,1760
opposing,The Thing,Gambit,Tank,Support,0.02410802676458533,0.0007399884559929686,0.03101091250517632,False,21736,20693,6017,7104,7572
opposing,The Thing,Elsa Bloodstone,Tank,Damage,-0.002760756622450954,-0.0031075864528532096,-4.9798251633330614e-05,False,10314,9889,3255,3338,3296
opposing,The Thing,White Fox,Tank,Support,-0.0015452465890437147,0.002216890314516647,0.006872783678644311,False,11618,11188,4594,3771,2823
opposing,The Thing,Black Cat,Tank,Damage,0.03197574123948523,-0.0005943714558614583,0.042643823966651305,False,7079,6927,2715,2398,1814
opposing,The Thing,Devil Dinosaur,Tank,Tank,-0.030959685039544067,-0.0013934119953529327,-0.0435444884514294,False,8510,8093,3051,2730,2312
opposing,The Thing,Cyclops,Tank,Damage,-0.026415459147813125,-0.0016698740185984373,-0.023733682869716513,False,13335,12754,4834,4353,3567
opposing,The Thing,Jubilee,Tank,Support,0.0017997546174925503,0.0031993058357330712,0.015560774745861415,False,33178,31896,11052,11007,9837
opposing,The Thing,Rogue,Tank,Tank,0.05655459786481771,0.0006841294306839626,0.05209647106948233,False,6091,5708,1855,1907,1946
opposing,The Thing,The Hood,Tank,Tank,0.021138197983509417,0.00207206097390355,0.010328897551882196,False,43990,42643,13079,14408,15156
opposing,The Thing,Deadpool (Vanguard),Tank,Tank,0.021560386274571918,-0.00024898688942955933,0.011464381823959355,False,5012,4837,1921,1612,1304
opposing,The Thing,Deadpool (Duelist),Tank,Damage,0.05854506016155758,0.0010365404457726973,0.06763380805533963,False,6496,6190,1853,2116,2221
opposing,The Thing,Deadpool (Strategist),Tank,Support,0.012163034266876564,0.00040984086023822133,0.01986530984186403,False,7224,6924,2567,2316,2041
opposing,Iron Fist,Emma Frost,Damage,Tank,-0.015237563266160953,-0.0016331722870367947,-0.024940432082287214,False,13446,12867,3958,4345,4564
opposing,Iron Fist,Phoenix,Damage,Damage,-0.0007561088244486968,-0.0006390038101149394,0.003818605443811176,False,3862,3722,1196,1288,1238
opposing,Iron Fist,Daredevil,Damage,Damage,0.003919032812070187,-0.002903928502365435,0.00526846344509368,False,6799,6493,1340,2002,3151
opposing,Iron Fist,Angela,Damage,Tank,0.021655331663573224,-0.00041102877451230474,0.018071952040199915,False,3862,3693,924,1259,1510
opposing,Iron Fist,Gambit,Damage,Support,-0.04094269405464953,-0.002627410935399445,-0.041902832547087605,False,16151,15346,4055,5155,6136
opposing,Iron Fist,Elsa Bloodstone,Damage,Damage,0.005681458392237124,5.235390968184752e-05,0.010956757108526734,False,6846,6594,2040,2285,2269
opposing,Iron Fist,White Fox,Damage,Support,-0.03208295580947306,0.0006444220711002366,-0.03539548312509682,False,8505,8231,3100,2865,2266
opposing,Iron Fist,Black Cat,Damage,Damage,-0.010398149896618707,-0.0009154052366440447,-0.0076418907472437,False,5566,5466,2008,1955,1503
opposing,Iron Fist,Devil Dinosaur,Damage,Tank,0.02651603821393358,0.00021327447203682294,0.01882701473927678,False,5699,5473,1965,1893,1615
opposing,Iron Fist,Cyclops,Damage,Damage,-0.01508048401240008,-0.000410326560860899,-0.009389632529000026,False,9316,8962,3202,3096,2664
opposing,Iron Fist,Jubilee,Damage,Support,-0.04253422576429407,0.0026735098987360514,-0.05005554198435973,False,24009,23217,7488,8254,7475
opposing,Iron Fist,Rogue,Damage,Tank,-0.006956784500923936,0.000545204899875477,-0.015863087421002023,False,4365,4118,1150,1377,1591
opposing,Iron Fist,The Hood,Damage,Tank,0.03788669282669414,0.0041207039809222695,0.03503473089285559,False,33815,32862,9272,11257,12333
opposing,Iron Fist,Deadpool (Vanguard),Damage,Tank,0.009198978828681066,0.0004504696089463594,0.0017562920231737912,False,3316,3199,1169,1075,955
opposing,Iron Fist,Deadpool (Duelist),Damage,Damage,-0.014188182031909588,0.0008705898668965688,-0.01304566145178386,False,4875,4664,1159,1557,1948
opposing,Iron Fist,Deadpool (Strategist),Damage,Support,0.00586707473143096,-0.0019991273888878645,0.006424053380184708,False,5055,4886,1651,1644,1591
opposing,Emma Frost,Phoenix,Tank,Damage,0.022420272212298854,-0.0007036247145411032,0.023311705706377073,False,7794,7486,3150,2499,1837
opposing,Emma Frost,Daredevil,Tank,Damage,-0.001352714302622017,-0.001982223405131595,0.0032659923268536875,False,12251,11591,3315,3671,4605
opposing,Emma Frost,Angela,Tank,Tank,-0.013888323273937802,-0.0013272001643731633,-0.01688291959325006,False,8148,7669,2531,2559,2579
opposing,Emma Frost,Gambit,Tank,Support,-0.005298140526330314,-0.0021859501612996298,-0.007817135303030137,False,30691,28977,10288,9799,8890
opposing,Emma Frost,Elsa Bloodstone,Tank,Damage,-0.004311086913947855,-0.001095420768164695,-0.007009277774063248,False,14801,14155,5302,4674,4179
opposing,Emma Frost,White Fox,Tank,Support,-0.014797226473551136,0.003737589208061388,-0.013204868032838313,False,16446,15824,7492,5075,3257
opposing,Emma Frost,Black Cat,Tank,Damage,0.005494448222270819,-0.0008198025506631207,0.007945223829068662,False,10655,10389,4867,3439,2083
opposing,Emma Frost,Devil Dinosaur,Tank,Tank,-0.01609448140945538,-0.0007281125915933909,-0.012575529451796895,False,12364,11710,5164,3823,2723
opposing,Emma Frost,Cyclops,Tank,Damage,0.011269785961262753,0.0015776451362371632,0.012961804743106252,False,17918,17175,7610,5651,3914
opposing,Emma Frost,Jubilee,Tank,Support,0.007331315913374465,0.0010686386903920651,0.01728544761875927,False,46707,44745,18245,15215,11285
opposing,Emma Frost,Rogue,Tank,Tank,-0.020351184544680614,0.0017048135560048029,-0.022824169207331716,False,9275,8653,3285,2865,2503
opposing,Emma Frost,The Hood,Tank,Tank,0.012578062625648272,0.00011543710796664424,0.014268619257726434,False,60353,58274,21331,19598,17345
opposing,Emma Frost,Deadpool (Vanguard),Tank,Tank,-0.00354808994509734,-0.002216313772069197,-0.0036901359261288483,False,7623,7303,3312,2354,1637
opposing,Emma Frost,Deadpool (Duelist),Tank,Damage,-0.027152168068064093,-0.0003080846006349004,-0.032950654063080766,False,10114,9561,3336,3289,2936
opposing,Emma Frost,Deadpool (Strategist),Tank,Support,-0.009543023152626172,-0.0015167090519138146,-0.01002511043702387,False,9721,9339,4010,3064,2265
opposing,Phoenix,Daredevil,Damage,Damage,0.018488134282427984,0.00039509082765703456,0.016367890058864333,False,3330,3203,997,1033,1173
opposing,Phoenix,Angela,Damage,Tank,0.0031113485990724456,-0.00037282381001967557,0.007059700344854656,False,2008,1931,683,693,555
opposing,Phoenix,Gambit,Damage,Support,-0.005365918615932652,0.00047059230765305866,-0.003074766320907725,False,8761,8400,2913,2997,2490
opposing,Phoenix,Elsa Bloodstone,Damage,Damage,0.0670220953112879,0.0008875718419620825,0.0725694420068858,False,3780,3643,1423,1336,884
opposing,Phoenix,White Fox,Damage,Support,0.0015847704041810295,-0.0009486299237288108,0.0012849027228874184,False,4598,4460,2209,1438,813
opposing,Phoenix,Black Cat,Damage,Damage,-0.013946117501879433,0.000579076663429385,-0.016108898735141052,False,2787,2745,1414,906,425
opposing,Phoenix,Devil Dinosaur,Damage,Tank,0.00923764069546261,-0.0008597888748429522,0.009222900808058094,False,3241,3122,1396,1064,662
opposing,Phoenix,Cyclops,Damage,Damage,-0.021546563180092078,-0.0011683022815305263,-0.02100820100432315,False,5269,5089,2360,1653,1076
opposing,Phoenix,Jubilee,Damage,Support,-0.0017585080187010372,0.0007231526670528095,-0.005378665662944176,False,13572,13151,5472,4526,3153
opposing,Phoenix,Rogue,Damage,Tank,-0.020089210894052516,-0.0002653759336235759,-0.020854238973749096,False,2415,2285,884,794,607
opposing,Phoenix,The Hood,Damage,Tank,-0.016348038813336598,-0.0018111064800595538,-0.015688381168120536,False,18568,18122,6658,6270,5194
opposing,Phoenix,Deadpool (Vanguard),Damage,Tank,-0.0018664069889076404,0.0004893033980460748,-0.000934992955140178,False,1908,1856,829,639,388
opposing,Phoenix,Deadpool (Duelist),Damage,Damage,0.0010372041417732987,-0.0008187203966838689,-0.0012374473584221084,False,2875,2755,963,956,836
opposing,Phoenix,Deadpool (Strategist),Damage,Support,0.022048154550465254,-0.0003684088614114186,0.023431962034221678,False,2764,2676,1162,917,597
opposing,Daredevil,Angela,Damage,Tank,0.0014497849462682018,0.00024177121934642178,-0.0011940170941073184,False,3607,3413,765,1093,1555
opposing,Daredevil,Gambit,Damage,Support,-0.04480503633289249,-0.0008077386940314913,-0.047758210399154656,False,13818,13091,3197,4501,5393
opposing,Daredevil,Elsa Bloodstone,Damage,Damage,-0.02319326685204631,-0.0007863494029410113,-0.02126385416335725,False,5648,5396,1629,1843,1924
opposing,Daredevil,White Fox,Damage,Support,-0.01792163578773216,0.0005920300723452686,-0.020974240889682038,False,7387,7128,2482,2385,2261
opposing,Daredevil,Black Cat,Damage,Damage,0.049269831852921143,-0.0016228182567092015,0.05576362153420146,False,4482,4371,1459,1588,1324
opposing,Daredevil,Devil Dinosaur,Damage,Tank,0.018773131030313972,-0.0004946182080909864,0.01342744398722942,False,4898,4646,1492,1572,1582
opposing,Daredevil,Cyclops,Damage,Damage,-0.014080722294539931,-0.0004965557233020836,-0.00934579788176894,False,7738,7411,2532,2469,2410
opposing,Daredevil,Jubilee,Damage,Support,0.0026808288486163197,0.0018780192888175396,-0.0006988483338792669,False,20618,19784,5840,6883,7061
opposing,Daredevil,Rogue,Damage,Tank,-0.012631715051295097,-0.001372839302519717,-0.018961750105836138,False,3997,3699,1058,1216,1425
opposing,Daredevil,The Hood,Damage,Tank,0.02754721760848228,0.0017126225970036865,0.02674612153089102,False,28929,27916,7108,9261,11547
opposing,Daredevil,Deadpool (Vanguard),Damage,Tank,-0.00911410834366783,-0.0016536462993896458,-0.015404055914135552,False,2794,2686,835,934,917
opposing,Daredevil,Deadpool (Duelist),Damage,Damage,0.026445928640468293,0.0006025695878060668,0.029803270066326375,False,4030,3797,924,1263,1610
opposing,Daredevil,Deadpool (Strategist),Damage,Support,-0.013637575081909959,-0.0002888631527904774,-0.017028920448867557,False,4471,4284,1291,1466,1527
opposing,Angela,Gambit,Tank,Support,-0.06829428747005312,-0.0026314599427574147,-0.07767820592226068,False,8850,8342,2401,2909,3032
opposing,Angela,Elsa Bloodstone,Tank,Damage,-0.003191447205673604,0.0003624344608084542,-0.007727495609755286,False,4030,3827,1148,1343,1336
opposing,Angela,White Fox,Tank,Support,0.029551625861974497,-0.002106806732159626,0.0415309355113445,False,4341,4159,1653,1425,1081
opposing,Angela,Black Cat,Tank,Damage,-0.010049871919795708,0.0006096337903406442,-0.011313938345601437,False,2874,2771,1088,954,729
opposing,Angela,Devil Dinosaur,Tank,Tank,-0.005535868804218659,0.0023258527399600973,0.00046541629295191855,False,3289,3112,1114,1097,901
opposing,Angela,Cyclops,Tank,Damage,-0.02250685559429199,0.0012013682976247688,-0.02658331944382409,False,4686,4490,1718,1488,1284
opposing,Angela,Jubilee,Tank,Support,0.011705113483109717,0.00040234789539450133,0.025621634024078254,False,12792,12251,4250,4348,3653
opposing,Angela,Rogue,Tank,Tank,-0.03882065675023884,-0.001515713384920622,-0.04327716747503861,False,2506,2340,725,805,810
opposing,Angela,The Hood,Tank,Tank,0.022957327250850684,-0.00033190662365537005,0.027102625025512583,False,17646,16982,5150,5828,6004
opposing,Angela,Deadpool (Vanguard),Tank,Tank,-0.005076718606598586,-0.000483256440662936,-0.004596007027616149,False,1686,1621,632,563,426
opposing,Angela,Deadpool (Duelist),Tank,Damage,-0.0036234420572113096,-0.0015153062706921114,-0.008735685215958782,False,2667,2516,721,835,960
opposing,Angela,Deadpool (Strategist),Tank,Support,-0.027184385169837413,-0.001533613175023196,-0.02724223426655349,False,2625,2509,909,844,756
opposing,Gambit,Elsa Bloodstone,Support,Damage,0.0016671313034663856,-0.0016799634640359065,-0.000812742264490793,False,14413,13827,4955,5070,3802
opposing,Gambit,White Fox,Support,Support,-0.01618742860735456,-0.002214697321325429,-0.018205475463967787,False,17976,17268,7398,5835,4035
opposing,Gambit,Black Cat,Support,Damage,0.010701312433512753,-1.012643314356491e-05,0.007298967938534701,False,10273,10051,4433,3620,1998
opposing,Gambit,Devil Dinosaur,Support,Tank,-0.040099770994754584,-0.0007930563304903684,-0.04600884603178903,False,13505,12794,4967,4411,3416
opposing,Gambit,Cyclops,Support,Damage,-0.01905890368627822,0.0010452913936349949,-0.0316964019146181,False,20851,19917,7720,6866,5331
opposing,Gambit,Jubilee,Support,Support,0.012601017485608367,0.00021370656989156805,0.016504194016037026,False,50684,48463,17557,17390,13516
opposing,Gambit,Rogue,Support,Tank,0.016162827561913746,-0.0009929998655549275,0.019959232850818843,False,12661,11798,3317,3867,4614
opposing,Gambit,The Hood,Support,Tank,-0.01889818259751684,-0.0006793748000387571,-0.021862836595670183,False,62605,60375,20025,21547,18803
opposing,Gambit,Deadpool (Vanguard),Support,Tank,-0.01669211833333339,-0.0003200607722135007,-0.01710936609972572,False,7486,7159,2880,2468,1811
opposing,Gambit,Deadpool (Duelist),Support,Damage,0.038527740583734864,-0.0010907547347730393,0.04677303215270862,False,11741,11053,3145,3718,4190
opposing,Gambit,Deadpool (Strategist),Support,Support,-0.0043301605545428175,-0.001730096496760306,0.0011442728060895586,False,10778,10341,3970,3626,2745
opposing,Elsa Bloodstone,White Fox,Damage,Support,0.013464193134144663,0.0014328158456678897,0.014375626152970474,False,8695,8425,3815,2788,1822
opposing,Elsa Bloodstone,Black Cat,Damage,Damage,0.007214932860546739,-0.0006963601579246564,0.006559456585584343,False,4661,4567,2296,1526,745
opposing,Elsa Bloodstone,Devil Dinosaur,Damage,Tank,-0.006846226659577957,8.157580377170096e-05,-0.008093936384362425,False,6662,6368,2519,2135,1714
opposing,Elsa Bloodstone,Cyclops,Damage,Damage,-0.013115570384433964,-0.00046999778484188174,-0.012088307855707258,False,9505,9157,3934,3217,2006
opposing,Elsa Bloodstone,Jubilee,Damage,Support,0.004169260218558449,-0.0025336245186722,0.0010164464628467154,False,24632,23745,9212,8456,6077
opposing,Elsa Bloodstone,Rogue,Damage,Tank,0.0039788114872809565,-0.0006013367347850368,0.0065034165350157875,False,4451,4212,1501,1432,1279
opposing,Elsa Bloodstone,The Hood,Damage,Tank,-0.018024750407722296,-0.004289789884797956,-0.016975278571900336,False,31145,30252,11043,10796,8413
opposing,Elsa Bloodstone,Deadpool (Vanguard),Damage,Tank,0.006757061331531851,-0.0005776105583881772,0.009238474656201454,False,3823,3704,1583,1227,894
opposing,Elsa Bloodstone,Deadpool (Duelist),Damage,Damage,-0.00926353678554302,0.0005482335779727563,-0.012547826630618606,False,4678,4442,1498,1561,1383
opposing,Elsa Bloodstone,Deadpool (Strategist),Damage,Support,0.02209822534048424,-0.0015450936209746617,0.023214664531867,False,5288,5105,1989,1785,1331
opposing,White Fox,Black Cat,Support,Damage,0.004370913460245903,0.0026095464023451463,0.003637125197442244,False,7924,7747,3801,2510,1436
opposing,White Fox,Devil Dinosaur,Support,Tank,0.01390302177752196,-5.483800794398524e-05,0.011034974977101677,False,7605,7345,3832,2276,1237
opposing,White Fox,Cyclops,Support,Damage,-0.00807920971876288,-0.0028127573786788317,-0.015884390097330604,False,11470,11105,5713,3504,1888
opposing,White Fox,Jubilee,Support,Support,-0.0037681510705582025,-0.001534295197268033,-0.003766308985974702,False,30786,29834,14041,9841,5952
opposing,White Fox,Rogue,Support,Tank,-0.004319038463634337,0.0008129943661526888,-0.009452353673479746,False,5276,5005,2324,1616,1065
opposing,White Fox,The Hood,Support,Tank,-0.012209720765473057,-0.002144615015468935,-0.01973743542812107,False,38160,37150,16041,12490,8619
opposing,White Fox,Deadpool (Vanguard),Support,Tank,0.01158577973222125,-0.0015398897149407728,0.010075202124577066,False,4583,4455,2325,1382,748
opposing,White Fox,Deadpool (Duelist),Support,Damage,0.0115257563953248,0.00024979507414531036,0.019855656044580054,False,5847,5625,2328,1849,1448
opposing,White Fox,Deadpool (Strategist),Support,Support,0.010483667947881173,-0.000946121723846728,0.017726402691503038,False,6848,6644,3258,2127,1259
opposing,Black Cat,Devil Dinosaur,Damage,Tank,0.015382922168474618,-0.00047455713833957104,0.01259454829143384,False,5138,5007,2500,1591,916
opposing,Black Cat,Cyclops,Damage,Damage,-0.008336573075274804,-0.0021588997702867443,-0.00569431985800923,False,7168,7009,3683,2263,1063
opposing,Black Cat,Jubilee,Damage,Support,-0.03480798226942235,-0.0019773010869273745,-0.040781207767855016,False,18890,18508,8666,6367,3475
opposing,Black Cat,Rogue,Damage,Tank,0.004731811530141232,-7.879329415567179e-05,0.003296735666848092,False,3361,3240,1452,1055,733
opposing,Black Cat,The Hood,Damage,Tank,0.034731710804954366,-0.00015672912883357855,0.037679034443930975,False,24071,23735,10430,8383,4922
opposing,Black Cat,Deadpool (Vanguard),Damage,Tank,-0.008453105434919703,-0.00020786891040636924,-0.011729422030019239,False,2657,2610,1284,853,473
opposing,Black Cat,Deadpool (Duelist),Damage,Damage,-0.000307471128958331,-0.00023714297653409607,-0.0016426048177010043,False,2998,2922,1215,1019,688
opposing,Black Cat,Deadpool (Strategist),Damage,Support,-0.026663255592304612,0.00010955642848216193,-0.029590257949243786,False,4317,4241,1992,1433,816
opposing,Devil Dinosaur,Cyclops,Tank,Damage,0.009656513981312117,-7.670248805814565e-05,0.013855988271977086,False,8242,7882,3930,2555,1397
opposing,Devil Dinosaur,Jubilee,Tank,Support,-0.010638447850915023,0.000507785102622125,-0.002440337002659685,False,20640,19851,8886,6780,4185
opposing,Devil Dinosaur,Rogue,Tank,Tank,-0.03637830886630355,-1.7927430928540728e-05,-0.047312030983702104,False,3960,3693,1548,1188,957
opposing,Devil Dinosaur,The Hood,Tank,Tank,-0.026353521054168563,-0.00023583358496084549,-0.03664746485502153,False,26082,25247,10373,8650,6224
opposing,Devil Dinosaur,Deadpool (Vanguard),Tank,Tank,-0.0008651792485190689,-0.0003544682398035795,-0.006589495758420925,False,3239,3124,1531,1005,588
opposing,Devil Dinosaur,Deadpool (Duelist),Tank,Damage,0.03220258773550714,-0.0012655187625215298,0.035778835104049285,False,4126,3918,1501,1342,1075
opposing,Devil Dinosaur,Deadpool (Strategist),Tank,Support,-0.003683611840402374,-0.0007358577555871718,-0.0020920311303470477,False,4409,4225,2020,1349,856
opposing,Cyclops,Jubilee,Damage,Support,0.010927229944455328,-0.0012852881351134056,0.01618603269114534,False,31448,30345,13505,10291,6549
opposing,Cyclops,Rogue,Damage,Tank,-0.020159241293938476,-0.0012394665190646075,-0.022988704064388805,False,5827,5488,2337,1820,1331
opposing,Cyclops,The Hood,Damage,Tank,-0.030940147907628085,-0.0002640388470606299,-0.03398065359731585,False,40638,39432,16015,13392,10025
opposing,Cyclops,Deadpool (Vanguard),Damage,Tank,0.02624601199994665,-0.0005128698089826902,0.02828738811476901,False,4716,4546,2318,1453,775
opposing,Cyclops,Deadpool (Duelist),Damage,Damage,0.022289403335271966,0.0005800751341547647,0.019452840540380156,False,6388,6114,2360,2133,1621
opposing,Cyclops,Deadpool (Strategist),Damage,Support,0.022199425764787683,0.0003401949036470259,0.03089538529587301,False,6875,6630,3117,2193,1320
opposing,Jubilee,Rogue,Support,Tank,0.03768383822519672,0.002622046294785795,0.03449558495928307,False,14886,14095,5436,4960,3699
opposing,Jubilee,The Hood,Support,Tank,0.010392191364442024,-0.0004674777404374758,0.0016915264844714266,False,92758,90070,32852,31269,25949
opposing,Jubilee,Deadpool (Vanguard),Support,Tank,0.012568426493367861,-0.001222304655838342,0.0064103738769918745,False,12477,12097,5656,3991,2450
opposing,Jubilee,Deadpool (Duelist),Support,Damage,0.0033305924230601323,-0.0006179913977201392,0.013538476735871571,False,17353,16594,5917,5831,4846
opposing,Jubilee,Deadpool (Strategist),Support,Support,0.0018053174167223197,0.0009779315835266348,0.0067832097845394,False,18161,17553,7589,5972,3992
opposing,Rogue,The Hood,Tank,Tank,0.010890261661061482,0.00033940102962934815,0.011663189800518836,False,19766,18873,6469,6408,5996
opposing,Rogue,Deadpool (Vanguard),Tank,Tank,-0.009069521931291836,-0.00010251761471894805,-0.010718985792883795,False,2224,2103,946,675,482
opposing,Rogue,Deadpool (Duelist),Tank,Damage,0.0054404042083998445,-0.0012036507529214178,0.003449218780823288,False,3251,3017,970,1024,1023
opposing,Rogue,Deadpool (Strategist),Tank,Support,-0.007670070863883488,0.0007734928295017494,-0.007382448054791194,False,3158,2992,1283,990,719
opposing,The Hood,Deadpool (Vanguard),Tank,Tank,-0.010156427199415693,0.00048407903466476715,-0.011070610524628452,False,15184,14819,6216,4973,3630
opposing,The Hood,Deadpool (Duelist),Tank,Damage,-0.036737261627965236,0.003231975167605809,-0.044482518066118214,False,22944,22091,6988,7664,7439
opposing,The Hood,Deadpool (Strategist),Tank,Support,-0.028260000298250647,0.0029883259598339814,-0.030155219208245976,False,23938,23321,8904,8074,6343
opposing,Deadpool (Vanguard),Deadpool (Duelist),Tank,Damage,-0.0022201093225456673,0.00041488103473395635,-0.004718028332426446,False,2139,2049,857,658,534
opposing,Deadpool (Vanguard),Deadpool (Strategist),Tank,Support,0.012014923703414195,0.0008833645208841367,0.014399600247240614,False,2447,2382,1155,780,447
opposing,Deadpool (Duelist),Deadpool (Strategist),Damage,Support,0.04867717855195932,0.00025315567116310927,0.04699839791787908,False,3112,2994,1152,1057,785
