kind,hero_a,hero_b,coef,did
allied,Hulk,The Punisher,0.002702626204168369,0.0007654994031527616
allied,Hulk,Storm,-0.026783262755678626,-0.029367312145789113
allied,Hulk,Loki,-0.006171362653344004,-0.007404336754664925
allied,Hulk,Human Torch,0.011751591891843738,0.008117629187570223
allied,Hulk,Doctor Strange,0.07288571745074188,0.09638238048866302
allied,Hulk,Mantis,-0.023904471638926852,-0.016396152453820527
allied,Hulk,Hawkeye,-0.0027497639490821108,-0.003923845415956264
allied,Hulk,Captain America,0.02254759150002786,0.023581230774401447
allied,Hulk,Rocket Raccoon,0.016920783137874065,0.019570643431135792
allied,Hulk,Hela,0.0050479561730035665,0.0037955086642862935
allied,Hulk,Cloak & Dagger,-0.0016185122892812764,0.0033052123259913937
allied,Hulk,Black Panther,0.0042466194215688095,0.010023381705650872
allied,Hulk,Groot,-0.01105189855962066,-0.010592537094481195
allied,Hulk,Ultron,-0.016066649247356922,-0.004404788911164537
allied,Hulk,Magik,-0.0038450337615800433,-0.010011786598561815
allied,Hulk,Moon Knight,0.006607555248797832,0.006445936761940754
allied,Hulk,Luna Snow,-0.01438433431153038,-0.011454813094921195
allied,Hulk,Squirrel Girl,-0.01381692430029063,-0.014727671369520773
allied,Hulk,Black Widow,0.03373230778147568,0.035730256905603504
allied,Hulk,Iron Man,-0.03419433958656133,-0.032711800930411816
allied,Hulk,Venom,0.0344786311578687,0.03329743673450446
allied,Hulk,Spider-man,-0.0065602267476374,-0.009102106051377786
allied,Hulk,Magneto,-0.03492929955844339,-0.02586046712177939
allied,Hulk,Scarlet Witch,0.014019885584717265,0.009012448528421129
allied,Hulk,Thor,0.011733094409766295,0.006549212424647833
allied,Hulk,Mister Fantastic,0.01725230986496385,0.025193643492016103
allied,Hulk,Winter Soldier,0.0050853883931329035,0.00020081406431978315
allied,Hulk,Peni Parker,-0.010063842164046292,-0.01578951338337055
allied,Hulk,Star-lord,0.007790136100275981,0.0066584522777472675
allied,Hulk,Blade,-0.007496209408287685,-0.003063010346490499
allied,Hulk,Namor,0.02819661762026307,0.016336016953692096
allied,Hulk,Adam Warlock,-0.018528618219862274,-0.008541053507803244
allied,Hulk,Jeff The Land Shark,0.006465437940725388,0.006314551169538905
allied,Hulk,Psylocke,0.006861986391387957,0.007964557619055223
allied,Hulk,Wolverine,-0.018671051625637758,-0.015814500563211164
allied,Hulk,Invisible Woman,-0.0249008167123661,-0.03410124577578184
allied,Hulk,The Thing,0.007099776290063094,0.0075835872375181485
allied,Hulk,Iron Fist,-0.024520398930734846,-0.031590607798061617
allied,Hulk,Emma Frost,-0.005834118932505945,-0.007311447732152517
allied,Hulk,Phoenix,-0.0010300479259320093,-0.0058154028680666315
allied,Hulk,Daredevil,-0.0035063930842987694,-0.0032577359137068943
allied,Hulk,Angela,-0.02629140490568603,-0.03069481641544652
allied,Hulk,Gambit,-0.011200748284772369,-0.016367894367644638
allied,Hulk,Elsa Bloodstone,0.007477016461428338,0.008765001140553614
allied,Hulk,White Fox,-0.001319263039026403,0.011764430040939942
allied,Hulk,Black Cat,0.004746324270671657,0.007565309353229151
allied,Hulk,Devil Dinosaur,-0.0014004786524196389,-0.006532403843830939
allied,Hulk,Cyclops,0.00523392073083233,0.005577043851220383
allied,Hulk,Jubilee,0.01174109459639642,0.0075289640286808675
allied,Hulk,Rogue,-0.011715199300639696,-0.0215767128395812
allied,Hulk,The Hood,-0.016807363268100346,-0.03152857741704837
allied,Hulk,Deadpool (Vanguard),-0.008312623626387723,-0.017243009896770606
allied,Hulk,Deadpool (Duelist),0.0035392672778569046,0.007234280092695216
allied,Hulk,Deadpool (Strategist),0.03951102154018555,0.050186483869514
allied,The Punisher,Storm,0.013147880225205615,0.015773459128001318
allied,The Punisher,Loki,-0.04041477076049583,-0.043553113263411165
allied,The Punisher,Human Torch,-0.0029782639393835853,0.0020042785383614717
allied,The Punisher,Doctor Strange,0.0017486912152775754,-0.003568674424623204
allied,The Punisher,Mantis,-0.0014609665707752918,-0.0018587982251271678
allied,The Punisher,Hawkeye,-0.032836542538079966,-0.032378459168566256
allied,The Punisher,Captain America,-0.005797255960218223,-0.009653320991567042
allied,The Punisher,Rocket Raccoon,0.12639418652311726,0.13352217703334568
allied,The Punisher,Hela,0.012996214262506045,0.012069439054698382
allied,The Punisher,Cloak & Dagger,-0.02012113017328447,-0.03155240248074048
allied,The Punisher,Black Panther,0.013320132516180158,0.01017132700549965
allied,The Punisher,Groot,-0.0035090025256108662,-0.00795633778228081
allied,The Punisher,Ultron,-0.01921169696402167,-0.01840251116694026
allied,The Punisher,Magik,0.018833204510803506,0.028684575630001947
allied,The Punisher,Moon Knight,-0.023548188282926742,-0.024331198876204666
allied,The Punisher,Luna Snow,-0.012073321197209498,-0.013725385473062334
allied,The Punisher,Squirrel Girl,-0.008344811003902249,-0.008156842043597734
allied,The Punisher,Black Widow,0.003048867915849838,0.003940509904268764
allied,The Punisher,Iron Man,-0.02996105096230126,-0.03259927357221289
allied,The Punisher,Venom,-0.03753666243216545,-0.04350692692360469
allied,The Punisher,Spider-man,0.0037367963547218544,0.007063496190670455
allied,The Punisher,Magneto,0.017613569327230176,0.014877251230613096
allied,The Punisher,Scarlet Witch,-0.007082840942323597,-0.0030178467066184237
allied,The Punisher,Thor,-0.008539334318985937,-0.010882713703682632
allied,The Punisher,Mister Fantastic,0.009383243396711576,0.0071649137461279044
allied,The Punisher,Winter Soldier,-0.0036767456534675764,-0.0011360797624074442
allied,The Punisher,Peni Parker,0.020842464725109984,0.022407462750185524
allied,The Punisher,Star-lord,-0.00916525225124787,-0.009420062738117234
allied,The Punisher,Blade,-0.014147709118720299,-0.016915699999338233
allied,The Punisher,Namor,0.009433960648971618,0.015659447244223548
allied,The Punisher,Adam Warlock,0.025171179009495257,0.03793333228213181
allied,The Punisher,Jeff The Land Shark,0.02454673845288227,0.028037478803205895
allied,The Punisher,Psylocke,-0.010635814408398449,-0.013693807887388974
allied,The Punisher,Wolverine,-0.0014639893213427176,-0.003577473725366414
allied,The Punisher,Invisible Woman,0.045184716596195294,0.05055963599918422
allied,The Punisher,The Thing,0.001767189001071109,0.005011955446078669
allied,The Punisher,Iron Fist,0.02082845400358467,0.02907227758427588
allied,The Punisher,Emma Frost,0.0030339818574021907,0.003577472675998716
allied,The Punisher,Phoenix,-0.012524074310312135,-0.014797479112187074
allied,The Punisher,Daredevil,0.0311617444882618,0.035302252189629686
allied,The Punisher,Angela,0.02217217444662297,0.023221476765053452
allied,The Punisher,Gambit,-0.023878138837162312,-0.02779278345772316
allied,The Punisher,Elsa Bloodstone,-0.015461964470908992,-0.017620866760585528
allied,The Punisher,White Fox,-0.0310668316718702,-0.03611817866323857
allied,The Punisher,Black Cat,-0.012733161295257605,-0.01303130628774631
allied,The Punisher,Devil Dinosaur,-0.0035146057343116606,-0.0033851181531093684
allied,The Punisher,Cyclops,0.008328786909251682,0.005026901261975491
allied,The Punisher,Jubilee,-0.0347312484362173,-0.037865983353989434
allied,The Punisher,Rogue,-0.009789525512906608,-0.011068025010148178
allied,The Punisher,The Hood,0.009468202846810051,0.012795052948390182
allied,The Punisher,Deadpool (Vanguard),0.007824670928305525,0.007364945769543517
allied,The Punisher,Deadpool (Duelist),0.01973758344985722,0.018677587835189347
allied,The Punisher,Deadpool (Strategist),-0.03622236022178518,-0.039183468033635045
allied,Storm,Loki,-0.029166422853013758,-0.03352098955133925
allied,Storm,Human Torch,-0.031503098632995545,-0.02914229297386048
allied,Storm,Doctor Strange,-0.006008415812508037,-0.009525231351353929
allied,Storm,Mantis,-0.002078907110616023,-0.005176249016293408
allied,Storm,Hawkeye,0.002170446433385978,0.005292640713224183
allied,Storm,Captain America,-0.02628010994138819,-0.029769019446101788
allied,Storm,Rocket Raccoon,-0.010127574718251518,-0.022687072047039614
allied,Storm,Hela,-0.011763164946319961,-0.01499839107640342
allied,Storm,Cloak & Dagger,0.017217531854155147,0.007831324616283676
allied,Storm,Black Panther,0.03211289023120318,0.030279171590311117
allied,Storm,Groot,0.002532212600437637,0.0014396340610511472
allied,Storm,Ultron,0.017686619449008078,0.020485827113872784
allied,Storm,Magik,-0.015217581388910068,-0.008447706228669267
allied,Storm,Moon Knight,0.026739325913511424,0.029891765929275678
allied,Storm,Luna Snow,-0.001314856812191857,-0.004244380723762907
allied,Storm,Squirrel Girl,0.0039842305713164525,0.004949505218577692
allied,Storm,Black Widow,-0.025671472049453088,-0.027417832918248838
allied,Storm,Iron Man,0.010372622169246839,0.010841690591778533
allied,Storm,Venom,-0.0011002415490953777,-0.000292113509960269
allied,Storm,Spider-man,-0.013309007761569173,-0.011648989400197457
allied,Storm,Magneto,0.02728646063681993,0.02831396168475331
allied,Storm,Scarlet Witch,-0.0005623851241912834,0.0037966404634810257
allied,Storm,Thor,-0.02987137996680754,-0.031943254534574285
allied,Storm,Mister Fantastic,0.0014277565719300767,-0.0017009401545768894
allied,Storm,Winter Soldier,0.030172612461430253,0.035281074375548414
allied,Storm,Peni Parker,-0.023636433640237726,-0.02440713124168984
allied,Storm,Star-lord,0.010371881954581566,0.011494090461535737
allied,Storm,Blade,0.00200214050022654,0.00032934653580351077
allied,Storm,Namor,-0.0092626680586007,-0.00484121154392026
allied,Storm,Adam Warlock,0.0410406349885909,0.053164202574769
allied,Storm,Jeff The Land Shark,0.0866302839564677,0.09525919981089409
allied,Storm,Psylocke,0.0038026166096411626,0.0016974300192500616
allied,Storm,Wolverine,-0.008483481042490188,-0.011429457729814827
allied,Storm,Invisible Woman,-0.013910614234568974,-0.018544878869271
allied,Storm,The Thing,0.02623781114366049,0.03491317410726518
allied,Storm,Iron Fist,0.008259912406054445,0.015209562753729667
allied,Storm,Emma Frost,0.01481590274598305,0.01936076823863179
allied,Storm,Phoenix,-0.01986203156611413,-0.022994424983773267
allied,Storm,Daredevil,0.008202875754485112,0.010184735005101302
allied,Storm,Angela,0.004629317351750621,0.006376928692250945
allied,Storm,Gambit,-0.02748244225719867,-0.034469892489109484
allied,Storm,Elsa Bloodstone,-0.017415468655816058,-0.019985373065778335
allied,Storm,White Fox,-0.016023047592091447,-0.02181618925733289
allied,Storm,Black Cat,0.015803804143238887,0.017631464103131617
allied,Storm,Devil Dinosaur,0.03988441772142003,0.047576547024073386
allied,Storm,Cyclops,-0.021034716976296965,-0.027028116718952278
allied,Storm,Jubilee,-0.0021842166800010807,-0.0038728403120916054
allied,Storm,Rogue,0.0042357230579410125,0.007211280748413568
allied,Storm,The Hood,-0.020733609019516274,-0.01813432117506853
allied,Storm,Deadpool (Vanguard),-0.002774602020655469,-0.001753911151901573
allied,Storm,Deadpool (Duelist),-0.0093378259459078,-0.013065366194404793
allied,Storm,Deadpool (Strategist),-0.027868872339206447,-0.03240806184957938
allied,Loki,Human Torch,0.0006127442783020189,-0.0011398247465520242
allied,Loki,Doctor Strange,0.006416532255311993,-0.0011802790761461504
allied,Loki,Mantis,0.08435549385222754,0.0911139145020925
allied,Loki,Hawkeye,0.03089657540325703,0.032241036857551406
allied,Loki,Captain America,0.004754987028959481,0.006090464462976248
allied,Loki,Rocket Raccoon,-0.01632134897178938,0.00812759399493397
allied,Loki,Hela,0.00047723170109650664,0.009548351246123148
allied,Loki,Cloak & Dagger,0.020140315052586656,0.04515869935742464
allied,Loki,Black Panther,-0.013646180336028269,-0.010141367048530699
allied,Loki,Groot,-0.013887630002740011,-0.018730978038542793
allied,Loki,Ultron,-0.01825327498503128,-0.044698590625150386
allied,Loki,Magik,0.01131922575080856,0.005692314394046026
allied,Loki,Moon Knight,0.012838260873910837,0.016008098750497166
allied,Loki,Luna Snow,-0.013644787832064511,-0.01802922872268236
allied,Loki,Squirrel Girl,-0.011325925640251523,-0.012397788834373253
allied,Loki,Black Widow,-0.0020417196200512256,0.0013912658942037707
allied,Loki,Iron Man,0.00718100925906642,0.00501127966701667
allied,Loki,Venom,-0.009269648569878297,-0.009136767669839533
allied,Loki,Spider-man,0.01096053150993097,0.01125714699288784
allied,Loki,Magneto,-0.004321917131354644,-0.01882049358930055
allied,Loki,Scarlet Witch,-0.0029880985194601097,-0.002136367917540525
allied,Loki,Thor,0.0069544257523990695,0.00914881528027807
allied,Loki,Mister Fantastic,-0.02915150231769767,-0.03092118859661016
allied,Loki,Winter Soldier,0.008377004914635623,0.012953173935448217
allied,Loki,Peni Parker,0.028315522197496282,0.029557543535985362
allied,Loki,Star-lord,-0.008984680562754485,-0.005916501377812091
allied,Loki,Blade,0.008431610481510643,0.009379686474032797
allied,Loki,Namor,-0.011630629417633766,-0.003575998749690872
allied,Loki,Adam Warlock,-0.010269415634005278,-0.04987152931036129
allied,Loki,Jeff The Land Shark,-0.036150932743193864,-0.037527669519100984
allied,Loki,Psylocke,0.03478837985185531,0.045969849157752596
allied,Loki,Wolverine,0.017868027482912184,0.021169431954621627
allied,Loki,Invisible Woman,-0.009365952354212575,0.0019291376628904795
allied,Loki,The Thing,0.00422126075297177,-0.010089624087191872
allied,Loki,Iron Fist,-0.0067351782665038724,-0.012729024073180906
allied,Loki,Emma Frost,0.02102138001762022,0.015389599976843152
allied,Loki,Phoenix,-0.04034981230185379,-0.03461486611548741
allied,Loki,Daredevil,-0.020877417973694756,-0.024474266398636726
allied,Loki,Angela,0.029549182777824073,0.0283966000912387
allied,Loki,Gambit,0.029685818325771118,0.04787715145510492
allied,Loki,Elsa Bloodstone,0.031392931667106445,0.03940905309083686
allied,Loki,White Fox,-0.01330093644184489,-0.02615696589933916
allied,Loki,Black Cat,-0.008103554944584455,-0.01044218047641436
allied,Loki,Devil Dinosaur,0.03449149594545702,0.03473868575737925
allied,Loki,Cyclops,0.005080478418384984,0.0168698712395318
allied,Loki,Jubilee,-0.024216920986666526,-0.018432874583667463
allied,Loki,Rogue,-0.023023998698109643,-0.027462490535965316
allied,Loki,The Hood,-0.008557135465346984,-0.011909117017106908
allied,Loki,Deadpool (Vanguard),-0.017234675353350645,-0.018587622335942737
allied,Loki,Deadpool (Duelist),-0.005127718384076867,-0.0013370825049704733
allied,Loki,Deadpool (Strategist),0.004403124169630232,0.0004617861746552416
allied,Human Torch,Doctor Strange,-0.0012291996419183404,-0.009598074587109234
allied,Human Torch,Mantis,0.00235744655699878,-0.0013057493581697718
allied,Human Torch,Hawkeye,0.002313636171941789,0.009146402607471016
allied,Human Torch,Captain America,0.010136533281542504,0.0053591207142915445
allied,Human Torch,Rocket Raccoon,0.0007521141757328902,-0.011567820259250178
allied,Human Torch,Hela,-0.0004970554226264982,0.0009037175291045164
allied,Human Torch,Cloak & Dagger,-0.023327396003817974,-0.0389021174418791
allied,Human Torch,Black Panther,-0.013283793909988096,-0.015195857901984099
allied,Human Torch,Groot,0.03739908597648144,0.03484344238630935
allied,Human Torch,Ultron,0.03448776159390272,0.03826671380893624
allied,Human Torch,Magik,-0.0054327667832293255,0.00584986372164729
allied,Human Torch,Moon Knight,-0.0169894845548538,-0.013776622800614353
allied,Human Torch,Luna Snow,-0.014129845826350509,-0.019781641582634405
allied,Human Torch,Squirrel Girl,-0.004790166694072903,-0.0008562631298488795
allied,Human Torch,Black Widow,-0.00437800514390753,-0.0006540907967187125
allied,Human Torch,Iron Man,-0.010930907570289779,-0.008535634052644356
allied,Human Torch,Venom,0.008819541589730327,0.005354630128283282
allied,Human Torch,Spider-man,-0.00903438252650259,-0.003320056576130158
allied,Human Torch,Magneto,0.007628268510704503,0.0010511449320596152
allied,Human Torch,Scarlet Witch,0.0033249571322375693,0.011706068365087936
allied,Human Torch,Thor,0.011492459693521265,0.008689321222374641
allied,Human Torch,Mister Fantastic,-0.0036253409203089097,-0.003475796588726983
allied,Human Torch,Winter Soldier,0.006691480804254501,0.013544971333938815
allied,Human Torch,Peni Parker,-0.007916159089868282,-0.012306544137305593
allied,Human Torch,Star-lord,-0.03342462240665979,-0.03224762429311772
allied,Human Torch,Blade,0.0071595350029226784,0.009614495030567145
allied,Human Torch,Namor,0.017622398940584115,0.02797935179903991
allied,Human Torch,Adam Warlock,-0.0013073870769776143,0.004402279533061394
allied,Human Torch,Jeff The Land Shark,-0.03896864211730171,-0.04715999024003952
allied,Human Torch,Psylocke,0.02277001183869894,0.02594157130080862
allied,Human Torch,Wolverine,0.011366913758082294,0.013771148687608465
allied,Human Torch,Invisible Woman,0.025818629061752515,0.02503012162114766
allied,Human Torch,The Thing,-0.004426805455661563,-0.004595801743364466
allied,Human Torch,Iron Fist,-0.002014134023236192,0.007779374430965225
allied,Human Torch,Emma Frost,0.00437775962907874,0.002356522498933972
allied,Human Torch,Phoenix,-0.00316266412485407,-0.0012070114019571948
allied,Human Torch,Daredevil,-0.02822318309489998,-0.02557331317110945
allied,Human Torch,Angela,-0.029769105400065925,-0.03728641938848933
allied,Human Torch,Gambit,-0.010249089227460045,-0.016202768548596546
allied,Human Torch,Elsa Bloodstone,-0.00015836278052597298,0.0024061827877790635
allied,Human Torch,White Fox,-0.044009802093173976,-0.054421686288993756
allied,Human Torch,Black Cat,0.004368816417832737,0.008943744168414853
allied,Human Torch,Devil Dinosaur,-0.015455816213144678,-0.019387442619889426
allied,Human Torch,Cyclops,-0.011072694522980119,-0.012538595228076292
allied,Human Torch,Jubilee,0.09809066069033057,0.10781599851158849
allied,Human Torch,Rogue,0.007724669146711205,0.005702834811732715
allied,Human Torch,The Hood,0.011832340404078802,0.012709393192107973
allied,Human Torch,Deadpool (Vanguard),0.002738903521823586,-0.0010097565975052578
allied,Human Torch,Deadpool (Duelist),0.005412169637034643,0.006610487790481637
allied,Human Torch,Deadpool (Strategist),0.015237745490930378,0.014966484991381528
allied,Doctor Strange,Mantis,-0.0012092476430881451,0.001559626486606752
allied,Doctor Strange,Hawkeye,0.0026664580145226847,-0.0011703446125214787
allied,Doctor Strange,Captain America,-0.0011719930468629186,0.011318125829247362
allied,Doctor Strange,Rocket Raccoon,-0.015523602195736824,-0.026474909885833776
allied,Doctor Strange,Hela,-0.01708264677008224,-0.024100617145492366
allied,Doctor Strange,Cloak & Dagger,-0.0025760323275783774,-0.006193086630346103
allied,Doctor Strange,Black Panther,-0.02710156498899516,-0.02812856963799772
allied,Doctor Strange,Groot,-0.004540243195409182,0.012384324010584506
allied,Doctor Strange,Ultron,0.007792212615364804,0.014901641124751964
allied,Doctor Strange,Magik,0.04107895132700649,0.0366995275719543
allied,Doctor Strange,Moon Knight,0.027236925852439375,0.026126155145636203
allied,Doctor Strange,Luna Snow,-0.0034867847184439846,-0.0071927633719742765
allied,Doctor Strange,Squirrel Girl,0.012619406490587886,0.01141358788184219
allied,Doctor Strange,Black Widow,0.004610965932240704,5.5973796400632196e-05
allied,Doctor Strange,Iron Man,-0.016270139753713678,-0.016041456618616157
allied,Doctor Strange,Venom,0.0052556687318331356,0.014619151658039587
allied,Doctor Strange,Spider-man,0.026907888971178556,0.024862979836838647
allied,Doctor Strange,Magneto,-0.07607226730867153,-0.05843366964715513
allied,Doctor Strange,Scarlet Witch,0.038649958850872,0.03314399817123154
allied,Doctor Strange,Thor,-0.008058390692275395,-0.0011349837001792097
allied,Doctor Strange,Mister Fantastic,-0.05323102116406307,-0.0565015341716256
allied,Doctor Strange,Winter Soldier,0.021838978036438004,0.01556869374214639
allied,Doctor Strange,Peni Parker,0.023246515257859174,0.038426071422084006
allied,Doctor Strange,Star-lord,0.011992989574595662,0.008061913965356583
allied,Doctor Strange,Blade,0.003943552824770668,0.006392506416089042
allied,Doctor Strange,Namor,0.01624620544282429,-0.00023324825145182011
allied,Doctor Strange,Adam Warlock,-0.001773841506918929,0.0025195634078347775
allied,Doctor Strange,Jeff The Land Shark,0.005214770677108698,-0.0035240079590445434
allied,Doctor Strange,Psylocke,0.03077540580328252,0.03129873140753768
allied,Doctor Strange,Wolverine,-0.03149957363055113,-0.033360783570902365
allied,Doctor Strange,Invisible Woman,0.09135543086766043,0.09245214982486345
allied,Doctor Strange,The Thing,-0.026064341386337442,-0.015688825556827785
allied,Doctor Strange,Iron Fist,0.010763048600542034,0.004394284090283045
allied,Doctor Strange,Emma Frost,-0.0358502045101014,-0.026914260979370632
allied,Doctor Strange,Phoenix,-0.002257359073928252,-0.010453745224517618
allied,Doctor Strange,Daredevil,0.0006939706647066321,-0.0018570443875049515
allied,Doctor Strange,Angela,-0.036034980944634434,-0.026666361147200324
allied,Doctor Strange,Gambit,-0.025166249414214536,-0.040964742804775515
allied,Doctor Strange,Elsa Bloodstone,-0.014351983167365566,-0.018795549553048616
allied,Doctor Strange,White Fox,-0.028092417101040712,-0.027698444121497887
allied,Doctor Strange,Black Cat,0.00608717576882343,0.005784400710212085
allied,Doctor Strange,Devil Dinosaur,-0.020450621143587363,-0.013352431363083003
allied,Doctor Strange,Cyclops,0.022359654522943154,0.02135898501329512
allied,Doctor Strange,Jubilee,0.016244612181965726,0.004369369457188304
allied,Doctor Strange,Rogue,-0.016616815308948197,-0.011904079310766594
allied,Doctor Strange,The Hood,-0.022842006880864595,-0.02317669204254018
allied,Doctor Strange,Deadpool (Vanguard),-0.004700349849219821,0.0023540987074218184
allied,Doctor Strange,Deadpool (Duelist),-0.010650759695280471,-0.011826864212058403
allied,Doctor Strange,Deadpool (Strategist),0.001281364941442363,-0.0025741164516269862
allied,Mantis,Hawkeye,-0.007342655246579516,-0.01290681229866632
allied,Mantis,Captain America,-0.014939619940539703,-0.005178089967510815
allied,Mantis,Rocket Raccoon,-0.010291962934357633,0.004748162088689254
allied,Mantis,Hela,-0.02040360229487968,-0.016071301674501666
allied,Mantis,Cloak & Dagger,-0.035229258958390026,-0.031797998722532646
allied,Mantis,Black Panther,0.007642459650263356,0.011679638260895776
allied,Mantis,Groot,0.052419211664571336,0.06982357755583952
allied,Mantis,Ultron,0.010818548611075162,-0.020465184134636178
allied,Mantis,Magik,-0.017798660174332584,-0.029194021946889366
allied,Mantis,Moon Knight,-0.01675845703610118,-0.019416923573417958
allied,Mantis,Luna Snow,0.010267270885540348,2.098845061922032e-05
allied,Mantis,Squirrel Girl,0.0063485575819900684,0.005357290115496932
allied,Mantis,Black Widow,0.018559823492486,0.02243928722065654
allied,Mantis,Iron Man,0.006352956089783327,0.001951005176421583
allied,Mantis,Venom,-0.002706681034242813,0.010072219735990432
allied,Mantis,Spider-man,-0.014201118840832477,-0.019178424326872643
allied,Mantis,Magneto,-0.010110751375199536,-0.013948418963224594
allied,Mantis,Scarlet Witch,-0.01818747907744579,-0.02136438572042602
allied,Mantis,Thor,-0.019110491772270685,-0.009513849616031975
allied,Mantis,Mister Fantastic,0.0002918566733764652,7.387559319663316e-05
allied,Mantis,Winter Soldier,-0.006093119498659069,-0.005454430704659919
allied,Mantis,Peni Parker,-0.04117523774265792,-0.039510117021154846
allied,Mantis,Star-lord,0.11227234974068663,0.12836894303840754
allied,Mantis,Blade,0.00821132226996677,0.007003147560894334
allied,Mantis,Namor,-0.0007499307182645637,0.006536072611947877
allied,Mantis,Adam Warlock,0.06944218565710927,0.03504590830227008
allied,Mantis,Jeff The Land Shark,-0.002939385040799907,-0.008333436620225692
allied,Mantis,Psylocke,0.004868766879366406,0.01018156988855097
allied,Mantis,Wolverine,0.0009146857535189801,-3.179216609733331e-05
allied,Mantis,Invisible Woman,0.014592242842905659,0.020034642352964288
allied,Mantis,The Thing,0.006865238649678259,0.004570536059166939
allied,Mantis,Iron Fist,-0.014981401844676,-0.024134740273776153
allied,Mantis,Emma Frost,0.044023309565322515,0.053679525432393516
allied,Mantis,Phoenix,-0.007792504341251158,-0.00011660933496105406
allied,Mantis,Daredevil,-0.013979381569766337,-0.01884269011936886
allied,Mantis,Angela,0.02642788072542321,0.036364917439526474
allied,Mantis,Gambit,0.030442887817541932,0.03817965426686984
allied,Mantis,Elsa Bloodstone,0.037921114601983594,0.04462454421742205
allied,Mantis,White Fox,-0.0028052951632134534,-0.024184273756212342
allied,Mantis,Black Cat,-0.014645931111073235,-0.01993106833886584
allied,Mantis,Devil Dinosaur,-0.04686247315806221,-0.04809877115009537
allied,Mantis,Cyclops,-0.03890398065079866,-0.03474135988845141
allied,Mantis,Jubilee,-0.026457257006430358,-0.031722303996468866
allied,Mantis,Rogue,-0.02589905320345653,-0.019208350141989895
allied,Mantis,The Hood,-0.013154040697702077,-0.005653553359837437
allied,Mantis,Deadpool (Vanguard),-0.027199862370357337,-0.018563100035858156
allied,Mantis,Deadpool (Duelist),-0.009593691306053111,-0.008490016717345355
allied,Mantis,Deadpool (Strategist),-0.04642873249001562,-0.07105715144296344
allied,Hawkeye,Captain America,-0.012281743935822273,-0.01549101640972331
allied,Hawkeye,Rocket Raccoon,-0.00962837829644316,-0.023934322701919194
allied,Hawkeye,Hela,0.001725967630768434,0.001271445771722099
allied,Hawkeye,Cloak & Dagger,0.04258200753166753,0.034557513124071126
allied,Hawkeye,Black Panther,-0.002802623981729593,-0.005882904964514294
allied,Hawkeye,Groot,-0.014905545753977671,-0.019259369402000036
allied,Hawkeye,Ultron,0.007890572648971686,0.007656427834417866
allied,Hawkeye,Magik,0.019117463164202136,0.03040242247188524
allied,Hawkeye,Moon Knight,-0.020729649821760298,-0.01986822014654728
allied,Hawkeye,Luna Snow,0.006923710303543283,0.0032151606520251464
allied,Hawkeye,Squirrel Girl,-0.022168098355045154,-0.02172028903383383
allied,Hawkeye,Black Widow,-0.028904987551930175,-0.029261968469908646
allied,Hawkeye,Iron Man,-0.0030820844634623177,-0.0020740391921486565
allied,Hawkeye,Venom,-0.020970935388981215,-0.02369809189503223
allied,Hawkeye,Spider-man,0.0009774660390010495,0.005484527461203577
allied,Hawkeye,Magneto,-0.0036066953936185193,-0.007356019961785154
allied,Hawkeye,Scarlet Witch,-0.021211823307260035,-0.016912422535795675
allied,Hawkeye,Thor,0.012772832914771161,0.014207188020444796
allied,Hawkeye,Mister Fantastic,0.004905671198236057,0.0037247454092611187
allied,Hawkeye,Winter Soldier,-0.021069228819925158,-0.0185656796597924
allied,Hawkeye,Peni Parker,0.012740872936761469,0.014770517210706432
allied,Hawkeye,Star-lord,-0.003282058841502155,-0.001637449768158779
allied,Hawkeye,Blade,0.000596427953803031,0.000465087146140936
allied,Hawkeye,Namor,-0.023912005010267693,-0.019050964889342575
allied,Hawkeye,Adam Warlock,-0.0029109177763732073,0.0019098590847703902
allied,Hawkeye,Jeff The Land Shark,-0.018695713477613507,-0.025041393931861253
allied,Hawkeye,Psylocke,0.03701513843766964,0.039331642103993876
allied,Hawkeye,Wolverine,0.01132026343889805,0.011680366733048283
allied,Hawkeye,Invisible Woman,-0.0061134682220604355,-0.011581936234612875
allied,Hawkeye,The Thing,0.0009542820644737808,0.005484672997146912
allied,Hawkeye,Iron Fist,0.00038551901456809344,0.008338428272695018
allied,Hawkeye,Emma Frost,0.008937838053150047,0.011523511844099376
allied,Hawkeye,Phoenix,-0.0011559997557070928,-0.0010736428861169958
allied,Hawkeye,Daredevil,0.015369543570216932,0.019606078023725382
allied,Hawkeye,Angela,0.03150668794064998,0.03498459342162405
allied,Hawkeye,Gambit,0.006036248817327429,0.0014297883403183984
allied,Hawkeye,Elsa Bloodstone,0.020680993944448847,0.02293912366345198
allied,Hawkeye,White Fox,0.00436750692499477,-0.000685662055024876
allied,Hawkeye,Black Cat,0.02163605044298937,0.02560736173564471
allied,Hawkeye,Devil Dinosaur,0.009849229459243977,0.012861172372442258
allied,Hawkeye,Cyclops,-0.023269867800857564,-0.027790823651492946
allied,Hawkeye,Jubilee,0.01718513754396347,0.016108836560454535
allied,Hawkeye,Rogue,-0.02222166792377326,-0.023523302973033438
allied,Hawkeye,The Hood,-0.002062608172017283,0.0013426299684058108
allied,Hawkeye,Deadpool (Vanguard),-0.0007085937581592982,-0.0007522951648177308
allied,Hawkeye,Deadpool (Duelist),0.012969392330501225,0.01275622108322483
allied,Hawkeye,Deadpool (Strategist),-0.017870282785900644,-0.022968495231524336
allied,Captain America,Rocket Raccoon,-0.020733475975033965,-0.023322761988522105
allied,Captain America,Hela,0.039688173306682915,0.04137597457648052
allied,Captain America,Cloak & Dagger,-0.005903993854679126,-0.0008565762974493355
allied,Captain America,Black Panther,-0.02897672238866623,-0.027903683624697008
allied,Captain America,Groot,-0.0170935261389828,-0.016371772020797412
allied,Captain America,Ultron,-0.006137214982282353,0.007932878340050221
allied,Captain America,Magik,-0.00467772771745679,-0.011899806926120941
allied,Captain America,Moon Knight,-0.0029397605986759686,-0.005138297483466742
allied,Captain America,Luna Snow,0.006951437496260501,0.014122353089803563
allied,Captain America,Squirrel Girl,-0.021013253677612125,-0.023696110229181885
allied,Captain America,Black Widow,-0.009926950109614823,-0.013808198569652244
allied,Captain America,Iron Man,0.006264026693328434,0.011342155103252791
allied,Captain America,Venom,-0.008572058950896343,-0.015622539720168993
allied,Captain America,Spider-man,-0.016784016697560116,-0.021439010658026517
allied,Captain America,Magneto,0.006070226444100521,0.023195252127262336
allied,Captain America,Scarlet Witch,0.01133195451082207,0.005060222066803019
allied,Captain America,Thor,0.011361172963960617,0.00737904322798027
allied,Captain America,Mister Fantastic,0.016281399100209645,0.02315183797875541
allied,Captain America,Winter Soldier,0.03040639755271499,0.02741238099434535
allied,Captain America,Peni Parker,-0.011701448295651843,-0.016435066503721986
allied,Captain America,Star-lord,-0.0038458867015263285,-0.007249755364646616
allied,Captain America,Blade,0.014315810283447979,0.02024432379650814
allied,Captain America,Namor,0.03129648549399823,0.018823511848640725
allied,Captain America,Adam Warlock,-0.026716353786889486,-0.017232244097420912
allied,Captain America,Jeff The Land Shark,-0.003663956350630204,-0.0046303504393884936
allied,Captain America,Psylocke,0.002676258915542163,0.0023458269190030643
allied,Captain America,Wolverine,0.005938238501616106,0.010605181179745909
allied,Captain America,Invisible Woman,-0.022097796541024426,-0.03003530916907848
allied,Captain America,The Thing,0.017483595637455454,0.02095117506014061
allied,Captain America,Iron Fist,0.014461107827348415,0.010820139152274325
allied,Captain America,Emma Frost,0.0030594822492784543,0.004319021873755336
allied,Captain America,Phoenix,-0.007002013609164511,-0.013421568936227627
allied,Captain America,Daredevil,0.020202251686797842,0.02215985415550379
allied,Captain America,Angela,-0.01792778840437244,-0.0196821396027502
allied,Captain America,Gambit,0.021334071158122518,0.022208166393540126
allied,Captain America,Elsa Bloodstone,-0.026596317176921114,-0.0301077968556908
allied,Captain America,White Fox,0.020779702267761976,0.038227445822715374
allied,Captain America,Black Cat,-0.0026339373017076656,-0.0016077793388452025
allied,Captain America,Devil Dinosaur,-0.0007371454380571786,-0.004495796898172328
allied,Captain America,Cyclops,0.006427213989105002,0.005943212594349486
allied,Captain America,Jubilee,0.0017477985212064752,-0.0032579664364828335
allied,Captain America,Rogue,-0.0015005740767857234,-0.008406351302976863
allied,Captain America,The Hood,0.019049845931188657,0.011532843546542364
allied,Captain America,Deadpool (Vanguard),-0.01276279390624426,-0.021167114124846564
allied,Captain America,Deadpool (Duelist),0.0037809251539410327,0.006541623753993658
allied,Captain America,Deadpool (Strategist),-0.007931251990152703,-0.004068009713232552
allied,Rocket Raccoon,Hela,-0.02062843516923688,-0.024780310630309794
allied,Rocket Raccoon,Cloak & Dagger,-0.046359680748131606,-0.007476624601840562
allied,Rocket Raccoon,Black Panther,-0.02416182780255904,-0.0325562570956857
allied,Rocket Raccoon,Groot,-0.012045090230390828,-0.016420719124643452
allied,Rocket Raccoon,Ultron,-0.022921485500324985,-0.023237973539898565
allied,Rocket Raccoon,Magik,0.022537447289035492,0.007728026977243443
allied,Rocket Raccoon,Moon Knight,-0.0075093228411616374,-0.017467719576267256
allied,Rocket Raccoon,Luna Snow,-0.004632393283777535,0.019825501868513267
allied,Rocket Raccoon,Squirrel Girl,0.00785631354682538,-0.0014025563962196197
allied,Rocket Raccoon,Black Widow,-0.0009573101002217858,-0.007973560043295995
allied,Rocket Raccoon,Iron Man,-0.012232698453267955,-0.027413928156667388
allied,Rocket Raccoon,Venom,-0.004079558008989967,-0.0029409587335286866
allied,Rocket Raccoon,Spider-man,-0.017381488095911002,-0.03121241171099226
allied,Rocket Raccoon,Magneto,0.010857407515939572,-0.0010300379455543004
allied,Rocket Raccoon,Scarlet Witch,0.04265039486993691,0.038622150498223234
allied,Rocket Raccoon,Thor,-0.004468359698681642,-0.003938178297303722
allied,Rocket Raccoon,Mister Fantastic,0.041329629159226465,0.0377852976676216
allied,Rocket Raccoon,Winter Soldier,-0.010190185952081538,-0.018519702436916474
allied,Rocket Raccoon,Peni Parker,0.0739631523089182,0.08271299659345127
allied,Rocket Raccoon,Star-lord,-0.014591636409822866,-0.022809113353071904
allied,Rocket Raccoon,Blade,0.008953753791285112,-0.0006176889497788089
allied,Rocket Raccoon,Namor,-0.004738612901730815,-0.006407266816607933
allied,Rocket Raccoon,Adam Warlock,0.029300700033495258,0.024601957993941496
allied,Rocket Raccoon,Jeff The Land Shark,-0.04661922780255847,-0.023017566970132467
allied,Rocket Raccoon,Psylocke,-0.02680167834862855,-0.033903752965099634
allied,Rocket Raccoon,Wolverine,0.021545933694760287,0.014722289795642858
allied,Rocket Raccoon,Invisible Woman,-0.04873698853751523,-0.01819627601104196
allied,Rocket Raccoon,The Thing,0.01562809206737353,0.003322044652304209
allied,Rocket Raccoon,Iron Fist,0.019936003549742412,0.00669126882278828
allied,Rocket Raccoon,Emma Frost,0.008235789327153208,0.000720778889259399
allied,Rocket Raccoon,Phoenix,0.010874660460664718,0.012427879095038027
allied,Rocket Raccoon,Daredevil,0.002918237581356925,-0.008288940546511471
allied,Rocket Raccoon,Angela,-0.002104079322218603,-0.00817219673960251
allied,Rocket Raccoon,Gambit,-0.044338762683330576,-0.01377523742329745
allied,Rocket Raccoon,Elsa Bloodstone,0.03622498570253189,0.0342603272333826
allied,Rocket Raccoon,White Fox,-0.014677953670254082,-0.0007523568587298577
allied,Rocket Raccoon,Black Cat,0.014404591451389314,0.004294697571748244
allied,Rocket Raccoon,Devil Dinosaur,0.007866051934517978,0.004005749208533316
allied,Rocket Raccoon,Cyclops,0.009185937371869533,0.01090372591489403
allied,Rocket Raccoon,Jubilee,-0.04221834715545254,-0.012950077909625435
allied,Rocket Raccoon,Rogue,0.003257535658612294,0.003214458520509536
allied,Rocket Raccoon,The Hood,-0.011890017705840002,-0.015606044368113699
allied,Rocket Raccoon,Deadpool (Vanguard),-0.014843767030888867,-0.01564086421209128
allied,Rocket Raccoon,Deadpool (Duelist),-0.0028997608480914937,-0.009415416924294814
allied,Rocket Raccoon,Deadpool (Strategist),0.013061310241322581,0.037892052062493665
allied,Hela,Cloak & Dagger,-0.013014824621831662,-0.01645984699511313
allied,Hela,Black Panther,0.039597022958704015,0.03484624865823326
allied,Hela,Groot,-0.019388992844362123,-0.025204500819148695
allied,Hela,Ultron,-0.05295632127052741,-0.04926725177151628
allied,Hela,Magik,-0.005755364716799518,-0.0017379686319458805
allied,Hela,Moon Knight,-0.008627130324900357,-0.011956914970678722
allied,Hela,Luna Snow,0.0037541248806782905,0.011178453104804364
allied,Hela,Squirrel Girl,-0.024275422108948744,-0.02920108606719233
allied,Hela,Black Widow,0.014739983498058365,0.012816120228308806
allied,Hela,Iron Man,-0.05131768506521445,-0.05952098570709669
allied,Hela,Venom,0.03721548144114425,0.040085608797177666
allied,Hela,Spider-man,0.032002303500643356,0.033892487456524394
allied,Hela,Magneto,-0.005659029046288641,-0.010596203735323087
allied,Hela,Scarlet Witch,-0.01628579288725395,-0.016774690327975218
allied,Hela,Thor,0.04009211787855546,0.043646964520709174
allied,Hela,Mister Fantastic,0.0222227956118823,0.017284510630992598
allied,Hela,Winter Soldier,-0.014664837387792718,-0.016826586803636672
allied,Hela,Peni Parker,-0.023801855320359205,-0.026844968251849285
allied,Hela,Star-lord,-0.024202387819488375,-0.029496494060243583
allied,Hela,Blade,-0.0073525279071887505,-0.01334336578561549
allied,Hela,Namor,0.006951801660400225,0.00918256655319478
allied,Hela,Adam Warlock,-0.02157206821741735,-0.007554859107901935
allied,Hela,Jeff The Land Shark,-0.01567059426959751,-0.010109058769340923
allied,Hela,Psylocke,-0.015475169806446362,-0.022724003729162705
allied,Hela,Wolverine,0.011150948420003828,0.00629882076145193
allied,Hela,Invisible Woman,0.00728724165847246,0.015022938434488969
allied,Hela,The Thing,-0.029829097808125513,-0.029722746268345184
allied,Hela,Iron Fist,0.008824078995997606,0.012280932501449338
allied,Hela,Emma Frost,-0.006014686322580762,-0.006069906113063771
allied,Hela,Phoenix,0.03780329848274046,0.03592892502263926
allied,Hela,Daredevil,0.021196983223384286,0.020720216712906126
allied,Hela,Angela,0.027502622113998874,0.02957283950945343
allied,Hela,Gambit,0.016142681849519173,0.02432860155503645
allied,Hela,Elsa Bloodstone,0.01792593219483311,0.014756696833138086
allied,Hela,White Fox,0.005725072882687838,0.01237067570088216
allied,Hela,Black Cat,0.021837355609275803,0.020627271548636045
allied,Hela,Devil Dinosaur,-0.009967836361726538,-0.01014471614879254
allied,Hela,Cyclops,0.021566407757775408,0.015577686090488155
allied,Hela,Jubilee,0.01223819746635866,0.022072605026651454
allied,Hela,Rogue,0.0008756233613561436,0.0012189256155407365
allied,Hela,The Hood,-0.009724555978213948,-0.008139020102325117
allied,Hela,Deadpool (Vanguard),-0.01613515396536415,-0.018873143099307765
allied,Hela,Deadpool (Duelist),-0.023238139799914882,-0.031661921663572026
allied,Hela,Deadpool (Strategist),0.01871675993296084,0.02972100388069717
allied,Cloak & Dagger,Black Panther,-0.002527685490124411,-0.008462695224830945
allied,Cloak & Dagger,Groot,-5.894175184045086e-05,0.002745168589334853
allied,Cloak & Dagger,Ultron,0.009037967174586744,0.008397919874886941
allied,Cloak & Dagger,Magik,0.027425795184836056,0.012982570129384873
allied,Cloak & Dagger,Moon Knight,0.04835253646115283,0.045132023908202326
allied,Cloak & Dagger,Luna Snow,-0.005741914653714376,0.011833285890711644
allied,Cloak & Dagger,Squirrel Girl,-0.01797792033424282,-0.03071091774305555
allied,Cloak & Dagger,Black Widow,-0.006921258425689222,-0.014927850140081063
allied,Cloak & Dagger,Iron Man,0.01693966541410016,0.0051601329634875385
allied,Cloak & Dagger,Venom,-0.040181932187245695,-0.03959210624620032
allied,Cloak & Dagger,Spider-man,-0.020474756849731206,-0.034937187289674196
allied,Cloak & Dagger,Magneto,0.015967948139949183,0.010155233508689191
allied,Cloak & Dagger,Scarlet Witch,0.007294303439866997,-0.0013983005912396194
allied,Cloak & Dagger,Thor,-0.0009363260802344366,0.005414897525483404
allied,Cloak & Dagger,Mister Fantastic,0.005857683623539416,-0.0023654892906605288
allied,Cloak & Dagger,Winter Soldier,0.02730635788611874,0.023419061150424636
allied,Cloak & Dagger,Peni Parker,-0.03790742221666919,-0.041883383465230344
allied,Cloak & Dagger,Star-lord,-0.007829670070751705,-0.015446749452251052
allied,Cloak & Dagger,Blade,0.030607447715696533,0.023497868484549836
allied,Cloak & Dagger,Namor,-0.00023313617238476434,-0.0015834537267278305
allied,Cloak & Dagger,Adam Warlock,0.03369253357310035,0.023202274758979378
allied,Cloak & Dagger,Jeff The Land Shark,-0.033653151802956055,-0.014142331554684561
allied,Cloak & Dagger,Psylocke,0.007982340631531575,0.004983420156946305
allied,Cloak & Dagger,Wolverine,0.029734832973132917,0.023689953253177867
allied,Cloak & Dagger,Invisible Woman,-0.05918436633803584,-0.03737848523210512
allied,Cloak & Dagger,The Thing,0.007952944229141064,-0.00033321514426899973
allied,Cloak & Dagger,Iron Fist,-0.014851764993351044,-0.03268981901882606
allied,Cloak & Dagger,Emma Frost,-0.0029048532651420505,-0.006956930175422405
allied,Cloak & Dagger,Phoenix,0.018348700258221086,0.02059132563665474
allied,Cloak & Dagger,Daredevil,0.02673322028976681,0.018258066769815447
allied,Cloak & Dagger,Angela,0.027421244259198462,0.03135166207591749
allied,Cloak & Dagger,Gambit,-0.05534398149403834,-0.03362593380532869
allied,Cloak & Dagger,Elsa Bloodstone,0.006427466845295985,0.000493270288358006
allied,Cloak & Dagger,White Fox,-0.010929189378098818,-0.0029226602662558087
allied,Cloak & Dagger,Black Cat,0.005577307640371516,-0.005880844946280981
allied,Cloak & Dagger,Devil Dinosaur,-0.02231651236399199,-0.025774190408004848
allied,Cloak & Dagger,Cyclops,0.01777573317152299,0.020322397958869965
allied,Cloak & Dagger,Jubilee,-0.004638279415406841,0.025421263310485914
allied,Cloak & Dagger,Rogue,-0.03048370776743127,-0.03069609079763012
allied,Cloak & Dagger,The Hood,0.07471357672026646,0.0901693788207065
allied,Cloak & Dagger,Deadpool (Vanguard),0.001983368489605917,0.009144026318429642
allied,Cloak & Dagger,Deadpool (Duelist),0.0007082489795202549,-0.005601254098865798
allied,Cloak & Dagger,Deadpool (Strategist),-0.004533477510856511,0.01014476480018687
allied,Black Panther,Groot,-0.037612187012643995,-0.03836083726630906
allied,Black Panther,Ultron,0.013345036813081782,0.021520896319655584
allied,Black Panther,Magik,-0.04857934415612844,-0.0503738834622055
allied,Black Panther,Moon Knight,0.018671444506958314,0.015363920985612059
allied,Black Panther,Luna Snow,-0.012764250606361514,-0.011205599071003889
allied,Black Panther,Squirrel Girl,-0.008951045444965434,-0.014850701566344139
allied,Black Panther,Black Widow,0.02077249529863069,0.017101556709110222
allied,Black Panther,Iron Man,-0.019993613549371927,-0.027839731742714608
allied,Black Panther,Venom,-0.0015804446470758645,0.004039282164371733
allied,Black Panther,Spider-man,-0.026267247865145026,-0.03147407088447612
allied,Black Panther,Magneto,-0.0033277039816983853,-0.0008828141129416649
allied,Black Panther,Scarlet Witch,0.011950548893366076,0.011561934787213863
allied,Black Panther,Thor,0.01744706538004871,0.025570703283051346
allied,Black Panther,Mister Fantastic,0.008061679294845185,-0.00030379086520053553
allied,Black Panther,Winter Soldier,0.00806056991395636,0.0055405940840394
allied,Black Panther,Peni Parker,0.00308216890113226,0.010186671806095294
allied,Black Panther,Star-lord,0.029045265762502305,0.02593238399819019
allied,Black Panther,Blade,-0.008440099143389163,-0.01677040325024631
allied,Black Panther,Namor,0.03026860049039709,0.03219034274426886
allied,Black Panther,Adam Warlock,-0.024325574887482406,-0.014453433864613598
allied,Black Panther,Jeff The Land Shark,0.011808745594769656,0.017004318825183665
allied,Black Panther,Psylocke,0.008124052562541747,0.0005896936393466856
allied,Black Panther,Wolverine,-0.03029138858373573,-0.040840498982577286
allied,Black Panther,Invisible Woman,-0.0037615657274684584,-0.001207849627583039
allied,Black Panther,The Thing,-0.03691933871937291,-0.03049214296523367
allied,Black Panther,Iron Fist,-0.013660084227282761,-0.014322893403586489
allied,Black Panther,Emma Frost,-0.021707262946028393,-0.016410582929295932
allied,Black Panther,Phoenix,0.012754661909082445,0.00654726158447437
allied,Black Panther,Daredevil,-0.0054797786253334224,-0.010425032023203424
allied,Black Panther,Angela,0.015500062093029439,0.023337813033890688
allied,Black Panther,Gambit,0.023199654318689363,0.028466815829964437
allied,Black Panther,Elsa Bloodstone,0.03758883984532016,0.033806578098567124
allied,Black Panther,White Fox,-0.006126732760424078,-0.004763485400507217
allied,Black Panther,Black Cat,-0.00022135748784126236,-0.0055157067797396925
allied,Black Panther,Devil Dinosaur,-0.015431982696886599,-0.009104859265144299
allied,Black Panther,Cyclops,0.013685256904191513,0.004791843184307551
allied,Black Panther,Jubilee,-0.009060412952458153,-0.0056892114474059305
allied,Black Panther,Rogue,0.003803382476419446,0.011595930046827609
allied,Black Panther,The Hood,-0.0013375153323267445,0.008312184933312526
allied,Black Panther,Deadpool (Vanguard),0.04675253795143798,0.05821752282841929
allied,Black Panther,Deadpool (Duelist),0.013103060704317037,0.005453886421033456
allied,Black Panther,Deadpool (Strategist),0.0043950758588744854,0.009808229544461547
allied,Groot,Ultron,-0.03284961509173302,-0.026255276662430004
allied,Groot,Magik,-0.0035373774811707863,-0.011480023703977974
allied,Groot,Moon Knight,0.010963584060242065,0.009482070192428893
allied,Groot,Luna Snow,-0.0022530440720863365,0.0002558892511045712
allied,Groot,Squirrel Girl,0.0015240299731290997,0.0005307005557477984
allied,Groot,Black Widow,-0.007645837200365408,-0.01211916017566812
allied,Groot,Iron Man,0.01257507969098776,0.0175150554087919
allied,Groot,Venom,-0.035505446703999334,-0.042025762296806254
allied,Groot,Spider-man,0.026818855017186873,0.02622616047284364
allied,Groot,Magneto,-0.03980936806510724,-0.025293193709449716
allied,Groot,Scarlet Witch,-0.009997417125757179,-0.019520646794873867
allied,Groot,Thor,0.026327044837028673,0.029816969446347128
allied,Groot,Mister Fantastic,0.006508378571750488,0.011428997135728624
allied,Groot,Winter Soldier,-0.013954389646556391,-0.022794101336810424
allied,Groot,Peni Parker,-0.007772331161824261,-0.006862469774292251
allied,Groot,Star-lord,0.032377885018079096,0.032205153408991855
allied,Groot,Blade,-0.029010723582415125,-0.028811409633465342
allied,Groot,Namor,0.041056001238310665,0.028833300649769144
allied,Groot,Adam Warlock,-0.013915482839510385,-0.005556780908938012
allied,Groot,Jeff The Land Shark,0.004814246719604266,0.00202773039169439
allied,Groot,Psylocke,0.01786655960431558,0.018398109957787248
allied,Groot,Wolverine,-0.004513029278299851,-0.0018723028963578098
allied,Groot,Invisible Woman,0.02586003929539559,0.022447345408469765
allied,Groot,The Thing,0.010011056685855434,0.017233083926675444
allied,Groot,Iron Fist,0.02472786973008718,0.021394308981322153
allied,Groot,Emma Frost,0.043351782140620805,0.056279470693305834
allied,Groot,Phoenix,-0.00870256364945765,-0.016162677505333435
allied,Groot,Daredevil,-0.001621746414322001,-0.002971354591170188
allied,Groot,Angela,0.01319928599274212,0.021594584824120563
allied,Groot,Gambit,0.010831838881789733,0.006835384768786016
allied,Groot,Elsa Bloodstone,-0.01647248347206781,-0.01969265427978477
allied,Groot,White Fox,-0.02892809532055808,-0.022651795539166828
allied,Groot,Black Cat,-0.019539868098768485,-0.021266962651057906
allied,Groot,Devil Dinosaur,-0.0010307254309263503,0.00015448424569965437
allied,Groot,Cyclops,0.02780386573149035,0.028878660953773318
allied,Groot,Jubilee,0.017922389277116823,0.01233342152975955
allied,Groot,Rogue,0.004990056065931398,0.004152151123205768
allied,Groot,The Hood,-0.020140230512341803,-0.02915776170473521
allied,Groot,Deadpool (Vanguard),-0.009079720946448192,-0.011881326284672498
allied,Groot,Deadpool (Duelist),0.013311554209759505,0.016296744673693356
allied,Groot,Deadpool (Strategist),-0.024819358873619808,-0.026852967221267572
allied,Ultron,Magik,0.01794877221324221,0.01444769823972136
allied,Ultron,Moon Knight,-0.006278378245290419,-0.004200976183166775
allied,Ultron,Luna Snow,0.006194656853071119,-0.017711000588239448
allied,Ultron,Squirrel Girl,-0.0030417215642919502,-0.0017809151734812572
allied,Ultron,Black Widow,0.005829770980146039,0.01154383689486317
allied,Ultron,Iron Man,0.017449999167276912,0.01786103738919095
allied,Ultron,Venom,-0.010890193812827268,0.0034673906704315114
allied,Ultron,Spider-man,0.0062601068141014075,0.00726631328551706
allied,Ultron,Magneto,0.010661036125534132,0.013055582652567881
allied,Ultron,Scarlet Witch,-0.00363496632480156,-0.0015669501231121825
allied,Ultron,Thor,-0.015977299454144913,-0.0029832174086236694
allied,Ultron,Mister Fantastic,-0.019842016929226537,-0.019150873459142664
allied,Ultron,Winter Soldier,-0.009903027592140077,-0.00631471855923697
allied,Ultron,Peni Parker,0.01529311351050006,0.028927396092987268
allied,Ultron,Star-lord,0.014781077109792954,0.022117120079241253
allied,Ultron,Blade,0.0024537613917600654,0.003951750323500874
allied,Ultron,Namor,-0.013982841051349256,-0.004925092762183321
allied,Ultron,Adam Warlock,0.14122840779176604,0.10821913615790124
allied,Ultron,Jeff The Land Shark,-0.00505908448141254,-0.023725156106859508
allied,Ultron,Psylocke,-0.033781939141878575,-0.02987461563476055
allied,Ultron,Wolverine,-0.013312799530137868,-0.012611854359622206
allied,Ultron,Invisible Woman,0.02472121228285139,0.019321079789313633
allied,Ultron,The Thing,-0.0034242377034430795,-0.004478715012550865
allied,Ultron,Iron Fist,0.007612727673831938,0.004709514185134357
allied,Ultron,Emma Frost,-0.001984449120961812,0.003171553795397246
allied,Ultron,Phoenix,0.007923596283975355,0.020989862619007857
allied,Ultron,Daredevil,-0.021111843889491323,-0.02344085147847039
allied,Ultron,Angela,-0.009391298853129601,-0.002317024875995711
allied,Ultron,Gambit,0.021616897965510206,0.014751471064072636
allied,Ultron,Elsa Bloodstone,-0.004585832856014723,0.0002300870777630218
allied,Ultron,White Fox,0.018604830650132197,-0.011379095211243265
allied,Ultron,Black Cat,0.0013786277087091342,0.001522419083978403
allied,Ultron,Devil Dinosaur,-0.056830912017302934,-0.056775389416416036
allied,Ultron,Cyclops,-0.014012793068897182,-0.003312915108223162
allied,Ultron,Jubilee,0.006478640284481233,-0.0051052505403670475
allied,Ultron,Rogue,0.00233565651929651,0.016457971910075066
allied,Ultron,The Hood,-0.011505698554759587,-0.0008464079629097225
allied,Ultron,Deadpool (Vanguard),-0.004958717505037151,0.010146405663829385
allied,Ultron,Deadpool (Duelist),-0.020843309535554005,-0.017719978474944775
allied,Ultron,Deadpool (Strategist),0.02291800904139999,-0.0008072681118774794
allied,Magik,Moon Knight,-0.017547992136181606,-0.011327483746310813
allied,Magik,Luna Snow,0.0033816650849718575,-0.005293844323368553
allied,Magik,Squirrel Girl,-0.005343833042703761,0.0015981199477119936
allied,Magik,Black Widow,-0.00546267255387841,0.0012251119311986487
allied,Magik,Iron Man,0.014953499860250519,0.022556470542514712
allied,Magik,Venom,0.004871866584448859,0.0001862720687931038
allied,Magik,Spider-man,-0.021892263026635585,-0.014193598267476397
allied,Magik,Magneto,-0.0024131764233365494,-0.010897369229484494
allied,Magik,Scarlet Witch,0.010977935848111228,0.0230498893765201
allied,Magik,Thor,-0.0004525206040201377,-0.005377137505701452
allied,Magik,Mister Fantastic,0.007805306397099711,0.011959995051887854
allied,Magik,Winter Soldier,-0.0021107020441995,0.007064561338891259
allied,Magik,Peni Parker,0.024529184831792308,0.023017330400488662
allied,Magik,Star-lord,0.03558695285295513,0.045559828494494976
allied,Magik,Blade,-0.017250243143889638,-0.013772062191662137
allied,Magik,Namor,0.00827478611458849,0.020908132052319266
allied,Magik,Adam Warlock,0.019486951997666167,0.022583258476063843
allied,Magik,Jeff The Land Shark,-0.016735035847842056,-0.027359835702869217
allied,Magik,Psylocke,-0.011963551354075291,-0.008627709883206604
allied,Magik,Wolverine,-0.03314357915781176,-0.031388502772490154
allied,Magik,Invisible Woman,-0.0033118883613288772,-0.012954362995790718
allied,Magik,The Thing,-0.04379400474813319,-0.049173245891623925
allied,Magik,Iron Fist,-0.017043442163081433,-0.005446257679717321
allied,Magik,Emma Frost,-0.01444412719505505,-0.01936143936999354
allied,Magik,Phoenix,-0.00568360077493266,-0.0008835755149245029
allied,Magik,Daredevil,-0.031280908853525434,-0.025831327246454722
allied,Magik,Angela,-0.024073040530043423,-0.03172479214716053
allied,Magik,Gambit,-0.014329930624098795,-0.026006367635786946
allied,Magik,Elsa Bloodstone,0.004377107291456313,0.010373118436148096
allied,Magik,White Fox,0.015936683251429294,0.007805457207713119
allied,Magik,Black Cat,-0.0338692532166555,-0.02942161839326499
allied,Magik,Devil Dinosaur,0.014840895749700983,0.013545783721970633
allied,Magik,Cyclops,0.02586831571269519,0.030530021525605022
allied,Magik,Jubilee,-0.003553648969760516,-0.011746502371985797
allied,Magik,Rogue,-0.020202381688094965,-0.02614587272840995
allied,Magik,The Hood,0.09584790544011104,0.10541222254122233
allied,Magik,Deadpool (Vanguard),0.0018366524501489561,-0.0027896622033944207
allied,Magik,Deadpool (Duelist),-0.03938357471682885,-0.03885814802722548
allied,Magik,Deadpool (Strategist),0.0432926584483599,0.04131560955251794
allied,Moon Knight,Luna Snow,-0.00244062928193602,-0.00323705564317884
allied,Moon Knight,Squirrel Girl,-0.024310546472112938,-0.026054873871062038
allied,Moon Knight,Black Widow,0.004896548555838567,0.005337970405206067
allied,Moon Knight,Iron Man,-0.016185676580851426,-0.01828173521052492
allied,Moon Knight,Venom,-0.0060950024052261595,-0.007188093829004939
allied,Moon Knight,Spider-man,-0.001029783641794112,0.0012963895701458734
allied,Moon Knight,Magneto,-0.0037325191753139987,-0.007537536978195955
allied,Moon Knight,Scarlet Witch,-0.022134057735367436,-0.019925271905141997
allied,Moon Knight,Thor,-0.009405723446705245,-0.010511023212480498
allied,Moon Knight,Mister Fantastic,-0.029373360620412594,-0.03542018689351949
allied,Moon Knight,Winter Soldier,-0.009254220765843518,-0.0077815479724315535
allied,Moon Knight,Peni Parker,0.013591922054513025,0.015675905480768294
allied,Moon Knight,Star-lord,0.014908463422697344,0.016052638911601733
allied,Moon Knight,Blade,0.15148259728098984,0.16189110072452934
allied,Moon Knight,Namor,1.9808457685381847e-05,0.0048580904223238085
allied,Moon Knight,Adam Warlock,-0.0047186216094311905,0.003958858011040388
allied,Moon Knight,Jeff The Land Shark,0.006896861192633288,0.00783291831062662
allied,Moon Knight,Psylocke,-0.01606145612749908,-0.020174810165817264
allied,Moon Knight,Wolverine,-0.002126245812748405,-0.004898777125155543
allied,Moon Knight,Invisible Woman,-0.022898076179498874,-0.026381954448270892
allied,Moon Knight,The Thing,-0.019687810743148414,-0.017524011479429603
allied,Moon Knight,Iron Fist,0.002979248527184455,0.009134071043940678
allied,Moon Knight,Emma Frost,-0.004622837259202766,-0.0036061229468065366
allied,Moon Knight,Phoenix,-0.0012390461228886077,-0.0031774837478683975
allied,Moon Knight,Daredevil,-0.0022083900405100877,-0.0014482247002345124
allied,Moon Knight,Angela,0.008857351804474708,0.009742575021794797
allied,Moon Knight,Gambit,-0.010978224006826827,-0.01362882784839491
allied,Moon Knight,Elsa Bloodstone,-0.0040159828231261414,-0.0058265266080056305
allied,Moon Knight,White Fox,0.005354513147700331,0.00450738568397911
allied,Moon Knight,Black Cat,0.005177473848582194,0.0057655465317624725
allied,Moon Knight,Devil Dinosaur,-0.026057532791869627,-0.027131553655271676
allied,Moon Knight,Cyclops,-0.019982075768360877,-0.02624337235871292
allied,Moon Knight,Jubilee,0.010537216737823448,0.012712591392007241
allied,Moon Knight,Rogue,-0.007233427467712895,-0.006888347417215899
allied,Moon Knight,The Hood,-0.009334176407503121,-0.006789509311150859
allied,Moon Knight,Deadpool (Vanguard),0.022331859952916474,0.024841853710453766
allied,Moon Knight,Deadpool (Duelist),0.003865095827451037,0.0008805620743004825
allied,Moon Knight,Deadpool (Strategist),-0.006254806599760306,-0.005818418783656225
allied,Luna Snow,Squirrel Girl,-0.002907227665552241,-0.00498315658118485
allied,Luna Snow,Black Widow,0.012301105337343894,0.015470541002924987
allied,Luna Snow,Iron Man,-0.004540863238588624,-0.010232229861193546
allied,Luna Snow,Venom,0.026232975098391297,0.03755407199382631
allied,Luna Snow,Spider-man,0.02391470891748821,0.023774193608041446
allied,Luna Snow,Magneto,-0.00268435781229557,-0.01143731790239692
allied,Luna Snow,Scarlet Witch,-0.01698825858539657,-0.019942950960067332
allied,Luna Snow,Thor,0.005867099542908375,0.013369177407257859
allied,Luna Snow,Mister Fantastic,-0.023654075726154418,-0.026792986649472297
allied,Luna Snow,Winter Soldier,-0.0013225294650875252,-1.5205210088616121e-05
allied,Luna Snow,Peni Parker,-0.005800686970857073,-0.0045591906285718685
allied,Luna Snow,Star-lord,-0.023363131531778172,-0.024148661686312026
allied,Luna Snow,Blade,-0.01060010621046237,-0.014087397772785133
allied,Luna Snow,Namor,0.00417581652584752,0.012149849968377287
allied,Luna Snow,Adam Warlock,0.009094426871559874,-0.02897644301905283
allied,Luna Snow,Jeff The Land Shark,0.005362131130929269,0.009909872131223244
allied,Luna Snow,Psylocke,0.03750936121440647,0.046974550222274356
allied,Luna Snow,Wolverine,-0.015271053359901048,-0.01816843696189155
allied,Luna Snow,Invisible Woman,-0.024048573935506693,-0.017975257802781173
allied,Luna Snow,The Thing,0.024920594085217344,0.019418825007874663
allied,Luna Snow,Iron Fist,-0.018414540244369015,-0.02792470926662748
allied,Luna Snow,Emma Frost,0.01682207172607403,0.015997840044294238
allied,Luna Snow,Phoenix,0.002823774762588389,0.011899016363661752
allied,Luna Snow,Daredevil,0.05583021890162377,0.059765422117748324
allied,Luna Snow,Angela,0.013273759240707301,0.014987920677223938
allied,Luna Snow,Gambit,-0.029723233350890745,-0.02562503214137932
allied,Luna Snow,Elsa Bloodstone,0.006165031947072045,0.008971262937449872
allied,Luna Snow,White Fox,0.10001227997206019,0.10732208086064111
allied,Luna Snow,Black Cat,0.02903335831476339,0.029280443972003675
allied,Luna Snow,Devil Dinosaur,-0.009349621100253211,-0.010665887907681504
allied,Luna Snow,Cyclops,-0.004453007943877918,0.004088296113637746
allied,Luna Snow,Jubilee,-0.02283039499287801,-0.019080853533744228
allied,Luna Snow,Rogue,-0.034185976864922425,-0.03493592085944866
allied,Luna Snow,The Hood,-0.02520659826080398,-0.02575194914169515
allied,Luna Snow,Deadpool (Vanguard),-0.014308071777010978,-0.009708234564695562
allied,Luna Snow,Deadpool (Duelist),-0.022541107560073697,-0.022983548296315198
allied,Luna Snow,Deadpool (Strategist),-0.0117519999007199,-0.021207178389471965
allied,Squirrel Girl,Black Widow,0.008168961156321396,0.008588706298016674
allied,Squirrel Girl,Iron Man,0.12782095387249545,0.137412305460508
allied,Squirrel Girl,Venom,-0.00020280092900067654,0.0009192206089075686
allied,Squirrel Girl,Spider-man,0.03018569808710393,0.03481505794285584
allied,Squirrel Girl,Magneto,-0.0017049756864456619,-0.0037301854108319214
allied,Squirrel Girl,Scarlet Witch,0.011066134871275784,0.015743235290341544
allied,Squirrel Girl,Thor,0.004102356708156936,0.006070002392596466
allied,Squirrel Girl,Mister Fantastic,-0.0027572233172340863,-0.006883528402748919
allied,Squirrel Girl,Winter Soldier,-0.029017980546680654,-0.029483594003066733
allied,Squirrel Girl,Peni Parker,0.013409218861254395,0.017024054008952592
allied,Squirrel Girl,Star-lord,-0.018646078731820278,-0.020587582586204148
allied,Squirrel Girl,Blade,0.018707849441895737,0.017775552429190173
allied,Squirrel Girl,Namor,-0.017704390920481324,-0.014634703780138762
allied,Squirrel Girl,Adam Warlock,-0.0075059922521244025,-0.0003981117184272382
allied,Squirrel Girl,Jeff The Land Shark,0.006138227124844264,0.005758277227926206
allied,Squirrel Girl,Psylocke,-0.00574458556149948,-0.009293517404758892
allied,Squirrel Girl,Wolverine,0.01036892250691155,0.008342047762667726
allied,Squirrel Girl,Invisible Woman,0.0011928550654186371,-0.0005008345541764498
allied,Squirrel Girl,The Thing,0.006262862238556172,0.012901107792875862
allied,Squirrel Girl,Iron Fist,-0.019439332600411505,-0.015443677469503663
allied,Squirrel Girl,Emma Frost,0.0147421350008279,0.019491499643416683
allied,Squirrel Girl,Phoenix,0.002084528805804005,0.0001286711788590461
allied,Squirrel Girl,Daredevil,-0.0009167698460228246,-0.00034308314159830377
allied,Squirrel Girl,Angela,-0.013204155451844774,-0.013252451300404536
allied,Squirrel Girl,Gambit,0.0006278470655128293,-0.0017931756484505582
allied,Squirrel Girl,Elsa Bloodstone,0.0157202249450117,0.015257792210408882
allied,Squirrel Girl,White Fox,-0.008578995808780642,-0.012388989648499745
allied,Squirrel Girl,Black Cat,-0.0076486660672204715,-0.008421669661067372
allied,Squirrel Girl,Devil Dinosaur,0.014623906561909785,0.019683566662886273
allied,Squirrel Girl,Cyclops,-0.033973052514352065,-0.04169233980600297
allied,Squirrel Girl,Jubilee,0.02400460716174725,0.026642227862483756
allied,Squirrel Girl,Rogue,-0.02608257206736344,-0.026309179025264355
allied,Squirrel Girl,The Hood,0.0002182632806139636,0.005390322917465216
allied,Squirrel Girl,Deadpool (Vanguard),-0.011912675640336212,-0.011708465129487186
allied,Squirrel Girl,Deadpool (Duelist),0.006105417586255674,0.0030133371674052702
allied,Squirrel Girl,Deadpool (Strategist),0.02542363573984468,0.02859865109196162
allied,Black Widow,Iron Man,0.00271141466814925,0.001649371536351249
allied,Black Widow,Venom,-0.011213757847841855,-0.013779105361149561
allied,Black Widow,Spider-man,-0.023409379796872964,-0.0234834114790769
allied,Black Widow,Magneto,0.005523720540581639,0.0018656081907503256
allied,Black Widow,Scarlet Witch,-0.0250568656041767,-0.02362947988267755
allied,Black Widow,Thor,0.007879761592651358,0.007825760297129771
allied,Black Widow,Mister Fantastic,0.020294326335029228,0.017841629122573737
allied,Black Widow,Winter Soldier,-0.015310892440301059,-0.014880357224245322
allied,Black Widow,Peni Parker,-0.009400057116552018,-0.010801522562425744
allied,Black Widow,Star-lord,-0.0033728136320178926,-0.004287862888107171
allied,Black Widow,Blade,-0.005165638620714396,-0.008328490898238085
allied,Black Widow,Namor,-0.04263181162960709,-0.04188036695027275
allied,Black Widow,Adam Warlock,-0.021283803547905978,-0.01255382647032982
allied,Black Widow,Jeff The Land Shark,-0.0281173742827437,-0.029434951399758567
allied,Black Widow,Psylocke,-0.010496776585195768,-0.014685371779635676
allied,Black Widow,Wolverine,0.02304265612154365,0.02182595495602825
allied,Black Widow,Invisible Woman,0.034364726041140804,0.04016184324936267
allied,Black Widow,The Thing,-0.007039509569631449,-0.00434673199637168
allied,Black Widow,Iron Fist,-0.004453518095255799,0.000544675744472034
allied,Black Widow,Emma Frost,0.016000505217676583,0.018444485458948546
allied,Black Widow,Phoenix,0.031810229648172074,0.032083269273303176
allied,Black Widow,Daredevil,0.02755118840161213,0.030249128174230915
allied,Black Widow,Angela,0.008640549269989854,0.008605659445125423
allied,Black Widow,Gambit,0.03173017659450631,0.0365412680275188
allied,Black Widow,Elsa Bloodstone,-0.014363466175308603,-0.01757314306913103
allied,Black Widow,White Fox,-0.02840701818027118,-0.03135119186057491
allied,Black Widow,Black Cat,0.020653047129209238,0.021990465015296324
allied,Black Widow,Devil Dinosaur,0.012458469191071464,0.014827096233876277
allied,Black Widow,Cyclops,0.024767144500506044,0.021690760542482368
allied,Black Widow,Jubilee,-0.02527476168745395,-0.02545273913701591
allied,Black Widow,Rogue,-0.012286175034538013,-0.0134059161205276
allied,Black Widow,The Hood,-0.0026886251449770933,-0.00029111365762955494
allied,Black Widow,Deadpool (Vanguard),-0.01608969054853813,-0.01880309188440997
allied,Black Widow,Deadpool (Duelist),0.01205700938719469,0.009215820348173448
allied,Black Widow,Deadpool (Strategist),-0.008173606292410429,-0.005853923238473686
allied,Iron Man,Venom,-0.011288115723702249,-0.006726170767682657
allied,Iron Man,Spider-man,0.034703233260162954,0.03868073163663602
allied,Iron Man,Magneto,-0.021671078358020936,-0.021256673188888766
allied,Iron Man,Scarlet Witch,-0.014048442520657697,-0.012488595346278162
allied,Iron Man,Thor,0.034139477522328765,0.04417896931708791
allied,Iron Man,Mister Fantastic,0.01912256673697729,0.015788939778295482
allied,Iron Man,Winter Soldier,-0.014462751449324466,-0.014745090250487867
allied,Iron Man,Peni Parker,0.005405049391666426,0.012806860040799213
allied,Iron Man,Star-lord,-0.004259449393127928,-0.006031706092209953
allied,Iron Man,Blade,0.02216120560155334,0.020488507415653938
allied,Iron Man,Namor,0.0002575891722318909,0.0037939926506108364
allied,Iron Man,Adam Warlock,0.012042948317009791,0.018183213161505965
allied,Iron Man,Jeff The Land Shark,0.010535079152984721,0.007293502499241456
allied,Iron Man,Psylocke,0.024635886607509448,0.022586889643034225
allied,Iron Man,Wolverine,-0.0034337512329257486,-0.007636728838001392
allied,Iron Man,Invisible Woman,0.0038380413488493074,-0.0009362332456597094
allied,Iron Man,The Thing,0.0128053564486242,0.024869075336427637
allied,Iron Man,Iron Fist,-0.03972758683856383,-0.038447634865947614
allied,Iron Man,Emma Frost,-0.003248892644843921,0.004162554133191979
allied,Iron Man,Phoenix,-0.010850152216508665,-0.014909895710187393
allied,Iron Man,Daredevil,-0.018113037930907152,-0.019997801136822358
allied,Iron Man,Angela,-0.001155169588604007,0.004842244593518004
allied,Iron Man,Gambit,0.005095076428907155,-0.00017877587497470548
allied,Iron Man,Elsa Bloodstone,0.008558291828264702,0.0064722658526711815
allied,Iron Man,White Fox,-0.021528074638117036,-0.030367936591845952
allied,Iron Man,Black Cat,0.008967116373694104,0.008548825473253944
allied,Iron Man,Devil Dinosaur,-0.015969684090824887,-0.009667461313988034
allied,Iron Man,Cyclops,-0.024809832708974293,-0.032794460518495126
allied,Iron Man,Jubilee,0.0055704334179921995,0.002492549140416559
allied,Iron Man,Rogue,0.0013715574606983283,0.008925855286934303
allied,Iron Man,The Hood,-0.040920187279510876,-0.03569331017614815
allied,Iron Man,Deadpool (Vanguard),-0.01148663847805367,-0.006545896224268161
allied,Iron Man,Deadpool (Duelist),0.010882385154357285,0.00716002803149558
allied,Iron Man,Deadpool (Strategist),0.012969383207792881,0.011176383733060586
allied,Venom,Spider-man,-0.0010350081437601982,-0.002455231739988358
allied,Venom,Magneto,0.009299994162752519,0.022768555294346397
allied,Venom,Scarlet Witch,-0.0005984985705736832,-0.006753202208164993
allied,Venom,Thor,0.019578994914741937,0.012766823813581947
allied,Venom,Mister Fantastic,-0.024063427756514006,-0.02027648019458567
allied,Venom,Winter Soldier,-0.009077946350213183,-0.015058531694690328
allied,Venom,Peni Parker,-0.017746102155973303,-0.027672775473074444
allied,Venom,Star-lord,0.0007983867719623669,-0.0006215195991525347
allied,Venom,Blade,-0.01429308366058341,-0.010126156932766004
allied,Venom,Namor,-0.010865280089651649,-0.026626400237901242
allied,Venom,Adam Warlock,-0.01669533425245739,-0.004549340807691305
allied,Venom,Jeff The Land Shark,0.03248381076152235,0.038378242003052364
allied,Venom,Psylocke,0.006657966968097589,0.008236867641975239
allied,Venom,Wolverine,-0.010882444760729228,-0.006649295906443474
allied,Venom,Invisible Woman,-0.03158936483491449,-0.0400009453229371
allied,Venom,The Thing,0.012839707804130747,0.01134631169622224
allied,Venom,Iron Fist,0.005781627425302912,0.002623868545264695
allied,Venom,Emma Frost,0.01808241455176292,0.017639386715484345
allied,Venom,Phoenix,0.04454184175107369,0.04538889392853444
allied,Venom,Daredevil,0.021730942422896842,0.025321576160990105
allied,Venom,Angela,0.002702349285479197,0.00017443506922337748
allied,Venom,Gambit,-0.001499493219541913,-0.003243715214699446
allied,Venom,Elsa Bloodstone,0.04001438971458535,0.04546660796007029
allied,Venom,White Fox,-0.0032207079476879287,0.011421189581331941
allied,Venom,Black Cat,-0.015569661798023214,-0.014539706149644303
allied,Venom,Devil Dinosaur,-0.004393299965070605,-0.0129492788340237
allied,Venom,Cyclops,0.008236161074174221,0.009416758284816402
allied,Venom,Jubilee,-0.026199515408704462,-0.03464545020357997
allied,Venom,Rogue,0.01848720337432615,0.0107014365818267
allied,Venom,The Hood,0.013038668820954018,0.0003341577710780977
allied,Venom,Deadpool (Vanguard),-0.01221707153726921,-0.024722550211527937
allied,Venom,Deadpool (Duelist),0.006706382665355715,0.011257440660586709
allied,Venom,Deadpool (Strategist),0.02328471357030119,0.033216170213843786
allied,Spider-man,Magneto,0.003167965544012036,-0.0007568764401867114
allied,Spider-man,Scarlet Witch,6.701387378115723e-05,0.005962528569261921
allied,Spider-man,Thor,-0.01438919430273748,-0.01695289566353746
allied,Spider-man,Mister Fantastic,0.0012589477434711209,-0.0003996707663864815
allied,Spider-man,Winter Soldier,-0.00625383939396025,-0.0026919351630334317
allied,Spider-man,Peni Parker,0.04557385783882914,0.05036312558284617
allied,Spider-man,Star-lord,-0.014630239761920207,-0.014104084670601836
allied,Spider-man,Blade,0.002706987327554743,0.002576959730342569
allied,Spider-man,Namor,-0.018597450823595117,-0.013468525123785062
allied,Spider-man,Adam Warlock,0.012224216852568968,0.020381045057658594
allied,Spider-man,Jeff The Land Shark,0.005340230794019025,0.003443202889053602
allied,Spider-man,Psylocke,-0.005316322303903651,-0.006696081500724531
allied,Spider-man,Wolverine,0.01749253535090261,0.0181918863386854
allied,Spider-man,Invisible Woman,-0.01303231712420842,-0.0179214817342011
allied,Spider-man,The Thing,0.020036146559726405,0.025777271026539143
allied,Spider-man,Iron Fist,-0.03024242965301651,-0.025012051053478843
allied,Spider-man,Emma Frost,-0.002529450659397873,-0.0021740193824403187
allied,Spider-man,Phoenix,0.02309434400303097,0.025020044143901854
allied,Spider-man,Daredevil,-0.025950366370896333,-0.02532593375393473
allied,Spider-man,Angela,-0.06731863585234726,-0.07591075156200898
allied,Spider-man,Gambit,0.007981994136674749,0.005062911339912392
allied,Spider-man,Elsa Bloodstone,0.019135581601655603,0.02109084768429212
allied,Spider-man,White Fox,-0.008905876918609144,-0.01417405936375102
allied,Spider-man,Black Cat,-0.05461767675334123,-0.05716496089286681
allied,Spider-man,Devil Dinosaur,0.03053394267943542,0.03493715977985708
allied,Spider-man,Cyclops,0.0012023168326071934,-0.0014568385859701429
allied,Spider-man,Jubilee,0.010797371208051828,0.010366758947882193
allied,Spider-man,Rogue,-0.0139175042025568,-0.015222377508159472
allied,Spider-man,The Hood,-0.017160821787188932,-0.016394803965723473
allied,Spider-man,Deadpool (Vanguard),-0.0007694682246504553,-0.001758623727475589
allied,Spider-man,Deadpool (Duelist),0.03478055785368959,0.03620779024849624
allied,Spider-man,Deadpool (Strategist),0.03314867545475195,0.035871992304538095
allied,Magneto,Scarlet Witch,-0.009151894210754607,-0.019248060034245295
allied,Magneto,Thor,0.01761833539300859,0.03223088697109699
allied,Magneto,Mister Fantastic,-0.005306719685066872,-0.0023850962536072825
allied,Magneto,Winter Soldier,0.0050624631807523555,-0.002303413986940086
allied,Magneto,Peni Parker,-0.010663490558288281,0.0023328522437626106
allied,Magneto,Star-lord,0.005352789752114273,0.0014678490616759432
allied,Magneto,Blade,-0.003912173071909677,-0.0015539982130052708
allied,Magneto,Namor,-0.006393702519263282,-0.024629186222551426
allied,Magneto,Adam Warlock,0.02278288493627301,0.025846963697194796
allied,Magneto,Jeff The Land Shark,0.01666288998981772,0.004588044768147805
allied,Magneto,Psylocke,-0.018122715565894794,-0.022313075876395284
allied,Magneto,Wolverine,0.03843700933628962,0.04524734116738257
allied,Magneto,Invisible Woman,0.007476176597686851,-0.010083641784986507
allied,Magneto,The Thing,0.010786320928152347,0.03070228438754631
allied,Magneto,Iron Fist,0.013441607699868139,0.008168618536415687
allied,Magneto,Emma Frost,-0.027587062973139242,-0.013847065787499165
allied,Magneto,Phoenix,0.004236762578995323,-0.002434073321772403
allied,Magneto,Daredevil,0.02788391201006387,0.029189569755448046
allied,Magneto,Angela,-0.014991483918952712,0.0012986448806341835
allied,Magneto,Gambit,0.03340106164766327,0.02183922891698774
allied,Magneto,Elsa Bloodstone,0.01781651819527896,0.017790396477270733
allied,Magneto,White Fox,-0.0015415727841219637,-0.002056442728704963
allied,Magneto,Black Cat,0.029074331346778202,0.032154838381192555
allied,Magneto,Devil Dinosaur,-0.014805668428570482,-0.0033372077565560297
allied,Magneto,Cyclops,-0.020704019343716396,-0.02576119798899034
allied,Magneto,Jubilee,0.022024279473932328,0.005901968946018916
allied,Magneto,Rogue,0.028666681053163754,0.0443170206181138
allied,Magneto,The Hood,-0.02807769867845677,-0.025844823282072278
allied,Magneto,Deadpool (Vanguard),-0.015220671627675026,-0.006474222509802693
allied,Magneto,Deadpool (Duelist),-0.015550832214528978,-0.016484798462416742
allied,Magneto,Deadpool (Strategist),-0.01272777617132886,-0.024010669575438494
allied,Scarlet Witch,Thor,0.005725519733148657,0.0006438393831027904
allied,Scarlet Witch,Mister Fantastic,-0.005576111379062881,-0.006164918585044559
allied,Scarlet Witch,Winter Soldier,0.013680855645953952,0.020539814727072385
allied,Scarlet Witch,Peni Parker,0.007320623387314644,0.0030175003619115404
allied,Scarlet Witch,Star-lord,-0.008046620478657665,-0.005334220040101096
allied,Scarlet Witch,Blade,0.005745698711261988,0.007506980124045009
allied,Scarlet Witch,Namor,-0.002673102673191151,0.005419217015603266
allied,Scarlet Witch,Adam Warlock,0.010084464409382328,0.020272517431710223
allied,Scarlet Witch,Jeff The Land Shark,-0.014924672770347114,-0.01705611974822171
allied,Scarlet Witch,Psylocke,-0.00018757810741615771,0.0004978624357814741
allied,Scarlet Witch,Wolverine,0.013467346838783197,0.015470290365228404
allied,Scarlet Witch,Invisible Woman,-0.012001209926837498,-0.014462792264522215
allied,Scarlet Witch,The Thing,0.01700077680024576,0.017616357894268547
allied,Scarlet Witch,Iron Fist,0.027236536160426435,0.03888765293851331
allied,Scarlet Witch,Emma Frost,-0.006465283097242251,-0.01133682093431891
allied,Scarlet Witch,Phoenix,-0.021989264004031978,-0.02217603182647798
allied,Scarlet Witch,Daredevil,0.0205797572855816,0.026713984413632923
allied,Scarlet Witch,Angela,0.0098175158261285,0.005130165477073019
allied,Scarlet Witch,Gambit,-0.02453929149604126,-0.02922484112425652
allied,Scarlet Witch,Elsa Bloodstone,-0.037491575633933495,-0.03860920081042724
allied,Scarlet Witch,White Fox,-0.015176874857606895,-0.01893023817248689
allied,Scarlet Witch,Black Cat,0.022518752102998474,0.028027707067191102
allied,Scarlet Witch,Devil Dinosaur,0.022522034169324957,0.021239163697023083
allied,Scarlet Witch,Cyclops,-0.0225293062617843,-0.025524444498944258
allied,Scarlet Witch,Jubilee,0.06022182703203545,0.06826796562250037
allied,Scarlet Witch,Rogue,-0.0036426710406436322,-0.00857386156580233
allied,Scarlet Witch,The Hood,-0.033014954696846725,-0.03881835192168018
allied,Scarlet Witch,Deadpool (Vanguard),0.013547432744251468,0.009387247879250906
allied,Scarlet Witch,Deadpool (Duelist),-0.02287434667730393,-0.024605514116605182
allied,Scarlet Witch,Deadpool (Strategist),-0.0017405450854573832,-0.0010796869305608095
allied,Thor,Mister Fantastic,-0.010908069377275606,-0.005278634398416776
allied,Thor,Winter Soldier,0.0017807459977389477,-0.002616042334430605
allied,Thor,Peni Parker,0.0049454894924447716,-0.0014558264449752408
allied,Thor,Star-lord,-0.0006404617201168726,-0.0018617336460705753
allied,Thor,Blade,0.011404327533326397,0.018826445429177396
allied,Thor,Namor,0.014359882935614056,0.0018007611671716566
allied,Thor,Adam Warlock,0.011334377445523808,0.027439214096368247
allied,Thor,Jeff The Land Shark,-0.007142818435879533,-0.008162884489314879
allied,Thor,Psylocke,-0.004168283652832707,-0.0034481207516040046
allied,Thor,Wolverine,0.013258941947705773,0.020572015475782076
allied,Thor,Invisible Woman,0.00976203451210971,0.007450282745190224
allied,Thor,The Thing,-0.030010656611805697,-0.03883771764655335
allied,Thor,Iron Fist,-0.010787512435909715,-0.015450872986540768
allied,Thor,Emma Frost,-0.004407245959794722,-0.008810567661831935
allied,Thor,Phoenix,0.0003522484154252556,-0.00341739611191525
allied,Thor,Daredevil,-0.0006178910083372421,0.0008161316185838457
allied,Thor,Angela,-0.010830318944854886,-0.015834528305719877
allied,Thor,Gambit,-0.016975742415795043,-0.021753150634304743
allied,Thor,Elsa Bloodstone,-0.01219409576630029,-0.012261801088129583
allied,Thor,White Fox,-0.017917384631566325,-0.006183384886409827
allied,Thor,Black Cat,-0.0364128390292579,-0.03736990134864464
allied,Thor,Devil Dinosaur,0.0022790628534446796,-0.0054056320514324855
allied,Thor,Cyclops,-0.014790504018259524,-0.01584286708941915
allied,Thor,Jubilee,-0.006286987922029776,-0.012078626973358328
allied,Thor,Rogue,-0.009445343502980414,-0.02209318415083004
allied,Thor,The Hood,0.023605236824759398,0.012417203497469007
allied,Thor,Deadpool (Vanguard),0.0032717887791697264,-0.006901684452067142
allied,Thor,Deadpool (Duelist),-0.021381700664073557,-0.019633707752064196
allied,Thor,Deadpool (Strategist),-0.0033190195403253594,0.001790905250769342
allied,Mister Fantastic,Winter Soldier,-0.004366387388368003,-0.006662261031001729
allied,Mister Fantastic,Peni Parker,-0.00869468589905394,-0.0022170521867988205
allied,Mister Fantastic,Star-lord,-0.016132286681848206,-0.02174591577469366
allied,Mister Fantastic,Blade,-0.005634189543172647,-0.012473016936455158
allied,Mister Fantastic,Namor,0.0060208631163684,0.007183218655557601
allied,Mister Fantastic,Adam Warlock,0.01212812142570541,0.023220640169021308
allied,Mister Fantastic,Jeff The Land Shark,0.0009765587876110246,0.0014817743484288174
allied,Mister Fantastic,Psylocke,0.009624402358348815,0.003472897573001521
allied,Mister Fantastic,Wolverine,0.00715403608642206,0.0009784100549742505
allied,Mister Fantastic,Invisible Woman,-0.005663207726839878,-0.0066835311955772735
allied,Mister Fantastic,The Thing,-0.005855594341240748,0.0047701843254407145
allied,Mister Fantastic,Iron Fist,0.015418857008008394,0.018433440777317515
allied,Mister Fantastic,Emma Frost,0.003084885416728756,0.011873732311304612
allied,Mister Fantastic,Phoenix,-0.00584728245186157,-0.012344339512463566
allied,Mister Fantastic,Daredevil,0.004088274044763364,0.0011971076638820348
allied,Mister Fantastic,Angela,0.009143253958702397,0.01696463546866954
allied,Mister Fantastic,Gambit,0.020845393639146313,0.022481938246777116
allied,Mister Fantastic,Elsa Bloodstone,0.004554875807166218,-0.0007177867127246018
allied,Mister Fantastic,White Fox,0.002911521994742757,0.002068216880354085
allied,Mister Fantastic,Black Cat,0.002537940584225876,-0.0012688100732399477
allied,Mister Fantastic,Devil Dinosaur,-0.02138905371778907,-0.015033274382736465
allied,Mister Fantastic,Cyclops,-0.0030294871275190296,-0.012055542516004686
allied,Mister Fantastic,Jubilee,0.0032112735798493783,0.004780101582738654
allied,Mister Fantastic,Rogue,0.043312971861017895,0.056255420050740586
allied,Mister Fantastic,The Hood,-0.03654895528896848,-0.03016573408256097
allied,Mister Fantastic,Deadpool (Vanguard),-0.02218080472464229,-0.017780645092324004
allied,Mister Fantastic,Deadpool (Duelist),0.02248532207511034,0.016874776972713387
allied,Mister Fantastic,Deadpool (Strategist),-0.006671297938845922,-0.0059777752966752975
allied,Winter Soldier,Peni Parker,0.001172666594326501,-0.002693725142213244
allied,Winter Soldier,Star-lord,-0.01676262949796851,-0.01658311648249647
allied,Winter Soldier,Blade,-0.006531790942870009,-0.00759971214198863
allied,Winter Soldier,Namor,-0.015202210014676868,-0.009960027529371925
allied,Winter Soldier,Adam Warlock,-0.02382138992838362,-0.015567768208645425
allied,Winter Soldier,Jeff The Land Shark,-0.012740732510094022,-0.012295386465805936
allied,Winter Soldier,Psylocke,0.0077490498800081645,0.0072871023990816386
allied,Winter Soldier,Wolverine,-0.003559374811261273,-0.0047807699987776255
allied,Winter Soldier,Invisible Woman,0.034260553773476254,0.039885492387961796
allied,Winter Soldier,The Thing,0.015182516719308457,0.01672251472085967
allied,Winter Soldier,Iron Fist,-0.012288031332896606,-0.005733074042932073
allied,Winter Soldier,Emma Frost,-0.00023618689970044722,-0.0032768748418375727
allied,Winter Soldier,Phoenix,-0.0336623390115603,-0.03662802214731052
allied,Winter Soldier,Daredevil,0.013258089663179448,0.016975438572369047
allied,Winter Soldier,Angela,-0.01782029100743954,-0.024491470099675002
allied,Winter Soldier,Gambit,-0.008538948097240534,-0.008920654310974663
allied,Winter Soldier,Elsa Bloodstone,0.05652199339098858,0.06141858168469049
allied,Winter Soldier,White Fox,-0.009530217200854396,-0.010273947819009288
allied,Winter Soldier,Black Cat,0.023118503073670534,0.026869641845945216
allied,Winter Soldier,Devil Dinosaur,-0.020202382192964195,-0.025168397316900896
allied,Winter Soldier,Cyclops,-0.010808042586204224,-0.014635687158233782
allied,Winter Soldier,Jubilee,-0.00189441959059554,0.0006909886616715457
allied,Winter Soldier,Rogue,0.018908612014080877,0.017646759463928994
allied,Winter Soldier,The Hood,0.014645893792627686,0.015340109770341557
allied,Winter Soldier,Deadpool (Vanguard),0.009048945656361164,0.005511283997556411
allied,Winter Soldier,Deadpool (Duelist),0.014459538852270921,0.014026835216352436
allied,Winter Soldier,Deadpool (Strategist),-0.002461448178114399,0.00041309757983108995
allied,Peni Parker,Star-lord,-0.020349085689327487,-0.023191395984480292
allied,Peni Parker,Blade,-0.0031088640803525604,0.0032774152445872403
allied,Peni Parker,Namor,-0.004718696285208678,-0.01882788984404825
allied,Peni Parker,Adam Warlock,0.015167914035848032,0.027503453234928317
allied,Peni Parker,Jeff The Land Shark,-0.02135667607416244,-0.02904651365181666
allied,Peni Parker,Psylocke,-0.026562914579542598,-0.027766334787231325
allied,Peni Parker,Wolverine,-0.004348703556422376,0.0015799802757196079
allied,Peni Parker,Invisible Woman,0.015590770880709563,0.009830378769248794
allied,Peni Parker,The Thing,-0.012112824466984286,-0.014905026664211394
allied,Peni Parker,Iron Fist,0.02651288788534304,0.02664983510812002
allied,Peni Parker,Emma Frost,0.018550450544297575,0.021020308402026976
allied,Peni Parker,Phoenix,-0.014278691788182413,-0.019097437777057958
allied,Peni Parker,Daredevil,0.015416325542369297,0.019255289089422607
allied,Peni Parker,Angela,-0.007281366247221781,-0.008628045909745353
allied,Peni Parker,Gambit,-0.03610894220333386,-0.048346730505764275
allied,Peni Parker,Elsa Bloodstone,-0.004041548546875201,-0.0025920833952276004
allied,Peni Parker,White Fox,-0.002680541314685182,0.007116835274046668
allied,Peni Parker,Black Cat,0.01232213147979359,0.017453336762660344
allied,Peni Parker,Devil Dinosaur,0.020945065416979557,0.019422500188226353
allied,Peni Parker,Cyclops,-0.024421399840402928,-0.025959672560899698
allied,Peni Parker,Jubilee,-0.0054822985762521936,-0.015530014100789894
allied,Peni Parker,Rogue,-0.0024402364568170114,-0.01085793011781132
allied,Peni Parker,The Hood,0.027245119884834024,0.019729681641378324
allied,Peni Parker,Deadpool (Vanguard),0.008233809434607331,0.0019519836698688416
allied,Peni Parker,Deadpool (Duelist),-0.04092509214639172,-0.040779526252035896
allied,Peni Parker,Deadpool (Strategist),-0.00691866321049891,-0.0067726541273197905
allied,Star-lord,Blade,-0.006757288934253375,-0.01018280419524927
allied,Star-lord,Namor,-0.01176590412410985,-0.008576653617703907
allied,Star-lord,Adam Warlock,0.015291994167265986,0.029097009747763945
allied,Star-lord,Jeff The Land Shark,0.01138706798493936,0.015510609939910184
allied,Star-lord,Psylocke,0.017504327608802564,0.015515186605917552
allied,Star-lord,Wolverine,0.018702735792096387,0.016994715577785216
allied,Star-lord,Invisible Woman,-0.05073340321374954,-0.055070488373863656
allied,Star-lord,The Thing,0.003281751900987469,0.006929513997987854
allied,Star-lord,Iron Fist,0.009231588729326185,0.015238145779473477
allied,Star-lord,Emma Frost,-0.03625959610902085,-0.03990963099974995
allied,Star-lord,Phoenix,-0.005852038534527222,-0.008842737299582466
allied,Star-lord,Daredevil,0.019344160222117445,0.021229037572816512
allied,Star-lord,Angela,0.015142543375508487,0.015632445871172823
allied,Star-lord,Gambit,0.007839284649961017,0.01016707837843065
allied,Star-lord,Elsa Bloodstone,-0.0030127324901067375,-0.005408266018706135
allied,Star-lord,White Fox,-0.02958023635502249,-0.032167998518644825
allied,Star-lord,Black Cat,0.010404912682289158,0.010759448105006734
allied,Star-lord,Devil Dinosaur,0.019805836440804348,0.022794476405546677
allied,Star-lord,Cyclops,0.010642118290710035,0.006260294474645568
allied,Star-lord,Jubilee,-0.030604078257417133,-0.03094515648969918
allied,Star-lord,Rogue,0.013522359029475184,0.01510204800659205
allied,Star-lord,The Hood,-0.012293654986363322,-0.011185603875803222
allied,Star-lord,Deadpool (Vanguard),-0.02132189529812351,-0.02483221352516786
allied,Star-lord,Deadpool (Duelist),0.012420330049269988,0.009479131611947649
allied,Star-lord,Deadpool (Strategist),-0.0200893684987664,-0.018756091932098845
allied,Blade,Namor,-0.022712341204102888,-0.02253247424512723
allied,Blade,Adam Warlock,-0.001428028704212441,0.0059898444443973325
allied,Blade,Jeff The Land Shark,-0.017038010201580703,-0.020764742592878267
allied,Blade,Psylocke,-0.005071299441953874,-0.011037372597836683
allied,Blade,Wolverine,-0.013753087563720746,-0.020260072263610766
allied,Blade,Invisible Woman,0.010015234495625459,0.008974589476229838
allied,Blade,The Thing,-0.02456015194517758,-0.016761731941438266
allied,Blade,Iron Fist,-0.025024715450035036,-0.023966922889985462
allied,Blade,Emma Frost,-0.025624392300631564,-0.020789809356498854
allied,Blade,Phoenix,-0.0029333316990198368,-0.00777983403773573
allied,Blade,Daredevil,7.356654235141655e-05,-0.0017435094834809153
allied,Blade,Angela,-0.009920338269008896,-0.004966756135101359
allied,Blade,Gambit,-0.006427332803889622,-0.010180005830104703
allied,Blade,Elsa Bloodstone,-0.005885924517848882,-0.010619147605531289
allied,Blade,White Fox,0.0027167040611887493,-0.00013108012336056544
allied,Blade,Black Cat,-0.021175367394380414,-0.025546951256416612
allied,Blade,Devil Dinosaur,-0.00977167409032527,-0.002827870378414198
allied,Blade,Cyclops,0.017381697492726278,0.011461966683894702
allied,Blade,Jubilee,-0.017927661832892065,-0.02098132758506186
allied,Blade,Rogue,0.007446924943225854,0.015628989574764465
allied,Blade,The Hood,-0.0023303939259995167,0.0071865891604415005
allied,Blade,Deadpool (Vanguard),0.01003602192236572,0.017344473315612015
allied,Blade,Deadpool (Duelist),-0.0027521882202932693,-0.009054380160018133
allied,Blade,Deadpool (Strategist),0.0074827093638260905,0.007965356090364325
allied,Namor,Adam Warlock,-0.013563626380415588,0.0019516317214825828
allied,Namor,Jeff The Land Shark,-0.016794667653019568,-0.010876647562933196
allied,Namor,Psylocke,0.018465704784749137,0.021489392931725918
allied,Namor,Wolverine,-0.009699108908151633,-0.008837320032700406
allied,Namor,Invisible Woman,0.03137802730830726,0.04262206605331065
allied,Namor,The Thing,0.005794509176020654,-0.003302147477733062
allied,Namor,Iron Fist,-0.03055418778881709,-0.022924964776156284
allied,Namor,Emma Frost,0.025559673934487548,0.015845349478464464
allied,Namor,Phoenix,-0.00643898819055326,-0.004545678598166837
allied,Namor,Daredevil,0.016473098546200864,0.023051946134286704
allied,Namor,Angela,0.0014104310339638705,-0.012673864491125042
allied,Namor,Gambit,-0.04931601893229548,-0.048815443061747496
allied,Namor,Elsa Bloodstone,-0.0217957442293221,-0.02082118176580118
allied,Namor,White Fox,0.006312437194661005,0.013528454314609514
allied,Namor,Black Cat,0.016350597393900615,0.0221326563534473
allied,Namor,Devil Dinosaur,0.00522399433296008,-0.006457275042881297
allied,Namor,Cyclops,0.00902431184677897,0.009440729103402472
allied,Namor,Jubilee,-0.016859016172567087,-0.010164766554382464
allied,Namor,Rogue,0.002265521041958304,-0.010450179626636493
allied,Namor,The Hood,0.01102308035397417,0.0017300179354215889
allied,Namor,Deadpool (Vanguard),0.03052868758428996,0.01983123316116896
allied,Namor,Deadpool (Duelist),-0.011549444383895264,-0.011552085485233921
allied,Namor,Deadpool (Strategist),0.000354623862819069,0.009560594564545218
allied,Adam Warlock,Jeff The Land Shark,-0.006452914507841858,-0.0401358217319962
allied,Adam Warlock,Psylocke,-0.032350656271420586,-0.02185931442662979
allied,Adam Warlock,Wolverine,0.006531804984045618,0.016118433697699743
allied,Adam Warlock,Invisible Woman,0.03278288740595409,0.014241391409483908
allied,Adam Warlock,The Thing,0.00012021199303608211,-0.0016432436541182578
allied,Adam Warlock,Iron Fist,-0.02584556903905999,-0.026525961638003533
allied,Adam Warlock,Emma Frost,-0.012490386824297683,-0.01030146022095546
allied,Adam Warlock,Phoenix,-0.03406545977229389,-0.019842717465429514
allied,Adam Warlock,Daredevil,-0.02072445759572371,-0.0165999339191163
allied,Adam Warlock,Angela,-0.00573387029358773,0.0006495826627775358
allied,Adam Warlock,Gambit,0.016660475663777465,-0.0059284167091549315
allied,Adam Warlock,Elsa Bloodstone,-0.04229366751462255,-0.035786118934305264
allied,Adam Warlock,White Fox,0.004376742803769626,-0.043169656571010705
allied,Adam Warlock,Black Cat,-0.029355524043253416,-0.026648393658113938
allied,Adam Warlock,Devil Dinosaur,-0.01907446556252378,-0.014229564677813802
allied,Adam Warlock,Cyclops,-0.04485388589269321,-0.03160403655612816
allied,Adam Warlock,Jubilee,0.03942386201391319,0.019634187178296958
allied,Adam Warlock,Rogue,-0.003654218447826212,0.008226816426826909
allied,Adam Warlock,The Hood,-0.027108357663366358,-0.020235259324666147
allied,Adam Warlock,Deadpool (Vanguard),-0.021124995616742363,-0.00989664632652345
allied,Adam Warlock,Deadpool (Duelist),-0.03724933525053424,-0.02977164942543202
allied,Adam Warlock,Deadpool (Strategist),-0.006695705460701374,-0.05103515067067075
allied,Jeff The Land Shark,Psylocke,0.014422800160456658,0.02156746620649581
allied,Jeff The Land Shark,Wolverine,0.006695347711414293,0.007109061413253199
allied,Jeff The Land Shark,Invisible Woman,0.027088313716799126,0.0507762164561564
allied,Jeff The Land Shark,The Thing,0.01400682792929059,0.00031979647712290695
allied,Jeff The Land Shark,Iron Fist,0.020031735246655837,0.015892647830690467
allied,Jeff The Land Shark,Emma Frost,0.021373343067380687,0.014849301465688407
allied,Jeff The Land Shark,Phoenix,-0.031736870950346226,-0.0264164128934747
allied,Jeff The Land Shark,Daredevil,0.0003833396954686611,-0.002047019819261186
allied,Jeff The Land Shark,Angela,-0.005648596450814577,-0.013406792135915016
allied,Jeff The Land Shark,Gambit,-0.019794341818082824,-0.006255040835559061
allied,Jeff The Land Shark,Elsa Bloodstone,-0.033526292821470086,-0.03511618025724504
allied,Jeff The Land Shark,White Fox,0.021695037867482572,0.020942573179511762
allied,Jeff The Land Shark,Black Cat,-0.0157234712106037,-0.020505692074119314
allied,Jeff The Land Shark,Devil Dinosaur,0.025756801917908908,0.023651374567205608
allied,Jeff The Land Shark,Cyclops,0.0027052992639675743,0.012706688892378915
allied,Jeff The Land Shark,Jubilee,0.0021354937746756227,0.018308679912887007
allied,Jeff The Land Shark,Rogue,-0.030064844015532347,-0.036583727330457665
allied,Jeff The Land Shark,The Hood,-0.0018372880012200948,-0.005058121118729197
allied,Jeff The Land Shark,Deadpool (Vanguard),0.008456234146279962,0.010283356282216076
allied,Jeff The Land Shark,Deadpool (Duelist),0.03764070185052196,0.0452862844605199
allied,Jeff The Land Shark,Deadpool (Strategist),0.04340093902848315,0.05235691930045816
allied,Psylocke,Wolverine,0.009448904991029348,0.004290133833423168
allied,Psylocke,Invisible Woman,-0.011659601824673752,-0.00847080424202473
allied,Psylocke,The Thing,-0.002784040114392589,0.002519286553226375
allied,Psylocke,Iron Fist,-0.0005989829671641947,0.0019088382971888663
allied,Psylocke,Emma Frost,-0.009976791531441487,-0.008327601246301084
allied,Psylocke,Phoenix,-0.014062603069631884,-0.020417253024654067
allied,Psylocke,Daredevil,-0.021023670212139887,-0.02517822857421726
allied,Psylocke,Angela,0.021897828472634197,0.025487427851040016
allied,Psylocke,Gambit,-0.020392414057796505,-0.0189519250986679
allied,Psylocke,Elsa Bloodstone,0.012890120562507323,0.009136872187239183
allied,Psylocke,White Fox,0.00810868507813806,0.012873695662789451
allied,Psylocke,Black Cat,0.0010768057289577786,-0.0020255895674880474
allied,Psylocke,Devil Dinosaur,-0.028573313175717208,-0.02869517364488048
allied,Psylocke,Cyclops,0.009622513597818629,0.0024750264506593674
allied,Psylocke,Jubilee,-0.007501672283163865,-0.0023132921995355914
allied,Psylocke,Rogue,0.009960325583346199,0.01347759589300278
allied,Psylocke,The Hood,-0.022760505698345958,-0.02049261366156482
allied,Psylocke,Deadpool (Vanguard),7.584943385803697e-05,0.0013145161253493684
allied,Psylocke,Deadpool (Duelist),0.0048149095689813326,-0.0014398920729472538
allied,Psylocke,Deadpool (Strategist),-0.029922623934429605,-0.02717684672809129
allied,Wolverine,Invisible Woman,-0.015504062576565392,-0.018560843375972774
allied,Wolverine,The Thing,-0.052712330053121,-0.04840284038807736
allied,Wolverine,Iron Fist,-0.003575917664240804,-0.0011343641389607259
allied,Wolverine,Emma Frost,-0.00549025340541304,0.0012942425987318017
allied,Wolverine,Phoenix,-0.0027713392606472397,-0.00800514283903811
allied,Wolverine,Daredevil,-0.019596927303227943,-0.023451367427560058
allied,Wolverine,Angela,-0.004096401257025985,0.0011952305379578053
allied,Wolverine,Gambit,0.03649846675750787,0.03928529503047957
allied,Wolverine,Elsa Bloodstone,0.01746766024732844,0.014276676401561208
allied,Wolverine,White Fox,-0.03239005220619882,-0.038452404570159485
allied,Wolverine,Black Cat,0.0003724801345782469,-0.0026071018235961653
allied,Wolverine,Devil Dinosaur,-0.038279877925102436,-0.03486510635078863
allied,Wolverine,Cyclops,0.02597549755586595,0.020369991901740013
allied,Wolverine,Jubilee,-0.01947669825129861,-0.021550217201757132
allied,Wolverine,Rogue,0.01100547418825791,0.019270421177452486
allied,Wolverine,The Hood,-0.001453082836317665,0.007844775013358004
allied,Wolverine,Deadpool (Vanguard),0.024712063484957244,0.03335564224965054
allied,Wolverine,Deadpool (Duelist),0.02127454434041451,0.016570597539192954
allied,Wolverine,Deadpool (Strategist),-0.011946667483952414,-0.012718916509374397
allied,Invisible Woman,The Thing,0.05066504337169593,0.03886097374978955
allied,Invisible Woman,Iron Fist,-0.023164388556211012,-0.033398559662783565
allied,Invisible Woman,Emma Frost,0.011469391233255232,-0.0006548939933324811
allied,Invisible Woman,Phoenix,0.011536035623035816,0.02157003878633127
allied,Invisible Woman,Daredevil,0.0035407498407014895,0.00080949837887692
allied,Invisible Woman,Angela,-0.009639009070922265,-0.02204705815009385
allied,Invisible Woman,Gambit,-0.04454640029665757,-0.02855749510642401
allied,Invisible Woman,Elsa Bloodstone,-0.005855546913508633,-0.004682159326037228
allied,Invisible Woman,White Fox,-0.002931975853765772,-0.0012100340681107972
allied,Invisible Woman,Black Cat,0.007343705192148891,0.004749313163728526
allied,Invisible Woman,Devil Dinosaur,0.025792765383049737,0.01968458079483309
allied,Invisible Woman,Cyclops,0.0027942767438046637,0.012111220341946812
allied,Invisible Woman,Jubilee,-0.015082505313737246,0.005034643919488775
allied,Invisible Woman,Rogue,-0.023468358333843014,-0.032935629244336385
allied,Invisible Woman,The Hood,-0.0204740913517386,-0.030698662087849157
allied,Invisible Woman,Deadpool (Vanguard),0.011520601560110233,0.009831674236000945
allied,Invisible Woman,Deadpool (Duelist),-0.028784866138360884,-0.030138047742222125
allied,Invisible Woman,Deadpool (Strategist),-0.014771286498992071,-0.009994495483551984
allied,The Thing,Iron Fist,0.02133070839236434,0.024712305753407042
allied,The Thing,Emma Frost,-0.01281745760661189,-0.012178843883526419
allied,The Thing,Phoenix,0.020399883959041683,0.023315598451421737
allied,The Thing,Daredevil,-0.006931777030031732,-0.0017816876476146695
allied,The Thing,Angela,-0.015369615153846286,-0.014690553987463618
allied,The Thing,Gambit,-0.006749584518916992,-0.02594951878284883
allied,The Thing,Elsa Bloodstone,-0.015052739327907193,-0.011015188496263612
allied,The Thing,White Fox,-0.028707245530750512,-0.0347733462803833
allied,The Thing,Black Cat,0.019488984189854147,0.029255802029460827
allied,The Thing,Devil Dinosaur,-0.009033627800328568,-0.012157271375910094
allied,The Thing,Cyclops,-0.0011817449532573925,0.003725992930404676
allied,The Thing,Jubilee,0.023228211306653434,0.0061140707096571465
allied,The Thing,Rogue,0.0028018329741466654,-0.001381546405559929
allied,The Thing,The Hood,0.009147834124828648,0.0019998347464054364
allied,The Thing,Deadpool (Vanguard),0.020701795807454414,0.019851477663487282
allied,The Thing,Deadpool (Duelist),-0.026954114236027706,-0.021406537067315354
allied,The Thing,Deadpool (Strategist),0.012995526593174253,0.00466141630544671
allied,Iron Fist,Emma Frost,-0.004281981050474523,-0.006629293311079033
allied,Iron Fist,Phoenix,0.016720241139429978,0.021610713750406477
allied,Iron Fist,Daredevil,-0.04857453435026554,-0.04633733468083023
allied,Iron Fist,Angela,-0.009420050701953047,-0.013995965616208961
allied,Iron Fist,Gambit,-0.013523747820695127,-0.02320954592970827
allied,Iron Fist,Elsa Bloodstone,0.0047179556393269735,0.008968773070254964
allied,Iron Fist,White Fox,0.18878389152442823,0.20414843256708648
allied,Iron Fist,Black Cat,-0.006900206174956445,-0.0019822989340031994
allied,Iron Fist,Devil Dinosaur,-0.01436242250598734,-0.017521556708424976
allied,Iron Fist,Cyclops,0.022420585607810177,0.02502188797968695
allied,Iron Fist,Jubilee,-0.035699307829774235,-0.04602050253725168
allied,Iron Fist,Rogue,0.002802406910269335,0.0008754771595771672
allied,Iron Fist,The Hood,-0.0009048870158561849,-0.0008131867109121704
allied,Iron Fist,Deadpool (Vanguard),-0.009193944739957521,-0.013637354195436607
allied,Iron Fist,Deadpool (Duelist),-0.013037524076404064,-0.01209365826982398
allied,Iron Fist,Deadpool (Strategist),0.0006131236836404129,-0.004809001005541937
allied,Emma Frost,Phoenix,0.018890342466114256,0.018792062353183276
allied,Emma Frost,Daredevil,-0.013427887774316496,-0.011853467006291923
allied,Emma Frost,Angela,-0.016324467751226413,-0.015621852879251349
allied,Emma Frost,Gambit,-0.034895763816920916,-0.05264010555046389
allied,Emma Frost,Elsa Bloodstone,0.0012769258997838828,0.004309843322669616
allied,Emma Frost,White Fox,-0.012134191740738348,-0.009557680356551112
allied,Emma Frost,Black Cat,-0.005589137321733037,-0.0014910167818468708
allied,Emma Frost,Devil Dinosaur,-0.006811181321944875,-0.009384854777014555
allied,Emma Frost,Cyclops,-0.009977470264358124,-0.008904423514977158
allied,Emma Frost,Jubilee,0.0028478407631572452,-0.01156263089647572
allied,Emma Frost,Rogue,-0.013786259915225281,-0.02053620824126712
allied,Emma Frost,The Hood,0.0023252390832485354,-0.005771376935366895
allied,Emma Frost,Deadpool (Vanguard),0.021464264362730245,0.020922026505860638
allied,Emma Frost,Deadpool (Duelist),0.021003528450459392,0.029108964176926634
allied,Emma Frost,Deadpool (Strategist),-0.006626356783542999,-0.012134898410674892
allied,Phoenix,Daredevil,0.0007900021621826044,-0.000607966757396338
allied,Phoenix,Angela,-0.0059755972706478965,-0.010524575294089154
allied,Phoenix,Gambit,-0.014005515753599717,-0.007820913606763779
allied,Phoenix,Elsa Bloodstone,-0.011131609773062491,-0.015941774211295237
allied,Phoenix,White Fox,-0.005536645872444223,0.0014684492430671182
allied,Phoenix,Black Cat,-0.0010716337389502254,-0.003411087298171194
allied,Phoenix,Devil Dinosaur,-0.019600162504303322,-0.023710299185746263
allied,Phoenix,Cyclops,0.06926900693302351,0.06802579993230809
allied,Phoenix,Jubilee,-0.008192747288797665,0.0008549993188091203
allied,Phoenix,Rogue,0.013597587657102896,0.01252556133551293
allied,Phoenix,The Hood,-0.015519856054313143,-0.0174353845763024
allied,Phoenix,Deadpool (Vanguard),0.023565009265353324,0.02245044473237635
allied,Phoenix,Deadpool (Duelist),0.015019897080424251,0.010555842300402518
allied,Phoenix,Deadpool (Strategist),-0.010152806883802839,-0.0009900516464534414
allied,Daredevil,Angela,-0.015247632201771173,-0.015528046685790923
allied,Daredevil,Gambit,0.013117986083098332,0.010927182057193294
allied,Daredevil,Elsa Bloodstone,-0.0046040558585029945,-0.006091875431842916
allied,Daredevil,White Fox,0.00990636102152014,0.007075988096448795
allied,Daredevil,Black Cat,-0.026217338150505278,-0.027869661937566154
allied,Daredevil,Devil Dinosaur,-0.017823352311223794,-0.01642041267826634
allied,Daredevil,Cyclops,0.029501999510330897,0.027729429871248934
allied,Daredevil,Jubilee,0.011673932465761962,0.011439170140360467
allied,Daredevil,Rogue,-0.04229682620300127,-0.04435171078760989
allied,Daredevil,The Hood,0.016931752430001012,0.023984428601369897
allied,Daredevil,Deadpool (Vanguard),-0.02179458156885514,-0.02270538968336251
allied,Daredevil,Deadpool (Duelist),0.009371342965947008,0.0072165808628022405
allied,Daredevil,Deadpool (Strategist),-0.011775677755177629,-0.014581625279078313
allied,Angela,Gambit,-0.015886739024209756,-0.027467401291193783
allied,Angela,Elsa Bloodstone,0.029902670058676722,0.034510051768090244
allied,Angela,White Fox,-0.015541770376970996,-0.01040424793444792
allied,Angela,Black Cat,-0.031040260875365436,-0.03145875180777988
allied,Angela,Devil Dinosaur,0.036686874805248,0.04178326999397235
allied,Angela,Cyclops,0.01122774742801362,0.013039429933352692
allied,Angela,Jubilee,-0.01692332597799225,-0.03140264895329387
allied,Angela,Rogue,0.02026896969334035,0.019624598043509328
allied,Angela,The Hood,0.052033790334483285,0.052636200731692485
allied,Angela,Deadpool (Vanguard),-0.0016439451617618589,-0.005551471997601818
allied,Angela,Deadpool (Duelist),0.013553865803457667,0.019170327137766768
allied,Angela,Deadpool (Strategist),0.004136781116471916,0.0034666871338585063
allied,Gambit,Elsa Bloodstone,0.005112516552202467,0.007000204978507685
allied,Gambit,White Fox,-0.01775105428111543,-0.01981799647889913
allied,Gambit,Black Cat,0.008718403161595323,0.0056391412849756874
allied,Gambit,Devil Dinosaur,-0.010066334520324051,-0.020106102466902722
allied,Gambit,Cyclops,-0.03332097963607361,-0.02917515017979632
allied,Gambit,Jubilee,-0.007337078990825468,0.013466790506947612
allied,Gambit,Rogue,0.18346912594706374,0.20909115127925346
allied,Gambit,The Hood,-0.009764874225069931,-0.01643683451114283
allied,Gambit,Deadpool (Vanguard),0.012932752927918914,0.013302264771173354
allied,Gambit,Deadpool (Duelist),0.09195788978390018,0.10504084557594151
allied,Gambit,Deadpool (Strategist),0.008852847934711227,0.01746585503832645
allied,Elsa Bloodstone,White Fox,-0.02293452210166838,-0.024790829273566052
allied,Elsa Bloodstone,Black Cat,-0.00431650464620514,-0.006566996491349655
allied,Elsa Bloodstone,Devil Dinosaur,0.03791289445787823,0.04539600315474923
allied,Elsa Bloodstone,Cyclops,-0.03126766510407969,-0.04051658824472203
allied,Elsa Bloodstone,Jubilee,-0.01515960563445356,-0.013669384078809755
allied,Elsa Bloodstone,Rogue,-0.022163224470200114,-0.022148128030698308
allied,Elsa Bloodstone,The Hood,-0.01931177165750144,-0.01653928522749589
allied,Elsa Bloodstone,Deadpool (Vanguard),-0.02195834780964253,-0.02308541689706456
allied,Elsa Bloodstone,Deadpool (Duelist),-0.008418988524353724,-0.01447422361313292
allied,Elsa Bloodstone,Deadpool (Strategist),-0.021946014482511586,-0.020944077953756777
allied,White Fox,Black Cat,0.043226046693338176,0.04422212449171736
allied,White Fox,Devil Dinosaur,0.009351487849742431,0.019095184675268172
allied,White Fox,Cyclops,-0.0017340418428644217,0.006122039071094984
allied,White Fox,Jubilee,-0.012204676043656614,-0.014887344462010479
allied,White Fox,Rogue,0.011524409555877486,0.026175205930684536
allied,White Fox,The Hood,-0.020474911663526926,-0.012205384646722403
allied,White Fox,Deadpool (Vanguard),-0.0027770329741532577,0.011730435168897596
allied,White Fox,Deadpool (Duelist),0.011815871008594742,0.014642958687253852
allied,White Fox,Deadpool (Strategist),0.027955399606522584,0.01783627845840276
allied,Black Cat,Devil Dinosaur,0.0012103379377256997,0.00639794583609147
allied,Black Cat,Cyclops,0.013769920038881174,0.009901844855106815
allied,Black Cat,Jubilee,-0.002944507355534499,-0.0053450846441247726
allied,Black Cat,Rogue,0.0021208290862427632,0.0067097956424602544
allied,Black Cat,The Hood,0.017297093776639953,0.02603168462826679
allied,Black Cat,Deadpool (Vanguard),-0.02409036028587354,-0.023618995265754682
allied,Black Cat,Deadpool (Duelist),-0.01684049196411927,-0.021962675266113327
allied,Black Cat,Deadpool (Strategist),0.000637886542042231,-0.0009548754302326925
allied,Devil Dinosaur,Cyclops,-0.0030692052338054674,-0.0008944173330469563
allied,Devil Dinosaur,Jubilee,0.03920883984243799,0.03435622997055781
allied,Devil Dinosaur,Rogue,-0.0005764828759335215,-0.009526993101090665
allied,Devil Dinosaur,The Hood,-0.0011740913456920856,-0.014239642098396232
allied,Devil Dinosaur,Deadpool (Vanguard),0.03336920115829089,0.03041021485304875
allied,Devil Dinosaur,Deadpool (Duelist),0.004577190544841064,0.011156019289765494
allied,Devil Dinosaur,Deadpool (Strategist),0.0351917463175776,0.04011810105313704
allied,Cyclops,Jubilee,-0.020791580446596996,-0.012943027688964543
allied,Cyclops,Rogue,0.0009113004964768159,0.0028332454008353288
allied,Cyclops,The Hood,-0.00571579415898045,-0.0021040978525643304
allied,Cyclops,Deadpool (Vanguard),-0.010749871566445248,-0.01130665262214976
allied,Cyclops,Deadpool (Duelist),0.011827566468537516,0.004334470882737847
allied,Cyclops,Deadpool (Strategist),0.01586198533034133,0.028652249889209336
allied,Jubilee,Rogue,-0.03908619300872106,-0.05196405317088505
allied,Jubilee,The Hood,0.08209352816478416,0.08745245902919238
allied,Jubilee,Deadpool (Vanguard),0.005880809627448651,0.002384907063810676
allied,Jubilee,Deadpool (Duelist),-0.03503068901085611,-0.03568475716548874
allied,Jubilee,Deadpool (Strategist),0.011341996346508454,0.018732884536860304
allied,Rogue,The Hood,0.03142570947452974,0.020740668605753212
allied,Rogue,Deadpool (Vanguard),0.016339890805487124,0.007538839751955349
allied,Rogue,Deadpool (Duelist),0.00696066070528964,0.013106760579189945
allied,Rogue,Deadpool (Strategist),-0.028609762753681597,-0.029379341986636356
allied,The Hood,Deadpool (Vanguard),0.023316632343704895,0.011655462657438765
allied,The Hood,Deadpool (Duelist),-0.011577316223211795,-0.005083075313173695
allied,The Hood,Deadpool (Strategist),-0.030852038093649795,-0.03322050431112626
allied,Deadpool (Vanguard),Deadpool (Duelist),-0.0025655065321510315,0.001342348694446514
allied,Deadpool (Vanguard),Deadpool (Strategist),-0.0003533498948830967,0.005573397970753509
allied,Deadpool (Duelist),Deadpool (Strategist),-0.007033885710825442,-0.0038283373738359724
opposing,Hulk,The Punisher,0.0005601456239988291,-0.004013577779200479
opposing,Hulk,Storm,0.009218879427174283,0.005567102477256934
opposing,Hulk,Loki,-0.014975880161904693,-0.014721635466290581
opposing,Hulk,Human Torch,0.01077999738060913,0.011063454623072259
opposing,Hulk,Doctor Strange,-0.012245986131312003,-0.010501695721180985
opposing,Hulk,Mantis,-0.011699590761548107,-0.005776475752451855
opposing,Hulk,Hawkeye,0.0018885802142766064,0.0022869579787848445
opposing,Hulk,Captain America,-0.017159262222985826,-0.01745433201896811
opposing,Hulk,Rocket Raccoon,0.02797617782633682,0.029992180663857646
opposing,Hulk,Hela,-0.025874961621639415,-0.03496153506726434
opposing,Hulk,Cloak & Dagger,0.00201098301244823,-0.0002469307916119031
opposing,Hulk,Black Panther,0.014537002442530903,0.0046535794311285406
opposing,Hulk,Groot,-0.020466366963937787,-0.021507515701618414
opposing,Hulk,Ultron,0.0007556825989117723,0.002637124221854564
opposing,Hulk,Magik,4.2561466446435826e-05,0.00499701479031339
opposing,Hulk,Moon Knight,0.011144772312088215,0.011346438764345839
opposing,Hulk,Luna Snow,-0.007057875453027231,-0.0023525300733993138
opposing,Hulk,Squirrel Girl,0.0024576519053971873,-0.0006468483538821716
opposing,Hulk,Black Widow,-0.009290649463952028,-0.017587976571142486
opposing,Hulk,Iron Man,-0.019325117671616394,-0.02177981300264422
opposing,Hulk,Venom,0.010537712241576198,0.018139818568087124
opposing,Hulk,Spider-man,0.005408290553424468,0.003299800382297579
opposing,Hulk,Magneto,0.009024386525878027,-0.007109508615668187
opposing,Hulk,Scarlet Witch,0.015718759328733723,0.015223248143164605
opposing,Hulk,Thor,0.007370298337788266,0.00843548629081082
opposing,Hulk,Mister Fantastic,-0.012355786528377806,-0.014897095448915279
opposing,Hulk,Winter Soldier,-0.03955402095396636,-0.04995127788584139
opposing,Hulk,Peni Parker,-0.04005804686153297,-0.036443127483662886
opposing,Hulk,Star-lord,-0.023427916450027682,-0.029570296053020764
opposing,Hulk,Blade,0.024395526389597525,0.029269671586487786
opposing,Hulk,Namor,0.014352281863135601,0.007691099259224945
opposing,Hulk,Adam Warlock,0.007276545837512212,0.005242611759980929
opposing,Hulk,Jeff The Land Shark,0.001591912531349345,0.0016322260098616355
opposing,Hulk,Psylocke,-0.007723789952899213,-0.011482418693589283
opposing,Hulk,Wolverine,0.03964707135048124,0.04769312873638406
opposing,Hulk,Invisible Woman,0.01178667094447821,0.00760078462936432
opposing,Hulk,The Thing,0.0010087754432442574,0.015535376654627564
opposing,Hulk,Iron Fist,0.02069423769639376,0.02923913696297266
opposing,Hulk,Emma Frost,0.021321292627803645,0.027075155549646394
opposing,Hulk,Phoenix,-0.024438623853852204,-0.03179234483017418
opposing,Hulk,Daredevil,0.010092653793634353,0.012746595394345429
opposing,Hulk,Angela,0.002683652169110732,0.0030979574818010866
opposing,Hulk,Gambit,-0.015368412383054732,-0.015121071637717844
opposing,Hulk,Elsa Bloodstone,-0.010091533904521166,-0.016390793579260533
opposing,Hulk,White Fox,-0.008565220607815723,-0.0019200697433874934
opposing,Hulk,Black Cat,0.006483595860429688,0.006041921888688264
opposing,Hulk,Devil Dinosaur,-0.0014264624339109004,0.006384652826271757
opposing,Hulk,Cyclops,0.02063666625680126,0.021292923364119132
opposing,Hulk,Jubilee,-0.02452653741427085,-0.016321180533203312
opposing,Hulk,Rogue,0.03359567474242101,0.041076167264552724
opposing,Hulk,The Hood,-0.020594542585551073,-0.021702770254613687
opposing,Hulk,Deadpool (Vanguard),-0.006674838317477228,-0.005025664840085205
opposing,Hulk,Deadpool (Duelist),0.023389657057848404,0.02066190348234886
opposing,Hulk,Deadpool (Strategist),0.004513326937321224,0.009354966713143203
opposing,The Punisher,Storm,0.01773459275722924,0.02019375038736422
opposing,The Punisher,Loki,0.001071856362405432,-0.0011514829058535787
opposing,The Punisher,Human Torch,-0.0021831374208836516,-0.0035432368631568654
opposing,The Punisher,Doctor Strange,0.01354825095667474,0.01607645780388049
opposing,The Punisher,Mantis,-0.022762881857413663,-0.030216476785872186
opposing,The Punisher,Hawkeye,0.001464144160746843,-0.0007319085391400038
opposing,The Punisher,Captain America,-0.011928665394181723,-0.010034605693729529
opposing,The Punisher,Rocket Raccoon,-0.0008677756493995439,-0.003992397348495158
opposing,The Punisher,Hela,0.00552949590983335,0.00887865909960663
opposing,The Punisher,Cloak & Dagger,-0.0033297785420469722,-0.0030638648837729952
opposing,The Punisher,Black Panther,-0.004028658604471429,-0.001385646450834527
opposing,The Punisher,Groot,0.010987950386800277,0.013584677032947096
opposing,The Punisher,Ultron,0.02551074292992833,0.02470226540490115
opposing,The Punisher,Magik,-0.00014595580621678378,-0.006071821371646786
opposing,The Punisher,Moon Knight,-0.01301211726000598,-0.014623918977555807
opposing,The Punisher,Luna Snow,-0.0031786143739247047,-0.0015627049285531361
opposing,The Punisher,Squirrel Girl,-0.005705551789029493,-0.005998697154751662
opposing,The Punisher,Black Widow,-0.00996884202334508,-0.010214464221637973
opposing,The Punisher,Iron Man,0.019667338303276695,0.018355195392116507
opposing,The Punisher,Venom,0.019575508779133607,0.02301295084873795
opposing,The Punisher,Spider-man,-0.01892223591550572,-0.02038132122003429
opposing,The Punisher,Magneto,-0.03835032015647447,-0.03129717361060224
opposing,The Punisher,Scarlet Witch,-0.016095651730940023,-0.016107149947214308
opposing,The Punisher,Thor,-0.007981767002496754,-0.004215576124838575
opposing,The Punisher,Mister Fantastic,0.026863807564080255,0.028368092435274
opposing,The Punisher,Winter Soldier,0.0024279376123966844,0.002761130188017126
opposing,The Punisher,Peni Parker,-0.0025188847471930543,-0.006849577808886942
opposing,The Punisher,Star-lord,-0.019648759965962763,-0.0223833438448724
opposing,The Punisher,Blade,0.006926922346428666,0.004129389630790157
opposing,The Punisher,Namor,-0.002094939231505987,0.0006857298361190392
opposing,The Punisher,Adam Warlock,-0.02312086486965601,-0.026168952706961457
opposing,The Punisher,Jeff The Land Shark,-0.006367402730396779,-0.008776914994319727
opposing,The Punisher,Psylocke,-0.0055125614212200675,-0.00566071503597496
opposing,The Punisher,Wolverine,0.027691994953930283,0.029693736439722777
opposing,The Punisher,Invisible Woman,-0.019537516682980934,-0.019027344820083236
opposing,The Punisher,The Thing,0.05716301237717574,0.06118246410063184
opposing,The Punisher,Iron Fist,-0.0043417955229065695,-0.0091700351365993
opposing,The Punisher,Emma Frost,-0.026446096339611206,-0.027962020047599002
opposing,The Punisher,Phoenix,0.02037751659978865,0.022858387614140836
opposing,The Punisher,Daredevil,-0.02598526128826723,-0.030521702799352762
opposing,The Punisher,Angela,-0.010179354773198167,-0.007494511884443033
opposing,The Punisher,Gambit,0.018445640473909418,0.021081134280745328
opposing,The Punisher,Elsa Bloodstone,0.02160721058674126,0.025195503632569383
opposing,The Punisher,White Fox,0.01732598807492473,0.016854799031649593
opposing,The Punisher,Black Cat,-0.02599941115224398,-0.027919257859551613
opposing,The Punisher,Devil Dinosaur,0.01447808910609772,0.01493585242919596
opposing,The Punisher,Cyclops,0.020656861643049536,0.025297083261752798
opposing,The Punisher,Jubilee,0.015973853792774502,0.011622061584513432
opposing,The Punisher,Rogue,-0.003087472430523184,-0.0016380728177764912
opposing,The Punisher,The Hood,-0.04499593459968863,-0.04784671166456047
opposing,The Punisher,Deadpool (Vanguard),0.003062939076445556,0.004532269657842465
opposing,The Punisher,Deadpool (Duelist),-0.00947983888175167,-0.011703438495150202
opposing,The Punisher,Deadpool (Strategist),0.020246539033669447,0.019699879072101984
opposing,Storm,Loki,-0.0033611287277437686,-0.003949989162671542
opposing,Storm,Human Torch,0.014608973922052886,0.013551853177657955
opposing,Storm,Doctor Strange,-0.0003690359073787833,0.0006449149384790676
opposing,Storm,Mantis,0.0045387551833758226,0.002686466854615869
opposing,Storm,Hawkeye,-0.04791081003219686,-0.05509724927707584
opposing,Storm,Captain America,-0.01180699479603589,-0.009845879954211335
opposing,Storm,Rocket Raccoon,-0.03344034533534819,-0.0384479362755875
opposing,Storm,Hela,-0.011999663979212406,-0.011093223790119426
opposing,Storm,Cloak & Dagger,-0.022050037529469237,-0.021935554275023153
opposing,Storm,Black Panther,0.0030033594616944975,0.005168542851068033
opposing,Storm,Groot,0.014480493198023478,0.017523961141411262
opposing,Storm,Ultron,-0.031041341217904344,-0.036730227291810726
opposing,Storm,Magik,0.028546088479692082,0.02387519624757815
opposing,Storm,Moon Knight,0.017670514263616467,0.017472932858399792
opposing,Storm,Luna Snow,-0.004779576839670168,-0.0011751857329168945
opposing,Storm,Squirrel Girl,-0.02370953547603467,-0.026483389746273893
opposing,Storm,Black Widow,-0.033327933184013725,-0.03648267288471675
opposing,Storm,Iron Man,-0.014019883918502963,-0.019067394816962166
opposing,Storm,Venom,-0.02651076598763589,-0.028211009875454593
opposing,Storm,Spider-man,-0.011407678299421622,-0.013305989204220109
opposing,Storm,Magneto,-0.012436059913884471,-0.0024106489535019354
opposing,Storm,Scarlet Witch,0.014832301679361545,0.016254649526354747
opposing,Storm,Thor,-0.028107747972225296,-0.026555144025400386
opposing,Storm,Mister Fantastic,0.01969705111329922,0.01958760525887384
opposing,Storm,Winter Soldier,-0.0024477470836551042,-0.0035449994932754457
opposing,Storm,Peni Parker,0.034024698746528956,0.03386352903697287
opposing,Storm,Star-lord,-0.009294682576009159,-0.012241330473279148
opposing,Storm,Blade,0.02053581629569216,0.01778660488643809
opposing,Storm,Namor,0.010562192247530518,0.013315041623921825
opposing,Storm,Adam Warlock,-0.010592629294949783,-0.00988608571581707
opposing,Storm,Jeff The Land Shark,0.004324384314368944,0.005439947400641598
opposing,Storm,Psylocke,-0.0016568784559494044,-0.0025369676430392835
opposing,Storm,Wolverine,0.018197680814146328,0.018399486959199463
opposing,Storm,Invisible Woman,-0.00880504523004611,-0.004764712465931671
opposing,Storm,The Thing,0.04368474556655521,0.04623939134962702
opposing,Storm,Iron Fist,0.06033888040808746,0.05964470465931761
opposing,Storm,Emma Frost,-0.006791928772127366,-0.0060407083943942895
opposing,Storm,Phoenix,-0.00845814334232119,-0.009324515332894433
opposing,Storm,Daredevil,0.0018960842873500688,-0.0014502397872427197
opposing,Storm,Angela,-0.0023031432050285346,0.0013222058684258136
opposing,Storm,Gambit,0.0337200011767664,0.04045339204105932
opposing,Storm,Elsa Bloodstone,0.03012403725150491,0.033353286220957484
opposing,Storm,White Fox,0.0327478966357733,0.03639304813220412
opposing,Storm,Black Cat,-0.011789236002720712,-0.013612658907623122
opposing,Storm,Devil Dinosaur,-0.03507260857847977,-0.04014275467332691
opposing,Storm,Cyclops,0.0013537181582990358,0.0034092980886656194
opposing,Storm,Jubilee,0.04001807608183939,0.04086041362931132
opposing,Storm,Rogue,0.03277207465154481,0.03831394955907268
opposing,Storm,The Hood,-0.04231614045652908,-0.04481172209061768
opposing,Storm,Deadpool (Vanguard),0.022019158878602618,0.025677018550175353
opposing,Storm,Deadpool (Duelist),-0.01377705361289909,-0.017384820614346055
opposing,Storm,Deadpool (Strategist),-0.007159734903908814,-0.008943577138073673
opposing,Loki,Human Torch,-0.006813005203730662,-0.007066354829718716
opposing,Loki,Doctor Strange,0.015174223117369738,0.01861552206504084
opposing,Loki,Mantis,0.019663752488921483,0.022108732497773842
opposing,Loki,Hawkeye,0.008585749113455709,0.011394559419594129
opposing,Loki,Captain America,0.01535765853319386,0.015474586675521568
opposing,Loki,Rocket Raccoon,-0.00248633987538454,0.0045391134885512585
opposing,Loki,Hela,0.012932394589696632,0.012408655112884422
opposing,Loki,Cloak & Dagger,-0.0015848719157800812,-0.002345916744517246
opposing,Loki,Black Panther,-0.02092903336038453,-0.0195718123111057
opposing,Loki,Groot,0.004073171494049048,0.006722251899073964
opposing,Loki,Ultron,0.005274138998495225,0.010869876319871187
opposing,Loki,Magik,-0.01934643122467905,-0.01779651521158315
opposing,Loki,Moon Knight,-0.00804546439540468,-0.009639211983414308
opposing,Loki,Luna Snow,0.0018662606078206512,-0.011064438478479396
opposing,Loki,Squirrel Girl,-0.006519431345110726,-0.006795071454800957
opposing,Loki,Black Widow,-0.02387469032989944,-0.022645978819648124
opposing,Loki,Iron Man,-0.018517710819805095,-0.01731769720481263
opposing,Loki,Venom,-0.01959518637579439,-0.02497163301773722
opposing,Loki,Spider-man,-0.0004998464302605852,-0.0005623428219207462
opposing,Loki,Magneto,-0.016727209809019993,-0.016332939389167203
opposing,Loki,Scarlet Witch,0.002636081760137369,-0.0002039135742629323
opposing,Loki,Thor,0.0027926869947918864,0.000598599719182301
opposing,Loki,Mister Fantastic,0.006606312741720971,0.007116029655906712
opposing,Loki,Winter Soldier,-0.021013022634381817,-0.02006024896657174
opposing,Loki,Peni Parker,-0.014125748973593436,-0.011591275705034623
opposing,Loki,Star-lord,-0.026252945697830547,-0.02598400095614112
opposing,Loki,Blade,0.009928195720235164,0.01288748646908093
opposing,Loki,Namor,0.016357708418580287,0.01862908429637061
opposing,Loki,Adam Warlock,-0.003133860727023324,-0.0016125000105046514
opposing,Loki,Jeff The Land Shark,-0.017997728948145372,-0.019513220105019182
opposing,Loki,Psylocke,0.03074241073316231,0.03426942299544256
opposing,Loki,Wolverine,0.007140153695266006,0.001265494131486867
opposing,Loki,Invisible Woman,-0.001976898382407507,-0.0036516500604418627
opposing,Loki,The Thing,-0.0027109451646296773,-0.0072006891891971455
opposing,Loki,Iron Fist,0.026663858795647095,0.02938917497204268
opposing,Loki,Emma Frost,-0.0038556950535753747,-0.003130829348065653
opposing,Loki,Phoenix,-0.0014942405331890714,-0.0012058546397215365
opposing,Loki,Daredevil,0.018821629807157302,0.021669016013111626
opposing,Loki,Angela,-0.010703832438499077,-0.01334181093751615
opposing,Loki,Gambit,0.018142499733449075,0.015512346919912297
opposing,Loki,Elsa Bloodstone,0.0003393330401168114,-0.0006709677729713661
opposing,Loki,White Fox,0.007538693542569733,0.0032216436845258767
opposing,Loki,Black Cat,-0.0019029966159097467,-0.004172255674677005
opposing,Loki,Devil Dinosaur,0.005436097871111637,0.00691543426172604
opposing,Loki,Cyclops,0.0011115576683729971,-0.006319274462672563
opposing,Loki,Jubilee,-0.00979993467568157,-0.014018100252414071
opposing,Loki,Rogue,-0.006807750165409606,-0.007093842228424239
opposing,Loki,The Hood,0.009166544213713573,0.01082936421854071
opposing,Loki,Deadpool (Vanguard),0.006842746034034848,0.009785625509766223
opposing,Loki,Deadpool (Duelist),-0.00043781968460726583,0.00588110554957694
opposing,Loki,Deadpool (Strategist),-0.0033063714601752102,-0.004045887259258053
opposing,Human Torch,Doctor Strange,0.011510372612220748,0.010102994720078366
opposing,Human Torch,Mantis,0.005938559604222474,0.0038316901475498764
opposing,Human Torch,Hawkeye,0.027501966238324915,0.028574387753246836
opposing,Human Torch,Captain America,-0.005148895687614427,-0.006197224105378844
opposing,Human Torch,Rocket Raccoon,-0.011877325434294607,-0.014619095567420692
opposing,Human Torch,Hela,0.0034639287369686435,0.00783329500151527
opposing,Human Torch,Cloak & Dagger,-0.008659804554057654,-0.007301098858203602
opposing,Human Torch,Black Panther,-0.022003313448668845,-0.019612825233965216
opposing,Human Torch,Groot,0.009765579740241299,0.00851857828334135
opposing,Human Torch,Ultron,-0.027199987335146305,-0.032838260854226406
opposing,Human Torch,Magik,0.030892578208298657,0.02863524381263241
opposing,Human Torch,Moon Knight,0.01877824877348059,0.020895124787212206
opposing,Human Torch,Luna Snow,0.008586579354268879,0.013432183304746055
opposing,Human Torch,Squirrel Girl,0.036763345059905556,0.04105315989070071
opposing,Human Torch,Black Widow,0.02253710137306126,0.02607740309508339
opposing,Human Torch,Iron Man,-0.024046332134549184,-0.027670120232132923
opposing,Human Torch,Venom,-0.036058160363720865,-0.04259319155746031
opposing,Human Torch,Spider-man,-0.0453564167525332,-0.04774478807542145
opposing,Human Torch,Magneto,0.005920589049639241,0.014254250552793226
opposing,Human Torch,Scarlet Witch,0.0017226731245522185,0.004322089345319835
opposing,Human Torch,Thor,-0.008223854448289778,-0.008190975159306375
opposing,Human Torch,Mister Fantastic,0.019613249146169874,0.02172293779253331
opposing,Human Torch,Winter Soldier,-0.01818212224386665,-0.018312286008144756
opposing,Human Torch,Peni Parker,0.007896761748325471,0.001033216140796845
opposing,Human Torch,Star-lord,-0.03200210686728903,-0.03453951004970225
opposing,Human Torch,Blade,0.006141824007983982,0.004466931873872419
opposing,Human Torch,Namor,0.03472172333198548,0.04163317385329234
opposing,Human Torch,Adam Warlock,-0.031192859927759203,-0.033490901858246144
opposing,Human Torch,Jeff The Land Shark,-0.0001958387043924048,-7.48601759833971e-05
opposing,Human Torch,Psylocke,0.007231467298028564,0.009288284429416083
opposing,Human Torch,Wolverine,-0.0035318042835310714,-0.0028425182881329667
opposing,Human Torch,Invisible Woman,0.01993984266168486,0.027143729731747192
opposing,Human Torch,The Thing,-0.023194082340739348,-0.03193188533276298
opposing,Human Torch,Iron Fist,0.018075891539922107,0.016226515339858194
opposing,Human Torch,Emma Frost,0.023346237051950765,0.02373274695949576
opposing,Human Torch,Phoenix,0.007895335056855244,0.010563079996375277
opposing,Human Torch,Daredevil,0.003141861553778244,0.0021210383186588697
opposing,Human Torch,Angela,0.008516766409072526,0.009601447582094125
opposing,Human Torch,Gambit,-0.036494004361042026,-0.03896692086949363
opposing,Human Torch,Elsa Bloodstone,-0.030624200403076143,-0.030028971787830892
opposing,Human Torch,White Fox,0.01940693731190939,0.020954912212338743
opposing,Human Torch,Black Cat,-0.03605092160012127,-0.03758944069465656
opposing,Human Torch,Devil Dinosaur,0.023026124811554968,0.020740672834992886
opposing,Human Torch,Cyclops,-0.021611264244234422,-0.019167044247911356
opposing,Human Torch,Jubilee,0.03732570472721921,0.037401939174845134
opposing,Human Torch,Rogue,0.02677142674997869,0.02787801052041899
opposing,Human Torch,The Hood,-0.012510283472054629,-0.015408005967605347
opposing,Human Torch,Deadpool (Vanguard),0.0018914819127877525,-0.0004771808484254327
opposing,Human Torch,Deadpool (Duelist),-0.014459981762094275,-0.015896544357317695
opposing,Human Torch,Deadpool (Strategist),0.01669223185273147,0.017460328782628175
opposing,Doctor Strange,Mantis,0.009761553140911674,0.015470113466032059
opposing,Doctor Strange,Hawkeye,-0.029574077974283408,-0.029084921911812774
opposing,Doctor Strange,Captain America,-0.0065608826925219335,-0.008853720837227253
opposing,Doctor Strange,Rocket Raccoon,-0.0007252869965013258,-0.006985686673807818
opposing,Doctor Strange,Hela,-0.0123195213897682,-0.016244596660404138
opposing,Doctor Strange,Cloak & Dagger,0.023637928228085022,0.021192106379666755
opposing,Doctor Strange,Black Panther,-0.012796886834859307,-0.02212447790720597
opposing,Doctor Strange,Groot,0.031124368306274613,0.034391967487524565
opposing,Doctor Strange,Ultron,0.005944762255716733,0.004996496012346276
opposing,Doctor Strange,Magik,-0.021747303867964297,-0.015612554369706044
opposing,Doctor Strange,Moon Knight,0.013975784141336794,0.018130977437518767
opposing,Doctor Strange,Luna Snow,0.0048501042788778375,0.007805565018547881
opposing,Doctor Strange,Squirrel Girl,-0.010134143270483979,-0.01102230099136184
opposing,Doctor Strange,Black Widow,1.5704353410210043e-05,-0.0035987304661397965
opposing,Doctor Strange,Iron Man,0.029290124289856282,0.0359459707352286
opposing,Doctor Strange,Venom,-0.029029020847897043,-0.031142392503945633
opposing,Doctor Strange,Spider-man,-0.010530826509916075,-0.010800007651943212
opposing,Doctor Strange,Magneto,0.02231304149231384,0.004595266530655656
opposing,Doctor Strange,Scarlet Witch,0.012033192354151099,0.014757197762624246
opposing,Doctor Strange,Thor,0.006801757123486486,0.004151188920898979
opposing,Doctor Strange,Mister Fantastic,-0.012402993464191115,-0.011314970511594174
opposing,Doctor Strange,Winter Soldier,0.0330795239770104,0.03449816712304559
opposing,Doctor Strange,Peni Parker,0.026450229463521335,0.03666890307645152
opposing,Doctor Strange,Star-lord,0.016146200438382018,0.018095994128284734
opposing,Doctor Strange,Blade,-0.020682287319976768,-0.017250939034908683
opposing,Doctor Strange,Namor,0.013397902678557757,0.010263870458222869
opposing,Doctor Strange,Adam Warlock,0.012551947152214077,0.007702178331960121
opposing,Doctor Strange,Jeff The Land Shark,-0.03323830613569294,-0.04245937346839792
opposing,Doctor Strange,Psylocke,0.020930562453001008,0.024034133533275718
opposing,Doctor Strange,Wolverine,-0.013140082386601365,-0.007405181640893904
opposing,Doctor Strange,Invisible Woman,-0.007078356664530147,-0.01795978951367728
opposing,Doctor Strange,The Thing,-0.02409552489440251,-0.017059412011451572
opposing,Doctor Strange,Iron Fist,-9.339129574395272e-05,0.009744693403559193
opposing,Doctor Strange,Emma Frost,-0.013681755779236745,-0.01694126550419461
opposing,Doctor Strange,Phoenix,0.011300226492010216,0.011606684500220198
opposing,Doctor Strange,Daredevil,0.008130856931679647,0.014198476045712508
opposing,Doctor Strange,Angela,-0.010628952296587139,-0.015891028255106243
opposing,Doctor Strange,Gambit,0.00814995715339496,0.00851336876307579
opposing,Doctor Strange,Elsa Bloodstone,-0.017342616996938093,-0.020823970409589054
opposing,Doctor Strange,White Fox,-0.03175396709774954,-0.03249924615893186
opposing,Doctor Strange,Black Cat,-0.0012074771143880717,0.001119195876018154
opposing,Doctor Strange,Devil Dinosaur,-0.010735514049549677,-0.00798484885287508
opposing,Doctor Strange,Cyclops,0.017924306452549183,0.02190969964287513
opposing,Doctor Strange,Jubilee,0.019078365661741068,0.030627986297439336
opposing,Doctor Strange,Rogue,0.0011973026257758408,6.514193039850683e-05
opposing,Doctor Strange,The Hood,-0.001384903645888309,-0.0031660905237972103
opposing,Doctor Strange,Deadpool (Vanguard),0.010067903228840833,0.010664594821487385
opposing,Doctor Strange,Deadpool (Duelist),-0.01839807703244877,-0.022198041628588183
opposing,Doctor Strange,Deadpool (Strategist),0.018746376532596105,0.022211803610787503
opposing,Mantis,Hawkeye,-0.0006291436920475977,0.003278718396125037
opposing,Mantis,Captain America,-0.023342828407861088,-0.03458794518377061
opposing,Mantis,Rocket Raccoon,-0.0015626935821280827,0.0067609431878968024
opposing,Mantis,Hela,0.03838477621592507,0.04329349782511355
opposing,Mantis,Cloak & Dagger,-0.010209626786579037,-0.011408561148146285
opposing,Mantis,Black Panther,-0.05287890676446243,-0.05326450650797121
opposing,Mantis,Groot,-0.005312404746867521,-0.009314044326129027
opposing,Mantis,Ultron,0.0038044481747151523,0.010263216699082645
opposing,Mantis,Magik,-0.03428140695025576,-0.03234744952013482
opposing,Mantis,Moon Knight,0.020654997720840666,0.024899721280083834
opposing,Mantis,Luna Snow,0.010275361296945578,3.8373250743352105e-06
opposing,Mantis,Squirrel Girl,-0.00867327934852611,-0.006967237075921136
opposing,Mantis,Black Widow,0.006323194985077786,0.013577555542423386
opposing,Mantis,Iron Man,-0.0004419076570079635,0.005268494736056273
opposing,Mantis,Venom,-0.025871019996163813,-0.037398406558376555
opposing,Mantis,Spider-man,-0.025562809811712432,-0.026507263243331945
opposing,Mantis,Magneto,0.025946091513300625,0.028056247271530114
opposing,Mantis,Scarlet Witch,0.003505595759506071,0.0030252030577489868
opposing,Mantis,Thor,0.010058689660988898,0.003890029011164716
opposing,Mantis,Mister Fantastic,-0.008357130593063498,-0.007466930713003684
opposing,Mantis,Winter Soldier,0.010982011235804716,0.018185077520110244
opposing,Mantis,Peni Parker,-0.009974108928655854,-0.011914731598442616
opposing,Mantis,Star-lord,0.031046710737654682,0.04072902591650188
opposing,Mantis,Blade,-0.013049024741715699,-0.010710973167891661
opposing,Mantis,Namor,0.026112256040147736,0.031853863753356124
opposing,Mantis,Adam Warlock,-0.006194098958848096,-0.0040988974771642
opposing,Mantis,Jeff The Land Shark,-0.014704133411824699,-0.014490541300234111
opposing,Mantis,Psylocke,0.018023381037524627,0.0222114279705723
opposing,Mantis,Wolverine,-0.009161089670106143,-0.01482249127183467
opposing,Mantis,Invisible Woman,-0.004153779851709766,-0.00509408044412026
opposing,Mantis,The Thing,0.028521165082698325,0.023908543545169452
opposing,Mantis,Iron Fist,-0.018340544472795726,-0.018989865322233367
opposing,Mantis,Emma Frost,-0.0013399213270088566,-0.005353058646725775
opposing,Mantis,Phoenix,0.002576235372819917,0.005624344137260704
opposing,Mantis,Daredevil,-0.0191535351741041,-0.01880213120808532
opposing,Mantis,Angela,-0.02602774838088793,-0.03627082288764232
opposing,Mantis,Gambit,0.008952023696293226,0.005781122956043294
opposing,Mantis,Elsa Bloodstone,0.004140458094360404,0.005856211295774804
opposing,Mantis,White Fox,0.014912104755639567,0.013065922834559955
opposing,Mantis,Black Cat,-0.05263261962535508,-0.05899216817758087
opposing,Mantis,Devil Dinosaur,0.04127323730943116,0.0433697901642078
opposing,Mantis,Cyclops,0.038551143355493686,0.038051172818060336
opposing,Mantis,Jubilee,0.007192943117881386,0.00719463940183915
opposing,Mantis,Rogue,0.014525276556629127,0.012525382842660172
opposing,Mantis,The Hood,0.023954578065608217,0.022851722565350736
opposing,Mantis,Deadpool (Vanguard),0.01139824248359782,0.009930931514584128
opposing,Mantis,Deadpool (Duelist),-0.03493883013545551,-0.030681617824905208
opposing,Mantis,Deadpool (Strategist),0.011117818544727813,0.01413113046294252
opposing,Hawkeye,Captain America,-0.016501605527607564,-0.019945099542305417
opposing,Hawkeye,Rocket Raccoon,-0.01546837696626456,-0.01979634418336507
opposing,Hawkeye,Hela,-0.006035574523364288,-0.001298432735500224
opposing,Hawkeye,Cloak & Dagger,0.0254902314775601,0.029980376034888196
opposing,Hawkeye,Black Panther,-0.03755901738357068,-0.035285249699515124
opposing,Hawkeye,Groot,-0.00567062174536574,-0.009772742528512785
opposing,Hawkeye,Ultron,-0.005708130504396058,-0.009797237562110556
opposing,Hawkeye,Magik,0.010561013653314574,0.007804889877393672
opposing,Hawkeye,Moon Knight,0.002199315967743483,0.004117613141160206
opposing,Hawkeye,Luna Snow,-0.003028811957954364,-0.00077244756398327
opposing,Hawkeye,Squirrel Girl,0.0024512504724491613,0.005123833520391878
opposing,Hawkeye,Black Widow,0.00948511956144361,0.013108998522680406
opposing,Hawkeye,Iron Man,-0.019403911787227442,-0.021528570472881366
opposing,Hawkeye,Venom,0.013040208526453451,0.010919061812530197
opposing,Hawkeye,Spider-man,0.0005515866969456039,0.0029635914341597297
opposing,Hawkeye,Magneto,-0.012631370831752616,-0.007503779463162146
opposing,Hawkeye,Scarlet Witch,0.0014097205426043865,0.0051118363409602486
opposing,Hawkeye,Thor,0.019182426495883302,0.02118585068834759
opposing,Hawkeye,Mister Fantastic,-0.011661456487337357,-0.010926008507510429
opposing,Hawkeye,Winter Soldier,-0.010630796598916007,-0.009029118527453988
opposing,Hawkeye,Peni Parker,0.028493352968291318,0.022833326773330127
opposing,Hawkeye,Star-lord,0.011174828040042306,0.013219315434359665
opposing,Hawkeye,Blade,-0.013941233958766872,-0.01609503494607443
opposing,Hawkeye,Namor,-0.010024149390985884,-0.005564632903372654
opposing,Hawkeye,Adam Warlock,0.014363253557597846,0.01662241017030236
opposing,Hawkeye,Jeff The Land Shark,-0.008603464638004014,-0.010670754993774635
opposing,Hawkeye,Psylocke,0.0007228339843469359,0.0033866962347839976
opposing,Hawkeye,Wolverine,0.006921096581727283,0.009574350430490128
opposing,Hawkeye,Invisible Woman,-0.03065452755990609,-0.030912252410020803
opposing,Hawkeye,The Thing,0.015808044456927923,0.010346911862872161
opposing,Hawkeye,Iron Fist,0.039059342701398,0.04001637837839622
opposing,Hawkeye,Emma Frost,-0.008317101578103392,-0.012613492927910797
opposing,Hawkeye,Phoenix,0.011950102633992292,0.01606996476382736
opposing,Hawkeye,Daredevil,-0.013466176008088408,-0.01468790646401304
opposing,Hawkeye,Angela,-0.010695818127791322,-0.012891618108218822
opposing,Hawkeye,Gambit,0.03074318022327508,0.03553759614538493
opposing,Hawkeye,Elsa Bloodstone,-0.02561670482852411,-0.023493140783170625
opposing,Hawkeye,White Fox,-0.0033164960454223655,-0.005746265957137659
opposing,Hawkeye,Black Cat,-0.007556432796166189,-0.005687657002241005
opposing,Hawkeye,Devil Dinosaur,0.009250420844154623,0.004296883602462132
opposing,Hawkeye,Cyclops,-0.006355619188106073,-0.0015632118031486649
opposing,Hawkeye,Jubilee,0.0035842688414955822,-0.0016944918390721193
opposing,Hawkeye,Rogue,0.006723711234650987,0.004455746900771259
opposing,Hawkeye,The Hood,-0.009158577313580057,-0.012795198768874172
opposing,Hawkeye,Deadpool (Vanguard),-0.019427420256681698,-0.025313814234357246
opposing,Hawkeye,Deadpool (Duelist),-0.0031863389134992324,-0.002593274296690976
opposing,Hawkeye,Deadpool (Strategist),0.01278083348336062,0.011922689974607789
opposing,Captain America,Rocket Raccoon,0.003036611234564361,0.000734653841565693
opposing,Captain America,Hela,0.0105575544877377,0.0069737871896592375
opposing,Captain America,Cloak & Dagger,-0.005210209455025293,-0.008938487648199735
opposing,Captain America,Black Panther,0.011809605904868754,0.003018119759340851
opposing,Captain America,Groot,0.0021298669781015327,0.0022202452239498817
opposing,Captain America,Ultron,0.0063282804306979655,0.008795502534050332
opposing,Captain America,Magik,-0.0023219199901548136,0.003765347997178624
opposing,Captain America,Moon Knight,0.0009082030199296484,0.001355992923406914
opposing,Captain America,Luna Snow,-0.009396703735664832,-0.005377057072588305
opposing,Captain America,Squirrel Girl,-0.0013573489338582782,-0.0034924172073877
opposing,Captain America,Black Widow,0.002008282943496695,-0.0036172185979579143
opposing,Captain America,Iron Man,0.00916393841065528,0.011317318839505446
opposing,Captain America,Venom,0.0010932342358274969,0.004897527246207705
opposing,Captain America,Spider-man,0.05054328994668998,0.054917830688602474
opposing,Captain America,Magneto,0.006063599435014585,-0.012870618112679998
opposing,Captain America,Scarlet Witch,-0.010761816238039214,-0.012840885997826023
opposing,Captain America,Thor,-0.008348474819000593,-0.012046376359191861
opposing,Captain America,Mister Fantastic,-0.006504953001352799,-0.0069880958454329204
opposing,Captain America,Winter Soldier,0.022306997093151506,0.020276745702909122
opposing,Captain America,Peni Parker,-0.013820325596430327,-0.008513650416098448
opposing,Captain America,Star-lord,-0.026473972304260074,-0.03156030798637699
opposing,Captain America,Blade,-0.009419278892176617,-0.006954800561578355
opposing,Captain America,Namor,-0.016854775730541685,-0.025631895378733435
opposing,Captain America,Adam Warlock,0.007073603814139128,0.004697238454581108
opposing,Captain America,Jeff The Land Shark,0.01175662552436224,0.013120737991338397
opposing,Captain America,Psylocke,-0.011942274653986916,-0.014776918766990573
opposing,Captain America,Wolverine,-0.01671119978103159,-0.013614045799440781
opposing,Captain America,Invisible Woman,0.048878371871670136,0.05034383617729888
opposing,Captain America,The Thing,-0.01871971325486385,-0.009573080850743482
opposing,Captain America,Iron Fist,0.0035801971841073646,0.011596559682056343
opposing,Captain America,Emma Frost,-0.012688174849431015,-0.01451135439317836
opposing,Captain America,Phoenix,0.006851131929087319,0.0044209501404658185
opposing,Captain America,Daredevil,-0.018520998068692736,-0.017690879130434843
opposing,Captain America,Angela,0.0060586975075026354,0.0046474238646992865
opposing,Captain America,Gambit,-0.028035377686061257,-0.03013361482126362
opposing,Captain America,Elsa Bloodstone,-0.021549927497685473,-0.02774068678807672
opposing,Captain America,White Fox,-0.017338946743552845,-0.012413674607781287
opposing,Captain America,Black Cat,-0.013940276047131136,-0.015283297466640535
opposing,Captain America,Devil Dinosaur,0.0009616886708625776,0.006795395093456388
opposing,Captain America,Cyclops,0.0064803738743290824,0.006941247161704904
opposing,Captain America,Jubilee,-0.026450537287564378,-0.018864210271546503
opposing,Captain America,Rogue,6.430296339996562e-05,4.13062042821346e-05
opposing,Captain America,The Hood,0.031203883624994717,0.03571982790384669
opposing,Captain America,Deadpool (Vanguard),-0.02031982614216917,-0.023114698260745293
opposing,Captain America,Deadpool (Duelist),0.012176383646737652,0.009584740146421926
opposing,Captain America,Deadpool (Strategist),-0.021439170218868077,-0.021078283085704013
opposing,Rocket Raccoon,Hela,-0.020891410241413545,-0.024984296892753544
opposing,Rocket Raccoon,Cloak & Dagger,-0.004937805442912423,-0.013785989708770274
opposing,Rocket Raccoon,Black Panther,-0.001881595031003823,0.0025153842388085765
opposing,Rocket Raccoon,Groot,-0.004548381795198485,0.0018563430088294627
opposing,Rocket Raccoon,Ultron,0.019577550693257707,0.02029639316331204
opposing,Rocket Raccoon,Magik,-0.012361299719066974,-0.00927941383840858
opposing,Rocket Raccoon,Moon Knight,0.019180536329558982,0.02164886726153079
opposing,Rocket Raccoon,Luna Snow,0.01982462747749272,0.0026815708444000593
opposing,Rocket Raccoon,Squirrel Girl,0.04485910630789215,0.051664611834188266
opposing,Rocket Raccoon,Black Widow,-0.03171173949750297,-0.030803830703841118
opposing,Rocket Raccoon,Iron Man,0.02851163171579009,0.03624914157709294
opposing,Rocket Raccoon,Venom,-0.0026490670397196422,-0.00016077903930407491
opposing,Rocket Raccoon,Spider-man,-0.04321069000451624,-0.04795321341359737
opposing,Rocket Raccoon,Magneto,0.022949254422165773,0.03486135062823409
opposing,Rocket Raccoon,Scarlet Witch,0.017186374449284916,0.016823994130389038
opposing,Rocket Raccoon,Thor,-0.029892843819235137,-0.032198711655181254
opposing,Rocket Raccoon,Mister Fantastic,0.028225031128120293,0.03209591626996693
opposing,Rocket Raccoon,Winter Soldier,-0.004801820036051856,-0.0011638176140895476
opposing,Rocket Raccoon,Peni Parker,-0.013127726972054617,-0.005291606132759246
opposing,Rocket Raccoon,Star-lord,-0.034554365754943556,-0.03466427009103228
opposing,Rocket Raccoon,Blade,-0.01672097316841104,-0.016434000101285064
opposing,Rocket Raccoon,Namor,0.03183706709244427,0.03670219123382857
opposing,Rocket Raccoon,Adam Warlock,0.0026783619362632516,-0.002221024749717142
opposing,Rocket Raccoon,Jeff The Land Shark,-0.0115406780472259,-0.01935967510884734
opposing,Rocket Raccoon,Psylocke,-0.025243075778478258,-0.02805542090079209
opposing,Rocket Raccoon,Wolverine,0.010860176732477318,0.006109348477710573
opposing,Rocket Raccoon,Invisible Woman,0.011849502857778456,0.005211127154863103
opposing,Rocket Raccoon,The Thing,0.01939151845213668,0.023595207257895903
opposing,Rocket Raccoon,Iron Fist,-0.053011558349988906,-0.05958684088743684
opposing,Rocket Raccoon,Emma Frost,-0.009666305823888941,-0.0047340371002618006
opposing,Rocket Raccoon,Phoenix,-0.0056469414159667055,-0.005218814703485392
opposing,Rocket Raccoon,Daredevil,-0.04364746104015846,-0.04794988276075762
opposing,Rocket Raccoon,Angela,-0.009774307516468132,-0.007121646903955275
opposing,Rocket Raccoon,Gambit,0.020317391561499726,0.010605158466330079
opposing,Rocket Raccoon,Elsa Bloodstone,0.0030824835035927925,0.0030739049278000943
opposing,Rocket Raccoon,White Fox,0.004958702762740378,-0.007304951487459984
opposing,Rocket Raccoon,Black Cat,-0.001566875454018483,-0.0031352909381883514
opposing,Rocket Raccoon,Devil Dinosaur,0.019213194378583726,0.028047958171245387
opposing,Rocket Raccoon,Cyclops,0.03338464417643291,0.030646776288255816
opposing,Rocket Raccoon,Jubilee,0.0069489622498526485,-0.0017014644998793475
opposing,Rocket Raccoon,Rogue,-0.005465797000840322,-0.00039496684191707676
opposing,Rocket Raccoon,The Hood,-0.0141369800238903,-0.011078118093903112
opposing,Rocket Raccoon,Deadpool (Vanguard),-0.009153199206942467,-0.0036398454673074857
opposing,Rocket Raccoon,Deadpool (Duelist),-0.010834931460349608,-0.005156816768772212
opposing,Rocket Raccoon,Deadpool (Strategist),0.020726356634462255,0.01687891260221687
opposing,Hela,Cloak & Dagger,0.0012094526804344518,0.006540380355602586
opposing,Hela,Black Panther,0.01111414255206608,0.01206177528123937
opposing,Hela,Groot,-0.015276148208646728,-0.014102471079097635
opposing,Hela,Ultron,0.036997261887711394,0.04212220934649107
opposing,Hela,Magik,-0.0008487787563669371,-0.009737673674795565
opposing,Hela,Moon Knight,-0.01201648010588073,-0.016455434368087152
opposing,Hela,Luna Snow,0.005960225220821811,0.013216099729620671
opposing,Hela,Squirrel Girl,0.017115238920424505,0.015740953294472046
opposing,Hela,Black Widow,-0.04738595965346251,-0.05353175477915141
opposing,Hela,Iron Man,0.03853017044741756,0.03582025059080202
opposing,Hela,Venom,-0.0021749670465900637,0.00034782807113813933
opposing,Hela,Spider-man,0.003969367394085844,0.0014348068373379826
opposing,Hela,Magneto,-0.05901419691535707,-0.05275330566822778
opposing,Hela,Scarlet Witch,0.01153910224192361,0.010831580826491804
opposing,Hela,Thor,0.007837834204666529,0.014921172521515506
opposing,Hela,Mister Fantastic,0.008039651816175499,0.005131200710550249
opposing,Hela,Winter Soldier,-0.027104259251313455,-0.03204044594177644
opposing,Hela,Peni Parker,0.007829660803438493,0.006199869900941447
opposing,Hela,Star-lord,0.0029570929769198624,-0.0008758261835457799
opposing,Hela,Blade,0.018768717921277833,0.014011725334640644
opposing,Hela,Namor,0.03299513324457617,0.035676204593301154
opposing,Hela,Adam Warlock,-0.021802469806567932,-0.0201881481469034
opposing,Hela,Jeff The Land Shark,-0.0012666622239894914,0.0014590281894724482
opposing,Hela,Psylocke,-0.008040749036713394,-0.011297961177694367
opposing,Hela,Wolverine,0.0024689733733186973,-0.000453930384324351
opposing,Hela,Invisible Woman,-0.04806675095761728,-0.046625123264965145
opposing,Hela,The Thing,0.026120380992525994,0.028178541868732417
opposing,Hela,Iron Fist,-0.020434604994940486,-0.02945707288338254
opposing,Hela,Emma Frost,-0.010991277898616635,-0.009231142336130435
opposing,Hela,Phoenix,-0.001319017964289505,-0.003480673232050187
opposing,Hela,Daredevil,0.024957679750519324,0.021589870005550103
opposing,Hela,Angela,-0.02910365281873809,-0.027015123670354878
opposing,Hela,Gambit,0.01719372578716109,0.024170340372237437
opposing,Hela,Elsa Bloodstone,0.009605087649989056,0.009326407343890388
opposing,Hela,White Fox,-0.004525208462260378,-0.0032301869585996774
opposing,Hela,Black Cat,0.004816628330485935,0.002455261264810082
opposing,Hela,Devil Dinosaur,0.009223200422891382,0.010624336225001425
opposing,Hela,Cyclops,-0.010021990111083248,-0.01074288014969722
opposing,Hela,Jubilee,0.022493689058791493,0.023454486372866526
opposing,Hela,Rogue,-0.004377088044928069,-0.0015376780525628146
opposing,Hela,The Hood,-0.01998938362633267,-0.01848821945966783
opposing,Hela,Deadpool (Vanguard),0.014348114842839509,0.0186238471407032
opposing,Hela,Deadpool (Duelist),0.011746231747005951,0.008313914266921416
opposing,Hela,Deadpool (Strategist),-0.010330100199009715,-0.010201229950578095
opposing,Cloak & Dagger,Black Panther,-0.004901202948786551,-0.004579960387647514
opposing,Cloak & Dagger,Groot,-0.010724741808533077,-0.005211707388727893
opposing,Cloak & Dagger,Ultron,-0.004557409061114714,-0.0002763396337997738
opposing,Cloak & Dagger,Magik,-0.03254651043326902,-0.03568606161083639
opposing,Cloak & Dagger,Moon Knight,0.007483058476906702,0.004790918958346457
opposing,Cloak & Dagger,Luna Snow,-0.028768474350396714,-0.046796238948686404
opposing,Cloak & Dagger,Squirrel Girl,-0.014613207866457412,-0.018940027330905516
opposing,Cloak & Dagger,Black Widow,-0.013471081670766542,-0.013981376367713152
opposing,Cloak & Dagger,Iron Man,0.01053897949835821,0.01233162211353155
opposing,Cloak & Dagger,Venom,0.0557254482944576,0.06769629373435766
opposing,Cloak & Dagger,Spider-man,0.018565278291666855,0.017846465200658086
opposing,Cloak & Dagger,Magneto,-0.0097511257309216,-0.002993508860107746
opposing,Cloak & Dagger,Scarlet Witch,0.020709200218399,0.017088887401691864
opposing,Cloak & Dagger,Thor,0.007103083386101774,0.01084392846893367
opposing,Cloak & Dagger,Mister Fantastic,-0.0010384971973804139,-0.004523838815171883
opposing,Cloak & Dagger,Winter Soldier,0.0047565476011153015,0.005891060258772984
opposing,Cloak & Dagger,Peni Parker,-0.034023081893679856,-0.029444204191725394
opposing,Cloak & Dagger,Star-lord,0.013715059027137214,0.015940547069858067
opposing,Cloak & Dagger,Blade,-0.03583916726856737,-0.04164025418291146
opposing,Cloak & Dagger,Namor,-0.015095646978777898,-0.019795397815246887
opposing,Cloak & Dagger,Adam Warlock,0.002550644219942507,0.0055784375890502984
opposing,Cloak & Dagger,Jeff The Land Shark,-0.01340818826678824,-0.013616331183001784
opposing,Cloak & Dagger,Psylocke,0.013935313562454157,0.012321981388806354
opposing,Cloak & Dagger,Wolverine,-0.052804486032503074,-0.06921168285184288
opposing,Cloak & Dagger,Invisible Woman,-0.0204101355180094,-0.024963498558466947
opposing,Cloak & Dagger,The Thing,0.0026801141509943515,0.004298980454847427
opposing,Cloak & Dagger,Iron Fist,0.021108691542783952,0.020100154522982104
opposing,Cloak & Dagger,Emma Frost,-0.04102471890088537,-0.04103125623242665
opposing,Cloak & Dagger,Phoenix,-0.0006593896695085802,-0.0033061047076705214
opposing,Cloak & Dagger,Daredevil,0.03286307098150914,0.0344261800446679
opposing,Cloak & Dagger,Angela,-0.010359756767535117,-0.007700247309594874
opposing,Cloak & Dagger,Gambit,0.007916184639683136,0.003899588107693337
opposing,Cloak & Dagger,Elsa Bloodstone,0.015592777032808331,0.013449699429217057
opposing,Cloak & Dagger,White Fox,0.006465235841134977,0.002425898154152863
opposing,Cloak & Dagger,Black Cat,0.00728460368782479,0.0031243373774348104
opposing,Cloak & Dagger,Devil Dinosaur,-0.02474165184432248,-0.022870120862421878
opposing,Cloak & Dagger,Cyclops,0.04930343523969982,0.04485713051548058
opposing,Cloak & Dagger,Jubilee,0.024885885615785166,0.027447119117914674
opposing,Cloak & Dagger,Rogue,-0.020815924642475534,-0.018111140379466227
opposing,Cloak & Dagger,The Hood,0.013029899033706278,0.020555805430156067
opposing,Cloak & Dagger,Deadpool (Vanguard),0.024888573282648537,0.03597386507603094
opposing,Cloak & Dagger,Deadpool (Duelist),0.009228233561616762,0.013715958161989433
opposing,Cloak & Dagger,Deadpool (Strategist),0.015591542836601649,0.01876089775370993
opposing,Black Panther,Groot,0.0010387235738040295,0.009398811449656564
opposing,Black Panther,Ultron,-0.00854801235830236,-0.015229863200125586
opposing,Black Panther,Magik,0.01351422129671364,0.005715865057523455
opposing,Black Panther,Moon Knight,0.03310747129453614,0.03221993181935506
opposing,Black Panther,Luna Snow,-0.008950067547470863,-0.009671618654559769
opposing,Black Panther,Squirrel Girl,0.011560600399974967,0.009683442367378538
opposing,Black Panther,Black Widow,-0.0013216155109622811,-0.003840764430259167
opposing,Black Panther,Iron Man,0.006069053717101394,0.0007037431970525658
opposing,Black Panther,Venom,0.006496689723740002,0.01534498400673607
opposing,Black Panther,Spider-man,-0.021297428886551405,-0.025911834470758247
opposing,Black Panther,Magneto,-0.008655542529819954,0.008626361350224154
opposing,Black Panther,Scarlet Witch,0.0008022939436050085,-0.0008226734607002881
opposing,Black Panther,Thor,-0.0500930628653014,-0.04418616139266867
opposing,Black Panther,Mister Fantastic,0.008858822206487893,0.005957403407079632
opposing,Black Panther,Winter Soldier,0.0051116016670118575,0.002694182525006896
opposing,Black Panther,Peni Parker,-0.010223759628836718,-0.008538293578447263
opposing,Black Panther,Star-lord,-0.02980770051009454,-0.03632030447452934
opposing,Black Panther,Blade,-0.013536105626557379,-0.020935985422029388
opposing,Black Panther,Namor,0.009698181294843355,0.010456995162581714
opposing,Black Panther,Adam Warlock,-0.013788559720183202,-0.017286138319571757
opposing,Black Panther,Jeff The Land Shark,0.024817201684750535,0.024689736066953797
opposing,Black Panther,Psylocke,0.0007847946976424496,-0.0018248752695980577
opposing,Black Panther,Wolverine,0.02163466381982262,0.020186513972891885
opposing,Black Panther,Invisible Woman,-0.007177998932062715,-0.006738916256067444
opposing,Black Panther,The Thing,-0.02914772883278136,-0.027966075468288207
opposing,Black Panther,Iron Fist,0.017460160138699513,0.011410772135940652
opposing,Black Panther,Emma Frost,0.017940593533581142,0.028308285407314813
opposing,Black Panther,Phoenix,0.022410039761593982,0.022088207786895974
opposing,Black Panther,Daredevil,0.0009529254718996348,-0.004393765940367164
opposing,Black Panther,Angela,-0.003249412082081903,0.007100017172831178
opposing,Black Panther,Gambit,0.005074859247640286,0.0044229764954253495
opposing,Black Panther,Elsa Bloodstone,-0.03357036284278644,-0.037361580513315146
opposing,Black Panther,White Fox,-0.01478590076578439,-0.020887104819915375
opposing,Black Panther,Black Cat,-0.005430864377965435,-0.0086705321853254
opposing,Black Panther,Devil Dinosaur,0.010738974502895588,0.017659589716692833
opposing,Black Panther,Cyclops,-0.0228314351580329,-0.024635582125410845
opposing,Black Panther,Jubilee,0.008728993598145487,0.0018555649597885844
opposing,Black Panther,Rogue,-0.004531179062873704,0.0036396211405855033
opposing,Black Panther,The Hood,-0.016262411962806034,-0.008992704920375919
opposing,Black Panther,Deadpool (Vanguard),-0.020541786091859447,-0.014847213600997644
opposing,Black Panther,Deadpool (Duelist),0.008312921253177976,0.004547437608579201
opposing,Black Panther,Deadpool (Strategist),-0.027877355549600243,-0.036055531239843626
opposing,Groot,Ultron,-0.03442907927331847,-0.0428578776592428
opposing,Groot,Magik,-0.046905274501299866,-0.04396115776717942
opposing,Groot,Moon Knight,-0.02180067988272231,-0.022032158441391503
opposing,Groot,Luna Snow,-0.0016864850472410292,-0.0007734266317990138
opposing,Groot,Squirrel Girl,-0.014624925799760461,-0.01637581872360464
opposing,Groot,Black Widow,0.007640968663741786,0.004528518202829671
opposing,Groot,Iron Man,-0.011612652195812912,-0.009920891921022574
opposing,Groot,Venom,-0.007771756869975639,-0.0050940150481671035
opposing,Groot,Spider-man,0.020062341998485007,0.02288218936927392
opposing,Groot,Magneto,0.017087416341846087,8.646422290823574e-05
opposing,Groot,Scarlet Witch,0.005785930915678857,0.00744935596932573
opposing,Groot,Thor,0.0030298731066460377,0.0013197802288753705
opposing,Groot,Mister Fantastic,0.016943529307691215,0.020980161885199623
opposing,Groot,Winter Soldier,0.02014003823427115,0.019744306529669766
opposing,Groot,Peni Parker,0.010732206562827588,0.020053487979981802
opposing,Groot,Star-lord,-0.004753824835587351,-0.005515060174289435
opposing,Groot,Blade,-0.007137710001729713,-0.0025376415521871044
opposing,Groot,Namor,0.027632824305514617,0.02574527081189904
opposing,Groot,Adam Warlock,0.01657554767255862,0.011380549896258252
opposing,Groot,Jeff The Land Shark,0.02937987576438201,0.029230565768801578
opposing,Groot,Psylocke,0.024259049091309496,0.027380626825406314
opposing,Groot,Wolverine,-0.02039714581839278,-0.01583656686082502
opposing,Groot,Invisible Woman,-0.0027634261663706744,-0.013943267082272533
opposing,Groot,The Thing,-0.003869617926763835,0.007798938124769962
opposing,Groot,Iron Fist,-0.0070570875314223775,0.001639719486995556
opposing,Groot,Emma Frost,-0.0325811173917131,-0.03722745603733657
opposing,Groot,Phoenix,0.008985388806954256,0.008674204300695291
opposing,Groot,Daredevil,0.002047386166599561,0.007072873875281637
opposing,Groot,Angela,0.01672108238250862,0.017187469240488848
opposing,Groot,Gambit,-0.005672551476174023,-0.008522493507347134
opposing,Groot,Elsa Bloodstone,0.03486092315893716,0.03690273352708698
opposing,Groot,White Fox,0.010403963539408126,0.01544218714809579
opposing,Groot,Black Cat,-0.004768025924136535,-0.0031993090638926425
opposing,Groot,Devil Dinosaur,-0.010879909748060685,-0.0066306941006724135
opposing,Groot,Cyclops,-0.015327091790037373,-0.015443953704451679
opposing,Groot,Jubilee,-0.02703882793189751,-0.02389277816342151
opposing,Groot,Rogue,0.01255397335495794,0.01468975794532399
opposing,Groot,The Hood,-0.0013892936155995557,-0.0016503906999025093
opposing,Groot,Deadpool (Vanguard),0.003469099032906678,0.004571355153586422
opposing,Groot,Deadpool (Duelist),-0.01882197196860015,-0.023026588275073655
opposing,Groot,Deadpool (Strategist),0.024578525698136663,0.027989383423973866
opposing,Ultron,Magik,0.04912918031785435,0.060878546851475465
opposing,Ultron,Moon Knight,0.01961373107078849,0.02311738199376154
opposing,Ultron,Luna Snow,0.020527442959433873,0.006352883160868489
opposing,Ultron,Squirrel Girl,0.03510517202461766,0.041672606413852016
opposing,Ultron,Black Widow,-0.06056378948576369,-0.062281216292286876
opposing,Ultron,Iron Man,0.00047206137475085347,0.005685795591771348
opposing,Ultron,Venom,0.037011737325746134,0.04163392193792485
opposing,Ultron,Spider-man,-0.02142801081703045,-0.02246652867932831
opposing,Ultron,Magneto,-0.00018028422994430498,0.0037744034600624738
opposing,Ultron,Scarlet Witch,0.022035212547534388,0.023260107639267252
opposing,Ultron,Thor,-0.010556423467768352,-0.013994813551344009
opposing,Ultron,Mister Fantastic,0.019254751768338317,0.022985522638559765
opposing,Ultron,Winter Soldier,-0.04402105719360667,-0.04430428876799116
opposing,Ultron,Peni Parker,0.005100951614227147,0.011626520279345376
opposing,Ultron,Star-lord,-0.014473182968297669,-0.0110917688077081
opposing,Ultron,Blade,-0.00989632574140656,-0.0077751010975574755
opposing,Ultron,Namor,-0.024574383504304985,-0.025779520039166788
opposing,Ultron,Adam Warlock,-0.015300787972071121,-0.02062839880357433
opposing,Ultron,Jeff The Land Shark,0.022282763415704735,0.023454195185154122
opposing,Ultron,Psylocke,0.004075654989059912,0.005909321861035901
opposing,Ultron,Wolverine,0.012858913777880725,0.00933909830213696
opposing,Ultron,Invisible Woman,0.009737876700517982,0.005556281170456887
opposing,Ultron,The Thing,0.014719385597181868,0.01393203467570808
opposing,Ultron,Iron Fist,-0.02591438775025654,-0.02812135331439038
opposing,Ultron,Emma Frost,-0.011938096732704198,-0.011611098494966214
opposing,Ultron,Phoenix,-0.006345957487305466,-0.005024037135393945
opposing,Ultron,Daredevil,-0.041950133119608345,-0.045059218201791186
opposing,Ultron,Angela,-0.007788560528115001,-0.009056923239446383
opposing,Ultron,Gambit,0.008638814432579809,-0.0003560841209463916
opposing,Ultron,Elsa Bloodstone,0.007763873128304961,0.009321638903948838
opposing,Ultron,White Fox,0.04750597155840036,0.045818896563403426
opposing,Ultron,Black Cat,0.010237937056276498,0.011126293784241053
opposing,Ultron,Devil Dinosaur,-0.02340758590855743,-0.025662751609015873
opposing,Ultron,Cyclops,0.017624460975752113,0.013897740835837474
opposing,Ultron,Jubilee,-0.0019406601897068824,-0.009366669727002633
opposing,Ultron,Rogue,-0.01842156864933424,-0.01967307730946279
opposing,Ultron,The Hood,-0.010605272346350858,-0.011218975772302965
opposing,Ultron,Deadpool (Vanguard),-0.007686850895865528,-0.006177995267494173
opposing,Ultron,Deadpool (Duelist),-0.009845145252998297,-0.003062136637154435
opposing,Ultron,Deadpool (Strategist),-0.004148520174701706,-0.009677956879893469
opposing,Magik,Moon Knight,0.0337485287619346,0.041791767827072675
opposing,Magik,Luna Snow,-0.034743593907743,-0.03868420550671982
opposing,Magik,Squirrel Girl,-0.020241146454573755,-0.015782950292606804
opposing,Magik,Black Widow,0.01521112596289076,0.022894090304429394
opposing,Magik,Iron Man,-0.04457966265287576,-0.04511737653959548
opposing,Magik,Venom,-0.019692105729041766,-0.030264140236214786
opposing,Magik,Spider-man,0.0008798529822275762,0.006919123890450327
opposing,Magik,Magneto,0.029556803215184987,0.0346723530004151
opposing,Magik,Scarlet Witch,0.017254473502912763,0.025825174406279364
opposing,Magik,Thor,-0.010792055175272368,-0.016928883787162452
opposing,Magik,Mister Fantastic,0.022259589958720655,0.02930972652241829
opposing,Magik,Winter Soldier,-0.018170098543859238,-0.013570559759806613
opposing,Magik,Peni Parker,-0.03321619037417849,-0.050591023023284935
opposing,Magik,Star-lord,-0.014690209295151592,-0.01111392001946368
opposing,Magik,Blade,0.017172188872534265,0.021108466579916864
opposing,Magik,Namor,-0.010745275404542108,-0.0027424441298273114
opposing,Magik,Adam Warlock,0.015116350906663271,0.015237016438776636
opposing,Magik,Jeff The Land Shark,-0.0022138455963862046,-0.005715061821178925
opposing,Magik,Psylocke,0.009850643902756612,0.016845735814852512
opposing,Magik,Wolverine,-0.006038208286881671,-0.0008206939594214753
opposing,Magik,Invisible Woman,0.02086345492403957,0.02481284963519374
opposing,Magik,The Thing,-0.08420465246509581,-0.10569495771319164
opposing,Magik,Iron Fist,0.0066175435585209925,0.008580240172275128
opposing,Magik,Emma Frost,0.01848811968041245,0.012446991515581802
opposing,Magik,Phoenix,0.03081825299173056,0.04004857201837076
opposing,Magik,Daredevil,-0.010767387242200378,-0.0081722097286679
opposing,Magik,Angela,0.004930811314190489,-0.00026885258147424916
opposing,Magik,Gambit,-0.03828863367263249,-0.044355822736735405
opposing,Magik,Elsa Bloodstone,-0.046050517480696176,-0.04196065357933039
opposing,Magik,White Fox,-0.009081477888431725,-0.014464498779747516
opposing,Magik,Black Cat,-0.03025090258012867,-0.02659667950073442
opposing,Magik,Devil Dinosaur,0.06445579686918053,0.060956441343857415
opposing,Magik,Cyclops,0.003625471610825982,0.012817371127884022
opposing,Magik,Jubilee,0.010041882691976896,0.003337695493495033
opposing,Magik,Rogue,0.015717725614403696,0.009698817097288396
opposing,Magik,The Hood,0.06117437095434809,0.06069586105597004
opposing,Magik,Deadpool (Vanguard),-0.015343551955780943,-0.02553395602117814
opposing,Magik,Deadpool (Duelist),-0.01341672018878164,-0.010041081205809911
opposing,Magik,Deadpool (Strategist),0.026924008791845342,0.025601133947428772
opposing,Moon Knight,Luna Snow,0.0030359238571709235,0.008374036433573179
opposing,Moon Knight,Squirrel Girl,-0.0008843371807310778,-0.00022095304104002476
opposing,Moon Knight,Black Widow,0.005103723780852272,0.006634739183644515
opposing,Moon Knight,Iron Man,-0.022348195720620075,-0.026450749016942655
opposing,Moon Knight,Venom,-0.0009687934849531962,-0.003428572860409892
opposing,Moon Knight,Spider-man,-0.010895180947922606,-0.01114126951829518
opposing,Moon Knight,Magneto,-0.022374523017816395,-0.01710507023702569
opposing,Moon Knight,Scarlet Witch,-0.0006907580554866653,0.001100967559024669
opposing,Moon Knight,Thor,0.0133400608400251,0.015924720751663325
opposing,Moon Knight,Mister Fantastic,0.0233902225792994,0.02518745298846002
opposing,Moon Knight,Winter Soldier,0.01861454528734678,0.02081349881371258
opposing,Moon Knight,Peni Parker,0.035462316421037934,0.0318265602679232
opposing,Moon Knight,Star-lord,0.022134745385337395,0.02331367427128112
opposing,Moon Knight,Blade,-0.03216554897380297,-0.037519647058310665
opposing,Moon Knight,Namor,0.01702145486209198,0.02190226779395419
opposing,Moon Knight,Adam Warlock,0.003463434597994862,0.006683770046289502
opposing,Moon Knight,Jeff The Land Shark,-0.0009582919505571523,0.000253720485143586
opposing,Moon Knight,Psylocke,-0.04402517393297981,-0.04668350421192614
opposing,Moon Knight,Wolverine,0.007133239072984774,0.008061112425050974
opposing,Moon Knight,Invisible Woman,-0.003235969251011331,0.002257281893026303
opposing,Moon Knight,The Thing,0.04135373297242223,0.04000930373772023
opposing,Moon Knight,Iron Fist,0.016796517424593073,0.014230175183449663
opposing,Moon Knight,Emma Frost,-0.004157351053989632,-0.006745894697318564
opposing,Moon Knight,Phoenix,0.0159350506042391,0.018631356675696667
opposing,Moon Knight,Daredevil,0.035566227709917346,0.03652473765543593
opposing,Moon Knight,Angela,-0.009690136890355486,-0.010533355210331418
opposing,Moon Knight,Gambit,0.01125584717247444,0.015938002668774712
opposing,Moon Knight,Elsa Bloodstone,0.010625661721581841,0.013906263194946557
opposing,Moon Knight,White Fox,0.016203947285283307,0.018537888995446724
opposing,Moon Knight,Black Cat,0.018610700777604235,0.020830495361433807
opposing,Moon Knight,Devil Dinosaur,0.019413528378661407,0.01684404114406858
opposing,Moon Knight,Cyclops,-0.014512838037738647,-0.012115360056749088
opposing,Moon Knight,Jubilee,0.0331864671323728,0.033931637443705254
opposing,Moon Knight,Rogue,-0.010408606207234352,-0.01336700521542122
opposing,Moon Knight,The Hood,-0.020378220052737383,-0.024039288097690698
opposing,Moon Knight,Deadpool (Vanguard),-0.016290440433738167,-0.020584188899297827
opposing,Moon Knight,Deadpool (Duelist),0.00861772134336952,0.008412758884730033
opposing,Moon Knight,Deadpool (Strategist),-0.018690283526238693,-0.02115866045565094
opposing,Luna Snow,Squirrel Girl,-0.031582828321341044,-0.03936195060873191
opposing,Luna Snow,Black Widow,0.030157116450405187,0.03376924625252274
opposing,Luna Snow,Iron Man,-0.012430546137367769,-0.014840194492742481
opposing,Luna Snow,Venom,-0.0047279637924298795,-0.0108935995892762
opposing,Luna Snow,Spider-man,0.0297013744433709,0.029043473105242835
opposing,Luna Snow,Magneto,-0.013862666590103476,-0.01618658736586903
opposing,Luna Snow,Scarlet Witch,0.016361574424129544,0.010866708117056421
opposing,Luna Snow,Thor,0.011854642999299916,0.007938377297184907
opposing,Luna Snow,Mister Fantastic,-0.01847705426841653,-0.02547331578616982
opposing,Luna Snow,Winter Soldier,-0.004941162115181679,-0.006349963438143426
opposing,Luna Snow,Peni Parker,-0.015428435096646835,-0.016281886310808673
opposing,Luna Snow,Star-lord,-0.0012426561527387396,-0.0022179827735846857
opposing,Luna Snow,Blade,0.003119318547288308,0.0008569420938438714
opposing,Luna Snow,Namor,0.013530786628765008,0.011078239727156576
opposing,Luna Snow,Adam Warlock,-0.029278853231430875,-0.019241108318900683
opposing,Luna Snow,Jeff The Land Shark,-0.016588296807249537,-0.004577508378056663
opposing,Luna Snow,Psylocke,-0.012374883183353403,-0.01860809021630946
opposing,Luna Snow,Wolverine,-0.004094946587138484,-0.015744551241890028
opposing,Luna Snow,Invisible Woman,-0.012715489758507786,-0.0030726933990202062
opposing,Luna Snow,The Thing,0.03218734017827799,0.030127684942305045
opposing,Luna Snow,Iron Fist,-0.008297166192797722,-0.014312535695629586
opposing,Luna Snow,Emma Frost,0.023885084800602256,0.02588972591258917
opposing,Luna Snow,Phoenix,0.01645843668943983,0.014620349680064133
opposing,Luna Snow,Daredevil,0.0018893720416224462,-0.0017503315287869304
opposing,Luna Snow,Angela,-0.003730040825948772,-0.00842579560017876
opposing,Luna Snow,Gambit,0.0006221843366751003,0.008076538829628676
opposing,Luna Snow,Elsa Bloodstone,-0.0015695259135405709,-0.0071889916515077675
opposing,Luna Snow,White Fox,-0.01881739385154827,-0.01465644040261887
opposing,Luna Snow,Black Cat,0.016049691330757683,0.011653960709652007
opposing,Luna Snow,Devil Dinosaur,0.0030617901961316517,0.0009809772117514884
opposing,Luna Snow,Cyclops,9.524624898426778e-05,-0.01183318236515673
opposing,Luna Snow,Jubilee,-0.029779776653046788,-0.02436062157430552
opposing,Luna Snow,Rogue,0.013659230207492379,0.013483910062892781
opposing,Luna Snow,The Hood,-0.0018036445247753153,-0.005082454780149532
opposing,Luna Snow,Deadpool (Vanguard),-0.01801682724048992,-0.022247800539679948
opposing,Luna Snow,Deadpool (Duelist),0.02395131738242934,0.028948327194321274
opposing,Luna Snow,Deadpool (Strategist),-0.003488027821879013,0.009009447146450347
opposing,Squirrel Girl,Black Widow,-0.004135574937968104,-0.004077834546831029
opposing,Squirrel Girl,Iron Man,-0.018859087817990464,-0.023416643596252215
opposing,Squirrel Girl,Venom,-0.04975275712672639,-0.05537976112577531
opposing,Squirrel Girl,Spider-man,-0.0001659213835875624,-0.000287800302962874
opposing,Squirrel Girl,Magneto,-0.014328155329433653,-0.005824708533398934
opposing,Squirrel Girl,Scarlet Witch,0.013600384791406296,0.015801270719519526
opposing,Squirrel Girl,Thor,0.008055226173073218,0.01237228862586557
opposing,Squirrel Girl,Mister Fantastic,0.009040030122959206,0.008955114021463075
opposing,Squirrel Girl,Winter Soldier,0.0026323330715963306,0.002818578506552553
opposing,Squirrel Girl,Peni Parker,0.027473003682076363,0.025265024792774007
opposing,Squirrel Girl,Star-lord,-0.026311039976004456,-0.02974190503311762
opposing,Squirrel Girl,Blade,0.025739728113465758,0.024283921081790026
opposing,Squirrel Girl,Namor,0.01972245498272863,0.024085216810092236
opposing,Squirrel Girl,Adam Warlock,-0.00643028256199229,-0.005574015105728698
opposing,Squirrel Girl,Jeff The Land Shark,0.003926944574741605,0.004622258229072033
opposing,Squirrel Girl,Psylocke,-0.025518199156688997,-0.027430102567681594
opposing,Squirrel Girl,Wolverine,-0.018951520565716567,-0.020844559098896015
opposing,Squirrel Girl,Invisible Woman,-0.004917670681864573,-0.0007619855637162513
opposing,Squirrel Girl,The Thing,0.026705103596260407,0.026038363762389428
opposing,Squirrel Girl,Iron Fist,0.013842107074746866,0.01030528089146622
opposing,Squirrel Girl,Emma Frost,0.013359147962622386,0.015071288951178678
opposing,Squirrel Girl,Phoenix,0.002110473974378458,0.0029666828012976363
opposing,Squirrel Girl,Daredevil,0.0024108381635275376,-1.7214168814603787e-05
opposing,Squirrel Girl,Angela,-0.009846612561035419,-0.008379783507859563
opposing,Squirrel Girl,Gambit,-0.015397224377043588,-0.015174056171465725
opposing,Squirrel Girl,Elsa Bloodstone,0.03004882429093528,0.034149147655698736
opposing,Squirrel Girl,White Fox,0.01052800241361636,0.011025097667788754
opposing,Squirrel Girl,Black Cat,-0.013555611494377031,-0.014643253006455498
opposing,Squirrel Girl,Devil Dinosaur,0.005370960440384133,0.003547427768581858
opposing,Squirrel Girl,Cyclops,0.01038339105311913,0.01403843624722777
opposing,Squirrel Girl,Jubilee,0.030029142831654455,0.029252294258364456
opposing,Squirrel Girl,Rogue,-0.010424766480427325,-0.011057313359152058
opposing,Squirrel Girl,The Hood,-0.02085732986165843,-0.022244691191888214
opposing,Squirrel Girl,Deadpool (Vanguard),-0.009719570799267005,-0.01094552145895181
opposing,Squirrel Girl,Deadpool (Duelist),0.007221827504104682,0.006171062424174467
opposing,Squirrel Girl,Deadpool (Strategist),-0.000761970400861118,-0.0021166615366338217
opposing,Black Widow,Iron Man,0.06359027502952572,0.06524008189289074
opposing,Black Widow,Venom,-0.009545453810757155,-0.006774084039336135
opposing,Black Widow,Spider-man,0.01589257619132929,0.016666790691772803
opposing,Black Widow,Magneto,-0.04056364867618146,-0.031145769492015807
opposing,Black Widow,Scarlet Witch,0.011473772369940334,0.013115942918161766
opposing,Black Widow,Thor,-0.0014232209498646468,0.005695743383300974
opposing,Black Widow,Mister Fantastic,-0.04761381124245646,-0.05261962103936036
opposing,Black Widow,Winter Soldier,0.014243518047550465,0.014970071894408497
opposing,Black Widow,Peni Parker,-0.0002619487594879789,-0.0017243903784821375
opposing,Black Widow,Star-lord,0.03463901628599597,0.03569556934366832
opposing,Black Widow,Blade,-0.022972832950712656,-0.028714231253697185
opposing,Black Widow,Namor,0.013998751952331589,0.01751503115108891
opposing,Black Widow,Adam Warlock,0.01658132158177071,0.01664028056296454
opposing,Black Widow,Jeff The Land Shark,-0.015426106830010179,-0.02082368359431386
opposing,Black Widow,Psylocke,0.000584323443638051,0.00037203545449709545
opposing,Black Widow,Wolverine,-0.030730059772975018,-0.03395396782890966
opposing,Black Widow,Invisible Woman,-0.04222606522649534,-0.046407688419466006
opposing,Black Widow,The Thing,0.04080818624038576,0.04559950960680451
opposing,Black Widow,Iron Fist,-0.04104611134419507,-0.0493625813871656
opposing,Black Widow,Emma Frost,-0.046043853670222165,-0.04715318095213374
opposing,Black Widow,Phoenix,-0.0009951986702489252,-0.0007760300410744594
opposing,Black Widow,Daredevil,0.011147121691683911,0.009029385655419758
opposing,Black Widow,Angela,-0.016425858733295915,-0.011830569450906757
opposing,Black Widow,Gambit,0.007097312982236254,0.00645853936468396
opposing,Black Widow,Elsa Bloodstone,-0.008939681586430827,-0.008347025078031185
opposing,Black Widow,White Fox,-0.026969269656441582,-0.03483309240406657
opposing,Black Widow,Black Cat,-0.013451025232946756,-0.014918886230285323
opposing,Black Widow,Devil Dinosaur,-0.0046072408203436145,-0.0036851625998203814
opposing,Black Widow,Cyclops,0.006020672912202095,0.00893811426886285
opposing,Black Widow,Jubilee,-0.0032578487332857796,-0.011869330245233442
opposing,Black Widow,Rogue,-0.0033160214285608085,0.0007216711532167913
opposing,Black Widow,The Hood,-0.003237257709077484,0.0012295885836381727
opposing,Black Widow,Deadpool (Vanguard),0.022516654812515868,0.028791236753323977
opposing,Black Widow,Deadpool (Duelist),-0.02802392824312267,-0.0322829401690056
opposing,Black Widow,Deadpool (Strategist),0.011913402822749714,0.008469374346888226
opposing,Iron Man,Venom,0.015175747548615085,0.013758760431840574
opposing,Iron Man,Spider-man,-0.0634052999853427,-0.06553750044003591
opposing,Iron Man,Magneto,-0.0219132942887477,-0.017367576184671742
opposing,Iron Man,Scarlet Witch,0.002616374764538144,0.006987368643324438
opposing,Iron Man,Thor,-0.0025169356500968783,-0.002494052266785535
opposing,Iron Man,Mister Fantastic,-0.003835877965609639,-0.001902037961368763
opposing,Iron Man,Winter Soldier,-0.02381637009331571,-0.022697192158729937
opposing,Iron Man,Peni Parker,0.014347048300846398,0.007557237770962881
opposing,Iron Man,Star-lord,-0.01725161523093969,-0.016908897555625156
opposing,Iron Man,Blade,0.03940550974638355,0.042091793998163755
opposing,Iron Man,Namor,0.021311145892624603,0.0288498317456024
opposing,Iron Man,Adam Warlock,0.0003842902129171572,-0.0008830593929750651
opposing,Iron Man,Jeff The Land Shark,0.006654790616392631,0.004715646366909945
opposing,Iron Man,Psylocke,-0.027291710711767444,-0.026296666294343803
opposing,Iron Man,Wolverine,0.010040698633975777,0.013515866389594233
opposing,Iron Man,Invisible Woman,-0.010393978927552741,-0.009898270999134932
opposing,Iron Man,The Thing,0.03940519967202674,0.03706560652102748
opposing,Iron Man,Iron Fist,-0.0213131437274677,-0.024613561222103
opposing,Iron Man,Emma Frost,0.025757586454150154,0.025762896210869975
opposing,Iron Man,Phoenix,-0.01600424064470211,-0.013548380234486863
opposing,Iron Man,Daredevil,-0.0031473357730149843,-0.002971213267458013
opposing,Iron Man,Angela,-0.0024372037699488276,-0.0032391570961866063
opposing,Iron Man,Gambit,0.03620121247034102,0.039898746622822466
opposing,Iron Man,Elsa Bloodstone,0.006875355905451269,0.012170630552198518
opposing,Iron Man,White Fox,0.012219753461337276,0.00995287893745529
opposing,Iron Man,Black Cat,-0.000942889864286627,0.002027315106864653
opposing,Iron Man,Devil Dinosaur,-0.02063398310862449,-0.02849000268166431
opposing,Iron Man,Cyclops,0.009403467651438333,0.016028947726235025
opposing,Iron Man,Jubilee,0.0036774114538299396,-0.003368842200707615
opposing,Iron Man,Rogue,0.0002603151380253832,-0.0022720509719755923
opposing,Iron Man,The Hood,-0.0037666823399013292,-0.006332356851859334
opposing,Iron Man,Deadpool (Vanguard),-0.004630617234573148,-0.008386720230490549
opposing,Iron Man,Deadpool (Duelist),0.007640549905277331,0.009672111370263446
opposing,Iron Man,Deadpool (Strategist),-0.007826714238923147,-0.013039937013473097
opposing,Venom,Spider-man,0.0005677965305908824,0.0013183942194113032
opposing,Venom,Magneto,0.009054687461907627,-0.013055465824979393
opposing,Venom,Scarlet Witch,-0.00010976339744109227,0.0010161507032091055
opposing,Venom,Thor,0.004228521762935324,-0.0011705603541340872
opposing,Venom,Mister Fantastic,0.00866568392168818,0.011896486331946595
opposing,Venom,Winter Soldier,-0.0022636833776623613,-0.0050563466925443645
opposing,Venom,Peni Parker,-0.028463170889764904,-0.029045344267122013
opposing,Venom,Star-lord,-0.0017497352187794413,-0.002046033320568744
opposing,Venom,Blade,-0.012127540761637912,-0.007962949183548897
opposing,Venom,Namor,0.0020345594992399255,-0.0026097505248979976
opposing,Venom,Adam Warlock,-0.005742223280749018,-0.010302321856659488
opposing,Venom,Jeff The Land Shark,-0.017211728977564376,-0.02062729163164328
opposing,Venom,Psylocke,-0.038396319856408095,-0.042205513130303844
opposing,Venom,Wolverine,-0.025071398991060163,-0.02091075107781173
opposing,Venom,Invisible Woman,0.03617500903691116,0.03547481473942251
opposing,Venom,The Thing,0.00642136784605431,0.01579975575313996
opposing,Venom,Iron Fist,-0.012167405188708867,-0.0039196463680975764
opposing,Venom,Emma Frost,0.03119978534317682,0.03249249654727009
opposing,Venom,Phoenix,-0.0006338798963439052,-0.0019019889544932445
opposing,Venom,Daredevil,-0.022182293069041188,-0.019759408021661703
opposing,Venom,Angela,-0.004522231831976789,-0.011197443885722181
opposing,Venom,Gambit,0.004962226347391682,0.008043128855748826
opposing,Venom,Elsa Bloodstone,0.0017827137741674001,0.0002252463817995442
opposing,Venom,White Fox,-0.008525444590003746,-0.0023077634699429374
opposing,Venom,Black Cat,-0.009546378035612443,-0.008389317649608617
opposing,Venom,Devil Dinosaur,-0.014774275782761597,-0.014997590096362869
opposing,Venom,Cyclops,-0.021452389695124353,-0.022132624505586562
opposing,Venom,Jubilee,0.016803342185707663,0.03121713882668455
opposing,Venom,Rogue,0.005181273376925046,0.002309399707327403
opposing,Venom,The Hood,-0.0053616931090549585,-0.010107325301848148
opposing,Venom,Deadpool (Vanguard),0.016534148914694156,0.01577301598461334
opposing,Venom,Deadpool (Duelist),0.018989899582333047,0.019170877269088633
opposing,Venom,Deadpool (Strategist),-0.007990191429884195,-0.005591907996021718
opposing,Spider-man,Magneto,0.01576901083431036,0.026998865117144867
opposing,Spider-man,Scarlet Witch,-0.002132535684816777,-0.0010816781861130852
opposing,Spider-man,Thor,-0.01502573169281603,-0.013972105393924334
opposing,Spider-man,Mister Fantastic,0.008129420557002628,0.008080260898918277
opposing,Spider-man,Winter Soldier,0.016758966195063695,0.018183947488585612
opposing,Spider-man,Peni Parker,-0.012872671139685014,-0.02028873836747802
opposing,Spider-man,Star-lord,-0.009580560603510972,-0.011564382102136353
opposing,Spider-man,Blade,-0.015377217562867737,-0.020013775039961844
opposing,Spider-man,Namor,-0.06160019986468267,-0.06363464521642366
opposing,Spider-man,Adam Warlock,-0.003240612627491534,-0.0014463320330891508
opposing,Spider-man,Jeff The Land Shark,-0.010097662311658165,-0.010616120121801511
opposing,Spider-man,Psylocke,-0.00463927322968754,-0.004772257357831714
opposing,Spider-man,Wolverine,0.010498150314176858,0.011069690660077191
opposing,Spider-man,Invisible Woman,0.03428002174315333,0.04387472281075509
opposing,Spider-man,The Thing,0.006057809274725865,0.002401754730137041
opposing,Spider-man,Iron Fist,-0.02004806613869755,-0.026187500970365443
opposing,Spider-man,Emma Frost,0.02205584527833933,0.024083901383450606
opposing,Spider-man,Phoenix,-0.029697672667354832,-0.031277510363086014
opposing,Spider-man,Daredevil,-0.02746682830490696,-0.032176488746035556
opposing,Spider-man,Angela,0.0076224582194759135,0.010393299400351176
opposing,Spider-man,Gambit,-0.043228480540936184,-0.0459449149595187
opposing,Spider-man,Elsa Bloodstone,-0.03488051942934723,-0.035865938353518076
opposing,Spider-man,White Fox,-0.017735752249709344,-0.020232321932126464
opposing,Spider-man,Black Cat,0.012549343693227874,0.013658703804846106
opposing,Spider-man,Devil Dinosaur,-0.01878619336648635,-0.023994382064662444
opposing,Spider-man,Cyclops,0.011282954756537188,0.01511857025560758
opposing,Spider-man,Jubilee,0.005663817379693244,0.002380607521234293
opposing,Spider-man,Rogue,0.012906211558080881,0.014237946580621136
opposing,Spider-man,The Hood,0.02889255562528524,0.03244523225507279
opposing,Spider-man,Deadpool (Vanguard),0.018071705852928274,0.019312433366929255
opposing,Spider-man,Deadpool (Duelist),0.005237702704629654,0.0041368128494297446
opposing,Spider-man,Deadpool (Strategist),-0.015906587287459688,-0.018615051137731015
opposing,Magneto,Scarlet Witch,0.04375233101332232,0.0396784386719941
opposing,Magneto,Thor,-0.01632986658075841,-0.0013885955466002057
opposing,Magneto,Mister Fantastic,-0.036673899640517454,-0.048690345421940014
opposing,Magneto,Winter Soldier,0.01652828449867578,0.005711981807992728
opposing,Magneto,Peni Parker,0.002174883222264594,0.029809438758554054
opposing,Magneto,Star-lord,0.016279100622706277,0.007873205965366066
opposing,Magneto,Blade,-0.02077378277118442,-0.02772339816593291
opposing,Magneto,Namor,0.029198767869792402,0.017473845558487463
opposing,Magneto,Adam Warlock,-0.008075344547904716,-0.018320201298172092
opposing,Magneto,Jeff The Land Shark,0.02551371892640808,0.02365495385761787
opposing,Magneto,Psylocke,0.007286707635347592,-0.0015171869807444759
opposing,Magneto,Wolverine,-0.020623239364942248,-0.02610187955897571
opposing,Magneto,Invisible Woman,0.0013481156444221335,-0.010259050204709137
opposing,Magneto,The Thing,-0.024319421474136883,0.0038327963570229263
opposing,Magneto,Iron Fist,-0.011488742311131922,-0.013304857770028293
opposing,Magneto,Emma Frost,-0.03344265002452699,-0.01859174674982304
opposing,Magneto,Phoenix,0.037920606594575114,0.030854856136442906
opposing,Magneto,Daredevil,-0.03314991909863519,-0.04210271559777987
opposing,Magneto,Angela,-0.03903458193391119,-0.027516204183850604
opposing,Magneto,Gambit,0.011844045220226501,0.010721162076725218
opposing,Magneto,Elsa Bloodstone,0.04503593385575243,0.03821007802278991
opposing,Magneto,White Fox,-0.007534538624235872,-0.006467397016097822
opposing,Magneto,Black Cat,-0.03202352110818598,-0.043538543913657315
opposing,Magneto,Devil Dinosaur,-0.04296097682006292,-0.024017524550683893
opposing,Magneto,Cyclops,0.008319413763688973,0.0008522792996275923
opposing,Magneto,Jubilee,0.021699263676461234,0.03159011258631663
opposing,Magneto,Rogue,-0.025108041765635733,-0.009136627945369919
opposing,Magneto,The Hood,-0.02481285021966714,-0.00904778599460478
opposing,Magneto,Deadpool (Vanguard),0.0065035135326523465,0.027702388055591748
opposing,Magneto,Deadpool (Duelist),-0.005782340946484474,-0.01853196017567109
opposing,Magneto,Deadpool (Strategist),0.0016255134277298922,0.0002593857430020375
opposing,Scarlet Witch,Thor,0.012870754963008161,0.01661493297050821
opposing,Scarlet Witch,Mister Fantastic,0.007296730779151227,0.00595949558534973
opposing,Scarlet Witch,Winter Soldier,-0.016873491273108412,-0.0193605669305293
opposing,Scarlet Witch,Peni Parker,0.010593471980052532,0.005368934249385596
opposing,Scarlet Witch,Star-lord,0.02015215967994976,0.019325495450512205
opposing,Scarlet Witch,Blade,0.016148694905277275,0.012812750072145735
opposing,Scarlet Witch,Namor,-0.017143734297679285,-0.01684312275754904
opposing,Scarlet Witch,Adam Warlock,0.010227957694867767,0.016875299546104946
opposing,Scarlet Witch,Jeff The Land Shark,-0.005193863211799098,-0.0019298561679201756
opposing,Scarlet Witch,Psylocke,0.006491471603504849,0.0060274867085270325
opposing,Scarlet Witch,Wolverine,0.006892269676679442,0.0059538792180909485
opposing,Scarlet Witch,Invisible Woman,-0.032825225263492706,-0.028449190105181817
opposing,Scarlet Witch,The Thing,0.004688643311395883,0.0004267345485326657
opposing,Scarlet Witch,Iron Fist,0.025579579609954703,0.02186889608468996
opposing,Scarlet Witch,Emma Frost,0.008058620719688546,0.008058431391118417
opposing,Scarlet Witch,Phoenix,0.011311271867840275,0.011790689381435671
opposing,Scarlet Witch,Daredevil,0.015980484621473525,0.013525148860966334
opposing,Scarlet Witch,Angela,-0.022009500753312292,-0.023027960256062487
opposing,Scarlet Witch,Gambit,0.02083652079134278,0.029297701505835026
opposing,Scarlet Witch,Elsa Bloodstone,0.010065424094085283,0.01145422029830001
opposing,Scarlet Witch,White Fox,0.028564044364291524,0.03502443922516439
opposing,Scarlet Witch,Black Cat,0.01680421978821945,0.017032509633947975
opposing,Scarlet Witch,Devil Dinosaur,0.009532854754766718,0.007062813974217071
opposing,Scarlet Witch,Cyclops,-0.016890508098715208,-0.01653022998155404
opposing,Scarlet Witch,Jubilee,0.03708548432011462,0.040899472795748223
opposing,Scarlet Witch,Rogue,0.008044104775867544,0.008376549938445995
opposing,Scarlet Witch,The Hood,0.023612802572534536,0.026119146767931627
opposing,Scarlet Witch,Deadpool (Vanguard),0.0157556981311901,0.016283921668414667
opposing,Scarlet Witch,Deadpool (Duelist),0.010244531011235946,0.008322727067075503
opposing,Scarlet Witch,Deadpool (Strategist),-0.020716648493387543,-0.02085688002785997
opposing,Thor,Mister Fantastic,-0.012410291837854203,-0.014986159425726774
opposing,Thor,Winter Soldier,-0.020875029700986703,-0.029196753654425686
opposing,Thor,Peni Parker,-0.04063585711390756,-0.03704112752207331
opposing,Thor,Star-lord,0.005616430147750833,0.002717109812031035
opposing,Thor,Blade,0.025546513823057865,0.030521883875855905
opposing,Thor,Namor,-0.0038677295120051252,-0.012609585477460324
opposing,Thor,Adam Warlock,-0.022243234668643343,-0.02903958979224014
opposing,Thor,Jeff The Land Shark,0.018746786060667025,0.02152596217738629
opposing,Thor,Psylocke,0.008819404187989256,0.006895737871900788
opposing,Thor,Wolverine,0.0248835261894014,0.031238237452156658
opposing,Thor,Invisible Woman,0.011803998140039733,0.007602725945207719
opposing,Thor,The Thing,-0.035307988393775996,-0.026299877519912473
opposing,Thor,Iron Fist,-0.028231327966250393,-0.025225694714478785
opposing,Thor,Emma Frost,-0.0016949793936967502,0.000586622700706196
opposing,Thor,Phoenix,-0.021895856400526704,-0.028991586090131912
opposing,Thor,Daredevil,-0.0013184185582178014,2.179061489057836e-05
opposing,Thor,Angela,0.019440242587030553,0.02250118898603806
opposing,Thor,Gambit,-0.008112457353868462,-0.00671715158641715
opposing,Thor,Elsa Bloodstone,0.0019559340356520402,-0.0030147499568739787
opposing,Thor,White Fox,-0.016628616841174268,-0.011297539550397745
opposing,Thor,Black Cat,0.022678921242001954,0.024033026675268826
opposing,Thor,Devil Dinosaur,0.012331495554104585,0.022327923834465264
opposing,Thor,Cyclops,-0.007892268647060437,-0.010477854859192488
opposing,Thor,Jubilee,-0.018864626999608454,-0.009767490838046396
opposing,Thor,Rogue,0.01609907926914547,0.020956491971256583
opposing,Thor,The Hood,0.0016371398130420277,0.004017875073477069
opposing,Thor,Deadpool (Vanguard),-0.009093890106014187,-0.007748174343298364
opposing,Thor,Deadpool (Duelist),0.004167692920920063,-0.0007535913326990034
opposing,Thor,Deadpool (Strategist),0.000579281128356975,0.00477049293444776
opposing,Mister Fantastic,Winter Soldier,0.008780942866287656,0.010267195596152051
opposing,Mister Fantastic,Peni Parker,-0.004832267680741744,-0.012910765111149494
opposing,Mister Fantastic,Star-lord,0.03865111322284326,0.04122533893297078
opposing,Mister Fantastic,Blade,0.008720628305277062,0.0067114118002791
opposing,Mister Fantastic,Namor,-0.0049340035596998,-0.0017356399043976024
opposing,Mister Fantastic,Adam Warlock,-0.00242863419424658,-0.00021679970503678622
opposing,Mister Fantastic,Jeff The Land Shark,-0.02492495192668058,-0.026980764348049933
opposing,Mister Fantastic,Psylocke,0.016206004729659478,0.018440156140907625
opposing,Mister Fantastic,Wolverine,-0.013279215477399629,-0.013910351092180855
opposing,Mister Fantastic,Invisible Woman,0.017053490165425098,0.02481093137646262
opposing,Mister Fantastic,The Thing,-0.03852341717066846,-0.04876906352797599
opposing,Mister Fantastic,Iron Fist,-0.018620159544348716,-0.02394584854582414
opposing,Mister Fantastic,Emma Frost,-0.004897250565126574,-0.007473200133505797
opposing,Mister Fantastic,Phoenix,-0.004578243494831647,-0.0034490135541164106
opposing,Mister Fantastic,Daredevil,0.006526516042803759,0.0052358364521365814
opposing,Mister Fantastic,Angela,0.003081255147489999,0.0037725071483656392
opposing,Mister Fantastic,Gambit,-0.011015514794858664,-0.009389271904529697
opposing,Mister Fantastic,Elsa Bloodstone,-0.005768212006229841,-0.0037251330339067306
opposing,Mister Fantastic,White Fox,0.00947609788467317,0.010697066059705653
opposing,Mister Fantastic,Black Cat,0.04599372314044766,0.05047814691048804
opposing,Mister Fantastic,Devil Dinosaur,-0.0329728941116568,-0.04134711540906484
opposing,Mister Fantastic,Cyclops,-0.026986550132812655,-0.02551298172224569
opposing,Mister Fantastic,Jubilee,0.004108928358086038,0.0009474139625779775
opposing,Mister Fantastic,Rogue,-0.00663963254352643,-0.009077569893882713
opposing,Mister Fantastic,The Hood,0.03414615344809649,0.03672250143823245
opposing,Mister Fantastic,Deadpool (Vanguard),0.01567949221619412,0.015082687052517791
opposing,Mister Fantastic,Deadpool (Duelist),0.031067497130873922,0.032732504132418114
opposing,Mister Fantastic,Deadpool (Strategist),0.022461237029018012,0.024864807808958188
opposing,Winter Soldier,Peni Parker,0.037055903827732876,0.03848799017898776
opposing,Winter Soldier,Star-lord,0.0038957124950102003,0.002905728846349692
opposing,Winter Soldier,Blade,0.011183611820792675,0.008587656696474578
opposing,Winter Soldier,Namor,-0.004156711954360096,-0.001679942271192105
opposing,Winter Soldier,Adam Warlock,0.028084622882028912,0.030215140830135954
opposing,Winter Soldier,Jeff The Land Shark,-0.009900372362412844,-0.013973586013885922
opposing,Winter Soldier,Psylocke,-0.017774156642711706,-0.01904219544181464
opposing,Winter Soldier,Wolverine,-0.01240113032471225,-0.013745796427839867
opposing,Winter Soldier,Invisible Woman,-0.04976969254092689,-0.05426062284382056
opposing,Winter Soldier,The Thing,0.0007851141012276657,-0.00024051234721864922
opposing,Winter Soldier,Iron Fist,-0.011419120280053286,-0.01695250344094646
opposing,Winter Soldier,Emma Frost,-0.020501720079685325,-0.020042905322293036
opposing,Winter Soldier,Phoenix,-0.008259238709971651,-0.008208265687028999
opposing,Winter Soldier,Daredevil,0.00229112653919957,-0.0001221615123173251
opposing,Winter Soldier,Angela,0.024857115083866125,0.03279355313438232
opposing,Winter Soldier,Gambit,0.014335115683642104,0.015234713708146481
opposing,Winter Soldier,Elsa Bloodstone,-0.019246599156733685,-0.019065568457012266
opposing,Winter Soldier,White Fox,0.0177935148502866,0.016158686470383578
opposing,Winter Soldier,Black Cat,0.0022461216182426903,0.002446959965945286
opposing,Winter Soldier,Devil Dinosaur,-0.009694046768010185,-0.010653789478145556
opposing,Winter Soldier,Cyclops,0.02514395892316699,0.030004190757650942
opposing,Winter Soldier,Jubilee,0.004279769147431971,-0.002755863825045033
opposing,Winter Soldier,Rogue,0.005702520286163221,0.009447181097056981
opposing,Winter Soldier,The Hood,-0.04157668529971726,-0.04273714754030279
opposing,Winter Soldier,Deadpool (Vanguard),-0.012094736386173572,-0.011027546791661262
opposing,Winter Soldier,Deadpool (Duelist),-0.008861571079687866,-0.011174666835549999
opposing,Winter Soldier,Deadpool (Strategist),-0.030329859386224792,-0.038420649333827155
opposing,Peni Parker,Star-lord,-0.010297419357475702,-0.006277025141884194
opposing,Peni Parker,Blade,0.028626326891470825,0.0426608075546989
opposing,Peni Parker,Namor,-0.006193976452993247,-0.006485646149736663
opposing,Peni Parker,Adam Warlock,0.007682738641636455,-0.001751679953324271
opposing,Peni Parker,Jeff The Land Shark,-0.004059701898193395,-0.012393449099664172
opposing,Peni Parker,Psylocke,0.011588872780552269,0.018689360691625027
opposing,Peni Parker,Wolverine,-0.02084819864102524,-0.010932379663038911
opposing,Peni Parker,Invisible Woman,-0.0232781090013154,-0.04056517188295267
opposing,Peni Parker,The Thing,0.03146649611084807,0.040901204683756805
opposing,Peni Parker,Iron Fist,-0.009025749284257265,0.004855358287166325
opposing,Peni Parker,Emma Frost,0.0034151715912731227,-0.0033634491567639782
opposing,Peni Parker,Phoenix,-0.009975481400499819,-0.007016322899465726
opposing,Peni Parker,Daredevil,0.01629290125580735,0.028329011634318568
opposing,Peni Parker,Angela,0.0034180952401846776,-0.00583230402352721
opposing,Peni Parker,Gambit,0.026344646984314466,0.025830106767029133
opposing,Peni Parker,Elsa Bloodstone,-0.0003102565835726405,0.0031760102783062617
opposing,Peni Parker,White Fox,0.011411167375278024,0.01380104366175405
opposing,Peni Parker,Black Cat,0.0123716733457496,0.021277006148921026
opposing,Peni Parker,Devil Dinosaur,-0.010569036109768257,-0.013942166463977276
opposing,Peni Parker,Cyclops,-0.02611495904012248,-0.02204089244929832
opposing,Peni Parker,Jubilee,-0.04145327302219037,-0.043434049867630733
opposing,Peni Parker,Rogue,-0.0017259400482842332,-0.009457237927443872
opposing,Peni Parker,The Hood,-0.023183517476450352,-0.03446774479298802
opposing,Peni Parker,Deadpool (Vanguard),0.007584981685666114,0.0016502778069742631
opposing,Peni Parker,Deadpool (Duelist),0.0017760738787123702,0.005297612552733656
opposing,Peni Parker,Deadpool (Strategist),-0.0008912627805633355,-0.004383983284636499
opposing,Star-lord,Blade,0.02408547304718865,0.023823307469243556
opposing,Star-lord,Namor,-0.02979999278349828,-0.02807304491840002
opposing,Star-lord,Adam Warlock,0.018418357823446276,0.019369431182420058
opposing,Star-lord,Jeff The Land Shark,0.019209264588873155,0.018803594099500394
opposing,Star-lord,Psylocke,-0.003691635855499234,-0.002531432343363841
opposing,Star-lord,Wolverine,0.010553541754564346,0.012346890066040183
opposing,Star-lord,Invisible Woman,-0.0176124310521742,-0.018054865125784213
opposing,Star-lord,The Thing,0.002650947409429872,-0.0006029919440034039
opposing,Star-lord,Iron Fist,-0.020976741799904098,-0.02597309403412401
opposing,Star-lord,Emma Frost,-0.007637309243628631,-0.008167956625723205
opposing,Star-lord,Phoenix,-0.029719895946137616,-0.030084134853826917
opposing,Star-lord,Daredevil,-0.012115383214379064,-0.014379551397920924
opposing,Star-lord,Angela,-0.03157861468466032,-0.03243742384172964
opposing,Star-lord,Gambit,0.008723558591726965,0.008950550522931516
opposing,Star-lord,Elsa Bloodstone,-0.013748689075552219,-0.011826184921074958
opposing,Star-lord,White Fox,0.013394634499936773,0.011238784619429586
opposing,Star-lord,Black Cat,0.010042516239307244,0.012168706804956327
opposing,Star-lord,Devil Dinosaur,0.002196109674217558,0.00013716737913656567
opposing,Star-lord,Cyclops,0.002526861781424899,0.00687936649283081
opposing,Star-lord,Jubilee,-0.026510447936708568,-0.037366019501513574
opposing,Star-lord,Rogue,-0.015275888207305391,-0.016332655449388986
opposing,Star-lord,The Hood,0.01610453273667389,0.01900265532147433
opposing,Star-lord,Deadpool (Vanguard),-0.00707529805260636,-0.007881207610223961
opposing,Star-lord,Deadpool (Duelist),0.016617966296051504,0.017644874178509844
opposing,Star-lord,Deadpool (Strategist),-0.014185961295960272,-0.02022992543909
opposing,Blade,Namor,-0.0068366680168623975,-0.0010836507487130805
opposing,Blade,Adam Warlock,0.005131014877028879,0.006253467037802356
opposing,Blade,Jeff The Land Shark,0.016759809762735084,0.01788025409019694
opposing,Blade,Psylocke,0.022472073815698164,0.027914377523249535
opposing,Blade,Wolverine,0.0125225859688829,0.016662461239224404
opposing,Blade,Invisible Woman,-0.014354001763470148,-0.012556835505890282
opposing,Blade,The Thing,0.0016750299503894637,-0.007318652497971178
opposing,Blade,Iron Fist,0.0021862494356274876,0.0012319399219702849
opposing,Blade,Emma Frost,0.034509993334862876,0.0330968886312992
opposing,Blade,Phoenix,-0.018062097085822147,-0.015304708662966024
opposing,Blade,Daredevil,0.005994027557759249,0.007367615657708638
opposing,Blade,Angela,0.005571808412943906,0.003267706608261585
opposing,Blade,Gambit,-0.023912380282240436,-0.025932584040179937
opposing,Blade,Elsa Bloodstone,-0.00022828077325064307,0.00496485946713093
opposing,Blade,White Fox,-0.009421924849163228,-0.012597547978206043
opposing,Blade,Black Cat,-0.011260528279399752,-0.008649577853527043
opposing,Blade,Devil Dinosaur,0.008368206523384924,0.001374654613147221
opposing,Blade,Cyclops,0.008352165070441632,0.015359697466689066
opposing,Blade,Jubilee,-0.011891737097307677,-0.019087673137085703
opposing,Blade,Rogue,0.0055507587249741495,0.0012100317397327456
opposing,Blade,The Hood,0.015525346713809795,0.012728412986329101
opposing,Blade,Deadpool (Vanguard),0.0011705317950935052,-0.004336407561912035
opposing,Blade,Deadpool (Duelist),0.005727590455944726,0.008072271692914709
opposing,Blade,Deadpool (Strategist),-0.012743607237622537,-0.01677498045335818
opposing,Namor,Adam Warlock,-0.009222824232022206,-0.008402998001531532
opposing,Namor,Jeff The Land Shark,0.006474030551049162,0.007800356435398858
opposing,Namor,Psylocke,-0.011816425769586233,-0.015417152738355925
opposing,Namor,Wolverine,-0.010297723303422476,-0.01428342348436371
opposing,Namor,Invisible Woman,-0.027423520975726957,-0.02576844066133061
opposing,Namor,The Thing,0.010565858326481471,0.012977698563083381
opposing,Namor,Iron Fist,0.01867281048720456,0.012737475148175215
opposing,Namor,Emma Frost,-0.019094725139883837,-0.016141640732343168
opposing,Namor,Phoenix,0.004730026854497241,0.0030108344830806068
opposing,Namor,Daredevil,0.03076126267577785,0.027816278875670418
opposing,Namor,Angela,-0.0007778249784278616,0.006606950482989692
opposing,Namor,Gambit,0.04236014487324671,0.05011561071809169
opposing,Namor,Elsa Bloodstone,0.007915229906403327,0.007459900291658907
opposing,Namor,White Fox,0.01788780068146804,0.019617497202102718
opposing,Namor,Black Cat,0.03180361212420549,0.03155974307286831
opposing,Namor,Devil Dinosaur,-0.018510689540188856,-0.018127726188613174
opposing,Namor,Cyclops,0.01945594204324329,0.021051825887816553
opposing,Namor,Jubilee,-0.0037477869263415555,-0.00843412523640023
opposing,Namor,Rogue,0.0212148870582431,0.029042609401492416
opposing,Namor,The Hood,-0.03686306449442504,-0.03515680746814482
opposing,Namor,Deadpool (Vanguard),0.026846866057065162,0.03463612449854159
opposing,Namor,Deadpool (Duelist),0.003000337863455432,-0.001173111816472036
opposing,Namor,Deadpool (Strategist),0.016628781380134714,0.01776056069996731
opposing,Adam Warlock,Jeff The Land Shark,0.02715826522001684,0.031761801245013245
opposing,Adam Warlock,Psylocke,0.000741892027699375,-0.0016805021331644742
opposing,Adam Warlock,Wolverine,0.0072015990093331605,-0.0008647214751488213
opposing,Adam Warlock,Invisible Woman,0.017183514330696897,0.0169013204790677
opposing,Adam Warlock,The Thing,-0.003578940158863425,-0.0023437218558810618
opposing,Adam Warlock,Iron Fist,0.012255533488406203,0.010980467416435437
opposing,Adam Warlock,Emma Frost,-0.0017461168889435139,0.005182249687505155
opposing,Adam Warlock,Phoenix,0.010637943186452375,0.010243510459913854
opposing,Adam Warlock,Daredevil,0.0036851748146135774,0.0024411625615387007
opposing,Adam Warlock,Angela,0.006389025555728137,0.012362575043120692
opposing,Adam Warlock,Gambit,0.009808837210098712,0.0035723194527025907
opposing,Adam Warlock,Elsa Bloodstone,0.0004954391600701534,-0.0026946899729850928
opposing,Adam Warlock,White Fox,-0.019630177174382174,-0.030978175284212928
opposing,Adam Warlock,Black Cat,0.018083000973972255,0.016112650028979013
opposing,Adam Warlock,Devil Dinosaur,-0.01084227843827794,-0.006114648145763749
opposing,Adam Warlock,Cyclops,-0.032439203904242535,-0.04626322281682628
opposing,Adam Warlock,Jubilee,-0.03283374301083007,-0.04333102731538521
opposing,Adam Warlock,Rogue,-0.02550787672401243,-0.022934884746607972
opposing,Adam Warlock,The Hood,-0.012754905732382001,-0.008750714374411396
opposing,Adam Warlock,Deadpool (Vanguard),-0.013353573927659441,-0.007792070065577248
opposing,Adam Warlock,Deadpool (Duelist),0.010581706355905844,0.016078730760192953
opposing,Adam Warlock,Deadpool (Strategist),-0.01516326258635725,-0.020149730347996105
opposing,Jeff The Land Shark,Psylocke,-0.013465244107485695,-0.01620792309122278
opposing,Jeff The Land Shark,Wolverine,0.0043535811123486395,-0.0026131344152315076
opposing,Jeff The Land Shark,Invisible Woman,0.01178712802784516,0.01085810340888594
opposing,Jeff The Land Shark,The Thing,-0.007934081589298933,-0.010386646067884881
opposing,Jeff The Land Shark,Iron Fist,-0.0052449609236704395,-0.007251981603125886
opposing,Jeff The Land Shark,Emma Frost,0.0036377379334266175,0.008443517554650736
opposing,Jeff The Land Shark,Phoenix,0.001820350304516165,0.0017793256617605183
opposing,Jeff The Land Shark,Daredevil,0.014940107078534097,0.016558568552474187
opposing,Jeff The Land Shark,Angela,0.010879651803052986,0.014587059742802999
opposing,Jeff The Land Shark,Gambit,-0.03344508633370108,-0.047211623447690504
opposing,Jeff The Land Shark,Elsa Bloodstone,0.002110164635817406,0.0005774833812554669
opposing,Jeff The Land Shark,White Fox,0.01784128037137504,0.013640604921234072
opposing,Jeff The Land Shark,Black Cat,-0.011762481812671114,-0.016007910911969882
opposing,Jeff The Land Shark,Devil Dinosaur,-0.010708336165259976,-0.008947028773401932
opposing,Jeff The Land Shark,Cyclops,0.01446293849011723,0.007957294570853358
opposing,Jeff The Land Shark,Jubilee,0.03711533090605681,0.03967039041957866
opposing,Jeff The Land Shark,Rogue,0.0007626371752194505,0.004569826691894995
opposing,Jeff The Land Shark,The Hood,-0.004876876945637452,-0.0025944231557597933
opposing,Jeff The Land Shark,Deadpool (Vanguard),0.002836409470711875,0.008012025612998281
opposing,Jeff The Land Shark,Deadpool (Duelist),-0.003838845614716233,0.0013112169872680156
opposing,Jeff The Land Shark,Deadpool (Strategist),-0.026572255259750686,-0.033298754946999874
opposing,Psylocke,Wolverine,0.02547915492933355,0.02701101791421559
opposing,Psylocke,Invisible Woman,0.0074554748343525655,0.014012881029841674
opposing,Psylocke,The Thing,0.023676028955177238,0.022175419865149495
opposing,Psylocke,Iron Fist,-0.012305653204064636,-0.018063852731192726
opposing,Psylocke,Emma Frost,0.008406430311594285,0.009068027968697816
opposing,Psylocke,Phoenix,-0.0008977821433889083,-0.0004117863274336419
opposing,Psylocke,Daredevil,0.010165446061706704,0.008228209839676372
opposing,Psylocke,Angela,-0.007996809814284545,-0.0068143061356687636
opposing,Psylocke,Gambit,0.014597548396644462,0.019425141086746974
opposing,Psylocke,Elsa Bloodstone,-0.031869526031130246,-0.03285222321367456
opposing,Psylocke,White Fox,-0.008954612301438227,-0.010037765998834013
opposing,Psylocke,Black Cat,-0.04303059424527751,-0.04660578689897054
opposing,Psylocke,Devil Dinosaur,-0.0020601712270890433,-0.005213409248679924
opposing,Psylocke,Cyclops,-0.006080596239822432,-0.003872222550691638
opposing,Psylocke,Jubilee,-0.023022103412017134,-0.02957527987795244
opposing,Psylocke,Rogue,0.008366112327342292,0.009357438201809596
opposing,Psylocke,The Hood,-0.010184225185420167,-0.010862078431119413
opposing,Psylocke,Deadpool (Vanguard),-0.00905005088944629,-0.010693270869609127
opposing,Psylocke,Deadpool (Duelist),-0.011939212968072389,-0.01465241380731929
opposing,Psylocke,Deadpool (Strategist),0.014879652073260023,0.01633524163456611
opposing,Wolverine,Invisible Woman,-0.007271966744801307,0.0038958989496159255
opposing,Wolverine,The Thing,-0.018165557944974917,-0.030848050275517645
opposing,Wolverine,Iron Fist,0.01761282353095816,0.01475457155209654
opposing,Wolverine,Emma Frost,0.02457247818095773,0.02058601959081589
opposing,Wolverine,Phoenix,0.0076615623740883,0.009338775160906386
opposing,Wolverine,Daredevil,0.0066601248721767006,0.004948932364448612
opposing,Wolverine,Angela,0.008568648587620228,0.005148084567985677
opposing,Wolverine,Gambit,-0.03247509383000898,-0.027080191721915794
opposing,Wolverine,Elsa Bloodstone,0.014758174410485094,0.018012162672734654
opposing,Wolverine,White Fox,-0.03383075868036872,-0.03157204097880846
opposing,Wolverine,Black Cat,0.014207181762816512,0.01571748059923565
opposing,Wolverine,Devil Dinosaur,0.02548825258663995,0.01896903912472399
opposing,Wolverine,Cyclops,0.022477359662762295,0.02747683923356451
opposing,Wolverine,Jubilee,-0.024877026539822003,-0.025210678700410556
opposing,Wolverine,Rogue,-0.021799485727786252,-0.03067489050414721
opposing,Wolverine,The Hood,0.03556832879324457,0.033574965318105866
opposing,Wolverine,Deadpool (Vanguard),-0.022947101842895657,-0.0326246062344119
opposing,Wolverine,Deadpool (Duelist),-0.01609018707418612,-0.018628996432457474
opposing,Wolverine,Deadpool (Strategist),-0.011220133903613837,-0.00657562789309463
opposing,Invisible Woman,The Thing,-0.0034943568552211882,0.0006312489656201017
opposing,Invisible Woman,Iron Fist,-0.0375997282811964,-0.048217043251236255
opposing,Invisible Woman,Emma Frost,0.0066612503357212785,0.01781759470305036
opposing,Invisible Woman,Phoenix,-0.0029056341999034946,-0.008103355276605266
opposing,Invisible Woman,Daredevil,-0.04462717444000463,-0.05502057152677555
opposing,Invisible Woman,Angela,0.008273133347198397,0.017426279645136523
opposing,Invisible Woman,Gambit,-0.001293399193988362,-0.0061420362040080475
opposing,Invisible Woman,Elsa Bloodstone,0.02899244840399713,0.02625410424956399
opposing,Invisible Woman,White Fox,0.011408950835430493,0.009110899730048855
opposing,Invisible Woman,Black Cat,-0.028940768539087253,-0.039899431850081706
opposing,Invisible Woman,Devil Dinosaur,-0.0005616028534530975,0.008695072644967227
opposing,Invisible Woman,Cyclops,0.03180503449235351,0.022901204202475503
opposing,Invisible Woman,Jubilee,0.010943244039677313,0.01181188111060669
opposing,Invisible Woman,Rogue,-0.0204896344816808,-0.014233345514128049
opposing,Invisible Woman,The Hood,-0.013815483268387257,-0.007104948098929643
opposing,Invisible Woman,Deadpool (Vanguard),-0.013372306569581561,-0.004937019538034711
opposing,Invisible Woman,Deadpool (Duelist),-0.055463848440018886,-0.061332859562091134
opposing,Invisible Woman,Deadpool (Strategist),-0.012026209581819736,-0.01303583488542314
opposing,The Thing,Iron Fist,0.008387957614324077,0.022602765908677224
opposing,The Thing,Emma Frost,-0.005305670609420268,-0.018019668559573074
opposing,The Thing,Phoenix,-0.026400062237332347,-0.02691865850004993
opposing,The Thing,Daredevil,-0.0036386482938873042,0.004524691614203706
opposing,The Thing,Angela,0.02960044424969821,0.01978438950851783
opposing,The Thing,Gambit,0.022628745018187898,0.030375745604484826
opposing,The Thing,Elsa Bloodstone,-0.009273009747225228,-0.008424017059536522
opposing,The Thing,White Fox,-0.0025476061984300185,0.006457635097552676
opposing,The Thing,Black Cat,0.03468039575246601,0.04447079091547231
opposing,The Thing,Devil Dinosaur,-0.035058489935983816,-0.04679293774238888
opposing,The Thing,Cyclops,-0.024129018157883337,-0.02145899371959674
opposing,The Thing,Jubilee,0.005213382912792689,0.01959134367647006
opposing,The Thing,Rogue,0.05416854753430583,0.05044269241968948
opposing,The Thing,The Hood,0.025003972781707955,0.016539496333647152
opposing,The Thing,Deadpool (Vanguard),0.01792012086850446,0.008981729231317168
opposing,The Thing,Deadpool (Duelist),0.05642375607555611,0.06447293225060793
opposing,The Thing,Deadpool (Strategist),0.012603153970946177,0.020137918350075355
opposing,Iron Fist,Emma Frost,-0.015012827641340085,-0.026091709756476122
opposing,Iron Fist,Phoenix,0.0019826158941997933,0.007472790823965073
opposing,Iron Fist,Daredevil,0.002200568051251341,0.004399888859187497
opposing,Iron Fist,Angela,0.02206420109441815,0.01753010143850623
opposing,Iron Fist,Gambit,-0.041613377042735274,-0.043520272938859954
opposing,Iron Fist,Elsa Bloodstone,0.002111810645180879,0.008621367667544375
opposing,Iron Fist,White Fox,-0.026965189392745854,-0.030007788132859824
opposing,Iron Fist,Black Cat,-0.013690921212246356,-0.010145192752493974
opposing,Iron Fist,Devil Dinosaur,0.02870892132880895,0.019918836421962367
opposing,Iron Fist,Cyclops,-0.010677269358246854,-0.004062882247787096
opposing,Iron Fist,Jubilee,-0.03708919684054319,-0.04510888289134898
opposing,Iron Fist,Rogue,-0.006760162190860458,-0.016575216306149214
opposing,Iron Fist,The Hood,0.042233735551124224,0.03835750683612121
opposing,Iron Fist,Deadpool (Vanguard),0.012416407309790732,0.004088516244858183
opposing,Iron Fist,Deadpool (Duelist),-0.020389589540264087,-0.01900507323448341
opposing,Iron Fist,Deadpool (Strategist),0.0024352094707847096,0.0026271208004766482
opposing,Emma Frost,Phoenix,0.02378768896325316,0.025039974565594147
opposing,Emma Frost,Daredevil,0.00013402610871630655,0.0048401760447305655
opposing,Emma Frost,Angela,-0.016623221519409,-0.021652868522517715
opposing,Emma Frost,Gambit,-0.010854357493560663,-0.013887157201738215
opposing,Emma Frost,Elsa Bloodstone,-0.006287936495179101,-0.008984847095976094
opposing,Emma Frost,White Fox,-0.011966382033507222,-0.009873459958962542
opposing,Emma Frost,Black Cat,0.008686197809629141,0.011666541005605232
opposing,Emma Frost,Devil Dinosaur,-0.017140865556564133,-0.014221014832816473
opposing,Emma Frost,Cyclops,0.0105531184946357,0.013247513269215144
opposing,Emma Frost,Jubilee,0.01566990521691621,0.026329791102955684
opposing,Emma Frost,Rogue,-0.021453782421355018,-0.024916101211215656
opposing,Emma Frost,The Hood,0.012724546777215032,0.01426866880024347
opposing,Emma Frost,Deadpool (Vanguard),-0.001890856466195321,-0.0019793498369405807
opposing,Emma Frost,Deadpool (Duelist),-0.027924058441880933,-0.03325773170517418
opposing,Emma Frost,Deadpool (Strategist),-0.009655292559916885,-0.011096365906905587
opposing,Phoenix,Daredevil,0.020800100903270512,0.019155818681138904
opposing,Phoenix,Angela,0.0010234267792396002,0.004934323546221945
opposing,Phoenix,Gambit,-0.0053778752314937546,-0.0038381655343897206
opposing,Phoenix,Elsa Bloodstone,0.06547740394533248,0.07172464277347881
opposing,Phoenix,White Fox,-0.0009583468344898896,-0.001832922387998337
opposing,Phoenix,Black Cat,-0.018970758598425775,-0.021178982787797045
opposing,Phoenix,Devil Dinosaur,0.008748525973903618,0.008525128526685369
opposing,Phoenix,Cyclops,-0.020906446163779322,-0.020441958855991458
opposing,Phoenix,Jubilee,-0.000554851808633724,-0.005090576863627303
opposing,Phoenix,Rogue,-0.01805172833543517,-0.01832366093169022
opposing,Phoenix,The Hood,-0.017678467812274296,-0.017488075354319916
opposing,Phoenix,Deadpool (Vanguard),0.00470910059852862,0.006328052582206197
opposing,Phoenix,Deadpool (Duelist),0.001880264440209796,-0.0002851965938009098
opposing,Phoenix,Deadpool (Strategist),0.018992311332862694,0.020171028262137906
opposing,Daredevil,Angela,0.0013878345513525896,-0.000778373285611352
opposing,Daredevil,Gambit,-0.04823972494169976,-0.05207726297831496
opposing,Daredevil,Elsa Bloodstone,-0.021868068457361698,-0.01930017712703766
opposing,Daredevil,White Fox,-0.023040171608531727,-0.026694491778738897
opposing,Daredevil,Black Cat,0.04833862971226789,0.05482344688214536
opposing,Daredevil,Devil Dinosaur,0.017855909437573654,0.012540193109908676
opposing,Daredevil,Cyclops,-0.015727085325539365,-0.011539958856299059
opposing,Daredevil,Jubilee,0.0028225968152552107,-0.0013104636816957446
opposing,Daredevil,Rogue,-0.01763254447878726,-0.02397541184529098
opposing,Daredevil,The Hood,0.030280341834602036,0.029754537592086218
opposing,Daredevil,Deadpool (Vanguard),-0.018272542840767358,-0.025360333097485983
opposing,Daredevil,Deadpool (Duelist),0.0241431374165126,0.027066996514999365
opposing,Daredevil,Deadpool (Strategist),-0.010835689874114183,-0.013404989615654573
opposing,Angela,Gambit,-0.06734478500613889,-0.0771941527254596
opposing,Angela,Elsa Bloodstone,-0.0008200017348699312,-0.005269542313191142
opposing,Angela,White Fox,0.02619805511334824,0.03668679813987303
opposing,Angela,Black Cat,-0.003977347342990864,-0.004791916202643649
opposing,Angela,Devil Dinosaur,-0.003056264927725102,0.00450267573904359
opposing,Angela,Cyclops,-0.023955282631771855,-0.027516346876901753
opposing,Angela,Jubilee,0.010889341825895326,0.023043173577470502
opposing,Angela,Rogue,-0.03838821821319003,-0.041983606509364106
opposing,Angela,The Hood,0.020577111658132828,0.025801548893732876
opposing,Angela,Deadpool (Vanguard),-0.005084450665198881,-0.003192037912591201
opposing,Angela,Deadpool (Duelist),-9.538417007433928e-05,-0.004663032685695658
opposing,Angela,Deadpool (Strategist),-0.019341600695229094,-0.020077151439157486
opposing,Gambit,Elsa Bloodstone,-0.0036065719044266102,-0.007797220896739637
opposing,Gambit,White Fox,-0.016604713337720605,-0.019382684408926095
opposing,Gambit,Black Cat,0.009031341148174873,0.005441764248761269
opposing,Gambit,Devil Dinosaur,-0.04149860985121162,-0.04761853307266392
opposing,Gambit,Cyclops,-0.02080702188232963,-0.033664786518369946
opposing,Gambit,Jubilee,0.01300952048684035,0.018867317704730262
opposing,Gambit,Rogue,0.014800429364757114,0.017930898855254528
opposing,Gambit,The Hood,-0.01601598912251957,-0.01845654356056608
opposing,Gambit,Deadpool (Vanguard),-0.018725471678683978,-0.0199479516349043
opposing,Gambit,Deadpool (Duelist),0.03292327307575714,0.04072522484382997
opposing,Gambit,Deadpool (Strategist),-0.009762698095674547,-0.005747302336138842
opposing,Elsa Bloodstone,White Fox,0.015170112766714506,0.017839478066575553
opposing,Elsa Bloodstone,Black Cat,0.008988311836048991,0.008007766768915976
opposing,Elsa Bloodstone,Devil Dinosaur,-0.0062713255722742865,-0.007624962413027674
opposing,Elsa Bloodstone,Cyclops,-0.013301324437949496,-0.013237473904614976
opposing,Elsa Bloodstone,Jubilee,0.0004456154941934762,-0.0024371677447277557
opposing,Elsa Bloodstone,Rogue,0.008242810189677884,0.011494182136489148
opposing,Elsa Bloodstone,The Hood,-0.020836560431940838,-0.020440330125799162
opposing,Elsa Bloodstone,Deadpool (Vanguard),0.0025043946210066056,0.004436571409816327
opposing,Elsa Bloodstone,Deadpool (Duelist),-0.004568119666062493,-0.008258497941094713
opposing,Elsa Bloodstone,Deadpool (Strategist),0.021730044582775342,0.024778861571508583
opposing,White Fox,Black Cat,0.005252849950013512,0.004157687951067702
opposing,White Fox,Devil Dinosaur,0.018964051677999822,0.01725690190424287
opposing,White Fox,Cyclops,-0.006503363339480612,-0.014606444357426836
opposing,White Fox,Jubilee,-0.007225476332501405,-0.005287837162871888
opposing,White Fox,Rogue,-0.0032719974491882435,-0.008350465137574259
opposing,White Fox,The Hood,-0.011967552236803323,-0.019061905044859075
opposing,White Fox,Deadpool (Vanguard),0.00799632700077151,0.005763981819964318
opposing,White Fox,Deadpool (Duelist),0.014181365320643412,0.022607304919564995
opposing,White Fox,Deadpool (Strategist),0.012438535499177585,0.020249451467579057
opposing,Black Cat,Devil Dinosaur,0.015576574283702465,0.012693220460989684
opposing,Black Cat,Cyclops,-0.009155556058836816,-0.007060434041156346
opposing,Black Cat,Jubilee,-0.034795841881869655,-0.04110514025412301
opposing,Black Cat,Rogue,-0.0025270976592243017,-0.00447942652926264
opposing,Black Cat,The Hood,0.0346098424951757,0.037260802593854496
opposing,Black Cat,Deadpool (Vanguard),-0.008743172053638469,-0.012068498312050488
opposing,Black Cat,Deadpool (Duelist),0.0034022066904468807,0.0020490645379523473
opposing,Black Cat,Deadpool (Strategist),-0.027374623691378698,-0.02948522319823895
opposing,Devil Dinosaur,Cyclops,0.009117006047628318,0.014285546189327123
opposing,Devil Dinosaur,Jubilee,-0.00967764245934254,-0.0023526164149103488
opposing,Devil Dinosaur,Rogue,-0.0316469052842435,-0.0422343037854599
opposing,Devil Dinosaur,The Hood,-0.030219194084730554,-0.04083870838829742
opposing,Devil Dinosaur,Deadpool (Vanguard),-0.00012880194913517695,-0.005503116972782555
opposing,Devil Dinosaur,Deadpool (Duelist),0.03308708178080259,0.0372614477292917
opposing,Devil Dinosaur,Deadpool (Strategist),-0.003828551972558652,-0.003594331690216195
opposing,Cyclops,Jubilee,0.01456056498751113,0.019959209831744013
opposing,Cyclops,Rogue,-0.025050212768134825,-0.029043252478809654
opposing,Cyclops,The Hood,-0.03454397290902479,-0.039186082750177244
opposing,Cyclops,Deadpool (Vanguard),0.0265424872524708,0.027687878040828368
opposing,Cyclops,Deadpool (Duelist),0.02813926431634053,0.025937520271530075
opposing,Cyclops,Deadpool (Strategist),0.016724958281236407,0.02566519887876669
opposing,Jubilee,Rogue,0.04147690169677754,0.039464803724887844
opposing,Jubilee,The Hood,0.00818157045835772,0.00020005186577610806
opposing,Jubilee,Deadpool (Vanguard),0.013565139493003501,0.008102364387913992
opposing,Jubilee,Deadpool (Duelist),0.00099858285839327,0.011488261029250737
opposing,Jubilee,Deadpool (Strategist),0.0039156829482911385,0.006925627222810756
opposing,Rogue,The Hood,0.01133693198296678,0.01282931168576305
opposing,Rogue,Deadpool (Vanguard),-0.009828325974759623,-0.010976231621785676
opposing,Rogue,Deadpool (Duelist),-0.0071521941116558215,-0.010480448888508168
opposing,Rogue,Deadpool (Strategist),-0.0029844471310491553,-0.002816899979990264
opposing,The Hood,Deadpool (Vanguard),-0.010763996054480104,-0.011804087265341458
opposing,The Hood,Deadpool (Duelist),-0.032351311105098673,-0.038938209934186715
opposing,The Hood,Deadpool (Strategist),-0.02599840017093779,-0.028911138801057973
opposing,Deadpool (Vanguard),Deadpool (Duelist),-0.002471688948105757,-0.004599908804896039
opposing,Deadpool (Vanguard),Deadpool (Strategist),0.011384423301516875,0.012826111408260014
opposing,Deadpool (Duelist),Deadpool (Strategist),0.042325784333375915,0.040522698653071336
