kind,hero_a,hero_b,coef,did
allied,Hulk,The Punisher,0.000625938766512623,-0.0015185134275372547
allied,Hulk,Storm,-0.028144755213504583,-0.030698945133582664
allied,Hulk,Loki,-0.006283722771755453,-0.00784303057524171
allied,Hulk,Human Torch,0.011810946572104637,0.008249047144261092
allied,Hulk,Doctor Strange,0.07207725612748458,0.09539837069064652
allied,Hulk,Mantis,-0.02463660420428805,-0.017634225918624926
allied,Hulk,Hawkeye,-0.003499886857272186,-0.004583628023816866
allied,Hulk,Captain America,0.022298765357869527,0.023276694826414406
allied,Hulk,Rocket Raccoon,0.01930188997389297,0.0219826664886317
allied,Hulk,Hela,0.004522066114214888,0.0030992476005193637
allied,Hulk,Cloak & Dagger,-0.0009856917710656583,0.004284570905103014
allied,Hulk,Black Panther,0.006514852433940389,0.012541717100158284
allied,Hulk,Groot,-0.012226820950883524,-0.01186141701485254
allied,Hulk,Ultron,-0.0156193309648639,-0.003870483949784346
allied,Hulk,Magik,-0.001746661045863356,-0.008006397949785592
allied,Hulk,Moon Knight,0.004509442244844458,0.0039503803908912645
allied,Hulk,Luna Snow,-0.010220485907950577,-0.006329035889518483
allied,Hulk,Squirrel Girl,-0.013382048533298512,-0.014202021233333926
allied,Hulk,Black Widow,0.034468566504831946,0.037039065257091275
allied,Hulk,Iron Man,-0.0320688735519768,-0.030426501989063236
allied,Hulk,Venom,0.033173758169559746,0.03147080576298951
allied,Hulk,Spider-man,-0.006638948103163887,-0.008821646392714976
allied,Hulk,Magneto,-0.030996975871623974,-0.021554164957407453
allied,Hulk,Scarlet Witch,0.012853346565984842,0.0076869142823948015
allied,Hulk,Thor,0.011373206474134189,0.006055501680346181
allied,Hulk,Mister Fantastic,0.016508286628944602,0.024166524847166127
allied,Hulk,Winter Soldier,0.008144315136287687,0.0036866978453595546
allied,Hulk,Peni Parker,-0.009036001508110762,-0.014599576458788389
allied,Hulk,Star-lord,0.009368133411296478,0.00824033202512311
allied,Hulk,Blade,-0.0069179592665455135,-0.002536380305991491
allied,Hulk,Namor,0.026089444027320847,0.014061399239755046
allied,Hulk,Adam Warlock,-0.018717607661755956,-0.008643868828659279
allied,Hulk,Jeff The Land Shark,0.005471236414950691,0.005142605404741736
allied,Hulk,Psylocke,0.005535493932841647,0.00654052277163661
allied,Hulk,Wolverine,-0.020723902457793347,-0.01794101546328236
allied,Hulk,Invisible Woman,-0.02317840285884996,-0.03194798021206597
allied,Hulk,The Thing,0.007598969234913646,0.008109814485273035
allied,Hulk,Iron Fist,-0.024887448735414684,-0.03180696331067836
allied,Hulk,Emma Frost,-0.007477918138112724,-0.008940510991132479
allied,Hulk,Phoenix,-0.0009102829791181174,-0.005735843075540831
allied,Hulk,Daredevil,-0.0037240917276947557,-0.0036617573680797805
allied,Hulk,Angela,-0.02497936219293169,-0.029213044472960092
allied,Hulk,Gambit,-0.01288512814310696,-0.01823976465732359
allied,Hulk,Elsa Bloodstone,0.010125388712580506,0.011991038503006552
allied,Hulk,White Fox,-0.0015110699022860118,0.01143402722791954
allied,Hulk,Black Cat,0.0033050568128079154,0.0061739185113011
allied,Hulk,Devil Dinosaur,-0.002422001880692334,-0.007478270327691539
allied,Hulk,Cyclops,0.004001373238518342,0.0039549708557648985
allied,Hulk,Jubilee,0.009077298884470337,0.004637432034118018
allied,Hulk,Rogue,-0.011240868204289326,-0.021052621310115014
allied,Hulk,The Hood,-0.017214153776425975,-0.03208995381252694
allied,Hulk,Deadpool (Vanguard),-0.008230693290743671,-0.017253022661731916
allied,Hulk,Deadpool (Duelist),0.0047310741037740415,0.00855783729897827
allied,Hulk,Deadpool (Strategist),0.037021592627300696,0.04702708797070429
allied,The Punisher,Storm,0.01329461960453636,0.01592065727355473
allied,The Punisher,Loki,-0.040762612927098055,-0.043892189689517414
allied,The Punisher,Human Torch,-0.003875753267512448,0.0010580155200931784
allied,The Punisher,Doctor Strange,0.0016196604135946266,-0.0035497817856514503
allied,The Punisher,Mantis,-0.002529846533918522,-0.0028790244804974786
allied,The Punisher,Hawkeye,-0.03241730910691278,-0.03188225190827603
allied,The Punisher,Captain America,-0.004721458723591665,-0.008385367458853002
allied,The Punisher,Rocket Raccoon,0.12375488131294887,0.1305956652181314
allied,The Punisher,Hela,0.013505681748881027,0.012587862664316832
allied,The Punisher,Cloak & Dagger,-0.01762434361833374,-0.02882005969696182
allied,The Punisher,Black Panther,0.013658464937596615,0.010570166276899882
allied,The Punisher,Groot,-0.0016585732036793386,-0.005893970517992787
allied,The Punisher,Ultron,-0.018763245520399423,-0.01804726056732701
allied,The Punisher,Magik,0.019546823726936623,0.02966689157399733
allied,The Punisher,Moon Knight,-0.024563718536962813,-0.025170643118077617
allied,The Punisher,Luna Snow,-0.007638255885172619,-0.008846991165472908
allied,The Punisher,Squirrel Girl,-0.009328423509409923,-0.009067177158858556
allied,The Punisher,Black Widow,0.003956298977349223,0.004618252246402591
allied,The Punisher,Iron Man,-0.031000424232399754,-0.03354592223317574
allied,The Punisher,Venom,-0.0355338821497481,-0.04111792028841358
allied,The Punisher,Spider-man,0.0037583544487655904,0.006681929741567604
allied,The Punisher,Magneto,0.014575383415749002,0.011397868719413583
allied,The Punisher,Scarlet Witch,-0.008487851957078902,-0.004419004735181757
allied,The Punisher,Thor,-0.009671744284339963,-0.012161516847875318
allied,The Punisher,Mister Fantastic,0.010127148560234193,0.008093475364230435
allied,The Punisher,Winter Soldier,-0.0009089678777341721,0.0019103147235105264
allied,The Punisher,Peni Parker,0.01973517094871207,0.021182500128573187
allied,The Punisher,Star-lord,-0.009227721911895715,-0.009377973777668726
allied,The Punisher,Blade,-0.014921323713716557,-0.017548027890880284
allied,The Punisher,Namor,0.009264730335875925,0.015512612034523641
allied,The Punisher,Adam Warlock,0.025554278485268703,0.038087222743634
allied,The Punisher,Jeff The Land Shark,0.025021313692266126,0.028421206344254782
allied,The Punisher,Psylocke,-0.008921261898044323,-0.011742664095187975
allied,The Punisher,Wolverine,-0.0009746209599953572,-0.0031758716732341722
allied,The Punisher,Invisible Woman,0.04293264947870342,0.04788732043914629
allied,The Punisher,The Thing,0.003511647393959002,0.0069382910362369805
allied,The Punisher,Iron Fist,0.02205027077818603,0.030364408580809472
allied,The Punisher,Emma Frost,0.006364866413795831,0.007250256347673033
allied,The Punisher,Phoenix,-0.012759298191546222,-0.015065411449769165
allied,The Punisher,Daredevil,0.028973172416046817,0.03319207311448691
allied,The Punisher,Angela,0.022841313675178262,0.023885255101554394
allied,The Punisher,Gambit,-0.02417966205735517,-0.02842680320173157
allied,The Punisher,Elsa Bloodstone,-0.015563157995041462,-0.01804500562622054
allied,The Punisher,White Fox,-0.03284545168771166,-0.03802295111432281
allied,The Punisher,Black Cat,-0.013749438098887325,-0.014250386543672068
allied,The Punisher,Devil Dinosaur,-0.0038259266605651225,-0.0037606057525097765
allied,The Punisher,Cyclops,0.008155669783240954,0.005080755179060753
allied,The Punisher,Jubilee,-0.035091639347371265,-0.03837694440204278
allied,The Punisher,Rogue,-0.010592491042944092,-0.011974651813132184
allied,The Punisher,The Hood,0.006534848812576317,0.009293840417638229
allied,The Punisher,Deadpool (Vanguard),0.008684545744559864,0.00841431614087594
allied,The Punisher,Deadpool (Duelist),0.019095246571373726,0.01796472499077077
allied,The Punisher,Deadpool (Strategist),-0.03500457554348124,-0.03767919042729269
allied,Storm,Loki,-0.028645031756566016,-0.03291861798397925
allied,Storm,Human Torch,-0.032352631712380994,-0.030109638894872597
allied,Storm,Doctor Strange,-0.005784059524357462,-0.008956519845992538
allied,Storm,Mantis,-0.0020344048204423075,-0.004980359664147118
allied,Storm,Hawkeye,0.002286428549651109,0.005387337037829817
allied,Storm,Captain America,-0.026254999416051188,-0.029513472018027908
allied,Storm,Rocket Raccoon,-0.010827521735141664,-0.02346824532228084
allied,Storm,Hela,-0.013020303374778613,-0.016466584105115454
allied,Storm,Cloak & Dagger,0.01982685477977135,0.010653831389596023
allied,Storm,Black Panther,0.03348928621852416,0.03172941220491643
allied,Storm,Groot,0.0019353307339607271,0.000935658645882671
allied,Storm,Ultron,0.01722590982787326,0.019781832088169377
allied,Storm,Magik,-0.014381112231728749,-0.007405348339913168
allied,Storm,Moon Knight,0.026915062442452176,0.030269672755340534
allied,Storm,Luna Snow,-0.000787136985840241,-0.003798189515034359
allied,Storm,Squirrel Girl,0.00344368237524827,0.004446068251919035
allied,Storm,Black Widow,-0.026168635747031505,-0.02833457673053078
allied,Storm,Iron Man,0.010366796975280106,0.01094155209549892
allied,Storm,Venom,-0.0005776672081570918,0.0006065878771105924
allied,Storm,Spider-man,-0.012758646901796475,-0.01153078580484539
allied,Storm,Magneto,0.02614101417134724,0.027097138985687556
allied,Storm,Scarlet Witch,-0.0005235706053790755,0.0038864051414953305
allied,Storm,Thor,-0.02866859286726402,-0.03046720298847368
allied,Storm,Mister Fantastic,0.0011993014128862094,-0.0018986683492610657
allied,Storm,Winter Soldier,0.029917133593755064,0.034979648153943506
allied,Storm,Peni Parker,-0.02501940748369951,-0.025782198619284647
allied,Storm,Star-lord,0.010212950153947417,0.01135866252056839
allied,Storm,Blade,0.0014709082511508197,-0.00011346191002010951
allied,Storm,Namor,-0.009672084827316654,-0.005321245833730726
allied,Storm,Adam Warlock,0.03972979054110849,0.05137596669514338
allied,Storm,Jeff The Land Shark,0.08732939435134102,0.09585908997440366
allied,Storm,Psylocke,0.004143819078197588,0.002087931934793098
allied,Storm,Wolverine,-0.008766808002444039,-0.01193786836109875
allied,Storm,Invisible Woman,-0.014310226976037467,-0.01916962268374758
allied,Storm,The Thing,0.027194128650021195,0.03611922188681837
allied,Storm,Iron Fist,0.008372137676251508,0.015226755121309834
allied,Storm,Emma Frost,0.012016951734037523,0.016369895016915686
allied,Storm,Phoenix,-0.0199813677057373,-0.023209856831025107
allied,Storm,Daredevil,0.008536717985350155,0.010733805991672125
allied,Storm,Angela,0.0054336742977561135,0.007347782500044697
allied,Storm,Gambit,-0.027736493346341037,-0.035086945513151044
allied,Storm,Elsa Bloodstone,-0.016052205820675413,-0.018896241914431403
allied,Storm,White Fox,-0.0159625633188161,-0.021688408810625674
allied,Storm,Black Cat,0.016338731386880568,0.01801961895982755
allied,Storm,Devil Dinosaur,0.03771090534679357,0.04528574282959657
allied,Storm,Cyclops,-0.020239747614062276,-0.02599866062918227
allied,Storm,Jubilee,-0.002999911588342872,-0.00493245778444621
allied,Storm,Rogue,0.0048707467669907014,0.008061241686675595
allied,Storm,The Hood,-0.016510502976695044,-0.013516361653099303
allied,Storm,Deadpool (Vanguard),-0.004018427524980692,-0.002888569170270997
allied,Storm,Deadpool (Duelist),-0.009941128226020886,-0.013808975873251242
allied,Storm,Deadpool (Strategist),-0.027262331393523267,-0.03162787286990034
allied,Loki,Human Torch,-0.00036769955431430824,-0.002164956770635064
allied,Loki,Doctor Strange,0.008348316161324334,0.00043712755132439016
allied,Loki,Mantis,0.08164974884326179,0.08784633718917752
allied,Loki,Hawkeye,0.031504393941853524,0.03284255886684701
allied,Loki,Captain America,0.003234377781953978,0.00387154713435271
allied,Loki,Rocket Raccoon,-0.013794968474685917,0.011439070391673505
allied,Loki,Hela,0.0012195713738319825,0.010786131643514248
allied,Loki,Cloak & Dagger,0.020981191070714587,0.04592950819727557
allied,Loki,Black Panther,-0.012105260293862375,-0.008260348782269127
allied,Loki,Groot,-0.014912073836453585,-0.020343676187958803
allied,Loki,Ultron,-0.018579823297941687,-0.04482028855227695
allied,Loki,Magik,0.011206332719073406,0.005736239859066784
allied,Loki,Moon Knight,0.012659780397453567,0.0156793062748637
allied,Loki,Luna Snow,-0.01537967148265696,-0.020322595711154284
allied,Loki,Squirrel Girl,-0.011764415727139783,-0.013044552393472207
allied,Loki,Black Widow,-0.0015552308513914624,0.0021847144160260486
allied,Loki,Iron Man,0.006227230665235451,0.0038781589149527863
allied,Loki,Venom,-0.005986324604605197,-0.005681133742972058
allied,Loki,Spider-man,0.011876011799294284,0.012874826321002317
allied,Loki,Magneto,-0.004489862275496914,-0.018836485201381332
allied,Loki,Scarlet Witch,-0.0030033552828870455,-0.0021572002154359392
allied,Loki,Thor,0.0067849431274077015,0.008752853738246824
allied,Loki,Mister Fantastic,-0.029540142090308998,-0.031165804066060347
allied,Loki,Winter Soldier,0.004197787864026618,0.00826460157512137
allied,Loki,Peni Parker,0.028606618402293435,0.02957368350951483
allied,Loki,Star-lord,-0.008596585034989829,-0.005290903218149366
allied,Loki,Blade,0.008906874689455495,0.009844627288916425
allied,Loki,Namor,-0.010556249974779833,-0.00231592251744835
allied,Loki,Adam Warlock,-0.011141547852156488,-0.05045824907818136
allied,Loki,Jeff The Land Shark,-0.0354689704609534,-0.036392570402699664
allied,Loki,Psylocke,0.03540191931041356,0.04661740281569163
allied,Loki,Wolverine,0.01699788016359934,0.020470086437837643
allied,Loki,Invisible Woman,-0.00871512046874916,0.0027586547008996874
allied,Loki,The Thing,0.0035565475771904688,-0.011088200860308204
allied,Loki,Iron Fist,-0.006452665257381757,-0.012366439590294888
allied,Loki,Emma Frost,0.019831777187751125,0.013477431858482625
allied,Loki,Phoenix,-0.04013770015546368,-0.03408125868296727
allied,Loki,Daredevil,-0.021557920098516623,-0.02536684263175096
allied,Loki,Angela,0.02899647450733894,0.027663213116793477
allied,Loki,Gambit,0.02639158036218226,0.044479854731110845
allied,Loki,Elsa Bloodstone,0.030428973288867033,0.03883475988377186
allied,Loki,White Fox,-0.012933228755193614,-0.02590896356068196
allied,Loki,Black Cat,-0.009737703937306214,-0.012085288211453696
allied,Loki,Devil Dinosaur,0.034419747641379575,0.034157394229900495
allied,Loki,Cyclops,0.006415797836244717,0.018387079355972943
allied,Loki,Jubilee,-0.021203123863749545,-0.014921697837841941
allied,Loki,Rogue,-0.023313224941914172,-0.028055265366874804
allied,Loki,The Hood,-0.00471944039383835,-0.007167161845703239
allied,Loki,Deadpool (Vanguard),-0.017166954298890404,-0.01891829735817519
allied,Loki,Deadpool (Duelist),-0.005302148814059104,-0.001290168900150857
allied,Loki,Deadpool (Strategist),0.004328902822958853,0.0003070551135755579
allied,Human Torch,Doctor Strange,-0.002636400507795666,-0.010962531198544956
allied,Human Torch,Mantis,0.004380903143608926,0.0011785242812215378
allied,Human Torch,Hawkeye,0.002095682299612096,0.008917026841329279
allied,Human Torch,Captain America,0.011454142298137404,0.006934913586943993
allied,Human Torch,Rocket Raccoon,0.0010823950926973245,-0.01112792640515096
allied,Human Torch,Hela,0.00036795603354534436,0.0017718846275227781
allied,Human Torch,Cloak & Dagger,-0.025957526630038343,-0.041911935210628866
allied,Human Torch,Black Panther,-0.013335194457639785,-0.01525455912196263
allied,Human Torch,Groot,0.03544656296550112,0.032713293315490506
allied,Human Torch,Ultron,0.03587146590998361,0.03969974516635454
allied,Human Torch,Magik,-0.004841510389177658,0.006664254517479892
allied,Human Torch,Moon Knight,-0.017414926200208472,-0.01401226480084776
allied,Human Torch,Luna Snow,-0.013166926946703253,-0.018783790735194233
allied,Human Torch,Squirrel Girl,-0.005184352513560791,-0.0011635129980972188
allied,Human Torch,Black Widow,-0.006118715504650364,-0.002880196982441807
allied,Human Torch,Iron Man,-0.011659999720835375,-0.009181567944191648
allied,Human Torch,Venom,0.0103958950033723,0.007307968815662229
allied,Human Torch,Spider-man,-0.0077365584088464594,-0.0023545534077402132
allied,Human Torch,Magneto,0.006939051325203921,0.00022410330787257945
allied,Human Torch,Scarlet Witch,0.0025708910681755837,0.010974632167831457
allied,Human Torch,Thor,0.012258544749127609,0.00956164509010325
allied,Human Torch,Mister Fantastic,-0.004124062617025637,-0.003928630124919857
allied,Human Torch,Winter Soldier,0.007892844180919418,0.01485924400350165
allied,Human Torch,Peni Parker,-0.009147971847239512,-0.013631260710686592
allied,Human Torch,Star-lord,-0.033486106090515624,-0.03223984906189225
allied,Human Torch,Blade,0.006998124365510324,0.009609924726595826
allied,Human Torch,Namor,0.017630286618467633,0.027988989057884533
allied,Human Torch,Adam Warlock,-0.0022823089460431833,0.0030540172579087647
allied,Human Torch,Jeff The Land Shark,-0.03876829999505731,-0.04705915367948345
allied,Human Torch,Psylocke,0.02246979212117675,0.02567493207648985
allied,Human Torch,Wolverine,0.012318243883353992,0.014637765983139399
allied,Human Torch,Invisible Woman,0.02411408531523976,0.02299939112975031
allied,Human Torch,The Thing,-0.003452776614660389,-0.0034878843390954927
allied,Human Torch,Iron Fist,-0.003338129488206277,0.006278499870310879
allied,Human Torch,Emma Frost,0.005289552736234904,0.003376525159369893
allied,Human Torch,Phoenix,-0.0025303456935080095,-0.0005706036458366202
allied,Human Torch,Daredevil,-0.026957667028043017,-0.023977405713293636
allied,Human Torch,Angela,-0.02835459609702861,-0.03575452393930811
allied,Human Torch,Gambit,-0.006107859919148595,-0.011813070421748532
allied,Human Torch,Elsa Bloodstone,-0.0006354722166506536,0.001539470066989936
allied,Human Torch,White Fox,-0.04594715168007653,-0.056479408231232646
allied,Human Torch,Black Cat,0.004350446522874926,0.008770214936678357
allied,Human Torch,Devil Dinosaur,-0.01685276597760745,-0.02093205090781832
allied,Human Torch,Cyclops,-0.009189074660721665,-0.010292265544582
allied,Human Torch,Jubilee,0.09940861863596756,0.10921880120371404
allied,Human Torch,Rogue,0.007295442233571854,0.005250834076589768
allied,Human Torch,The Hood,0.011491582870665385,0.012131590913231374
allied,Human Torch,Deadpool (Vanguard),0.002646019926113945,-0.0009816703140712165
allied,Human Torch,Deadpool (Duelist),0.005726997719363169,0.006899044292330488
allied,Human Torch,Deadpool (Strategist),0.013516311094666847,0.013189762415124553
allied,Doctor Strange,Mantis,-0.002038794199109897,-0.00010808351194464805
allied,Doctor Strange,Hawkeye,0.0024731930534270252,-0.0010746763358734544
allied,Doctor Strange,Captain America,-4.9094193531878526e-05,0.012634633551166794
allied,Doctor Strange,Rocket Raccoon,-0.0138600238396557,-0.025212299108567367
allied,Doctor Strange,Hela,-0.02003063345189634,-0.027355923481065324
allied,Doctor Strange,Cloak & Dagger,-0.0023657275381124953,-0.006020714816692147
allied,Doctor Strange,Black Panther,-0.025672181134169237,-0.026407699230902644
allied,Doctor Strange,Groot,-0.004912677694609751,0.012072939183935415
allied,Doctor Strange,Ultron,0.008299332668513128,0.015188792132483909
allied,Doctor Strange,Magik,0.04199733456729818,0.03752788576974365
allied,Doctor Strange,Moon Knight,0.026841811779607826,0.02566128894077419
allied,Doctor Strange,Luna Snow,-0.0013231737465123307,-0.004705257051464885
allied,Doctor Strange,Squirrel Girl,0.013301121397179545,0.012349750394198587
allied,Doctor Strange,Black Widow,0.005750738948104447,0.0019496171529802377
allied,Doctor Strange,Iron Man,-0.016834884385735476,-0.0166135166514095
allied,Doctor Strange,Venom,0.006941501635335323,0.01630077877403696
allied,Doctor Strange,Spider-man,0.0259766194875552,0.02433073252162417
allied,Doctor Strange,Magneto,-0.07648911583841422,-0.05917506198313791
allied,Doctor Strange,Scarlet Witch,0.037401823093312754,0.03186354627180696
allied,Doctor Strange,Thor,-0.006799089471732014,0.00028081336539700257
allied,Doctor Strange,Mister Fantastic,-0.05326364360632078,-0.05660125178663678
allied,Doctor Strange,Winter Soldier,0.018792346179245138,0.012397174831557329
allied,Doctor Strange,Peni Parker,0.02317603733890687,0.038357770458203946
allied,Doctor Strange,Star-lord,0.012780642398183006,0.008900296833549662
allied,Doctor Strange,Blade,0.003313697332861029,0.0057108229174642
allied,Doctor Strange,Namor,0.01725195492335554,0.0010915584800634836
allied,Doctor Strange,Adam Warlock,-0.0017943092738249295,0.002295786879430583
allied,Doctor Strange,Jeff The Land Shark,0.003783825458252751,-0.005519455090755597
allied,Doctor Strange,Psylocke,0.03138240192324688,0.03216183811969249
allied,Doctor Strange,Wolverine,-0.030460621770218743,-0.0319113733505188
allied,Doctor Strange,Invisible Woman,0.09066201741876585,0.09148476340369374
allied,Doctor Strange,The Thing,-0.02490072616093377,-0.01436604360273117
allied,Doctor Strange,Iron Fist,0.01057870978258484,0.004517089574948097
allied,Doctor Strange,Emma Frost,-0.03726784169136172,-0.028257640954924328
allied,Doctor Strange,Phoenix,-0.0029236003903109044,-0.011112855440801428
allied,Doctor Strange,Daredevil,-0.0007359180030148093,-0.0034739238266687927
allied,Doctor Strange,Angela,-0.036460345385316735,-0.027187800169946028
allied,Doctor Strange,Gambit,-0.023302362196771568,-0.039034655533228664
allied,Doctor Strange,Elsa Bloodstone,-0.015028939682424084,-0.01913352729204465
allied,Doctor Strange,White Fox,-0.026860696871085967,-0.026693105424481917
allied,Doctor Strange,Black Cat,0.007062901393557434,0.0072181166041081785
allied,Doctor Strange,Devil Dinosaur,-0.020557481875384778,-0.013210043007248823
allied,Doctor Strange,Cyclops,0.023635071092481405,0.022663236464098034
allied,Doctor Strange,Jubilee,0.015143874254981423,0.002975534239845446
allied,Doctor Strange,Rogue,-0.015930783098072256,-0.011111161298079552
allied,Doctor Strange,The Hood,-0.024217926441266104,-0.024845712622374717
allied,Doctor Strange,Deadpool (Vanguard),-0.005513885441571184,0.0013223094234527633
allied,Doctor Strange,Deadpool (Duelist),-0.010197681946072686,-0.011189374650498933
allied,Doctor Strange,Deadpool (Strategist),-0.0003795694695755234,-0.005088433669642835
allied,Mantis,Hawkeye,-0.004515303750363126,-0.00967829802020376
allied,Mantis,Captain America,-0.01357425338224301,-0.004127214861855243
allied,Mantis,Rocket Raccoon,-0.010153874455801617,0.0049734590683226075
allied,Mantis,Hela,-0.018629453985798385,-0.013542718869376951
allied,Mantis,Cloak & Dagger,-0.029388134892912893,-0.025259333683630755
allied,Mantis,Black Panther,0.005329101387357462,0.009354611125796152
allied,Mantis,Groot,0.05406603752587846,0.07123145939126874
allied,Mantis,Ultron,0.012085476525859885,-0.018901521018495578
allied,Mantis,Magik,-0.01879757563745351,-0.03001685402533304
allied,Mantis,Moon Knight,-0.0161070094244529,-0.018682029258088113
allied,Mantis,Luna Snow,0.008263555017494095,-0.0028187094329871617
allied,Mantis,Squirrel Girl,0.007397336782642818,0.006513722196726181
allied,Mantis,Black Widow,0.013670179565504842,0.017314604151727354
allied,Mantis,Iron Man,0.006731255350401184,0.002446489702457199
allied,Mantis,Venom,-0.001358449376093703,0.011201763466642336
allied,Mantis,Spider-man,-0.015163607166184674,-0.01954344199846855
allied,Mantis,Magneto,-0.009485409267009649,-0.013123631640009353
allied,Mantis,Scarlet Witch,-0.01659145622330429,-0.019442510756712373
allied,Mantis,Thor,-0.018336167993966056,-0.008894322493969882
allied,Mantis,Mister Fantastic,0.00012098413773751709,0.00020426595718494385
allied,Mantis,Winter Soldier,-0.0067996680721982,-0.006106233336438587
allied,Mantis,Peni Parker,-0.041021434764451394,-0.03973333616822187
allied,Mantis,Star-lord,0.11602919703641715,0.13291440462887644
allied,Mantis,Blade,0.00806164751244648,0.006895049731474246
allied,Mantis,Namor,0.0005134935035222057,0.00813884191233441
allied,Mantis,Adam Warlock,0.0694574175052468,0.03529838211156901
allied,Mantis,Jeff The Land Shark,-0.0028992035786465408,-0.008191590278147488
allied,Mantis,Psylocke,0.004516196000640104,0.00987226710888945
allied,Mantis,Wolverine,0.0006691797405542155,0.00010160147860484439
allied,Mantis,Invisible Woman,0.012555535276429044,0.01741937767765306
allied,Mantis,The Thing,0.008193517564803379,0.005805252766120331
allied,Mantis,Iron Fist,-0.013515403575191192,-0.022310717181137543
allied,Mantis,Emma Frost,0.04155421679497885,0.0502022341505355
allied,Mantis,Phoenix,-0.008473956729612358,-0.0004582443121915625
allied,Mantis,Daredevil,-0.016717067523583245,-0.021919580468257947
allied,Mantis,Angela,0.027053787311869613,0.036919564655715845
allied,Mantis,Gambit,0.0270272027726051,0.034412645199273076
allied,Mantis,Elsa Bloodstone,0.03348469900089644,0.04027375432649791
allied,Mantis,White Fox,-0.0019612201420093787,-0.023589594585078383
allied,Mantis,Black Cat,-0.019210051452871284,-0.024740376149771436
allied,Mantis,Devil Dinosaur,-0.044777270629961986,-0.04625645994424312
allied,Mantis,Cyclops,-0.03823072841605711,-0.03383895966117365
allied,Mantis,Jubilee,-0.023921544720311737,-0.029008215416893173
allied,Mantis,Rogue,-0.029070244259719356,-0.023226263612806556
allied,Mantis,The Hood,-0.012234394109769595,-0.0043786196608884545
allied,Mantis,Deadpool (Vanguard),-0.026188188643807245,-0.017878116617718688
allied,Mantis,Deadpool (Duelist),-0.008662079957645485,-0.007068788419992571
allied,Mantis,Deadpool (Strategist),-0.045787866410977526,-0.07057913614084144
allied,Hawkeye,Captain America,-0.012937423049998556,-0.01600132319403905
allied,Hawkeye,Rocket Raccoon,-0.009717214740080549,-0.024126077012732807
allied,Hawkeye,Hela,0.002133712164279742,0.0016604975252035169
allied,Hawkeye,Cloak & Dagger,0.03992444862411951,0.03135669740459198
allied,Hawkeye,Black Panther,-0.00277157193237824,-0.0058360973457300845
allied,Hawkeye,Groot,-0.01475825335959261,-0.018943730953591153
allied,Hawkeye,Ultron,0.007965232360952508,0.007456642877987809
allied,Hawkeye,Magik,0.020209805601276987,0.031775785855209605
allied,Hawkeye,Moon Knight,-0.020467397066544726,-0.01934275538639395
allied,Hawkeye,Luna Snow,0.006289731471245617,0.002256360439291507
allied,Hawkeye,Squirrel Girl,-0.02213843314466871,-0.021552227280844074
allied,Hawkeye,Black Widow,-0.027365652114263114,-0.027918932861105097
allied,Hawkeye,Iron Man,-0.0030874784345780023,-0.0019198670300484238
allied,Hawkeye,Venom,-0.021468511317427504,-0.023942830036553935
allied,Hawkeye,Spider-man,0.00029450652098612066,0.004320641981123677
allied,Hawkeye,Magneto,-0.002704333658740328,-0.006302756968996058
allied,Hawkeye,Scarlet Witch,-0.02128241956192149,-0.01688732804982045
allied,Hawkeye,Thor,0.013675030227698847,0.015340409915758711
allied,Hawkeye,Mister Fantastic,0.005108519191717871,0.004048048347180349
allied,Hawkeye,Winter Soldier,-0.021316404222665553,-0.01880426801039235
allied,Hawkeye,Peni Parker,0.013425893415104126,0.015687995357902447
allied,Hawkeye,Star-lord,-0.003911865855236396,-0.002229086182168556
allied,Hawkeye,Blade,0.0008629929154574414,0.0009402961967677834
allied,Hawkeye,Namor,-0.024229858000116025,-0.019377973736096045
allied,Hawkeye,Adam Warlock,-0.0038180542771124575,0.0004777142147490899
allied,Hawkeye,Jeff The Land Shark,-0.017519939427218318,-0.02400333758637132
allied,Hawkeye,Psylocke,0.03673614642200556,0.039104192912016854
allied,Hawkeye,Wolverine,0.011145237349788905,0.011343111162850935
allied,Hawkeye,Invisible Woman,-0.004434114351039506,-0.0099659230405206
allied,Hawkeye,The Thing,0.0009685693997429605,0.005634200588241302
allied,Hawkeye,Iron Fist,0.0005658792912498976,0.008483268037087047
allied,Hawkeye,Emma Frost,0.009085630942714631,0.011802913761956505
allied,Hawkeye,Phoenix,-0.001032457206670584,-0.0009721449800250807
allied,Hawkeye,Daredevil,0.014112613907957455,0.018485868453451314
allied,Hawkeye,Angela,0.03142657956800322,0.03496297584655762
allied,Hawkeye,Gambit,0.00719559567426433,0.002304727575134268
allied,Hawkeye,Elsa Bloodstone,0.02084145629550998,0.022779224888231572
allied,Hawkeye,White Fox,0.005240804123851158,0.0002584525024792644
allied,Hawkeye,Black Cat,0.021386962688076286,0.02520011510369371
allied,Hawkeye,Devil Dinosaur,0.008626828037241106,0.011620227536497342
allied,Hawkeye,Cyclops,-0.024163798922101194,-0.028536941007639066
allied,Hawkeye,Jubilee,0.01523006738535863,0.013669341501072255
allied,Hawkeye,Rogue,-0.02120539199381007,-0.022257528792565293
allied,Hawkeye,The Hood,-0.004659722781372357,-0.0016362250520379907
allied,Hawkeye,Deadpool (Vanguard),-0.0005240007943589478,-0.00030602364944013084
allied,Hawkeye,Deadpool (Duelist),0.012898572379067283,0.012643239820591222
allied,Hawkeye,Deadpool (Strategist),-0.01776371787577094,-0.0228488597223247
allied,Captain America,Rocket Raccoon,-0.021040466559678603,-0.024176500635225043
allied,Captain America,Hela,0.041133511129026655,0.042917369433189884
allied,Captain America,Cloak & Dagger,-0.0038399136985028913,0.0016384171633664832
allied,Captain America,Black Panther,-0.029970207816287692,-0.028970063903273224
allied,Captain America,Groot,-0.017852442163941763,-0.017106552768132433
allied,Captain America,Ultron,-0.006266293629673983,0.0076525025240284945
allied,Captain America,Magik,-0.003170438032684358,-0.01050768521233834
allied,Captain America,Moon Knight,-0.0032212673753905913,-0.005568235763234805
allied,Captain America,Luna Snow,0.005288620915002651,0.012339388382591058
allied,Captain America,Squirrel Girl,-0.021748164167473206,-0.024427613859013722
allied,Captain America,Black Widow,-0.012832366938401231,-0.016506860370425574
allied,Captain America,Iron Man,0.0068374539019005216,0.01194499178817199
allied,Captain America,Venom,-0.008939251303885546,-0.016306966009794817
allied,Captain America,Spider-man,-0.017401677578624913,-0.021713801122023795
allied,Captain America,Magneto,0.007622401896314739,0.024776230645859394
allied,Captain America,Scarlet Witch,0.011527776249641264,0.00529489543067545
allied,Captain America,Thor,0.009994459673509303,0.005760864502506347
allied,Captain America,Mister Fantastic,0.016562924034337748,0.023310176674851645
allied,Captain America,Winter Soldier,0.028607561882372196,0.025537730944968157
allied,Captain America,Peni Parker,-0.011966130509798448,-0.016702629575145213
allied,Captain America,Star-lord,-0.003979413483731635,-0.007527787140791949
allied,Captain America,Blade,0.015569716324938743,0.02156710796500969
allied,Captain America,Namor,0.030415312365916457,0.017957382188174074
allied,Captain America,Adam Warlock,-0.026747687080612797,-0.017297714301507852
allied,Captain America,Jeff The Land Shark,-0.001724422548549463,-0.002542716325282112
allied,Captain America,Psylocke,0.0025680504018409916,0.0023216944365762795
allied,Captain America,Wolverine,0.0058034650648943085,0.010657184983920398
allied,Captain America,Invisible Woman,-0.0178644033151009,-0.025113162603318407
allied,Captain America,The Thing,0.019167806089387757,0.02290792275154268
allied,Captain America,Iron Fist,0.014045630721388416,0.01059429574453747
allied,Captain America,Emma Frost,0.0026916939808849546,0.004226548323132099
allied,Captain America,Phoenix,-0.0057849979023189314,-0.012076772822252436
allied,Captain America,Daredevil,0.020891091094498014,0.022808874937088837
allied,Captain America,Angela,-0.01751738798904148,-0.019202225805300076
allied,Captain America,Gambit,0.021864342861664717,0.022761225182968078
allied,Captain America,Elsa Bloodstone,-0.02574194883556313,-0.028833441142336488
allied,Captain America,White Fox,0.020131929691069146,0.037222148465674176
allied,Captain America,Black Cat,-0.004444422288560942,-0.003365581268811763
allied,Captain America,Devil Dinosaur,-0.0006316084309404022,-0.004078702598287388
allied,Captain America,Cyclops,0.005666809920064461,0.004890858141807436
allied,Captain America,Jubilee,-0.000732098203843699,-0.006081692876493374
allied,Captain America,Rogue,-0.0016579970303003538,-0.00856951445837538
allied,Captain America,The Hood,0.01724685300451813,0.009393109930160395
allied,Captain America,Deadpool (Vanguard),-0.01249887127544154,-0.020915813350000013
allied,Captain America,Deadpool (Duelist),0.003850132548660604,0.006660529019506743
allied,Captain America,Deadpool (Strategist),-0.009363722266027871,-0.006146227249298969
allied,Rocket Raccoon,Hela,-0.020034219850392092,-0.023718709596141814
allied,Rocket Raccoon,Cloak & Dagger,-0.04608291080897579,-0.007296835991272801
allied,Rocket Raccoon,Black Panther,-0.025300238875875906,-0.03369902579943833
allied,Rocket Raccoon,Groot,-0.011166773834093669,-0.015868342129688125
allied,Rocket Raccoon,Ultron,-0.024734240803877795,-0.025055688656574353
allied,Rocket Raccoon,Magik,0.019981750911997238,0.00501425921370211
allied,Rocket Raccoon,Moon Knight,-0.006696795313295492,-0.016691167512132975
allied,Rocket Raccoon,Luna Snow,-0.005069983593463956,0.01917171726135592
allied,Rocket Raccoon,Squirrel Girl,0.007125721941557084,-0.002387473628592216
allied,Rocket Raccoon,Black Widow,-1.3829817059618239e-07,-0.0066601325740044594
allied,Rocket Raccoon,Iron Man,-0.01163149770491928,-0.02680723661387527
allied,Rocket Raccoon,Venom,-0.007253007135449866,-0.0070232794107424135
allied,Rocket Raccoon,Spider-man,-0.0164041059438387,-0.02953463225242627
allied,Rocket Raccoon,Magneto,0.011271974696972822,-0.00041338501709032715
allied,Rocket Raccoon,Scarlet Witch,0.04307992787014657,0.0390921672193229
allied,Rocket Raccoon,Thor,-0.006596200558554059,-0.006650720055998728
allied,Rocket Raccoon,Mister Fantastic,0.04327059444529822,0.04015194842409379
allied,Rocket Raccoon,Winter Soldier,-0.008062590155067032,-0.01612264980876297
allied,Rocket Raccoon,Peni Parker,0.07477278533472549,0.08328752382590496
allied,Rocket Raccoon,Star-lord,-0.015824688701202433,-0.024016845955042523
allied,Rocket Raccoon,Blade,0.01048616464200841,0.0010270023731344712
allied,Rocket Raccoon,Namor,-0.005235130585603703,-0.006923989317029183
allied,Rocket Raccoon,Adam Warlock,0.028039339184386582,0.023633781880822727
allied,Rocket Raccoon,Jeff The Land Shark,-0.047045951794545494,-0.023126084184766634
allied,Rocket Raccoon,Psylocke,-0.02903430205448008,-0.036467672332217704
allied,Rocket Raccoon,Wolverine,0.022275479298293318,0.01581305935196439
allied,Rocket Raccoon,Invisible Woman,-0.04963549330606718,-0.019138427412078524
allied,Rocket Raccoon,The Thing,0.01593499289449114,0.003407748295661565
allied,Rocket Raccoon,Iron Fist,0.02064197151367755,0.00752070066474285
allied,Rocket Raccoon,Emma Frost,0.00980137992668773,0.001963117307422678
allied,Rocket Raccoon,Phoenix,0.007280616532190504,0.008670021478239705
allied,Rocket Raccoon,Daredevil,0.009213552183845768,-0.0013432624264972525
allied,Rocket Raccoon,Angela,-0.0031626191777106116,-0.00953619549782183
allied,Rocket Raccoon,Gambit,-0.043893370023284216,-0.01260618394783039
allied,Rocket Raccoon,Elsa Bloodstone,0.03847490504321847,0.03729210699501324
allied,Rocket Raccoon,White Fox,-0.01415242187333986,-0.0002302517953138277
allied,Rocket Raccoon,Black Cat,0.011927195358584258,0.0016933973840191029
allied,Rocket Raccoon,Devil Dinosaur,0.00954790779787057,0.005416405252787604
allied,Rocket Raccoon,Cyclops,0.006711403219363069,0.0081253092995771
allied,Rocket Raccoon,Jubilee,-0.04265530356013271,-0.013489127013336238
allied,Rocket Raccoon,Rogue,0.0038959502677028764,0.003654923842676477
allied,Rocket Raccoon,The Hood,-0.009792404574094624,-0.012927312999397776
allied,Rocket Raccoon,Deadpool (Vanguard),-0.01640377220552028,-0.017904350158553375
allied,Rocket Raccoon,Deadpool (Duelist),-0.005316456416779645,-0.011900591065615447
allied,Rocket Raccoon,Deadpool (Strategist),0.01270590751122256,0.037485342762658094
allied,Hela,Cloak & Dagger,-0.014611678096957816,-0.017982446990928536
allied,Hela,Black Panther,0.03919118015535677,0.03434428659330148
allied,Hela,Groot,-0.019872230373316944,-0.0258763818237896
allied,Hela,Ultron,-0.052294567968595995,-0.04832163432706279
allied,Hela,Magik,-0.005087381798699124,-0.0008997966588475174
allied,Hela,Moon Knight,-0.008175216146181694,-0.011301534135859709
allied,Hela,Luna Snow,0.0029253024390239447,0.010485375943733602
allied,Hela,Squirrel Girl,-0.02447621257983833,-0.029358179087422803
allied,Hela,Black Widow,0.014909181100751645,0.012599497354995895
allied,Hela,Iron Man,-0.053091404843921816,-0.061357789239052635
allied,Hela,Venom,0.03837535299683254,0.041399040351032444
allied,Hela,Spider-man,0.03468515154258492,0.0362989195461165
allied,Hela,Magneto,-0.003224359145010668,-0.008124005727604206
allied,Hela,Scarlet Witch,-0.015337261246823917,-0.015721201685309757
allied,Hela,Thor,0.03824970640121425,0.041440463828066015
allied,Hela,Mister Fantastic,0.02182915403742299,0.016886170889645138
allied,Hela,Winter Soldier,-0.01730795821100324,-0.019735988412962733
allied,Hela,Peni Parker,-0.023641937262435908,-0.02679770697890412
allied,Hela,Star-lord,-0.025258417463278237,-0.030625340006402473
allied,Hela,Blade,-0.007603158368028051,-0.013503907995906698
allied,Hela,Namor,0.006741797032905492,0.008896853873269866
allied,Hela,Adam Warlock,-0.02164516565721784,-0.007563787922177991
allied,Hela,Jeff The Land Shark,-0.016391846932698045,-0.01072023536434454
allied,Hela,Psylocke,-0.01668874073115083,-0.024039313974685148
allied,Hela,Wolverine,0.009228449139624856,0.0039931770511982415
allied,Hela,Invisible Woman,0.0031773989811115996,0.010611027623840868
allied,Hela,The Thing,-0.0289233511735489,-0.02886731605565178
allied,Hela,Iron Fist,0.007479127842869067,0.010698029745797937
allied,Hela,Emma Frost,-0.004930273209587994,-0.005034353842099653
allied,Hela,Phoenix,0.04016471244974563,0.03837896006940197
allied,Hela,Daredevil,0.021885810766132635,0.02163212616782367
allied,Hela,Angela,0.025695652020844686,0.027343882761961247
allied,Hela,Gambit,0.018034446599304078,0.026512433031495454
allied,Hela,Elsa Bloodstone,0.017703428725211655,0.014106444301681433
allied,Hela,White Fox,0.00684368427176731,0.01407569083457641
allied,Hela,Black Cat,0.021517148497246737,0.02006746324978415
allied,Hela,Devil Dinosaur,-0.010933664949518748,-0.011386156765237871
allied,Hela,Cyclops,0.02311389440957489,0.017400587286829472
allied,Hela,Jubilee,0.012593421134654061,0.02271711263472109
allied,Hela,Rogue,0.0032063959816673584,0.003661289624672292
allied,Hela,The Hood,-0.007974047750967073,-0.006566515818191117
allied,Hela,Deadpool (Vanguard),-0.016975237377866693,-0.019852933106897588
allied,Hela,Deadpool (Duelist),-0.019840786744150664,-0.028093703104081453
allied,Hela,Deadpool (Strategist),0.015566613604037223,0.02666176135815096
allied,Cloak & Dagger,Black Panther,-0.0007027078264884136,-0.006390900236277681
allied,Cloak & Dagger,Groot,-0.0009868284865761352,0.0017976562334073032
allied,Cloak & Dagger,Ultron,0.01132167756733334,0.010968344436156168
allied,Cloak & Dagger,Magik,0.026377564412893753,0.011845452534810409
allied,Cloak & Dagger,Moon Knight,0.04994995480057039,0.04667232949856586
allied,Cloak & Dagger,Luna Snow,-0.0016306802203936098,0.01610972411664501
allied,Cloak & Dagger,Squirrel Girl,-0.013681651170702636,-0.02615986524728468
allied,Cloak & Dagger,Black Widow,-0.006650043932274391,-0.014505373279771507
allied,Cloak & Dagger,Iron Man,0.015911447650462738,0.003814480043529223
allied,Cloak & Dagger,Venom,-0.03948292421725139,-0.03858301422453518
allied,Cloak & Dagger,Spider-man,-0.02164157995234177,-0.035790887379392504
allied,Cloak & Dagger,Magneto,0.01671631679057388,0.01175593099770919
allied,Cloak & Dagger,Scarlet Witch,0.00710696505397467,-0.0017415128162707708
allied,Cloak & Dagger,Thor,-0.004299409020090706,0.0018651890644445271
allied,Cloak & Dagger,Mister Fantastic,0.006430389403890954,-0.0016573791148896638
allied,Cloak & Dagger,Winter Soldier,0.025431611911571544,0.02119423064880515
allied,Cloak & Dagger,Peni Parker,-0.039483802911828014,-0.043481740018403506
allied,Cloak & Dagger,Star-lord,-0.009519127195075774,-0.017287186128050316
allied,Cloak & Dagger,Blade,0.02782661677588699,0.020170914156347596
allied,Cloak & Dagger,Namor,-0.003083553037282613,-0.0048675614425682375
allied,Cloak & Dagger,Adam Warlock,0.03492672376194867,0.024703786873725878
allied,Cloak & Dagger,Jeff The Land Shark,-0.03683434834871309,-0.018072511126580874
allied,Cloak & Dagger,Psylocke,0.0047759873471880454,0.0012048063772586576
allied,Cloak & Dagger,Wolverine,0.029211753256133965,0.023252270687134837
allied,Cloak & Dagger,Invisible Woman,-0.05720948305630973,-0.035398168514478454
allied,Cloak & Dagger,The Thing,0.002901057086089046,-0.0058709368257925726
allied,Cloak & Dagger,Iron Fist,-0.017848906892528642,-0.0361456344096394
allied,Cloak & Dagger,Emma Frost,-0.0008256892874724563,-0.004521883374286391
allied,Cloak & Dagger,Phoenix,0.02014690698440072,0.022780501369575927
allied,Cloak & Dagger,Daredevil,0.0307032666128932,0.02246856943878083
allied,Cloak & Dagger,Angela,0.02619310517665309,0.030387403498220042
allied,Cloak & Dagger,Gambit,-0.05518951438136686,-0.03332635825797257
allied,Cloak & Dagger,Elsa Bloodstone,0.009411164139421417,0.004231301610841279
allied,Cloak & Dagger,White Fox,-0.01065607610980089,-0.003223888356405319
allied,Cloak & Dagger,Black Cat,0.007824695273492964,-0.0032860120791088805
allied,Cloak & Dagger,Devil Dinosaur,-0.021838337858172643,-0.025164068084678554
allied,Cloak & Dagger,Cyclops,0.017116336402276684,0.01946676226295464
allied,Cloak & Dagger,Jubilee,-0.015034755187259444,0.012426404841716681
allied,Cloak & Dagger,Rogue,-0.03028696000286693,-0.03017167806522233
allied,Cloak & Dagger,The Hood,0.07747087296775876,0.09421041023212319
allied,Cloak & Dagger,Deadpool (Vanguard),0.0007656702219805235,0.007874457315236918
allied,Cloak & Dagger,Deadpool (Duelist),0.0033051387316613825,-0.002565393391019569
allied,Cloak & Dagger,Deadpool (Strategist),-0.00481541065396655,0.009305249427470972
allied,Black Panther,Groot,-0.037269669582709025,-0.038008201717811725
allied,Black Panther,Ultron,0.013104188219721927,0.021195921585167657
allied,Black Panther,Magik,-0.046137165947386274,-0.04754811398613911
allied,Black Panther,Moon Knight,0.0176548858780272,0.014494441239329688
allied,Black Panther,Luna Snow,-0.013691708324496437,-0.012264805964854053
allied,Black Panther,Squirrel Girl,-0.009689359586844578,-0.015524251062845652
allied,Black Panther,Black Widow,0.020573537725043962,0.016551937312995653
allied,Black Panther,Iron Man,-0.019498600488277805,-0.02715325469845272
allied,Black Panther,Venom,-0.0023524173715513325,0.003309022326813403
allied,Black Panther,Spider-man,-0.02518503883859895,-0.030735661812215542
allied,Black Panther,Magneto,-0.005815179475101748,-0.0037814282421842864
allied,Black Panther,Scarlet Witch,0.011648727706071366,0.011326830411032735
allied,Black Panther,Thor,0.016153833585841614,0.02408099115815894
allied,Black Panther,Mister Fantastic,0.008058992342002462,-0.0002128593962680528
allied,Black Panther,Winter Soldier,0.007257561318724888,0.004690191204205103
allied,Black Panther,Peni Parker,0.0030876412806431154,0.010167841780235283
allied,Black Panther,Star-lord,0.028906081665458317,0.025862454312411284
allied,Black Panther,Blade,-0.008257905426800528,-0.016396321147402724
allied,Black Panther,Namor,0.030966057073126007,0.032953381211403045
allied,Black Panther,Adam Warlock,-0.023561169269351517,-0.013775336785455599
allied,Black Panther,Jeff The Land Shark,0.010469175362384144,0.015442369917995703
allied,Black Panther,Psylocke,0.00812254075425427,0.0006530749928719819
allied,Black Panther,Wolverine,-0.031225963089219134,-0.042010233412519256
allied,Black Panther,Invisible Woman,-0.003066283339711438,-0.0004691597867122712
allied,Black Panther,The Thing,-0.03683064273430566,-0.030440043098857134
allied,Black Panther,Iron Fist,-0.015735081553498613,-0.01663079300978121
allied,Black Panther,Emma Frost,-0.02111205400219957,-0.015813586761407206
allied,Black Panther,Phoenix,0.013134685376461532,0.006916843606186955
allied,Black Panther,Daredevil,-0.005681755131943775,-0.010412252350406371
allied,Black Panther,Angela,0.013807737579976618,0.0213421659757749
allied,Black Panther,Gambit,0.02297958280921554,0.02801966646801863
allied,Black Panther,Elsa Bloodstone,0.03845767160213077,0.03440424904852654
allied,Black Panther,White Fox,-0.006431857535737215,-0.004915338498493403
allied,Black Panther,Black Cat,0.0002865956292458392,-0.0051126627542681016
allied,Black Panther,Devil Dinosaur,-0.014177313323839306,-0.007769940153205149
allied,Black Panther,Cyclops,0.012202341714614975,0.0033980022702152163
allied,Black Panther,Jubilee,-0.008729351338328887,-0.0053270511970119495
allied,Black Panther,Rogue,0.00490510799321135,0.012776561061636727
allied,Black Panther,The Hood,-0.0011936993790621273,0.008202774096647457
allied,Black Panther,Deadpool (Vanguard),0.04719445899231046,0.058769889608216386
allied,Black Panther,Deadpool (Duelist),0.013015402379266228,0.005312929816970051
allied,Black Panther,Deadpool (Strategist),0.005329885955157696,0.01108939795353427
allied,Groot,Ultron,-0.0325443460511678,-0.02600118601615099
allied,Groot,Magik,-0.004907115415392233,-0.013356461281261592
allied,Groot,Moon Knight,0.011164948247578115,0.009521921319762313
allied,Groot,Luna Snow,-0.004112419485251876,-0.0017249112043642523
allied,Groot,Squirrel Girl,0.0020268950823009698,0.001108921435126846
allied,Groot,Black Widow,-0.006527622976334557,-0.01040845060244308
allied,Groot,Iron Man,0.01299443573264084,0.017878995888057855
allied,Groot,Venom,-0.03643265227694656,-0.04324779672010714
allied,Groot,Spider-man,0.02823557906060413,0.02814743181697727
allied,Groot,Magneto,-0.03890626561496059,-0.024353638573495654
allied,Groot,Scarlet Witch,-0.009663148372632643,-0.019199402978973747
allied,Groot,Thor,0.02793618882053866,0.03178287777833487
allied,Groot,Mister Fantastic,0.007989625001742124,0.012854719924047792
allied,Groot,Winter Soldier,-0.016190070974588282,-0.025222273055472418
allied,Groot,Peni Parker,-0.008933662612867616,-0.008060051010970001
allied,Groot,Star-lord,0.033520680912058315,0.03327973506031672
allied,Groot,Blade,-0.02831554582144704,-0.02817775829426948
allied,Groot,Namor,0.039359732563691074,0.02699279436127118
allied,Groot,Adam Warlock,-0.013837184298957498,-0.0054646869808892586
allied,Groot,Jeff The Land Shark,0.004885902316585848,0.001977604485090067
allied,Groot,Psylocke,0.017823039569177655,0.018378481424708073
allied,Groot,Wolverine,-0.006626218822238709,-0.004089029640750607
allied,Groot,Invisible Woman,0.028446331916128276,0.025487991667698436
allied,Groot,The Thing,0.008572791928419416,0.015665211579586908
allied,Groot,Iron Fist,0.025015355150576905,0.021883137076213192
allied,Groot,Emma Frost,0.04332368541801566,0.05669815728623852
allied,Groot,Phoenix,-0.008440813420024968,-0.01594821632159947
allied,Groot,Daredevil,-0.002539995284267252,-0.004177911141183985
allied,Groot,Angela,0.013702407192796424,0.022297769771459117
allied,Groot,Gambit,0.01317239399188385,0.009519978265312552
allied,Groot,Elsa Bloodstone,-0.016694105149364244,-0.019682956131844256
allied,Groot,White Fox,-0.0290116149152527,-0.02297184350332356
allied,Groot,Black Cat,-0.01881961885823016,-0.020276445993557386
allied,Groot,Devil Dinosaur,-0.0007823935635218295,0.0008532200675806335
allied,Groot,Cyclops,0.02977933463003316,0.030802870115560037
allied,Groot,Jubilee,0.0162301881924688,0.0104542975682809
allied,Groot,Rogue,0.00585561143370803,0.005296642163280765
allied,Groot,The Hood,-0.01902433502089362,-0.027779815746501603
allied,Groot,Deadpool (Vanguard),-0.00995687789926574,-0.012844971357355815
allied,Groot,Deadpool (Duelist),0.011956264232317609,0.01476323007112683
allied,Groot,Deadpool (Strategist),-0.02555697229914406,-0.028094341588682997
allied,Ultron,Magik,0.018778958473378994,0.015351084622315013
allied,Ultron,Moon Knight,-0.006135009543603964,-0.004369191619171579
allied,Ultron,Luna Snow,0.005593435265032358,-0.018575247601156076
allied,Ultron,Squirrel Girl,-0.0026771654012573438,-0.0017257549872000204
allied,Ultron,Black Widow,0.004919719877766508,0.01056467477598321
allied,Ultron,Iron Man,0.017939562849877015,0.01815017341232899
allied,Ultron,Venom,-0.011977607978490457,0.002173218476226508
allied,Ultron,Spider-man,0.006307264812654605,0.007705626750687122
allied,Ultron,Magneto,0.010908121224890566,0.013844694639740947
allied,Ultron,Scarlet Witch,-0.003970945563761293,-0.0021500984917650233
allied,Ultron,Thor,-0.015027284449567293,-0.0017563899925694833
allied,Ultron,Mister Fantastic,-0.020328111666421206,-0.01970662904953214
allied,Ultron,Winter Soldier,-0.008222831370077087,-0.004612954273590855
allied,Ultron,Peni Parker,0.015534844189434932,0.02920960886204802
allied,Ultron,Star-lord,0.0138066154607022,0.021008338129158612
allied,Ultron,Blade,0.0021696837505995326,0.003360928272357912
allied,Ultron,Namor,-0.015137113235336657,-0.00637375289592033
allied,Ultron,Adam Warlock,0.13862364192722873,0.10562671919376647
allied,Ultron,Jeff The Land Shark,-0.006352857985615834,-0.024887074933122977
allied,Ultron,Psylocke,-0.03377107456219931,-0.03010657450134342
allied,Ultron,Wolverine,-0.013959351094897647,-0.013261157938317022
allied,Ultron,Invisible Woman,0.026735564429411513,0.021855166710223067
allied,Ultron,The Thing,-0.002578926955411991,-0.003401213378906391
allied,Ultron,Iron Fist,0.007264785466650337,0.004161333263895659
allied,Ultron,Emma Frost,-0.002976783710780554,0.0018117298080023107
allied,Ultron,Phoenix,0.009548580402155228,0.02291144773400845
allied,Ultron,Daredevil,-0.022021472515450766,-0.024792698311147426
allied,Ultron,Angela,-0.008908150692061263,-0.0015247064257663749
allied,Ultron,Gambit,0.02139808444460882,0.015110199647199127
allied,Ultron,Elsa Bloodstone,-0.003996831882991174,0.0012013698550858204
allied,Ultron,White Fox,0.019875339104987504,-0.009978624861334079
allied,Ultron,Black Cat,0.0009417541166922551,0.0010247428889490265
allied,Ultron,Devil Dinosaur,-0.05558010124054535,-0.055498195658446985
allied,Ultron,Cyclops,-0.013919385210973132,-0.0033943607824926964
allied,Ultron,Jubilee,0.004786128797424463,-0.007163265781932334
allied,Ultron,Rogue,0.0021472367830563987,0.01630557669920999
allied,Ultron,The Hood,-0.01504982642164873,-0.004349268064096331
allied,Ultron,Deadpool (Vanguard),-0.004825332025920099,0.010215320343980726
allied,Ultron,Deadpool (Duelist),-0.01998416265146575,-0.016711793677578888
allied,Ultron,Deadpool (Strategist),0.02304956993820775,-0.0006448012946399682
allied,Magik,Moon Knight,-0.018941630608688153,-0.012428450362596037
allied,Magik,Luna Snow,0.0038758802597496137,-0.004730222305794088
allied,Magik,Squirrel Girl,-0.00662808153066183,0.0005101803840958481
allied,Magik,Black Widow,-0.0074125517168142935,-0.0010441397139408608
allied,Magik,Iron Man,0.014746181736209972,0.022659148463596786
allied,Magik,Venom,0.0062217814117353975,0.0014929497673960178
allied,Magik,Spider-man,-0.021770847705611225,-0.014318954920478893
allied,Magik,Magneto,-0.0038527319539659976,-0.012953982288335589
allied,Magik,Scarlet Witch,0.012093545541169287,0.02452711214649515
allied,Magik,Thor,0.0017185300531022082,-0.0033363133737600564
allied,Magik,Mister Fantastic,0.007388684681756388,0.011779518402637744
allied,Magik,Winter Soldier,-0.005340050066669999,0.0037629136080297087
allied,Magik,Peni Parker,0.023170866579797698,0.02115714212995658
allied,Magik,Star-lord,0.03466309539875775,0.04481690664480558
allied,Magik,Blade,-0.01736556388885524,-0.013543281737016038
allied,Magik,Namor,0.008532158894913306,0.021371437761247402
allied,Magik,Adam Warlock,0.020083665552328593,0.02309614889071768
allied,Magik,Jeff The Land Shark,-0.019699647867662443,-0.030726509714023555
allied,Magik,Psylocke,-0.011850521717001447,-0.008263291219507862
allied,Magik,Wolverine,-0.03274765732832587,-0.03094007755583532
allied,Magik,Invisible Woman,0.0029010346863409006,-0.005984880505620233
allied,Magik,The Thing,-0.042569428027492785,-0.048181276512592956
allied,Magik,Iron Fist,-0.01720941816190671,-0.0055093393675245145
allied,Magik,Emma Frost,-0.01858296285854534,-0.024355671941844265
allied,Magik,Phoenix,-0.0060716392842791326,-0.0011689922098429856
allied,Magik,Daredevil,-0.03210262383526316,-0.026312882273357582
allied,Magik,Angela,-0.025338954984239184,-0.03356995327523184
allied,Magik,Gambit,-0.016408324260716027,-0.028520682483871226
allied,Magik,Elsa Bloodstone,0.0038387084030773516,0.009623443167796227
allied,Magik,White Fox,0.016125749135658958,0.008233015508610447
allied,Magik,Black Cat,-0.034505224340333686,-0.030080707088832297
allied,Magik,Devil Dinosaur,0.013547640649913366,0.011721833035011281
allied,Magik,Cyclops,0.025287756475519466,0.03029057859571131
allied,Magik,Jubilee,-0.0028831493877524983,-0.010979027500830355
allied,Magik,Rogue,-0.02117657523364115,-0.02759894065741359
allied,Magik,The Hood,0.10274791481434296,0.11249605110068595
allied,Magik,Deadpool (Vanguard),0.0023073968504455184,-0.002529179310229646
allied,Magik,Deadpool (Duelist),-0.039216085747960455,-0.03854576306595755
allied,Magik,Deadpool (Strategist),0.043393469467097816,0.04168197590625006
allied,Moon Knight,Luna Snow,-0.0029619504432741852,-0.0041148440690766275
allied,Moon Knight,Squirrel Girl,-0.0258073698679358,-0.027321820054658386
allied,Moon Knight,Black Widow,0.007231528953186494,0.007761333155984918
allied,Moon Knight,Iron Man,-0.01801417402769983,-0.019883864211689386
allied,Moon Knight,Venom,-0.006075940874314571,-0.007193951448484549
allied,Moon Knight,Spider-man,-0.00206657606850693,-3.228319498659344e-05
allied,Moon Knight,Magneto,-0.003975125309321512,-0.008094157633525894
allied,Moon Knight,Scarlet Witch,-0.02259907484961817,-0.0201089295726249
allied,Moon Knight,Thor,-0.009646665302851787,-0.010985650285550323
allied,Moon Knight,Mister Fantastic,-0.029623372754310203,-0.035368937523928654
allied,Moon Knight,Winter Soldier,-0.009321427711290133,-0.007606709968441896
allied,Moon Knight,Peni Parker,0.015100776768173854,0.017174062760621566
allied,Moon Knight,Star-lord,0.014794215531656229,0.016237940660942134
allied,Moon Knight,Blade,0.15240405818142672,0.16329417757769432
allied,Moon Knight,Namor,0.0009408166269709404,0.006091500504793157
allied,Moon Knight,Adam Warlock,-0.0032993140944089097,0.005098234565757226
allied,Moon Knight,Jeff The Land Shark,0.0047858095483110765,0.0051275676565658915
allied,Moon Knight,Psylocke,-0.0156409960128748,-0.019426128288616954
allied,Moon Knight,Wolverine,-0.0017884163660625261,-0.0044620230573307355
allied,Moon Knight,Invisible Woman,-0.01996559286436397,-0.02340189872254398
allied,Moon Knight,The Thing,-0.01857049294417112,-0.016483160600463873
allied,Moon Knight,Iron Fist,0.0025799546875403087,0.008869513991177422
allied,Moon Knight,Emma Frost,-0.004931675394290537,-0.0041707353860945245
allied,Moon Knight,Phoenix,-0.0012032890048423867,-0.0029525904989761756
allied,Moon Knight,Daredevil,-0.0016573926599841153,-0.00039160317611439403
allied,Moon Knight,Angela,0.009573418474085183,0.010270861927765636
allied,Moon Knight,Gambit,-0.013509240274633807,-0.016951275221909493
allied,Moon Knight,Elsa Bloodstone,-0.0034407572996190544,-0.005318669393183593
allied,Moon Knight,White Fox,0.004883031145154408,0.003892895546912065
allied,Moon Knight,Black Cat,0.004169300827099034,0.004754543260711753
allied,Moon Knight,Devil Dinosaur,-0.02816259043731141,-0.02969052440195664
allied,Moon Knight,Cyclops,-0.02282285978353657,-0.028879836247917262
allied,Moon Knight,Jubilee,0.009958745620723663,0.01177604216132456
allied,Moon Knight,Rogue,-0.007682520103426043,-0.00758894667113109
allied,Moon Knight,The Hood,-0.005304573626758865,-0.0027311805899089166
allied,Moon Knight,Deadpool (Vanguard),0.023393514810961212,0.025928027440535652
allied,Moon Knight,Deadpool (Duelist),0.004912838955536234,0.0021976928610509916
allied,Moon Knight,Deadpool (Strategist),-0.004629537630622931,-0.004035969301066545
allied,Luna Snow,Squirrel Girl,-0.0025151499994104385,-0.004858831597898301
allied,Luna Snow,Black Widow,0.009402283865140141,0.012292215324002497
allied,Luna Snow,Iron Man,-0.0021816435899572025,-0.007801527770260553
allied,Luna Snow,Venom,0.02470868270574986,0.03603045163963977
allied,Luna Snow,Spider-man,0.021700921467927178,0.021708146550092722
allied,Luna Snow,Magneto,-0.0019131833869771324,-0.00976224530839973
allied,Luna Snow,Scarlet Witch,-0.017255943317642092,-0.020411064902656973
allied,Luna Snow,Thor,0.009352501717612075,0.017816507570683756
allied,Luna Snow,Mister Fantastic,-0.025081594225011217,-0.02836964086572195
allied,Luna Snow,Winter Soldier,0.002389888335534906,0.004011011457446589
allied,Luna Snow,Peni Parker,-0.008171035347924231,-0.00703121269603811
allied,Luna Snow,Star-lord,-0.02312217690987772,-0.023851897225519846
allied,Luna Snow,Blade,-0.011035175493262337,-0.01480988231476274
allied,Luna Snow,Namor,0.0036418566865202224,0.011437244328392611
allied,Luna Snow,Adam Warlock,0.009756331640861251,-0.028138249161305647
allied,Luna Snow,Jeff The Land Shark,0.005721809557059197,0.010245368159831049
allied,Luna Snow,Psylocke,0.03616184690358399,0.04525261820988675
allied,Luna Snow,Wolverine,-0.01554245972899048,-0.018357499089447508
allied,Luna Snow,Invisible Woman,-0.024879974657423826,-0.019335365083426242
allied,Luna Snow,The Thing,0.02229697566214362,0.016747533635676416
allied,Luna Snow,Iron Fist,-0.01680320491039428,-0.026230499848055585
allied,Luna Snow,Emma Frost,0.016256523219052372,0.01541103539933557
allied,Luna Snow,Phoenix,0.0026070948871405224,0.01178693259184086
allied,Luna Snow,Daredevil,0.054183120359980505,0.057622124735936704
allied,Luna Snow,Angela,0.012700110484252451,0.014831242487374944
allied,Luna Snow,Gambit,-0.029306114031600747,-0.024988229761815983
allied,Luna Snow,Elsa Bloodstone,0.004651832413183335,0.007615773250506094
allied,Luna Snow,White Fox,0.09906956431750116,0.10558634601779021
allied,Luna Snow,Black Cat,0.027364273435696012,0.027434733185052202
allied,Luna Snow,Devil Dinosaur,-0.012998160788140443,-0.01479779758555696
allied,Luna Snow,Cyclops,-0.0008805596520788544,0.007958974033487318
allied,Luna Snow,Jubilee,-0.020606715414787438,-0.016929907023346943
allied,Luna Snow,Rogue,-0.03517820138251783,-0.03574366112376862
allied,Luna Snow,The Hood,-0.02698836741241442,-0.02693157166631504
allied,Luna Snow,Deadpool (Vanguard),-0.01140810481009651,-0.006150466589875425
allied,Luna Snow,Deadpool (Duelist),-0.022299438264412226,-0.022631822679919724
allied,Luna Snow,Deadpool (Strategist),-0.010052546681851524,-0.019649826826450188
allied,Squirrel Girl,Black Widow,0.00851522691623032,0.008752429174927762
allied,Squirrel Girl,Iron Man,0.13088730250088373,0.1410068095494461
allied,Squirrel Girl,Venom,0.0005371575959019318,0.0019183684810968177
allied,Squirrel Girl,Spider-man,0.03023014415174063,0.03455211853295933
allied,Squirrel Girl,Magneto,0.0005020396963062008,-0.0013583570807534859
allied,Squirrel Girl,Scarlet Witch,0.011280216795097324,0.016189713522304697
allied,Squirrel Girl,Thor,0.003938124257313493,0.005883633631474051
allied,Squirrel Girl,Mister Fantastic,-0.002621621777557756,-0.006520046480536636
allied,Squirrel Girl,Winter Soldier,-0.030478638983920416,-0.030923606833581245
allied,Squirrel Girl,Peni Parker,0.012903017812480782,0.01648309352126508
allied,Squirrel Girl,Star-lord,-0.018564373669729815,-0.020295488776625452
allied,Squirrel Girl,Blade,0.019163545199352025,0.01856864830088477
allied,Squirrel Girl,Namor,-0.016307860548713297,-0.012991672226534237
allied,Squirrel Girl,Adam Warlock,-0.006402138836922817,0.0003609187022606898
allied,Squirrel Girl,Jeff The Land Shark,0.004483761428266857,0.0035411254933477567
allied,Squirrel Girl,Psylocke,-0.00492622661694074,-0.008219295693567406
allied,Squirrel Girl,Wolverine,0.010619956068574054,0.00857932034924138
allied,Squirrel Girl,Invisible Woman,0.00015094128609321263,-0.002017435831448036
allied,Squirrel Girl,The Thing,0.005098552193917493,0.011606242846942231
allied,Squirrel Girl,Iron Fist,-0.019866461052418828,-0.015843849152972544
allied,Squirrel Girl,Emma Frost,0.013770540219499316,0.01839238795872642
allied,Squirrel Girl,Phoenix,0.0009488867937310989,-0.0010207592885876052
allied,Squirrel Girl,Daredevil,-0.0002054564032270318,0.0007817285625786496
allied,Squirrel Girl,Angela,-0.01338636199826127,-0.013520708174900245
allied,Squirrel Girl,Gambit,0.0010049552048033998,-0.0018694433357110236
allied,Squirrel Girl,Elsa Bloodstone,0.014718829342991329,0.013952389243465743
allied,Squirrel Girl,White Fox,-0.008611977418996011,-0.012535627115925546
allied,Squirrel Girl,Black Cat,-0.006143133108240123,-0.00681529079267385
allied,Squirrel Girl,Devil Dinosaur,0.014778586763226409,0.019841773235811905
allied,Squirrel Girl,Cyclops,-0.03635912521049806,-0.04394172457302818
allied,Squirrel Girl,Jubilee,0.022575947931784156,0.024723756733099227
allied,Squirrel Girl,Rogue,-0.027075667371667056,-0.027412147412086245
allied,Squirrel Girl,The Hood,0.0014087754264079406,0.006492681883889132
allied,Squirrel Girl,Deadpool (Vanguard),-0.013310602747158107,-0.013156005628443447
allied,Squirrel Girl,Deadpool (Duelist),0.0062169074179162795,0.0032108542048748297
allied,Squirrel Girl,Deadpool (Strategist),0.0262523008950065,0.029459461012098172
allied,Black Widow,Iron Man,0.002661222204927754,0.0014077373804702242
allied,Black Widow,Venom,-0.012829612867454413,-0.014953295380406986
allied,Black Widow,Spider-man,-0.020816726994761104,-0.021446434285327706
allied,Black Widow,Magneto,0.00448279608897872,0.0010714855871154865
allied,Black Widow,Scarlet Witch,-0.02521820749505055,-0.024049961661179838
allied,Black Widow,Thor,0.005465325966789527,0.0055835596875447365
allied,Black Widow,Mister Fantastic,0.021909389058105994,0.019347362464257976
allied,Black Widow,Winter Soldier,-0.012483403497223548,-0.01213574974678756
allied,Black Widow,Peni Parker,-0.008908646770651996,-0.009784675061418547
allied,Black Widow,Star-lord,-0.003011187069315782,-0.0041528590434533365
allied,Black Widow,Blade,-0.005753361922359135,-0.009125927485749119
allied,Black Widow,Namor,-0.04323576325538294,-0.042864558430795154
allied,Black Widow,Adam Warlock,-0.019303276709163004,-0.010408927579728123
allied,Black Widow,Jeff The Land Shark,-0.024750211171065836,-0.025603159856620126
allied,Black Widow,Psylocke,-0.010609215782840069,-0.01507969155046592
allied,Black Widow,Wolverine,0.02273298029246179,0.020995566196160217
allied,Black Widow,Invisible Woman,0.03159452858252451,0.03710053370131858
allied,Black Widow,The Thing,-0.007588184534343422,-0.004508790073040559
allied,Black Widow,Iron Fist,-0.005421982416771291,-0.0009021718872354907
allied,Black Widow,Emma Frost,0.01573825526272784,0.01858244560867007
allied,Black Widow,Phoenix,0.031444006590623415,0.031306972483009794
allied,Black Widow,Daredevil,0.027112594992088946,0.029668059841588556
allied,Black Widow,Angela,0.010828402571844205,0.011422247987090562
allied,Black Widow,Gambit,0.03250629003911182,0.03731349217716734
allied,Black Widow,Elsa Bloodstone,-0.014911437779229554,-0.018847698095720275
allied,Black Widow,White Fox,-0.025141208966239732,-0.027387078782293333
allied,Black Widow,Black Cat,0.02235266342872102,0.023346774023766097
allied,Black Widow,Devil Dinosaur,0.013783194104611145,0.016734966547165622
allied,Black Widow,Cyclops,0.02459915171186845,0.02138369899688286
allied,Black Widow,Jubilee,-0.02541161602931917,-0.02551831889886062
allied,Black Widow,Rogue,-0.012022384119908776,-0.012662597661992733
allied,Black Widow,The Hood,-0.007292043326298389,-0.005187469772083748
allied,Black Widow,Deadpool (Vanguard),-0.016200985327520435,-0.018371248905846765
allied,Black Widow,Deadpool (Duelist),0.014138395144441651,0.01108682771785075
allied,Black Widow,Deadpool (Strategist),-0.00920604435950588,-0.006687243574946856
allied,Iron Man,Venom,-0.011882563193603176,-0.007333097953711779
allied,Iron Man,Spider-man,0.03657698775508695,0.04042338563292947
allied,Iron Man,Magneto,-0.018385296858803756,-0.017805934463556487
allied,Iron Man,Scarlet Witch,-0.014551306207581055,-0.01279462608537112
allied,Iron Man,Thor,0.03466564510412471,0.044639400335973446
allied,Iron Man,Mister Fantastic,0.020091436671921294,0.01707910454076447
allied,Iron Man,Winter Soldier,-0.014849276650721216,-0.014997515445434472
allied,Iron Man,Peni Parker,0.005633940143515883,0.012962425063980614
allied,Iron Man,Star-lord,-0.004053110219817836,-0.0055805220988554
allied,Iron Man,Blade,0.022774428809827944,0.021476323536577684
allied,Iron Man,Namor,-0.0016996330972292905,0.0018283258577386384
allied,Iron Man,Adam Warlock,0.012437071734823044,0.01823713971247764
allied,Iron Man,Jeff The Land Shark,0.010653248363321318,0.007163907412286882
allied,Iron Man,Psylocke,0.02587352388724611,0.024139360161393186
allied,Iron Man,Wolverine,-0.003233436657043941,-0.007430308542322632
allied,Iron Man,Invisible Woman,0.006518226414362502,0.0018278690548577706
allied,Iron Man,The Thing,0.013482102243823119,0.025501272813126342
allied,Iron Man,Iron Fist,-0.04018882149324872,-0.03886066387365408
allied,Iron Man,Emma Frost,-0.00395233763226403,0.003240430836515112
allied,Iron Man,Phoenix,-0.011130516165393158,-0.015108802465085601
allied,Iron Man,Daredevil,-0.01673188602838591,-0.018123333898568045
allied,Iron Man,Angela,-0.0009563806971326715,0.004876532386738001
allied,Iron Man,Gambit,0.004507195669215381,-0.0012473136962446877
allied,Iron Man,Elsa Bloodstone,0.006847654995656561,0.004422699299258124
allied,Iron Man,White Fox,-0.022764393508908288,-0.031774986100073996
allied,Iron Man,Black Cat,0.009003034414703265,0.008587403977003825
allied,Iron Man,Devil Dinosaur,-0.018059332381814862,-0.012127743567106984
allied,Iron Man,Cyclops,-0.02752965330131561,-0.03538127449217635
allied,Iron Man,Jubilee,0.004573999679422065,0.0011536740661947306
allied,Iron Man,Rogue,0.0003426719077677577,0.007661700240799299
allied,Iron Man,The Hood,-0.04251512504630855,-0.03781151194570136
allied,Iron Man,Deadpool (Vanguard),-0.011511828084614581,-0.006587442782813316
allied,Iron Man,Deadpool (Duelist),0.011022985073716707,0.0074131636304632514
allied,Iron Man,Deadpool (Strategist),0.01275683576813383,0.01095917186136928
allied,Venom,Spider-man,-0.004852628467812271,-0.00620075950797867
allied,Venom,Magneto,0.006541819277278443,0.019033960754901224
allied,Venom,Scarlet Witch,0.0003308643767979042,-0.005612706357424152
allied,Venom,Thor,0.02154099428421873,0.01473777860125177
allied,Venom,Mister Fantastic,-0.02205972507931558,-0.01811232506524806
allied,Venom,Winter Soldier,-0.009493182477768375,-0.015304080066635207
allied,Venom,Peni Parker,-0.01953041040234392,-0.03000281877309337
allied,Venom,Star-lord,0.00017272452573080657,-0.001357462548853501
allied,Venom,Blade,-0.014546098837587208,-0.010390372483313676
allied,Venom,Namor,-0.013772890935336637,-0.029657563084831966
allied,Venom,Adam Warlock,-0.016090983218673117,-0.0037784057832535925
allied,Venom,Jeff The Land Shark,0.033258084930891614,0.03921189996328627
allied,Venom,Psylocke,0.004721648133366362,0.0062683684445462825
allied,Venom,Wolverine,-0.010955351819811898,-0.006438800127817808
allied,Venom,Invisible Woman,-0.029652000390784364,-0.03764527481623387
allied,Venom,The Thing,0.014104178429601306,0.012522695032017764
allied,Venom,Iron Fist,0.004044378909642951,0.0010170300134286598
allied,Venom,Emma Frost,0.014899759804129439,0.013974596438856257
allied,Venom,Phoenix,0.0444846016030574,0.045405562500029764
allied,Venom,Daredevil,0.021810600310318902,0.02538245595368435
allied,Venom,Angela,0.003599525276814253,0.0009306918145330491
allied,Venom,Gambit,-0.0006845047679200756,-0.002261624280011423
allied,Venom,Elsa Bloodstone,0.039077494108028486,0.0448375936098281
allied,Venom,White Fox,-0.005375335107844383,0.008765421931152394
allied,Venom,Black Cat,-0.01607665676511743,-0.014757539250603168
allied,Venom,Devil Dinosaur,-0.002476092328771642,-0.010711437293521323
allied,Venom,Cyclops,0.009382112437494048,0.010575143243984052
allied,Venom,Jubilee,-0.026206624994766378,-0.034500419937454355
allied,Venom,Rogue,0.019050456161189253,0.011087269228616761
allied,Venom,The Hood,0.01847201563742236,0.0063386022559612995
allied,Venom,Deadpool (Vanguard),-0.01253181621654614,-0.02543687245662361
allied,Venom,Deadpool (Duelist),0.008021826439445923,0.012852612215664324
allied,Venom,Deadpool (Strategist),0.022587899521462857,0.032090396718255615
allied,Spider-man,Magneto,0.0030031946148316624,-0.0006977293066227539
allied,Spider-man,Scarlet Witch,0.0011652297831178876,0.006806668607059017
allied,Spider-man,Thor,-0.01180330506406443,-0.013753119410771234
allied,Spider-man,Mister Fantastic,0.0016613166922293935,-0.0003072585139327523
allied,Spider-man,Winter Soldier,-0.007822122562410036,-0.004808559229670759
allied,Spider-man,Peni Parker,0.04489549637454772,0.04995686985483069
allied,Spider-man,Star-lord,-0.012619668047495002,-0.012282674630490263
allied,Spider-man,Blade,0.0031232481565067606,0.002767307560205223
allied,Spider-man,Namor,-0.01973081445928949,-0.015125906886339928
allied,Spider-man,Adam Warlock,0.012873545235531742,0.021369961031008272
allied,Spider-man,Jeff The Land Shark,0.005264722263592203,0.0037436041803249717
allied,Spider-man,Psylocke,-0.007308861481390431,-0.009226656762608868
allied,Spider-man,Wolverine,0.01642580201427534,0.01644172169375546
allied,Spider-man,Invisible Woman,-0.014862328607247887,-0.01958346671422057
allied,Spider-man,The Thing,0.01816597933510863,0.024023299879808124
allied,Spider-man,Iron Fist,-0.027690342056461523,-0.022745168040421145
allied,Spider-man,Emma Frost,-0.0028647153764952502,-0.002238869592364308
allied,Spider-man,Phoenix,0.02221805504741402,0.02359151277993218
allied,Spider-man,Daredevil,-0.025945193175341764,-0.025526045292845585
allied,Spider-man,Angela,-0.06642620089032841,-0.07465706527244535
allied,Spider-man,Gambit,0.010721954815260948,0.008386078973289919
allied,Spider-man,Elsa Bloodstone,0.01812530040344399,0.019215787712278512
allied,Spider-man,White Fox,-0.010666011632694256,-0.01552251785909987
allied,Spider-man,Black Cat,-0.05326196439842698,-0.05628089983007382
allied,Spider-man,Devil Dinosaur,0.031236061839623422,0.0360307242625195
allied,Spider-man,Cyclops,0.003580003996931852,0.0008938492005903439
allied,Spider-man,Jubilee,0.008033744321812593,0.007687675419117419
allied,Spider-man,Rogue,-0.014011238402008108,-0.014998426256886662
allied,Spider-man,The Hood,-0.019389994164549822,-0.018771056897861196
allied,Spider-man,Deadpool (Vanguard),-0.00015117436376160072,-0.0006365845760908111
allied,Spider-man,Deadpool (Duelist),0.033745008225617636,0.03460280201590738
allied,Spider-man,Deadpool (Strategist),0.033110672645007076,0.03649902697808503
allied,Magneto,Scarlet Witch,-0.0066636382954555805,-0.016632703438303
allied,Magneto,Thor,0.018262590588214844,0.0326938083423958
allied,Magneto,Mister Fantastic,-0.005316166824545623,-0.0027204686421585184
allied,Magneto,Winter Soldier,0.007068109705641749,-0.00011501968448174565
allied,Magneto,Peni Parker,-0.010301686484955146,0.002532525404963992
allied,Magneto,Star-lord,0.006653253959495066,0.0026153645541610203
allied,Magneto,Blade,-0.003946610870856396,-0.0018346382213665898
allied,Magneto,Namor,-0.005386716603078532,-0.023564444267833905
allied,Magneto,Adam Warlock,0.02124650573241303,0.024667434373132867
allied,Magneto,Jeff The Land Shark,0.015532972682977687,0.0037457922994047856
allied,Magneto,Psylocke,-0.019782413029751443,-0.024233417616552483
allied,Magneto,Wolverine,0.039370675421615174,0.046318166019436925
allied,Magneto,Invisible Woman,0.0035710568439371116,-0.01397511433062783
allied,Magneto,The Thing,0.011632465245096424,0.03141906815047128
allied,Magneto,Iron Fist,0.01668454054417223,0.011843294043118546
allied,Magneto,Emma Frost,-0.0253689919461666,-0.011188300250150923
allied,Magneto,Phoenix,0.004371521788646619,-0.0024634009066010244
allied,Magneto,Daredevil,0.026612342884002868,0.02748740207226887
allied,Magneto,Angela,-0.01854300806242907,-0.0031028260166197775
allied,Magneto,Gambit,0.029698911262338996,0.018112524093272176
allied,Magneto,Elsa Bloodstone,0.014148123438421725,0.013862592301124863
allied,Magneto,White Fox,-0.003787099029763777,-0.004283406425771151
allied,Magneto,Black Cat,0.02819747062347083,0.03126585700544355
allied,Magneto,Devil Dinosaur,-0.018641005397038814,-0.007776959897559942
allied,Magneto,Cyclops,-0.02309520948098484,-0.028797990635579657
allied,Magneto,Jubilee,0.025525313290836394,0.010653263196496052
allied,Magneto,Rogue,0.027974148540112292,0.04326704409852176
allied,Magneto,The Hood,-0.02590075919706417,-0.02360827400455787
allied,Magneto,Deadpool (Vanguard),-0.013832801278382855,-0.005175804425947436
allied,Magneto,Deadpool (Duelist),-0.01293540400706457,-0.013702837471187295
allied,Magneto,Deadpool (Strategist),-0.011514766586876049,-0.022385371676476293
allied,Scarlet Witch,Thor,0.005402244383730912,0.00021112309222831883
allied,Scarlet Witch,Mister Fantastic,-0.005958719522651582,-0.006397125439830434
allied,Scarlet Witch,Winter Soldier,0.013594400143131584,0.020553974467033317
allied,Scarlet Witch,Peni Parker,0.009221136514212629,0.0050849495287290805
allied,Scarlet Witch,Star-lord,-0.008610413109035816,-0.005775693379089879
allied,Scarlet Witch,Blade,0.005784269004736645,0.007813881645069227
allied,Scarlet Witch,Namor,-0.0018996397557371658,0.006352977854609343
allied,Scarlet Witch,Adam Warlock,0.010680155840198704,0.020609659392274344
allied,Scarlet Witch,Jeff The Land Shark,-0.01575548786435203,-0.01819687078259655
allied,Scarlet Witch,Psylocke,-0.0010586949667000243,-0.0002923200918348276
allied,Scarlet Witch,Wolverine,0.013671888753495167,0.015622839151739768
allied,Scarlet Witch,Invisible Woman,-0.009957359850991174,-0.012358115432416031
allied,Scarlet Witch,The Thing,0.015509765815124752,0.015888602817009368
allied,Scarlet Witch,Iron Fist,0.026807962457954547,0.038451551711655735
allied,Scarlet Witch,Emma Frost,-0.004970564719784736,-0.00976121090911573
allied,Scarlet Witch,Phoenix,-0.02217317165703592,-0.022328907684266607
allied,Scarlet Witch,Daredevil,0.02121675062842385,0.02772392853745472
allied,Scarlet Witch,Angela,0.009924147034273327,0.005113889821506377
allied,Scarlet Witch,Gambit,-0.024066182707467493,-0.029043314308763838
allied,Scarlet Witch,Elsa Bloodstone,-0.03751094232758433,-0.03888523411190998
allied,Scarlet Witch,White Fox,-0.014028570073786405,-0.017598134674312798
allied,Scarlet Witch,Black Cat,0.02322362060653073,0.028732442149357773
allied,Scarlet Witch,Devil Dinosaur,0.022882723871168124,0.021557193678756668
allied,Scarlet Witch,Cyclops,-0.024455698073870435,-0.0273102669804413
allied,Scarlet Witch,Jubilee,0.058947821832677494,0.06667327404985618
allied,Scarlet Witch,Rogue,-0.0039728962525368726,-0.009008686379769702
allied,Scarlet Witch,The Hood,-0.03556694983059314,-0.04194943684295136
allied,Scarlet Witch,Deadpool (Vanguard),0.013580982878043569,0.009463031983430667
allied,Scarlet Witch,Deadpool (Duelist),-0.02261099420793638,-0.024277863518056934
allied,Scarlet Witch,Deadpool (Strategist),-0.0037627199679919226,-0.0032762782805231096
allied,Thor,Mister Fantastic,-0.010025659240696556,-0.0045415512149559285
allied,Thor,Winter Soldier,-0.003499846437516129,-0.008454447887602818
allied,Thor,Peni Parker,0.005702347951176226,-0.0005923117335928913
allied,Thor,Star-lord,0.0012054381531985616,-2.7204208221436643e-05
allied,Thor,Blade,0.011397618489035498,0.018656799313795738
allied,Thor,Namor,0.013394072650519145,0.0007506382040065616
allied,Thor,Adam Warlock,0.013506637187209862,0.03018616962299306
allied,Thor,Jeff The Land Shark,-0.00612502302732395,-0.006890441481652885
allied,Thor,Psylocke,-0.0025332613854768494,-0.0016224923748654485
allied,Thor,Wolverine,0.012531386054163556,0.019874644531043976
allied,Thor,Invisible Woman,0.010289001206852591,0.008325010901870083
allied,Thor,The Thing,-0.029749099432265023,-0.038599041327482556
allied,Thor,Iron Fist,-0.011614086997127125,-0.016223941622220378
allied,Thor,Emma Frost,-0.0072385462230714365,-0.01183442127313463
allied,Thor,Phoenix,0.002177380554206911,-0.0014858097744724845
allied,Thor,Daredevil,-0.0013980509324653745,-0.00025913398165082165
allied,Thor,Angela,-0.012090411911300855,-0.01736158825663005
allied,Thor,Gambit,-0.018309869828112137,-0.023109442718316157
allied,Thor,Elsa Bloodstone,-0.011355085860862063,-0.011094356583949487
allied,Thor,White Fox,-0.019478931888171545,-0.007994629753737725
allied,Thor,Black Cat,-0.03465163338950072,-0.035243529679200976
allied,Thor,Devil Dinosaur,0.002968312524265226,-0.004367827529732118
allied,Thor,Cyclops,-0.01583908832032115,-0.017305684475932226
allied,Thor,Jubilee,-0.008984664430760844,-0.014900449704815442
allied,Thor,Rogue,-0.009228082315845636,-0.021879297552115547
allied,Thor,The Hood,0.022820218866030407,0.011404391191274302
allied,Thor,Deadpool (Vanguard),0.0029525433837082685,-0.007389883490456562
allied,Thor,Deadpool (Duelist),-0.02082421985190336,-0.019061354078651137
allied,Thor,Deadpool (Strategist),-0.00192280594979403,0.003250665302822066
allied,Mister Fantastic,Winter Soldier,-0.006295718124791806,-0.008642290101722652
allied,Mister Fantastic,Peni Parker,-0.009371387494548987,-0.003188799656629149
allied,Mister Fantastic,Star-lord,-0.016418386430722874,-0.021884578542082655
allied,Mister Fantastic,Blade,-0.005577412028400736,-0.012144379710966538
allied,Mister Fantastic,Namor,0.005210945243064983,0.006403875064370479
allied,Mister Fantastic,Adam Warlock,0.011896212012963968,0.022823003894360552
allied,Mister Fantastic,Jeff The Land Shark,-0.00026832376592052736,7.147013586417495e-05
allied,Mister Fantastic,Psylocke,0.009480741447551518,0.00347270897114109
allied,Mister Fantastic,Wolverine,0.00794381477890225,0.0017669009615193679
allied,Mister Fantastic,Invisible Woman,-0.006391322444612601,-0.00750104204251485
allied,Mister Fantastic,The Thing,-0.0039455064465445415,0.0066549276909159474
allied,Mister Fantastic,Iron Fist,0.016384835201344216,0.019509931806354068
allied,Mister Fantastic,Emma Frost,0.003073607888287204,0.011602023778651287
allied,Mister Fantastic,Phoenix,-0.005830937715464608,-0.01227828833969791
allied,Mister Fantastic,Daredevil,0.0031474661186641187,0.0004999910955416269
allied,Mister Fantastic,Angela,0.010387118507201656,0.018041996872643826
allied,Mister Fantastic,Gambit,0.02173792509069853,0.023331588271898223
allied,Mister Fantastic,Elsa Bloodstone,0.004560095004923692,-0.0009651749342786361
allied,Mister Fantastic,White Fox,0.0012402975626131518,0.0004246227243619899
allied,Mister Fantastic,Black Cat,0.0019002128034394717,-0.0020163616438920303
allied,Mister Fantastic,Devil Dinosaur,-0.02054557120721813,-0.014349762328574035
allied,Mister Fantastic,Cyclops,-0.0027710398497435566,-0.011472733653008417
allied,Mister Fantastic,Jubilee,0.005069055778615713,0.006904943546761954
allied,Mister Fantastic,Rogue,0.044249677481679656,0.05705853857197687
allied,Mister Fantastic,The Hood,-0.04091026181604757,-0.035481617705673846
allied,Mister Fantastic,Deadpool (Vanguard),-0.02288116822226288,-0.01869313196037717
allied,Mister Fantastic,Deadpool (Duelist),0.021111913336487716,0.015431501473121893
allied,Mister Fantastic,Deadpool (Strategist),-0.006500809606222014,-0.0055113478158066755
allied,Winter Soldier,Peni Parker,0.003261638184670764,-0.0003065831018147032
allied,Winter Soldier,Star-lord,-0.012932036468816313,-0.012337003578458043
allied,Winter Soldier,Blade,-0.008671706299995923,-0.00972495858107102
allied,Winter Soldier,Namor,-0.013813409241266384,-0.008432145028169833
allied,Winter Soldier,Adam Warlock,-0.026190657209295903,-0.018549489538127656
allied,Winter Soldier,Jeff The Land Shark,-0.007680230409203653,-0.006791690395275191
allied,Winter Soldier,Psylocke,0.008954031728727,0.008673337688597797
allied,Winter Soldier,Wolverine,-0.0006403822269932158,-0.0017603405503791767
allied,Winter Soldier,Invisible Woman,0.03414901539176707,0.03958207246596643
allied,Winter Soldier,The Thing,0.016620333586505987,0.018363489886668482
allied,Winter Soldier,Iron Fist,-0.010531216255948486,-0.0038743744472979594
allied,Winter Soldier,Emma Frost,0.0004674603776114682,-0.002471433133313585
allied,Winter Soldier,Phoenix,-0.03189240883634418,-0.034736913172947234
allied,Winter Soldier,Daredevil,0.010628099944705654,0.014374174340797241
allied,Winter Soldier,Angela,-0.01655425861348311,-0.02310774573177615
allied,Winter Soldier,Gambit,-0.01121636311944527,-0.012266751521959399
allied,Winter Soldier,Elsa Bloodstone,0.05968170373337866,0.0645137123252712
allied,Winter Soldier,White Fox,-0.012931964671095501,-0.014043937846006094
allied,Winter Soldier,Black Cat,0.018525552389867354,0.021763366881014077
allied,Winter Soldier,Devil Dinosaur,-0.020009925807198688,-0.02492754306243026
allied,Winter Soldier,Cyclops,-0.010670013781330213,-0.014257741530815658
allied,Winter Soldier,Jubilee,0.00022774055300748728,0.002933698360506851
allied,Winter Soldier,Rogue,0.018801601863278075,0.01757029901267967
allied,Winter Soldier,The Hood,0.015107627538185328,0.015672219146888742
allied,Winter Soldier,Deadpool (Vanguard),0.009967275540394487,0.006681514055404952
allied,Winter Soldier,Deadpool (Duelist),0.013124827227358991,0.012551050484601083
allied,Winter Soldier,Deadpool (Strategist),-0.0006837379746070024,0.0025080922123143635
allied,Peni Parker,Star-lord,-0.020152384228790256,-0.023165931006749702
allied,Peni Parker,Blade,-0.00368949082819524,0.0024951021614955534
allied,Peni Parker,Namor,-0.005368434210636021,-0.01950044357820954
allied,Peni Parker,Adam Warlock,0.015203781089901763,0.027648168337250367
allied,Peni Parker,Jeff The Land Shark,-0.02027227352395308,-0.027819257695178918
allied,Peni Parker,Psylocke,-0.025673942320683124,-0.02674489421200105
allied,Peni Parker,Wolverine,-0.0041583197739629455,0.0019298386234888917
allied,Peni Parker,Invisible Woman,0.015434098672576179,0.009789098573217738
allied,Peni Parker,The Thing,-0.012103331731150706,-0.014894177397849226
allied,Peni Parker,Iron Fist,0.0269345349432782,0.02729147979510198
allied,Peni Parker,Emma Frost,0.017267193795459806,0.019866978434789438
allied,Peni Parker,Phoenix,-0.01459213569294956,-0.01951941573616806
allied,Peni Parker,Daredevil,0.015962294118062863,0.019681418918088514
allied,Peni Parker,Angela,-0.00811496485740057,-0.00959195017019887
allied,Peni Parker,Gambit,-0.03415483659877257,-0.04600882246419995
allied,Peni Parker,Elsa Bloodstone,-0.005224598694656065,-0.0036485631434148413
allied,Peni Parker,White Fox,-0.002061087550126175,0.007714610537269144
allied,Peni Parker,Black Cat,0.012223058188271916,0.01753578790057677
allied,Peni Parker,Devil Dinosaur,0.021731576744954472,0.020639680271831752
allied,Peni Parker,Cyclops,-0.02396107807803561,-0.025717729371078305
allied,Peni Parker,Jubilee,-0.00844733571984626,-0.01878466505244252
allied,Peni Parker,Rogue,-0.002435831925257354,-0.010826166818775882
allied,Peni Parker,The Hood,0.02913180428093473,0.02189722014822498
allied,Peni Parker,Deadpool (Vanguard),0.008531641999465787,0.002249099907725354
allied,Peni Parker,Deadpool (Duelist),-0.04110552389205503,-0.04100230634848698
allied,Peni Parker,Deadpool (Strategist),-0.004599110043975593,-0.0043636595507201845
allied,Star-lord,Blade,-0.005503438163320229,-0.008570504666799376
allied,Star-lord,Namor,-0.011795964360954717,-0.008524262865191702
allied,Star-lord,Adam Warlock,0.01482362848225198,0.028429746582986477
allied,Star-lord,Jeff The Land Shark,0.01146993081114832,0.015590405695743546
allied,Star-lord,Psylocke,0.017446190863900857,0.01559463033244265
allied,Star-lord,Wolverine,0.018794475638468276,0.017014083358113243
allied,Star-lord,Invisible Woman,-0.052578767644833546,-0.05714851873208649
allied,Star-lord,The Thing,0.003561391423792749,0.007025591161823736
allied,Star-lord,Iron Fist,0.008159830939402582,0.014094353743330847
allied,Star-lord,Emma Frost,-0.03710493371838552,-0.04108391436634492
allied,Star-lord,Phoenix,-0.006137935387805981,-0.009117081664866132
allied,Star-lord,Daredevil,0.019182555830334628,0.02136294682473508
allied,Star-lord,Angela,0.014950346659372915,0.015137423431855895
allied,Star-lord,Gambit,0.0072056663376962845,0.009296196335447619
allied,Star-lord,Elsa Bloodstone,-0.004077428088535104,-0.006827593395601248
allied,Star-lord,White Fox,-0.02791808279007235,-0.03006515601173228
allied,Star-lord,Black Cat,0.00955757596581667,0.009771840687106906
allied,Star-lord,Devil Dinosaur,0.018744823028118505,0.02138440671328083
allied,Star-lord,Cyclops,0.007778752866077695,0.0034485483702811188
allied,Star-lord,Jubilee,-0.030088196754333846,-0.03033356639212938
allied,Star-lord,Rogue,0.012552562510919709,0.013809352590564932
allied,Star-lord,The Hood,-0.012571353245429533,-0.01193248079077237
allied,Star-lord,Deadpool (Vanguard),-0.021643387364982482,-0.025297722308942023
allied,Star-lord,Deadpool (Duelist),0.013131260431864276,0.010280604800345738
allied,Star-lord,Deadpool (Strategist),-0.020764870987886673,-0.019245017709502498
allied,Blade,Namor,-0.02363865373927347,-0.023355008641265804
allied,Blade,Adam Warlock,-0.00021827029908942012,0.006951748771042209
allied,Blade,Jeff The Land Shark,-0.018735431919729414,-0.022946489059429108
allied,Blade,Psylocke,-0.005041409299368834,-0.010766682805890304
allied,Blade,Wolverine,-0.014143604343399107,-0.020667189519724734
allied,Blade,Invisible Woman,0.01229949709219508,0.01128366741413551
allied,Blade,The Thing,-0.024679013824781337,-0.017051935980132896
allied,Blade,Iron Fist,-0.025166237724940744,-0.02400718847536507
allied,Blade,Emma Frost,-0.024530937448337918,-0.019749813444999945
allied,Blade,Phoenix,-0.0031028116932774637,-0.007832180320432066
allied,Blade,Daredevil,-0.0009830035161814115,-0.002483131700890321
allied,Blade,Angela,-0.010027802799462844,-0.005310396031957815
allied,Blade,Gambit,-0.006362861449779693,-0.010524259108398057
allied,Blade,Elsa Bloodstone,-0.006378918640533313,-0.011323312603004933
allied,Blade,White Fox,0.002069263631664734,-0.0008852529702132603
allied,Blade,Black Cat,-0.021227611957616317,-0.02557741951303493
allied,Blade,Devil Dinosaur,-0.0074884189185649465,-0.0004598755460777032
allied,Blade,Cyclops,0.017016405749539384,0.011452029332167594
allied,Blade,Jubilee,-0.014580569184785312,-0.01744334705932248
allied,Blade,Rogue,0.006334912865885212,0.014235166161337793
allied,Blade,The Hood,-0.0025463797430837157,0.006565482161014299
allied,Blade,Deadpool (Vanguard),0.009125495842533114,0.01628068962799234
allied,Blade,Deadpool (Duelist),-0.002883097294360802,-0.00906889213018049
allied,Blade,Deadpool (Strategist),0.006680615142917749,0.007075292504717276
allied,Namor,Adam Warlock,-0.013325672855244072,0.0019413863362681963
allied,Namor,Jeff The Land Shark,-0.017019801396601756,-0.011280939280010517
allied,Namor,Psylocke,0.01945976310388616,0.02263529332020086
allied,Namor,Wolverine,-0.00971541632384904,-0.00900827007806275
allied,Namor,Invisible Woman,0.030571815387940765,0.04157549093774938
allied,Namor,The Thing,0.008840304040510921,0.00011541884426058524
allied,Namor,Iron Fist,-0.02836580678418669,-0.020610655501454928
allied,Namor,Emma Frost,0.023123775275502953,0.013145109834646798
allied,Namor,Phoenix,-0.006513464588511597,-0.004664293357664329
allied,Namor,Daredevil,0.014358695810421679,0.020997303188571497
allied,Namor,Angela,0.0019003881326645907,-0.01216613573484937
allied,Namor,Gambit,-0.04850993997498746,-0.04820425700835682
allied,Namor,Elsa Bloodstone,-0.020945921261203596,-0.020239983662829635
allied,Namor,White Fox,0.0071842812734809304,0.014604607317729931
allied,Namor,Black Cat,0.01701785469942509,0.022712376148757672
allied,Namor,Devil Dinosaur,0.005768523759861621,-0.005837196410367203
allied,Namor,Cyclops,0.00887441983768678,0.009494936371334205
allied,Namor,Jubilee,-0.014219553975052087,-0.00730173950747263
allied,Namor,Rogue,0.002256967303711073,-0.010429599036587106
allied,Namor,The Hood,0.015817375273735994,0.00687019150839849
allied,Namor,Deadpool (Vanguard),0.03071176575695378,0.020170889452102866
allied,Namor,Deadpool (Duelist),-0.01290415248742395,-0.013061392936421144
allied,Namor,Deadpool (Strategist),0.00024491131244157814,0.009570591136331555
allied,Adam Warlock,Jeff The Land Shark,-0.004008918592969896,-0.03662981833262402
allied,Adam Warlock,Psylocke,-0.031588153007200505,-0.021373518947385386
allied,Adam Warlock,Wolverine,0.0064068095254581296,0.0159280415641676
allied,Adam Warlock,Invisible Woman,0.030828780014901917,0.01220866337652738
allied,Adam Warlock,The Thing,0.0004286144121895218,-0.0010874880043512853
allied,Adam Warlock,Iron Fist,-0.026399288735164013,-0.027433481408561118
allied,Adam Warlock,Emma Frost,-0.012953075476794034,-0.010945065418959989
allied,Adam Warlock,Phoenix,-0.03352062549008517,-0.019264140090177632
allied,Adam Warlock,Daredevil,-0.020040956398265038,-0.016287348874729116
allied,Adam Warlock,Angela,-0.00613622567983178,0.0005155356791604812
allied,Adam Warlock,Gambit,0.014685871487695235,-0.007484957724914563
allied,Adam Warlock,Elsa Bloodstone,-0.043916939475032044,-0.03743148238137579
allied,Adam Warlock,White Fox,0.0046364043823137295,-0.04279175459737528
allied,Adam Warlock,Black Cat,-0.03057534239248074,-0.028154721879286228
allied,Adam Warlock,Devil Dinosaur,-0.018502609518740176,-0.0136389921941912
allied,Adam Warlock,Cyclops,-0.04257288959008535,-0.029352284404409575
allied,Adam Warlock,Jubilee,0.039574433915595376,0.0199736026384106
allied,Adam Warlock,Rogue,-0.004125724983227254,0.007847289507648385
allied,Adam Warlock,The Hood,-0.029389831840805212,-0.022171088067028187
allied,Adam Warlock,Deadpool (Vanguard),-0.02134207912295569,-0.010133074820775098
allied,Adam Warlock,Deadpool (Duelist),-0.035816932136218976,-0.0282463905433419
allied,Adam Warlock,Deadpool (Strategist),-0.00613469967213996,-0.050169282755579685
allied,Jeff The Land Shark,Psylocke,0.01769804843357017,0.025007026666230305
allied,Jeff The Land Shark,Wolverine,0.007326714391662491,0.007896503531396187
allied,Jeff The Land Shark,Invisible Woman,0.025382987139130928,0.048901088426296334
allied,Jeff The Land Shark,The Thing,0.01220858503122365,-0.0017041704628915904
allied,Jeff The Land Shark,Iron Fist,0.021379671659038976,0.01725141802766593
allied,Jeff The Land Shark,Emma Frost,0.023488281879024436,0.017063076013410106
allied,Jeff The Land Shark,Phoenix,-0.030533115582019005,-0.024969622450854514
allied,Jeff The Land Shark,Daredevil,-0.0011808128265091487,-0.004136118363755058
allied,Jeff The Land Shark,Angela,-0.007844341792164132,-0.0157569617354302
allied,Jeff The Land Shark,Gambit,-0.02024724832493791,-0.00612858561601347
allied,Jeff The Land Shark,Elsa Bloodstone,-0.032848122311368445,-0.034045494079505564
allied,Jeff The Land Shark,White Fox,0.02313232604444114,0.022591154815990947
allied,Jeff The Land Shark,Black Cat,-0.013198462226782873,-0.017672162700127444
allied,Jeff The Land Shark,Devil Dinosaur,0.025280935918068518,0.022891331832185405
allied,Jeff The Land Shark,Cyclops,0.000821403991949426,0.010399864868128232
allied,Jeff The Land Shark,Jubilee,0.002003500154381752,0.01816895803207062
allied,Jeff The Land Shark,Rogue,-0.030154792226200232,-0.03665488332643588
allied,Jeff The Land Shark,The Hood,-0.002302967664562114,-0.005020840503808077
allied,Jeff The Land Shark,Deadpool (Vanguard),0.009931210550653952,0.011876416623316897
allied,Jeff The Land Shark,Deadpool (Duelist),0.035248885604920704,0.04263622340818892
allied,Jeff The Land Shark,Deadpool (Strategist),0.04359731558590894,0.052645309066122206
allied,Psylocke,Wolverine,0.00821397544335967,0.002856637742248522
allied,Psylocke,Invisible Woman,-0.008355155268195306,-0.004986966163106299
allied,Psylocke,The Thing,-0.002543130836351583,0.0027980002418969956
allied,Psylocke,Iron Fist,-0.000780909001894894,0.001713096434394345
allied,Psylocke,Emma Frost,-0.013193646304132799,-0.01191479397272549
allied,Psylocke,Phoenix,-0.01433746039063555,-0.020695454952454197
allied,Psylocke,Daredevil,-0.021032612064415986,-0.024894770843381864
allied,Psylocke,Angela,0.0223272485161657,0.025909768685993803
allied,Psylocke,Gambit,-0.020303019132277424,-0.01924108617301063
allied,Psylocke,Elsa Bloodstone,0.013109791843269745,0.009092955430006686
allied,Psylocke,White Fox,0.007612555909286507,0.01231680117030861
allied,Psylocke,Black Cat,2.4287310580304103e-05,-0.0032512653887682022
allied,Psylocke,Devil Dinosaur,-0.02793770371440854,-0.027991788095011294
allied,Psylocke,Cyclops,0.009616903007617635,0.002742984799074104
allied,Psylocke,Jubilee,-0.006688709273084989,-0.001599154330462243
allied,Psylocke,Rogue,0.010755608936237102,0.014374523532209617
allied,Psylocke,The Hood,-0.01923761613665828,-0.016785085324955124
allied,Psylocke,Deadpool (Vanguard),-0.0007268979484603933,0.0005392739388507409
allied,Psylocke,Deadpool (Duelist),0.003986738783172674,-0.0023213888540400823
allied,Psylocke,Deadpool (Strategist),-0.029352356175886118,-0.0264959499007397
allied,Wolverine,Invisible Woman,-0.015600062684717916,-0.018580259344382212
allied,Wolverine,The Thing,-0.05196573663703297,-0.047455790221232946
allied,Wolverine,Iron Fist,-0.003947954895512009,-0.0017584567197125528
allied,Wolverine,Emma Frost,-0.00479967928646058,0.0021602946614885615
allied,Wolverine,Phoenix,-0.002681974609067228,-0.00811124179600023
allied,Wolverine,Daredevil,-0.018302988112489895,-0.02197905122079636
allied,Wolverine,Angela,-0.00450941712434338,0.0007859391153632789
allied,Wolverine,Gambit,0.03945270760525977,0.04254133406903073
allied,Wolverine,Elsa Bloodstone,0.018807478639858387,0.015223680725930666
allied,Wolverine,White Fox,-0.033612860780578874,-0.03950456494347793
allied,Wolverine,Black Cat,0.0004715331264259073,-0.002807817763185083
allied,Wolverine,Devil Dinosaur,-0.037472962045406684,-0.03386542546687278
allied,Wolverine,Cyclops,0.02691488465997855,0.02143914948277061
allied,Wolverine,Jubilee,-0.02263619764398552,-0.024982851085413323
allied,Wolverine,Rogue,0.011637301497693379,0.020091174928051535
allied,Wolverine,The Hood,-0.002783655385608183,0.006257853479638163
allied,Wolverine,Deadpool (Vanguard),0.024754375314180406,0.03362633792804357
allied,Wolverine,Deadpool (Duelist),0.02127112234041188,0.01636004637302059
allied,Wolverine,Deadpool (Strategist),-0.011021549492037722,-0.011316564719098232
allied,Invisible Woman,The Thing,0.0500183176801126,0.03834558633056542
allied,Invisible Woman,Iron Fist,-0.02510806110354814,-0.03573141999509502
allied,Invisible Woman,Emma Frost,0.009166013745638038,-0.0033975252439881953
allied,Invisible Woman,Phoenix,0.012215246847651315,0.022438146617674154
allied,Invisible Woman,Daredevil,0.004098529117541079,0.0011190026584510066
allied,Invisible Woman,Angela,-0.008536789906412766,-0.02039723618490074
allied,Invisible Woman,Gambit,-0.04517729478850164,-0.02891260833130962
allied,Invisible Woman,Elsa Bloodstone,-0.007643586507573969,-0.006374529965087214
allied,Invisible Woman,White Fox,-0.0024715340977632103,-0.001000330572056364
allied,Invisible Woman,Black Cat,0.0056084000381421955,0.002801418683062817
allied,Invisible Woman,Devil Dinosaur,0.022015665998397996,0.015264746358564457
allied,Invisible Woman,Cyclops,0.003265888851385834,0.01246577167014375
allied,Invisible Woman,Jubilee,-0.01029271737186812,0.010524647679671241
allied,Invisible Woman,Rogue,-0.024054597684765915,-0.033410840407702994
allied,Invisible Woman,The Hood,-0.022674431450408532,-0.03250282957209748
allied,Invisible Woman,Deadpool (Vanguard),0.01135523846475668,0.009692766135325612
allied,Invisible Woman,Deadpool (Duelist),-0.027302721666131693,-0.028418473436595468
allied,Invisible Woman,Deadpool (Strategist),-0.016140039616028154,-0.011849951393505665
allied,The Thing,Iron Fist,0.021234553462553183,0.024756156801615668
allied,The Thing,Emma Frost,-0.01117252851778983,-0.009966320160119476
allied,The Thing,Phoenix,0.01794214236782548,0.02048612696899267
allied,The Thing,Daredevil,-0.005670644659570746,-0.0005815076612438949
allied,The Thing,Angela,-0.014049829975369408,-0.013191776176526025
allied,The Thing,Gambit,-0.0035829493140187786,-0.022109505456510675
allied,The Thing,Elsa Bloodstone,-0.014655686661752479,-0.010335254617616578
allied,The Thing,White Fox,-0.02774050368472345,-0.033677763923931216
allied,The Thing,Black Cat,0.01781227622105211,0.027561250080083893
allied,The Thing,Devil Dinosaur,-0.009227776155060798,-0.012130702498182662
allied,The Thing,Cyclops,-0.005393872014633816,-0.001252472816841105
allied,The Thing,Jubilee,0.027111658425111013,0.010903258132268648
allied,The Thing,Rogue,0.0017988077649638626,-0.0025715996463252775
allied,The Thing,The Hood,0.004045242621383605,-0.0040273645485856685
allied,The Thing,Deadpool (Vanguard),0.020015090526445407,0.018953461996397292
allied,The Thing,Deadpool (Duelist),-0.029988734336123635,-0.024826661567671507
allied,The Thing,Deadpool (Strategist),0.012355509064533676,0.0037298997523995568
allied,Iron Fist,Emma Frost,-0.0008939846099525128,-0.002727514212219495
allied,Iron Fist,Phoenix,0.016864436860714357,0.02166114863131275
allied,Iron Fist,Daredevil,-0.0485147620064224,-0.04610472717945848
allied,Iron Fist,Angela,-0.010305466388694043,-0.014896392549684848
allied,Iron Fist,Gambit,-0.012886602505832645,-0.022795052235477033
allied,Iron Fist,Elsa Bloodstone,0.0052236841483587464,0.009109432055983822
allied,Iron Fist,White Fox,0.1869763237602616,0.20220360523543882
allied,Iron Fist,Black Cat,-0.005508989670754371,-0.0006862025338451941
allied,Iron Fist,Devil Dinosaur,-0.014138671060608237,-0.017136252184378628
allied,Iron Fist,Cyclops,0.02301645425074197,0.025816087186731115
allied,Iron Fist,Jubilee,-0.03280581059206381,-0.04287832808153019
allied,Iron Fist,Rogue,0.000826840165127378,-0.0011703789557526655
allied,Iron Fist,The Hood,-0.003976025328112707,-0.004302252566322914
allied,Iron Fist,Deadpool (Vanguard),-0.009427197366208395,-0.01363878764770633
allied,Iron Fist,Deadpool (Duelist),-0.013915377618178048,-0.013154252858878456
allied,Iron Fist,Deadpool (Strategist),0.00011244402500633539,-0.005245484441952469
allied,Emma Frost,Phoenix,0.019139471217002758,0.018955687008128948
allied,Emma Frost,Daredevil,-0.00944181944094775,-0.007640090397861696
allied,Emma Frost,Angela,-0.015537466889842503,-0.014401377745623875
allied,Emma Frost,Gambit,-0.03496576849442949,-0.052861250798668755
allied,Emma Frost,Elsa Bloodstone,0.002765299787330448,0.006185353025810323
allied,Emma Frost,White Fox,-0.01232160501357349,-0.010106086759813513
allied,Emma Frost,Black Cat,-0.007210125761387558,-0.00314224204233165
allied,Emma Frost,Devil Dinosaur,-0.006730820945121444,-0.008695542833497953
allied,Emma Frost,Cyclops,-0.00967588594771553,-0.008879434279943543
allied,Emma Frost,Jubilee,0.005618291336197415,-0.008369658889401709
allied,Emma Frost,Rogue,-0.013666698348871055,-0.02007493040047803
allied,Emma Frost,The Hood,0.00355460112837823,-0.004074788022836529
allied,Emma Frost,Deadpool (Vanguard),0.022546484642866904,0.022428766421892548
allied,Emma Frost,Deadpool (Duelist),0.0199912838557798,0.027920341284113376
allied,Emma Frost,Deadpool (Strategist),-0.004127268175714818,-0.009727154052070235
allied,Phoenix,Daredevil,0.00046951467283308165,-0.0007690536030536083
allied,Phoenix,Angela,-0.005419519422168841,-0.010066875638331396
allied,Phoenix,Gambit,-0.014794576016375311,-0.008760677267167744
allied,Phoenix,Elsa Bloodstone,-0.010512202256640402,-0.015659775020475917
allied,Phoenix,White Fox,-0.006075842116329869,0.0012007637919431934
allied,Phoenix,Black Cat,-0.0017411374364933031,-0.004328959916258268
allied,Phoenix,Devil Dinosaur,-0.02003445376583559,-0.02430289053967294
allied,Phoenix,Cyclops,0.06882892470975147,0.06771606026536553
allied,Phoenix,Jubilee,-0.009497227147298148,-0.00047532653849903815
allied,Phoenix,Rogue,0.014544581196571482,0.013485722011348462
allied,Phoenix,The Hood,-0.015675266459132618,-0.017926035598666637
allied,Phoenix,Deadpool (Vanguard),0.023423196190720124,0.022305017365606854
allied,Phoenix,Deadpool (Duelist),0.015680772854127775,0.011180202410158546
allied,Phoenix,Deadpool (Strategist),-0.011188804834675315,-0.001778544241424538
allied,Daredevil,Angela,-0.01602637458469426,-0.016663624539796876
allied,Daredevil,Gambit,0.010407606558159511,0.007403941616334795
allied,Daredevil,Elsa Bloodstone,-0.00523270203952766,-0.006888147983188096
allied,Daredevil,White Fox,0.01082781623445166,0.008029542923723277
allied,Daredevil,Black Cat,-0.02548351202289164,-0.026993827666133646
allied,Daredevil,Devil Dinosaur,-0.016764576128105328,-0.015459868056238555
allied,Daredevil,Cyclops,0.029584828372635964,0.028259727515113325
allied,Daredevil,Jubilee,0.013178052177525794,0.012846526189078758
allied,Daredevil,Rogue,-0.043936143686035226,-0.04637728303471295
allied,Daredevil,The Hood,0.019055057676430207,0.025921055103510022
allied,Daredevil,Deadpool (Vanguard),-0.02196082603513725,-0.022986106977203245
allied,Daredevil,Deadpool (Duelist),0.00907596746920681,0.007078749619323459
allied,Daredevil,Deadpool (Strategist),-0.01267989437413659,-0.01564385648616761
allied,Angela,Gambit,-0.014917210372041693,-0.02604241682282221
allied,Angela,Elsa Bloodstone,0.03100796116684065,0.03591188122431187
allied,Angela,White Fox,-0.014737027037236696,-0.00936151545349045
allied,Angela,Black Cat,-0.03261064244059614,-0.03310111800256941
allied,Angela,Devil Dinosaur,0.03727501386947382,0.042729757633044874
allied,Angela,Cyclops,0.010702871625397141,0.01209742072737394
allied,Angela,Jubilee,-0.016224483406893923,-0.030174693418129155
allied,Angela,Rogue,0.020515851419786377,0.019899558503640218
allied,Angela,The Hood,0.0525663646081386,0.05318582573978633
allied,Angela,Deadpool (Vanguard),-0.001992200392010804,-0.006046941456808273
allied,Angela,Deadpool (Duelist),0.012928322507336802,0.018364514524315347
allied,Angela,Deadpool (Strategist),0.003329979576363931,0.002476766101096168
allied,Gambit,Elsa Bloodstone,0.0074604876269811805,0.009804780273475382
allied,Gambit,White Fox,-0.01690685589988912,-0.018647670060798205
allied,Gambit,Black Cat,0.01277078719663828,0.010046331073558965
allied,Gambit,Devil Dinosaur,-0.010325999448238978,-0.02051402220374135
allied,Gambit,Cyclops,-0.03464631591092404,-0.03099823185026681
allied,Gambit,Jubilee,-0.005236298807274965,0.016235178878320013
allied,Gambit,Rogue,0.1837589172411372,0.20956193967668948
allied,Gambit,The Hood,-0.014353835931958525,-0.021084330942784467
allied,Gambit,Deadpool (Vanguard),0.011231812723278584,0.01131016865936493
allied,Gambit,Deadpool (Duelist),0.0882704695181563,0.10078859348291658
allied,Gambit,Deadpool (Strategist),0.010681814135349927,0.019943126103356457
allied,Elsa Bloodstone,White Fox,-0.022419723540371403,-0.023657591868236457
allied,Elsa Bloodstone,Black Cat,-0.0007888157578494434,-0.0032398583112565717
allied,Elsa Bloodstone,Devil Dinosaur,0.03633091693013922,0.04385950778813778
allied,Elsa Bloodstone,Cyclops,-0.029785909969624044,-0.03904598189663935
allied,Elsa Bloodstone,Jubilee,-0.01699943302128342,-0.015386797204865398
allied,Elsa Bloodstone,Rogue,-0.023474790628999247,-0.02336787065321978
allied,Elsa Bloodstone,The Hood,-0.01904898090898584,-0.01623157541387886
allied,Elsa Bloodstone,Deadpool (Vanguard),-0.023378773184685047,-0.02432042147391454
allied,Elsa Bloodstone,Deadpool (Duelist),-0.007290455141249999,-0.01364468499173999
allied,Elsa Bloodstone,Deadpool (Strategist),-0.023729175853843036,-0.02235795069612115
allied,White Fox,Black Cat,0.04553403626301879,0.04705785169479685
allied,White Fox,Devil Dinosaur,0.010159088291751456,0.019735071778752077
allied,White Fox,Cyclops,-0.0011314711818157643,0.006858833891539821
allied,White Fox,Jubilee,-0.01294312816464255,-0.016264324825033108
allied,White Fox,Rogue,0.012784788745469693,0.027581586242794262
allied,White Fox,The Hood,-0.018093227628598527,-0.00895293630637994
allied,White Fox,Deadpool (Vanguard),-0.002719516634753543,0.011588421367367884
allied,White Fox,Deadpool (Duelist),0.011810747544066537,0.01492427168362541
allied,White Fox,Deadpool (Strategist),0.026073279776475413,0.01512339739819751
allied,Black Cat,Devil Dinosaur,0.0032713883289312478,0.008847677180824283
allied,Black Cat,Cyclops,0.01581120852565815,0.012174814548484635
allied,Black Cat,Jubilee,-0.0012187394560776925,-0.0033660531597896073
allied,Black Cat,Rogue,0.0031475347550432116,0.008024559354923931
allied,Black Cat,The Hood,0.019421255859844597,0.028343283470196528
allied,Black Cat,Deadpool (Vanguard),-0.025657151196393575,-0.025083993870383882
allied,Black Cat,Deadpool (Duelist),-0.01709848315008264,-0.02243874323987319
allied,Black Cat,Deadpool (Strategist),0.000570047419045969,-0.000753860729901674
allied,Devil Dinosaur,Cyclops,-0.0004835390628797648,0.0016761093437051614
allied,Devil Dinosaur,Jubilee,0.039421279211249174,0.034613448703311074
allied,Devil Dinosaur,Rogue,-4.071052334568185e-05,-0.008622724654689863
allied,Devil Dinosaur,The Hood,-0.0029198131819155484,-0.01605322855371329
allied,Devil Dinosaur,Deadpool (Vanguard),0.03220386258518396,0.029254841120390545
allied,Devil Dinosaur,Deadpool (Duelist),0.004882430071315921,0.011437461086151212
allied,Devil Dinosaur,Deadpool (Strategist),0.038752185892937135,0.043791137515357056
allied,Cyclops,Jubilee,-0.023001371962863816,-0.015571836657742155
allied,Cyclops,Rogue,0.002716964768616454,0.004551795773795534
allied,Cyclops,The Hood,-0.004487185955249058,-0.0012518375027178413
allied,Cyclops,Deadpool (Vanguard),-0.007618539257448055,-0.008007255583996422
allied,Cyclops,Deadpool (Duelist),0.011803905142782125,0.00447185262376939
allied,Cyclops,Deadpool (Strategist),0.016523167980824566,0.029493077974281086
allied,Jubilee,Rogue,-0.037455153000044275,-0.049819297961678166
allied,Jubilee,The Hood,0.07937092944149889,0.08508843704298227
allied,Jubilee,Deadpool (Vanguard),0.0065880724900731595,0.003305206923112311
allied,Jubilee,Deadpool (Duelist),-0.03523750630309006,-0.035832046065028676
allied,Jubilee,Deadpool (Strategist),0.01178474640537816,0.018898245368405363
allied,Rogue,The Hood,0.029092037827583742,0.017967990372857123
allied,Rogue,Deadpool (Vanguard),0.01677969642611965,0.007980821098990374
allied,Rogue,Deadpool (Duelist),0.008012067310603953,0.01423429869798797
allied,Rogue,Deadpool (Strategist),-0.027120519387190713,-0.027869426104529253
allied,The Hood,Deadpool (Vanguard),0.025118283450436842,0.0136265590196637
allied,The Hood,Deadpool (Duelist),-0.012311403075321078,-0.006166379806915804
allied,The Hood,Deadpool (Strategist),-0.031643160124375395,-0.03381288764660648
allied,Deadpool (Vanguard),Deadpool (Duelist),-0.002788240102435247,0.0011580897255675808
allied,Deadpool (Vanguard),Deadpool (Strategist),-0.0004231048780063351,0.005121548177392498
allied,Deadpool (Duelist),Deadpool (Strategist),-0.0071942898816082295,-0.003683620395487807
opposing,Hulk,The Punisher,-0.001313558366468886,-0.00617130402986008
opposing,Hulk,Storm,0.009813341502535624,0.006152584032736551
opposing,Hulk,Loki,-0.01455993228649825,-0.014049990183626617
opposing,Hulk,Human Torch,0.012245069955815546,0.012714272297771055
opposing,Hulk,Doctor Strange,-0.012088162707819873,-0.010015622176570461
opposing,Hulk,Mantis,-0.011360921779937595,-0.0055588561911081545
opposing,Hulk,Hawkeye,0.000756526408042332,0.000793468557190604
opposing,Hulk,Captain America,-0.01839738574624237,-0.01905619330871138
opposing,Hulk,Rocket Raccoon,0.027803147734833014,0.03005168918192635
opposing,Hulk,Hela,-0.025289561070113993,-0.03433574494825026
opposing,Hulk,Cloak & Dagger,0.001432752010715088,-0.00011996270431605536
opposing,Hulk,Black Panther,0.014985445642944357,0.005006178828496278
opposing,Hulk,Groot,-0.01999229480746543,-0.020888903919130713
opposing,Hulk,Ultron,0.0012821257119223595,0.003598440082521989
opposing,Hulk,Magik,-0.0017471122543231987,0.002993513969819639
opposing,Hulk,Moon Knight,0.009878023172004148,0.009739215273769098
opposing,Hulk,Luna Snow,-0.00826714245461458,-0.003637488098708687
opposing,Hulk,Squirrel Girl,0.0036510687537814144,0.0006028022023164073
opposing,Hulk,Black Widow,-0.011521735853820667,-0.019977733789913323
opposing,Hulk,Iron Man,-0.018951028326770397,-0.021615109320782075
opposing,Hulk,Venom,0.010117600469745643,0.01769780792169607
opposing,Hulk,Spider-man,0.005552112855333815,0.0034873171472866622
opposing,Hulk,Magneto,0.013369084833307683,-0.0019373460238945911
opposing,Hulk,Scarlet Witch,0.015539907550108952,0.014847252802898095
opposing,Hulk,Thor,0.007300866800804623,0.007895492615632108
opposing,Hulk,Mister Fantastic,-0.012924652699834812,-0.015650080122931002
opposing,Hulk,Winter Soldier,-0.036630537395774064,-0.04634540837964514
opposing,Hulk,Peni Parker,-0.040645101437260765,-0.03732404797264893
opposing,Hulk,Star-lord,-0.022140935402727595,-0.028396947946855714
opposing,Hulk,Blade,0.022131261868385294,0.026891254636151395
opposing,Hulk,Namor,0.013072467596415291,0.006338903621016365
opposing,Hulk,Adam Warlock,0.007156887726436851,0.005269676407105386
opposing,Hulk,Jeff The Land Shark,0.0017715500882647792,0.0018641857070407592
opposing,Hulk,Psylocke,-0.008326217940719574,-0.012468631460707352
opposing,Hulk,Wolverine,0.040708713400711784,0.04860020202780334
opposing,Hulk,Invisible Woman,0.011141067515789131,0.007657546885244286
opposing,Hulk,The Thing,-0.0006490348532075487,0.013452046602650997
opposing,Hulk,Iron Fist,0.020192219736316856,0.028543283602320762
opposing,Hulk,Emma Frost,0.021479830703566242,0.02690630746921828
opposing,Hulk,Phoenix,-0.024891394561459366,-0.032449913007798786
opposing,Hulk,Daredevil,0.012965455775536256,0.015732602133485964
opposing,Hulk,Angela,0.0034868328120943003,0.0038062126051822236
opposing,Hulk,Gambit,-0.015040364071440694,-0.014503476056833359
opposing,Hulk,Elsa Bloodstone,-0.008273501356660324,-0.01444127120418407
opposing,Hulk,White Fox,-0.009977969997300709,-0.0034344527761328387
opposing,Hulk,Black Cat,0.00718740143969653,0.006643268825553803
opposing,Hulk,Devil Dinosaur,-0.0016849863958183975,0.005874085734002773
opposing,Hulk,Cyclops,0.020306636070211354,0.021038122373959633
opposing,Hulk,Jubilee,-0.023551513850311703,-0.014587765908226736
opposing,Hulk,Rogue,0.03550806846664277,0.04328475352560267
opposing,Hulk,The Hood,-0.02347270251870951,-0.024944707814027977
opposing,Hulk,Deadpool (Vanguard),-0.006503270321520564,-0.0047498852590010555
opposing,Hulk,Deadpool (Duelist),0.024588876280784894,0.021727901878352156
opposing,Hulk,Deadpool (Strategist),0.0027766755740740905,0.007450453655113677
opposing,The Punisher,Storm,0.017620752922803615,0.020168391788517884
opposing,The Punisher,Loki,4.0943516110770214e-05,-0.002178539804412856
opposing,The Punisher,Human Torch,-0.0030116343814304497,-0.004534447841950188
opposing,The Punisher,Doctor Strange,0.014361352047761795,0.016722098603936995
opposing,The Punisher,Mantis,-0.01918691163765365,-0.026007867080849793
opposing,The Punisher,Hawkeye,0.0005254243386080138,-0.0017631894813595406
opposing,The Punisher,Captain America,-0.01284610604542723,-0.010987434537066148
opposing,The Punisher,Rocket Raccoon,0.0011340194422340406,-0.0017222759880291972
opposing,The Punisher,Hela,0.006950256171668668,0.010295519881701158
opposing,The Punisher,Cloak & Dagger,-0.0009970964154013048,-0.0005473986231183493
opposing,The Punisher,Black Panther,-0.006056124722831577,-0.003576998111221691
opposing,The Punisher,Groot,0.010178139191858032,0.012572581441990598
opposing,The Punisher,Ultron,0.02469480551841954,0.023749394135994088
opposing,The Punisher,Magik,0.0019384231636033014,-0.00371654309490333
opposing,The Punisher,Moon Knight,-0.012582478841431812,-0.014197041417980397
opposing,The Punisher,Luna Snow,-0.006751828481157871,-0.005505029267306822
opposing,The Punisher,Squirrel Girl,-0.004845625698838526,-0.005128754295231926
opposing,The Punisher,Black Widow,-0.009682570654291003,-0.010147318937211552
opposing,The Punisher,Iron Man,0.01998124254616984,0.018768269952853387
opposing,The Punisher,Venom,0.019519541088816372,0.022781650323072788
opposing,The Punisher,Spider-man,-0.01727822046624158,-0.018627015932441107
opposing,The Punisher,Magneto,-0.038618021058284296,-0.03175081652528243
opposing,The Punisher,Scarlet Witch,-0.015689533333641897,-0.015600254700807033
opposing,The Punisher,Thor,-0.008417747879622725,-0.00441523649116414
opposing,The Punisher,Mister Fantastic,0.026597493658954467,0.02806750967899671
opposing,The Punisher,Winter Soldier,0.0038531959318995595,0.003946534519277147
opposing,The Punisher,Peni Parker,-0.002378504553484243,-0.006561861128948481
opposing,The Punisher,Star-lord,-0.020071150671486727,-0.022817264081354295
opposing,The Punisher,Blade,0.006433917943095674,0.0034455348137001174
opposing,The Punisher,Namor,-0.0027781023517701514,-3.1152055287941816e-05
opposing,The Punisher,Adam Warlock,-0.02375195334839759,-0.026906186451293793
opposing,The Punisher,Jeff The Land Shark,-0.008354032787722955,-0.010899590229106242
opposing,The Punisher,Psylocke,-0.003952412371089818,-0.003943873590719124
opposing,The Punisher,Wolverine,0.027816482498278294,0.02986471185209721
opposing,The Punisher,Invisible Woman,-0.018920985362007713,-0.01843485604098553
opposing,The Punisher,The Thing,0.056465750432578704,0.06052831279761649
opposing,The Punisher,Iron Fist,-0.0038745626825447237,-0.008508756496695014
opposing,The Punisher,Emma Frost,-0.023595742643311254,-0.024655260412468526
opposing,The Punisher,Phoenix,0.0201178225072062,0.022614581019029564
opposing,The Punisher,Daredevil,-0.028298455034072766,-0.033008571821113206
opposing,The Punisher,Angela,-0.010516475783940582,-0.0077693826566423985
opposing,The Punisher,Gambit,0.016641900278597275,0.019028101488289845
opposing,The Punisher,Elsa Bloodstone,0.02133070262115612,0.02486046161443387
opposing,The Punisher,White Fox,0.016426818071525053,0.015985445342336573
opposing,The Punisher,Black Cat,-0.02542812352082013,-0.027287799092924506
opposing,The Punisher,Devil Dinosaur,0.013526500953664146,0.013963125208194106
opposing,The Punisher,Cyclops,0.018228267279362737,0.022430129849547824
opposing,The Punisher,Jubilee,0.01790891889517962,0.013838891858377228
opposing,The Punisher,Rogue,-0.004438797749477634,-0.0031591193956474447
opposing,The Punisher,The Hood,-0.044281643646450965,-0.04702038122189988
opposing,The Punisher,Deadpool (Vanguard),0.0023149531517307046,0.0035804199644483906
opposing,The Punisher,Deadpool (Duelist),-0.009391880718341012,-0.011572664018954027
opposing,The Punisher,Deadpool (Strategist),0.020075540303420677,0.01959991066010485
opposing,Storm,Loki,-0.0031030784555485975,-0.003319294059824268
opposing,Storm,Human Torch,0.016445253124019163,0.015341012032045414
opposing,Storm,Doctor Strange,0.0014247113533434877,0.002384625282294792
opposing,Storm,Mantis,0.004085916158354441,0.0025703346523646845
opposing,Storm,Hawkeye,-0.04724984719805352,-0.054498461372843976
opposing,Storm,Captain America,-0.009923130979019363,-0.007678906806140768
opposing,Storm,Rocket Raccoon,-0.034252475012000135,-0.03913581178633727
opposing,Storm,Hela,-0.01392211923926294,-0.013384624193994957
opposing,Storm,Cloak & Dagger,-0.0215999943165481,-0.02132938829920312
opposing,Storm,Black Panther,0.0037180468847429374,0.005841128593068803
opposing,Storm,Groot,0.012741308807699825,0.015480776185335596
opposing,Storm,Ultron,-0.031690007764065165,-0.03728725034409583
opposing,Storm,Magik,0.028415682399850907,0.023740918248354104
opposing,Storm,Moon Knight,0.01652605676535128,0.016102198405455362
opposing,Storm,Luna Snow,-0.003926356923000428,6.989669832567703e-05
opposing,Storm,Squirrel Girl,-0.024278983637922996,-0.027254759501333135
opposing,Storm,Black Widow,-0.03218543603493771,-0.035588392180199976
opposing,Storm,Iron Man,-0.013968153918678804,-0.019035056861073128
opposing,Storm,Venom,-0.025123566122308125,-0.02683362228226724
opposing,Storm,Spider-man,-0.011018534284325261,-0.013004533487861463
opposing,Storm,Magneto,-0.011727997956114898,-0.001775655677644353
opposing,Storm,Scarlet Witch,0.014134674810575447,0.015471911463057717
opposing,Storm,Thor,-0.028186467750463032,-0.02635433636899016
opposing,Storm,Mister Fantastic,0.019998661536844462,0.019802792355227927
opposing,Storm,Winter Soldier,-0.0019091635900686517,-0.0034147923963385018
opposing,Storm,Peni Parker,0.03320135667538609,0.03308193829372772
opposing,Storm,Star-lord,-0.009151719745267855,-0.012162257312927893
opposing,Storm,Blade,0.02114101961381559,0.018191225986187647
opposing,Storm,Namor,0.00981514515072062,0.012431576615512112
opposing,Storm,Adam Warlock,-0.010467486178734919,-0.009564890422717909
opposing,Storm,Jeff The Land Shark,0.004976896128565167,0.006493975264423274
opposing,Storm,Psylocke,-0.0014249604397972408,-0.0023522041368131213
opposing,Storm,Wolverine,0.018511665668395766,0.0186775310439341
opposing,Storm,Invisible Woman,-0.008259528586267044,-0.0040444467055719005
opposing,Storm,The Thing,0.04484825345921456,0.04765856806670762
opposing,Storm,Iron Fist,0.060076345771035385,0.059420246001281526
opposing,Storm,Emma Frost,-0.0055926247620617766,-0.0045680023518430025
opposing,Storm,Phoenix,-0.008959707291557498,-0.009927129795525211
opposing,Storm,Daredevil,0.0015770688714937986,-0.001880984634991297
opposing,Storm,Angela,-0.0036784515415958733,-0.00010482493600707003
opposing,Storm,Gambit,0.032667061267406816,0.03945267806340596
opposing,Storm,Elsa Bloodstone,0.029000964324425685,0.03200636562207502
opposing,Storm,White Fox,0.030960285529107748,0.034731866694822484
opposing,Storm,Black Cat,-0.011120678274710988,-0.012973736859016614
opposing,Storm,Devil Dinosaur,-0.03539984724090792,-0.04041784134850928
opposing,Storm,Cyclops,0.002562085686094955,0.004372675096928639
opposing,Storm,Jubilee,0.039418578187335275,0.04043352902475771
opposing,Storm,Rogue,0.032153670535409996,0.03761134447122382
opposing,Storm,The Hood,-0.04534537166116746,-0.04814760829277496
opposing,Storm,Deadpool (Vanguard),0.02224902521867936,0.025816129797623825
opposing,Storm,Deadpool (Duelist),-0.012210042098755085,-0.015754256941691205
opposing,Storm,Deadpool (Strategist),-0.007539908499387965,-0.00907119878034949
opposing,Loki,Human Torch,-0.007808825385063894,-0.00822005320674581
opposing,Loki,Doctor Strange,0.012851810812185028,0.016097569014818982
opposing,Loki,Mantis,0.018663555643099843,0.021239233517462305
opposing,Loki,Hawkeye,0.007112022682211798,0.0098294548376332
opposing,Loki,Captain America,0.014786156044691131,0.014834372842465995
opposing,Loki,Rocket Raccoon,-0.0015005120476908416,0.005870260657653917
opposing,Loki,Hela,0.011710217198900703,0.011099993776480058
opposing,Loki,Cloak & Dagger,-0.00452781293286528,-0.0060149624387862135
opposing,Loki,Black Panther,-0.02048287920815248,-0.019113344049451125
opposing,Loki,Groot,0.002492314440655962,0.005014125355523148
opposing,Loki,Ultron,0.004742910193439873,0.010418230916600007
opposing,Loki,Magik,-0.019244630628232527,-0.018110883841396735
opposing,Loki,Moon Knight,-0.007129608528026472,-0.008515639813820712
opposing,Loki,Luna Snow,0.003922616690720409,-0.008431345251297363
opposing,Loki,Squirrel Girl,-0.006359552065449632,-0.006614679012255556
opposing,Loki,Black Widow,-0.022380032785774443,-0.020766798361389647
opposing,Loki,Iron Man,-0.01976984112203749,-0.018810978367782696
opposing,Loki,Venom,-0.018895969940061125,-0.023874155181824203
opposing,Loki,Spider-man,0.0024360593544597896,0.0025365519147544646
opposing,Loki,Magneto,-0.018115353772069805,-0.017821986031970192
opposing,Loki,Scarlet Witch,0.0033750260483763205,0.00046830406417191
opposing,Loki,Thor,0.0032500892171975315,0.0010141347765126472
opposing,Loki,Mister Fantastic,0.0066507072494581786,0.007116214662215245
opposing,Loki,Winter Soldier,-0.02150727149914257,-0.02048048138708809
opposing,Loki,Peni Parker,-0.014017300303381573,-0.011544844271840044
opposing,Loki,Star-lord,-0.0264729957691207,-0.0261958808343837
opposing,Loki,Blade,0.009423782787223214,0.012265366581422984
opposing,Loki,Namor,0.016656500169835532,0.01861834328741011
opposing,Loki,Adam Warlock,-0.002791428832809546,-0.0008318643572099879
opposing,Loki,Jeff The Land Shark,-0.017520767971634113,-0.018710637929376203
opposing,Loki,Psylocke,0.03139324811370113,0.035083371133040366
opposing,Loki,Wolverine,0.008699845571984182,0.0030431041368464457
opposing,Loki,Invisible Woman,-0.003981066543937094,-0.006235229947262608
opposing,Loki,The Thing,-0.0029672070201069633,-0.007594578262596698
opposing,Loki,Iron Fist,0.026045786027795413,0.028297215263129203
opposing,Loki,Emma Frost,-0.004337625212373278,-0.0036058979855903843
opposing,Loki,Phoenix,-0.0007845957150360747,-0.000525247031855961
opposing,Loki,Daredevil,0.01716204707452146,0.01980495275562573
opposing,Loki,Angela,-0.010482761260621778,-0.013079493114032071
opposing,Loki,Gambit,0.018066367539277213,0.015707561420156134
opposing,Loki,Elsa Bloodstone,0.0007088952160808946,-0.0003087834119152641
opposing,Loki,White Fox,0.007551529556175242,0.003290625595054355
opposing,Loki,Black Cat,-0.0023535694184257504,-0.004716284389625767
opposing,Loki,Devil Dinosaur,0.0056545926764164835,0.007198257789250849
opposing,Loki,Cyclops,0.0019209955586686404,-0.00522960971698667
opposing,Loki,Jubilee,-0.00871177411798611,-0.013014554055159408
opposing,Loki,Rogue,-0.007538254719233209,-0.007936843737142039
opposing,Loki,The Hood,0.014003360115180741,0.01625263899331103
opposing,Loki,Deadpool (Vanguard),0.007767164983423727,0.010996709629486352
opposing,Loki,Deadpool (Duelist),-0.002171952175816367,0.003947957147730892
opposing,Loki,Deadpool (Strategist),-0.0028160792165673495,-0.0032873181278349354
opposing,Human Torch,Doctor Strange,0.010488350394577893,0.008613112388903976
opposing,Human Torch,Mantis,0.005610876877934157,0.0035493709077728895
opposing,Human Torch,Hawkeye,0.028320479450708536,0.029537352749714325
opposing,Human Torch,Captain America,-0.005294166374215588,-0.0063846041686370925
opposing,Human Torch,Rocket Raccoon,-0.011755606163534903,-0.014563378885932858
opposing,Human Torch,Hela,0.004680415911541495,0.009125975110769114
opposing,Human Torch,Cloak & Dagger,-0.008541778619815142,-0.007375440194497516
opposing,Human Torch,Black Panther,-0.022074527878401733,-0.01959499080923216
opposing,Human Torch,Groot,0.00841131757484194,0.006807009827638795
opposing,Human Torch,Ultron,-0.028341010697620413,-0.03425617319846446
opposing,Human Torch,Magik,0.028004936098107443,0.025717173584366447
opposing,Human Torch,Moon Knight,0.01753991070716299,0.019617022004507288
opposing,Human Torch,Luna Snow,0.008706823933471927,0.013545680607738102
opposing,Human Torch,Squirrel Girl,0.03640327900029209,0.04070194548983444
opposing,Human Torch,Black Widow,0.023306063663361815,0.026762288835858794
opposing,Human Torch,Iron Man,-0.023980355385182804,-0.027428373103002168
opposing,Human Torch,Venom,-0.03458989246524383,-0.04122226699046271
opposing,Human Torch,Spider-man,-0.04628329552185813,-0.048670614282501676
opposing,Human Torch,Magneto,0.008623121500012293,0.017011703868612022
opposing,Human Torch,Scarlet Witch,-0.00016074216347757638,0.0024527224729757346
opposing,Human Torch,Thor,-0.008750087967433437,-0.008584750360108858
opposing,Human Torch,Mister Fantastic,0.01955626221936184,0.021744862434241976
opposing,Human Torch,Winter Soldier,-0.018021548199849993,-0.018396306433007065
opposing,Human Torch,Peni Parker,0.0061603594720337825,-0.0008609418498213879
opposing,Human Torch,Star-lord,-0.032531679555791684,-0.03499275256639835
opposing,Human Torch,Blade,0.007438892312610586,0.005812789842781523
opposing,Human Torch,Namor,0.03549269843145188,0.04258319550059715
opposing,Human Torch,Adam Warlock,-0.03167539076218467,-0.034160327633217843
opposing,Human Torch,Jeff The Land Shark,-0.0015383064740743199,-0.0015721722176651254
opposing,Human Torch,Psylocke,0.007395121208103403,0.009593345384814855
opposing,Human Torch,Wolverine,-0.002775864916721636,-0.0018931406460974123
opposing,Human Torch,Invisible Woman,0.022204364354844425,0.02949088829905953
opposing,Human Torch,The Thing,-0.019374372177575948,-0.02765398107558454
opposing,Human Torch,Iron Fist,0.019481693829994574,0.01799788324685273
opposing,Human Torch,Emma Frost,0.02520126922321753,0.02583837830514581
opposing,Human Torch,Phoenix,0.007540098408886647,0.010312521702849745
opposing,Human Torch,Daredevil,0.0034459299664623432,0.002557246689470013
opposing,Human Torch,Angela,0.007242574912877387,0.008190260803464028
opposing,Human Torch,Gambit,-0.03565192652242424,-0.03814272775427296
opposing,Human Torch,Elsa Bloodstone,-0.030333954140027333,-0.02965548497763896
opposing,Human Torch,White Fox,0.019640757871192686,0.021260853525549062
opposing,Human Torch,Black Cat,-0.03579913063970151,-0.0372066040713111
opposing,Human Torch,Devil Dinosaur,0.02331942971325629,0.02105936376561795
opposing,Human Torch,Cyclops,-0.02239045740355044,-0.020156210097993107
opposing,Human Torch,Jubilee,0.03673198787468288,0.03667457036890479
opposing,Human Torch,Rogue,0.026250792863486305,0.02718752589423678
opposing,Human Torch,The Hood,-0.013088035455820608,-0.01611294714367802
opposing,Human Torch,Deadpool (Vanguard),0.0014572873084789644,-0.001173590967555712
opposing,Human Torch,Deadpool (Duelist),-0.014414568277052304,-0.01571528387235692
opposing,Human Torch,Deadpool (Strategist),0.01658146599194453,0.017328802968280592
opposing,Doctor Strange,Mantis,0.010590898561703296,0.01589071544870481
opposing,Doctor Strange,Hawkeye,-0.030526256183135408,-0.030046255985302122
opposing,Doctor Strange,Captain America,-0.005157655220378473,-0.007711839034397817
opposing,Doctor Strange,Rocket Raccoon,0.0007354205054809681,-0.005396428323163203
opposing,Doctor Strange,Hela,-0.012472667861711475,-0.01610852251593528
opposing,Doctor Strange,Cloak & Dagger,0.028081788056488206,0.026781734306364675
opposing,Doctor Strange,Black Panther,-0.012834307024378617,-0.021980449232784416
opposing,Doctor Strange,Groot,0.03150821300515337,0.034602501070669284
opposing,Doctor Strange,Ultron,0.0037717378178552374,0.002457948591602438
opposing,Doctor Strange,Magik,-0.021844969524978733,-0.015401444762751407
opposing,Doctor Strange,Moon Knight,0.015900391174434925,0.02040659510053859
opposing,Doctor Strange,Luna Snow,0.004629713778183873,0.007301857343340735
opposing,Doctor Strange,Squirrel Girl,-0.010837208776770269,-0.011550728522721508
opposing,Doctor Strange,Black Widow,-0.00028824415213069747,-0.003512263034023027
opposing,Doctor Strange,Iron Man,0.029926635849514598,0.036734674215907634
opposing,Doctor Strange,Venom,-0.0304195427449656,-0.03300807673542322
opposing,Doctor Strange,Spider-man,-0.012368161508384769,-0.012484781482785853
opposing,Doctor Strange,Magneto,0.024226036810604035,0.006657648386687194
opposing,Doctor Strange,Scarlet Witch,0.011503240954068189,0.014322574903346234
opposing,Doctor Strange,Thor,0.007448324413744297,0.004133378144263877
opposing,Doctor Strange,Mister Fantastic,-0.011245020698660771,-0.009814590627230132
opposing,Doctor Strange,Winter Soldier,0.03150418494581213,0.03343049756623958
opposing,Doctor Strange,Peni Parker,0.02572694518146037,0.035326824870346066
opposing,Doctor Strange,Star-lord,0.01659896210529785,0.018673177621028728
opposing,Doctor Strange,Blade,-0.019204505403915724,-0.015133796268580146
opposing,Doctor Strange,Namor,0.009760350842526747,0.006620386946936066
opposing,Doctor Strange,Adam Warlock,0.012120298749572598,0.007000558659367736
opposing,Doctor Strange,Jeff The Land Shark,-0.03205758904588449,-0.04143199918754557
opposing,Doctor Strange,Psylocke,0.02072236271233283,0.023818572881176864
opposing,Doctor Strange,Wolverine,-0.013814469485091916,-0.008097660205138604
opposing,Doctor Strange,Invisible Woman,-0.005256814408810823,-0.015405928748258017
opposing,Doctor Strange,The Thing,-0.023847207046890403,-0.017247333030204766
opposing,Doctor Strange,Iron Fist,-0.0011516698179743832,0.008761942795924276
opposing,Doctor Strange,Emma Frost,-0.012011516984314236,-0.015669813118480893
opposing,Doctor Strange,Phoenix,0.013049007189875471,0.013730663709921653
opposing,Doctor Strange,Daredevil,0.009635569069858067,0.01599431394711224
opposing,Doctor Strange,Angela,-0.010631117409165088,-0.016415987828723385
opposing,Doctor Strange,Gambit,0.006025453516194846,0.005917699529223395
opposing,Doctor Strange,Elsa Bloodstone,-0.015714197586118032,-0.01875339965740039
opposing,Doctor Strange,White Fox,-0.03534009732121454,-0.03690285610526733
opposing,Doctor Strange,Black Cat,-0.003060424436952894,-0.000792176954895059
opposing,Doctor Strange,Devil Dinosaur,-0.01114310240778556,-0.008971382919950267
opposing,Doctor Strange,Cyclops,0.017111640184478517,0.021449918753733893
opposing,Doctor Strange,Jubilee,0.019173824023714543,0.03097392429596208
opposing,Doctor Strange,Rogue,0.0003666821371541365,-0.0011952578024136105
opposing,Doctor Strange,The Hood,0.002402575496179032,0.0009791243322371042
opposing,Doctor Strange,Deadpool (Vanguard),0.008391899681383144,0.008504591488819985
opposing,Doctor Strange,Deadpool (Duelist),-0.018769350389669637,-0.022547412917182055
opposing,Doctor Strange,Deadpool (Strategist),0.01612200057625949,0.018910343204487232
opposing,Mantis,Hawkeye,-0.0016249074789723914,0.002198398634752953
opposing,Mantis,Captain America,-0.022765752519379564,-0.03353066068109091
opposing,Mantis,Rocket Raccoon,-0.0025950612622839624,0.005394398373881374
opposing,Mantis,Hela,0.03935656423881667,0.04440012442483749
opposing,Mantis,Cloak & Dagger,-0.006329977315401309,-0.007327097193764011
opposing,Mantis,Black Panther,-0.05219772990239144,-0.05259456085201798
opposing,Mantis,Groot,-0.005081228428626471,-0.008554590843725951
opposing,Mantis,Ultron,0.002247707126190359,0.008287050443324452
opposing,Mantis,Magik,-0.03123352066571553,-0.029400394905113147
opposing,Mantis,Moon Knight,0.019155229590139298,0.023252793297567746
opposing,Mantis,Luna Snow,0.009887158111228062,-0.0005646458754053557
opposing,Mantis,Squirrel Girl,-0.007858415537659298,-0.006102910190039465
opposing,Mantis,Black Widow,0.007441957766750071,0.014980931238652398
opposing,Mantis,Iron Man,-0.0009483193028947625,0.004561223907204844
opposing,Mantis,Venom,-0.023962618468017102,-0.03453308330631937
opposing,Mantis,Spider-man,-0.020078073473048467,-0.02059385728774036
opposing,Mantis,Magneto,0.02758835856807013,0.030448968994003102
opposing,Mantis,Scarlet Witch,0.004334696020882122,0.0037459230116929053
opposing,Mantis,Thor,0.012398968031547272,0.006855372317193751
opposing,Mantis,Mister Fantastic,-0.008353029193395192,-0.00756499860754283
opposing,Mantis,Winter Soldier,0.007441041813457485,0.014284361318038938
opposing,Mantis,Peni Parker,-0.01131762362730522,-0.013189287784511979
opposing,Mantis,Star-lord,0.030105968965878863,0.039653444720942774
opposing,Mantis,Blade,-0.011822802766854346,-0.009439051938462307
opposing,Mantis,Namor,0.02653739964322125,0.03193234542342101
opposing,Mantis,Adam Warlock,-0.006451152359895514,-0.004339296283019533
opposing,Mantis,Jeff The Land Shark,-0.012930700071813676,-0.012468316350659998
opposing,Mantis,Psylocke,0.01921828632985464,0.02358452935466504
opposing,Mantis,Wolverine,-0.010565123746820955,-0.01643199611835737
opposing,Mantis,Invisible Woman,-0.0043165530976052744,-0.005814018177214766
opposing,Mantis,The Thing,0.024356577825394396,0.019342532349956823
opposing,Mantis,Iron Fist,-0.016817643975403446,-0.01772615326201755
opposing,Mantis,Emma Frost,-0.0006948752481139794,-0.004155702860192829
opposing,Mantis,Phoenix,0.0015909151978799466,0.0043451929736265296
opposing,Mantis,Daredevil,-0.020303047745691274,-0.020145288688661632
opposing,Mantis,Angela,-0.025367858309306383,-0.035134834700087256
opposing,Mantis,Gambit,0.007491638370236062,0.004027850099308648
opposing,Mantis,Elsa Bloodstone,0.002481009135685958,0.003882834976092399
opposing,Mantis,White Fox,0.014537600650958693,0.012364587313272307
opposing,Mantis,Black Cat,-0.05163024383315967,-0.05795455287774946
opposing,Mantis,Devil Dinosaur,0.04113925147453057,0.04360781138251557
opposing,Mantis,Cyclops,0.03655540593171292,0.035932092181140116
opposing,Mantis,Jubilee,0.005809553578729236,0.004964710919887146
opposing,Mantis,Rogue,0.01425135898267208,0.012576675369451756
opposing,Mantis,The Hood,0.017552137894962204,0.015593759261725381
opposing,Mantis,Deadpool (Vanguard),0.011890649104798428,0.01100489975867857
opposing,Mantis,Deadpool (Duelist),-0.03313598740410802,-0.028688592255645247
opposing,Mantis,Deadpool (Strategist),0.013416225203766816,0.016714010247852042
opposing,Hawkeye,Captain America,-0.017758406133271853,-0.02111456207439164
opposing,Hawkeye,Rocket Raccoon,-0.014427167830589012,-0.018832439730062586
opposing,Hawkeye,Hela,-0.005770463431783839,-0.0011122095229713534
opposing,Hawkeye,Cloak & Dagger,0.02673010438336481,0.031041874215386074
opposing,Hawkeye,Black Panther,-0.03868217351015504,-0.036482483034474836
opposing,Hawkeye,Groot,-0.005228386509276276,-0.009230813604626985
opposing,Hawkeye,Ultron,-0.005492376843765743,-0.009815014081571812
opposing,Hawkeye,Magik,0.010510931599212231,0.007872413782610513
opposing,Hawkeye,Moon Knight,0.002805856899627906,0.004753008949420294
opposing,Hawkeye,Luna Snow,-0.00466827207448469,-0.0027648563699069497
opposing,Hawkeye,Squirrel Girl,0.002512511929609015,0.005148682110547614
opposing,Hawkeye,Black Widow,0.00841898709659761,0.011733011200804347
opposing,Hawkeye,Iron Man,-0.018164677755779745,-0.020098676206195966
opposing,Hawkeye,Venom,0.010851303591561105,0.00847552649230963
opposing,Hawkeye,Spider-man,-0.00020957062095901212,0.002137773667520264
opposing,Hawkeye,Magneto,-0.010316424322367295,-0.004922921497708306
opposing,Hawkeye,Scarlet Witch,0.0002984768094409062,0.003997444020778592
opposing,Hawkeye,Thor,0.018934071477689794,0.021355900738786862
opposing,Hawkeye,Mister Fantastic,-0.012150344769197775,-0.011449508056351513
opposing,Hawkeye,Winter Soldier,-0.009546070784424553,-0.008194025767296697
opposing,Hawkeye,Peni Parker,0.02897016751848074,0.023656323764283418
opposing,Hawkeye,Star-lord,0.010991168889768765,0.013060688811857834
opposing,Hawkeye,Blade,-0.014305832534889824,-0.016622747935468023
opposing,Hawkeye,Namor,-0.010435518740272029,-0.005970513987813774
opposing,Hawkeye,Adam Warlock,0.014309359949663937,0.016308962948917975
opposing,Hawkeye,Jeff The Land Shark,-0.0077271894833958205,-0.00979821957184567
opposing,Hawkeye,Psylocke,0.0011655785988861954,0.003914204423911168
opposing,Hawkeye,Wolverine,0.007072441737276451,0.009791795597271417
opposing,Hawkeye,Invisible Woman,-0.02947793714928489,-0.02991525486177981
opposing,Hawkeye,The Thing,0.01427480004752561,0.008923566110924425
opposing,Hawkeye,Iron Fist,0.038866871192086705,0.03998263985496313
opposing,Hawkeye,Emma Frost,-0.009339658012504767,-0.013454926930415721
opposing,Hawkeye,Phoenix,0.01270203815157753,0.016936181682006796
opposing,Hawkeye,Daredevil,-0.013459751227499097,-0.014652123942957448
opposing,Hawkeye,Angela,-0.010445741232672692,-0.012352199675175118
opposing,Hawkeye,Gambit,0.027138496140431838,0.031232943772746272
opposing,Hawkeye,Elsa Bloodstone,-0.02541874313535688,-0.023298292035543972
opposing,Hawkeye,White Fox,-0.004060721956529318,-0.00666686524933205
opposing,Hawkeye,Black Cat,-0.006885871691145032,-0.004931519349819205
opposing,Hawkeye,Devil Dinosaur,0.008507612571795381,0.0037174035525175775
opposing,Hawkeye,Cyclops,-0.004994830959667285,-0.00032016848154840387
opposing,Hawkeye,Jubilee,0.0051921444908717045,-7.130740657663591e-05
opposing,Hawkeye,Rogue,0.005984841828957341,0.0037770925308821136
opposing,Hawkeye,The Hood,-0.00879563424827307,-0.012198840237689324
opposing,Hawkeye,Deadpool (Vanguard),-0.01997733944247198,-0.02588433659780846
opposing,Hawkeye,Deadpool (Duelist),-0.0035380451941207725,-0.002919873885739972
opposing,Hawkeye,Deadpool (Strategist),0.01235282670912196,0.011308029806411343
opposing,Captain America,Rocket Raccoon,0.003518100893953759,0.0013418868735402885
opposing,Captain America,Hela,0.012071874309016128,0.008638150876175345
opposing,Captain America,Cloak & Dagger,-0.0053813241951402154,-0.008550959811335032
opposing,Captain America,Black Panther,0.01192275769446649,0.0030026846867646398
opposing,Captain America,Groot,0.0022694290311553325,0.00262614103463266
opposing,Captain America,Ultron,0.005946233680297199,0.008490335320591572
opposing,Captain America,Magik,-0.001815547629634831,0.004321537114165818
opposing,Captain America,Moon Knight,0.0010794563904200642,0.0013537680347626884
opposing,Captain America,Luna Snow,-0.010361661301876745,-0.006590427557360624
opposing,Captain America,Squirrel Girl,-0.0009118366041816587,-0.003069889881287505
opposing,Captain America,Black Widow,0.0036421831810751113,-0.0017016240078363731
opposing,Captain America,Iron Man,0.00991483274963923,0.011906293117374844
opposing,Captain America,Venom,0.0008378010839843867,0.004818787616557113
opposing,Captain America,Spider-man,0.04879370345157318,0.05300369336437503
opposing,Captain America,Magneto,0.006776782617862605,-0.011715408055591804
opposing,Captain America,Scarlet Witch,-0.011696105719703016,-0.014052386270537693
opposing,Captain America,Thor,-0.008023327296760436,-0.011957829280049698
opposing,Captain America,Mister Fantastic,-0.005863496171726226,-0.0063894066464826585
opposing,Captain America,Winter Soldier,0.02032677335826258,0.0184315905404869
opposing,Captain America,Peni Parker,-0.014689265022860132,-0.00954656543144725
opposing,Captain America,Star-lord,-0.02720112271435834,-0.03262293451187558
opposing,Captain America,Blade,-0.009702051616697592,-0.007123512424055603
opposing,Captain America,Namor,-0.01601016136920608,-0.024615349070009555
opposing,Captain America,Adam Warlock,0.0060675462705238005,0.0034834607062693827
opposing,Captain America,Jeff The Land Shark,0.01091101430148616,0.011950690872164365
opposing,Captain America,Psylocke,-0.012548670527518754,-0.015762523070900886
opposing,Captain America,Wolverine,-0.015044183002108046,-0.01202838668538021
opposing,Captain America,Invisible Woman,0.04826823560842021,0.05022977976753986
opposing,Captain America,The Thing,-0.01953711285864845,-0.010513449032887548
opposing,Captain America,Iron Fist,0.0027399112366401504,0.01052936000115086
opposing,Captain America,Emma Frost,-0.013530695011194587,-0.015662012446304798
opposing,Captain America,Phoenix,0.007102642263115524,0.004552014644662892
opposing,Captain America,Daredevil,-0.01723159892425581,-0.016461602267262846
opposing,Captain America,Angela,0.0071698573604040815,0.005884296839356004
opposing,Captain America,Gambit,-0.025945898256253347,-0.027683486889427827
opposing,Captain America,Elsa Bloodstone,-0.02285558580794222,-0.02926167628996964
opposing,Captain America,White Fox,-0.016163095897877882,-0.011135418278811126
opposing,Captain America,Black Cat,-0.0145587116744552,-0.01614810221754573
opposing,Captain America,Devil Dinosaur,0.0007462525842102559,0.0065078020047752505
opposing,Captain America,Cyclops,0.006864173585825693,0.007485703267825093
opposing,Captain America,Jubilee,-0.026044377829080027,-0.018003070251662614
opposing,Captain America,Rogue,0.00027769006595564744,0.0004627574340107873
opposing,Captain America,The Hood,0.030207864406122775,0.03482284839305639
opposing,Captain America,Deadpool (Vanguard),-0.020000699448347942,-0.022495401419216306
opposing,Captain America,Deadpool (Duelist),0.01264879668688979,0.00984709010916453
opposing,Captain America,Deadpool (Strategist),-0.022343830904715985,-0.02222907859013316
opposing,Rocket Raccoon,Hela,-0.018154115266000564,-0.021723933646028846
opposing,Rocket Raccoon,Cloak & Dagger,-0.0033569923708267157,-0.01227485848857464
opposing,Rocket Raccoon,Black Panther,-4.906423930901285e-05,0.004648144391002798
opposing,Rocket Raccoon,Groot,-0.00421115424480331,0.002303066290535884
opposing,Rocket Raccoon,Ultron,0.016924772400823872,0.017171384084038
opposing,Rocket Raccoon,Magik,-0.014115854133929594,-0.011567563684800917
opposing,Rocket Raccoon,Moon Knight,0.020464038313903095,0.023300659483855072
opposing,Rocket Raccoon,Luna Snow,0.02102204719734751,0.004133479542518843
opposing,Rocket Raccoon,Squirrel Girl,0.04571075423228411,0.052737862173199916
opposing,Rocket Raccoon,Black Widow,-0.0310081318465362,-0.029699963204241602
opposing,Rocket Raccoon,Iron Man,0.030077195172897263,0.03804038406452393
opposing,Rocket Raccoon,Venom,-0.001676157720080374,0.0011828796612885649
opposing,Rocket Raccoon,Spider-man,-0.043597987336742604,-0.04847830401234321
opposing,Rocket Raccoon,Magneto,0.027464361559679552,0.04015279349444542
opposing,Rocket Raccoon,Scarlet Witch,0.01535422664291922,0.014718351333537692
opposing,Rocket Raccoon,Thor,-0.029425699926663367,-0.03184336767769079
opposing,Rocket Raccoon,Mister Fantastic,0.028843625650760395,0.03285669446418526
opposing,Rocket Raccoon,Winter Soldier,-0.008892814288541905,-0.005515770424657322
opposing,Rocket Raccoon,Peni Parker,-0.013367978715851679,-0.005721414627107739
opposing,Rocket Raccoon,Star-lord,-0.036677309651864866,-0.036902287351965865
opposing,Rocket Raccoon,Blade,-0.020539832139431877,-0.02067025361055897
opposing,Rocket Raccoon,Namor,0.03196144581629067,0.03660985374017716
opposing,Rocket Raccoon,Adam Warlock,0.006470999998169413,0.0024710493653856886
opposing,Rocket Raccoon,Jeff The Land Shark,-0.012245535206445382,-0.020119865011805342
opposing,Rocket Raccoon,Psylocke,-0.02444540540979022,-0.026961667480382374
opposing,Rocket Raccoon,Wolverine,0.01126423984728042,0.006701494297059735
opposing,Rocket Raccoon,Invisible Woman,0.013968908239229933,0.007334783537009878
opposing,Rocket Raccoon,The Thing,0.016429450717691207,0.019989152270839857
opposing,Rocket Raccoon,Iron Fist,-0.053257870086991316,-0.060145951265500854
opposing,Rocket Raccoon,Emma Frost,-0.009501395337269982,-0.004529806935638952
opposing,Rocket Raccoon,Phoenix,-0.0037640187122262468,-0.003103651303189885
opposing,Rocket Raccoon,Daredevil,-0.042849576977848865,-0.04693467770278587
opposing,Rocket Raccoon,Angela,-0.00649549220467939,-0.0033816601577495485
opposing,Rocket Raccoon,Gambit,0.019552423592545026,0.009820216405456824
opposing,Rocket Raccoon,Elsa Bloodstone,0.0036276304551313096,0.0037482403325214734
opposing,Rocket Raccoon,White Fox,0.0023319594474114887,-0.010521550338409538
opposing,Rocket Raccoon,Black Cat,-0.0009760592403579986,-0.0023931388387945255
opposing,Rocket Raccoon,Devil Dinosaur,0.01737321791889802,0.025869986319194883
opposing,Rocket Raccoon,Cyclops,0.032600654192712686,0.0300584528468179
opposing,Rocket Raccoon,Jubilee,0.006271227937238883,-0.002950962885727511
opposing,Rocket Raccoon,Rogue,-0.007683907350051809,-0.0030361520244213775
opposing,Rocket Raccoon,The Hood,-0.012305305342713945,-0.009214452039681624
opposing,Rocket Raccoon,Deadpool (Vanguard),-0.011049127313539742,-0.00577387684171114
opposing,Rocket Raccoon,Deadpool (Duelist),-0.00954820527824171,-0.003576880991992599
opposing,Rocket Raccoon,Deadpool (Strategist),0.020141677267927437,0.016200982821643083
opposing,Hela,Cloak & Dagger,-0.00017400690170032973,0.004677178912115951
opposing,Hela,Black Panther,0.00962302048882146,0.010567235501064594
opposing,Hela,Groot,-0.015064157508488944,-0.01402509648197305
opposing,Hela,Ultron,0.037639253970980995,0.042610500477446425
opposing,Hela,Magik,-0.001739095635381755,-0.010477506614106185
opposing,Hela,Moon Knight,-0.011101372044709174,-0.015386689293818945
opposing,Hela,Luna Snow,0.00809806310927496,0.015499700604250814
opposing,Hela,Squirrel Girl,0.01836671258646912,0.017151327836601338
opposing,Hela,Black Widow,-0.04225189190247508,-0.04811142910154935
opposing,Hela,Iron Man,0.036408994284077865,0.03372099861349506
opposing,Hela,Venom,-0.0007085593514517078,0.0017629545016694453
opposing,Hela,Spider-man,0.00251921467639159,-3.502919469627894e-05
opposing,Hela,Magneto,-0.05992677002946495,-0.05397188227805827
opposing,Hela,Scarlet Witch,0.009774242405869991,0.00911137988156681
opposing,Hela,Thor,0.008715978841318585,0.016136232523393516
opposing,Hela,Mister Fantastic,0.009643750892896878,0.00696822427535552
opposing,Hela,Winter Soldier,-0.028534912391817765,-0.03382186568663656
opposing,Hela,Peni Parker,0.009993987983591034,0.00869208084037362
opposing,Hela,Star-lord,0.00528848680045048,0.0017819011720388938
opposing,Hela,Blade,0.01843090253071367,0.013613034952028556
opposing,Hela,Namor,0.031187516307318426,0.03386247288022873
opposing,Hela,Adam Warlock,-0.019594448611556264,-0.017930391790026593
opposing,Hela,Jeff The Land Shark,0.000652728763063408,0.0035316183478491226
opposing,Hela,Psylocke,-0.006136826647956831,-0.009092284226034494
opposing,Hela,Wolverine,0.002438052489645266,-0.0003332357735254549
opposing,Hela,Invisible Woman,-0.04596061914485599,-0.04455584221436914
opposing,Hela,The Thing,0.02347842445330565,0.02531322592319937
opposing,Hela,Iron Fist,-0.02300151774730979,-0.03195511118294028
opposing,Hela,Emma Frost,-0.006720927659856996,-0.004391866270664321
opposing,Hela,Phoenix,-0.0027835473637481513,-0.004908141657900133
opposing,Hela,Daredevil,0.028419863841671975,0.025457969348392118
opposing,Hela,Angela,-0.029740199379670422,-0.027670571274644677
opposing,Hela,Gambit,0.01760827653718397,0.02441387661152058
opposing,Hela,Elsa Bloodstone,0.009250457784982551,0.00902455397506742
opposing,Hela,White Fox,-0.0040138167333948855,-0.0027116669808776527
opposing,Hela,Black Cat,0.0055100025138945736,0.003336133808268376
opposing,Hela,Devil Dinosaur,0.010761294331759229,0.012374297508870657
opposing,Hela,Cyclops,-0.007893199347664451,-0.008570297323940535
opposing,Hela,Jubilee,0.020138024452350516,0.020645237442515185
opposing,Hela,Rogue,-0.007151768096218245,-0.00468982706353808
opposing,Hela,The Hood,-0.02256411168154822,-0.021368799229857655
opposing,Hela,Deadpool (Vanguard),0.01576486122391548,0.020033134713219245
opposing,Hela,Deadpool (Duelist),0.00670342143147175,0.00302101908654476
opposing,Hela,Deadpool (Strategist),-0.012193383561078493,-0.012404026855136007
opposing,Cloak & Dagger,Black Panther,-0.00794007373791953,-0.0078016239996846455
opposing,Cloak & Dagger,Groot,-0.007494613939412269,-0.001944935434243987
opposing,Cloak & Dagger,Ultron,-0.006921228702537497,-0.0027027497150641858
opposing,Cloak & Dagger,Magik,-0.03240805969940701,-0.03571867765071361
opposing,Cloak & Dagger,Moon Knight,0.0061493002364737094,0.003624196441996402
opposing,Cloak & Dagger,Luna Snow,-0.023195453557432428,-0.03981606293553256
opposing,Cloak & Dagger,Squirrel Girl,-0.015467199282394387,-0.019659718235563995
opposing,Cloak & Dagger,Black Widow,-0.012784714108634972,-0.01277100095385333
opposing,Cloak & Dagger,Iron Man,0.009727325448908149,0.011574397920285563
opposing,Cloak & Dagger,Venom,0.058383154594593006,0.0704577383044257
opposing,Cloak & Dagger,Spider-man,0.016200978229562964,0.015223149544999945
opposing,Cloak & Dagger,Magneto,-0.012661341250288963,-0.00685852613209108
opposing,Cloak & Dagger,Scarlet Witch,0.020185367174039865,0.016581001726297808
opposing,Cloak & Dagger,Thor,0.009817843194817833,0.013270330294776847
opposing,Cloak & Dagger,Mister Fantastic,-0.0004453833304525519,-0.003665823344429917
opposing,Cloak & Dagger,Winter Soldier,0.01213742772448176,0.014570869135243691
opposing,Cloak & Dagger,Peni Parker,-0.030226941879616206,-0.025726697164300327
opposing,Cloak & Dagger,Star-lord,0.014587391829517158,0.017198119109838303
opposing,Cloak & Dagger,Blade,-0.037476487227084396,-0.043296373288918666
opposing,Cloak & Dagger,Namor,-0.01512283161266951,-0.019932341072153657
opposing,Cloak & Dagger,Adam Warlock,-0.0003479227536097259,0.0027198263454261363
opposing,Cloak & Dagger,Jeff The Land Shark,-0.013594961567064714,-0.013407137751303307
opposing,Cloak & Dagger,Psylocke,0.015351066062297136,0.01423698022096529
opposing,Cloak & Dagger,Wolverine,-0.04816854249054968,-0.06373276853774973
opposing,Cloak & Dagger,Invisible Woman,-0.01914465650636257,-0.023491925475638196
opposing,Cloak & Dagger,The Thing,0.0019698876677542317,0.0027688877229113964
opposing,Cloak & Dagger,Iron Fist,0.021028878867935787,0.019854258604041528
opposing,Cloak & Dagger,Emma Frost,-0.03949589942963963,-0.03978169947924819
opposing,Cloak & Dagger,Phoenix,-0.0022573374426768053,-0.004981017579697373
opposing,Cloak & Dagger,Daredevil,0.032330702729818535,0.03407075426358934
opposing,Cloak & Dagger,Angela,-0.006469604243633267,-0.003788454782215483
opposing,Cloak & Dagger,Gambit,0.012860588324573962,0.010219187684543175
opposing,Cloak & Dagger,Elsa Bloodstone,0.013972717467503722,0.011814080516689827
opposing,Cloak & Dagger,White Fox,0.004636597251348773,0.000509616389295775
opposing,Cloak & Dagger,Black Cat,0.006563503502492556,0.0025164865421617374
opposing,Cloak & Dagger,Devil Dinosaur,-0.02715085209897524,-0.026246580959373912
opposing,Cloak & Dagger,Cyclops,0.05092198423625189,0.04709756644104889
opposing,Cloak & Dagger,Jubilee,0.020971565016394446,0.022729666621781223
opposing,Cloak & Dagger,Rogue,-0.022483157983500597,-0.020650696803211768
opposing,Cloak & Dagger,The Hood,0.013622660761580727,0.020443665466408786
opposing,Cloak & Dagger,Deadpool (Vanguard),0.025461581024290227,0.0361677807568756
opposing,Cloak & Dagger,Deadpool (Duelist),0.005397193746676389,0.009664310206289651
opposing,Cloak & Dagger,Deadpool (Strategist),0.014315209135418987,0.01762266071536707
opposing,Black Panther,Groot,0.0026638418445041074,0.011169291435650793
opposing,Black Panther,Ultron,-0.00980696751390657,-0.016770394325055726
opposing,Black Panther,Magik,0.011023008350010365,0.0031311923169798903
opposing,Black Panther,Moon Knight,0.0340690502235801,0.03322299338279606
opposing,Black Panther,Luna Snow,-0.010852237659299371,-0.011823283392398954
opposing,Black Panther,Squirrel Girl,0.012291203706306854,0.010415404872888672
opposing,Black Panther,Black Widow,-0.0005400098570271563,-0.003236969865603008
opposing,Black Panther,Iron Man,0.0047992288503347575,-0.0005919214280849117
opposing,Black Panther,Venom,0.00677409185752461,0.01555798528103291
opposing,Black Panther,Spider-man,-0.022076569768639368,-0.02677284976846713
opposing,Black Panther,Magneto,-0.008373442637586572,0.008857829419094571
opposing,Black Panther,Scarlet Witch,0.0008356764370407257,-0.0007166447379062116
opposing,Black Panther,Thor,-0.05053322998780684,-0.044317097453922163
opposing,Black Panther,Mister Fantastic,0.009745090666757286,0.006903297857987345
opposing,Black Panther,Winter Soldier,0.0043693430637599074,0.001540356832249911
opposing,Black Panther,Peni Parker,-0.012568317652669653,-0.010942029925100794
opposing,Black Panther,Star-lord,-0.032190685210161454,-0.038869977972559415
opposing,Black Panther,Blade,-0.01466490890263168,-0.02230481476912184
opposing,Black Panther,Namor,0.010934921526052752,0.011815297143324379
opposing,Black Panther,Adam Warlock,-0.01413349164316695,-0.01779071083259226
opposing,Black Panther,Jeff The Land Shark,0.024119681663239845,0.023928044728543967
opposing,Black Panther,Psylocke,0.0013089823002665761,-0.0012251839350906303
opposing,Black Panther,Wolverine,0.020362986692567402,0.018851319792493035
opposing,Black Panther,Invisible Woman,7.290023467361245e-05,0.0012279714555980194
opposing,Black Panther,The Thing,-0.03039026264670829,-0.02915353454782468
opposing,Black Panther,Iron Fist,0.016049778433568054,0.010045915319270373
opposing,Black Panther,Emma Frost,0.01556367311933516,0.025872366640395338
opposing,Black Panther,Phoenix,0.021600744087353477,0.02125251973615221
opposing,Black Panther,Daredevil,0.0021400027603012887,-0.003098653992625639
opposing,Black Panther,Angela,-0.003336213259623725,0.007177043677750393
opposing,Black Panther,Gambit,0.0012563705999861763,1.4086800169416024e-05
opposing,Black Panther,Elsa Bloodstone,-0.032642677251965554,-0.03639440523797395
opposing,Black Panther,White Fox,-0.013806848173036892,-0.019732722982478558
opposing,Black Panther,Black Cat,-0.0056044888139140285,-0.00884189019890233
opposing,Black Panther,Devil Dinosaur,0.010852102542554148,0.017944887589708112
opposing,Black Panther,Cyclops,-0.02110407466986703,-0.023012416045056737
opposing,Black Panther,Jubilee,0.00974023490635638,0.002943828571268135
opposing,Black Panther,Rogue,-0.0046467678911790876,0.0035668832306755245
opposing,Black Panther,The Hood,-0.01360926282648243,-0.005935746344268267
opposing,Black Panther,Deadpool (Vanguard),-0.019531592252640183,-0.01376946472071524
opposing,Black Panther,Deadpool (Duelist),0.008365159508367389,0.004641322836454634
opposing,Black Panther,Deadpool (Strategist),-0.02859363426869213,-0.03685820453320499
opposing,Groot,Ultron,-0.03504690626792509,-0.04354037792276442
opposing,Groot,Magik,-0.04615119496320815,-0.042950341087409236
opposing,Groot,Moon Knight,-0.023044242804456046,-0.02342954149600915
opposing,Groot,Luna Snow,-0.0036455719425659994,-0.0032443567830443406
opposing,Groot,Squirrel Girl,-0.014763168482637591,-0.016423779733075357
opposing,Groot,Black Widow,0.008150734566922066,0.005372378233899593
opposing,Groot,Iron Man,-0.011466068562747784,-0.009825277011176985
opposing,Groot,Venom,-0.0080859572636889,-0.0054854257063654925
opposing,Groot,Spider-man,0.021455072409210667,0.024643330541757047
opposing,Groot,Magneto,0.01788690386019111,0.0010963935330261182
opposing,Groot,Scarlet Witch,0.0064413609009147995,0.008185656273621897
opposing,Groot,Thor,0.0035524842978527545,0.001391307330435171
opposing,Groot,Mister Fantastic,0.015419897867221291,0.019348912283455855
opposing,Groot,Winter Soldier,0.020737037399368625,0.02094568515964026
opposing,Groot,Peni Parker,0.01238962616638182,0.02169073994207081
opposing,Groot,Star-lord,-0.007072476872164623,-0.008169431570083461
opposing,Groot,Blade,-0.007129280435695526,-0.002203331564083867
opposing,Groot,Namor,0.02579225415193707,0.023953199805778497
opposing,Groot,Adam Warlock,0.01695936692270565,0.011676362445525343
opposing,Groot,Jeff The Land Shark,0.02827818617525297,0.027659625279331437
opposing,Groot,Psylocke,0.023387986123484594,0.0262795633257481
opposing,Groot,Wolverine,-0.019739302618937585,-0.015194732674644185
opposing,Groot,Invisible Woman,4.711320765153409e-05,-0.010190555965378897
opposing,Groot,The Thing,-0.0037435541392764875,0.007702318875395904
opposing,Groot,Iron Fist,-0.00692253414672243,0.001836181771650941
opposing,Groot,Emma Frost,-0.031122720942102566,-0.03596807298065205
opposing,Groot,Phoenix,0.007253955349126579,0.0067779907560869355
opposing,Groot,Daredevil,0.001737054894797285,0.006701250209221708
opposing,Groot,Angela,0.017445670385612986,0.017733435100528234
opposing,Groot,Gambit,-0.005353290629320193,-0.008230743125906964
opposing,Groot,Elsa Bloodstone,0.03474001806356322,0.036878964019600634
opposing,Groot,White Fox,0.012923807689524848,0.018176776153111925
opposing,Groot,Black Cat,-0.004623156729398863,-0.003035813048667458
opposing,Groot,Devil Dinosaur,-0.010391783991754154,-0.006351347735406342
opposing,Groot,Cyclops,-0.014374658290993839,-0.014087795098625554
opposing,Groot,Jubilee,-0.029028527435378208,-0.025916205419570976
opposing,Groot,Rogue,0.011480434062818186,0.013381431431706442
opposing,Groot,The Hood,-0.0020380857144827002,-0.002391586206326438
opposing,Groot,Deadpool (Vanguard),0.0025703469686901882,0.003540544601758877
opposing,Groot,Deadpool (Duelist),-0.018568948722966546,-0.022829320292670475
opposing,Groot,Deadpool (Strategist),0.026854847950991065,0.03042714070678598
opposing,Ultron,Magik,0.04912040839503805,0.06060744587197309
opposing,Ultron,Moon Knight,0.019655669645005917,0.02342545894303115
opposing,Ultron,Luna Snow,0.018249035115792036,0.0036869031085253147
opposing,Ultron,Squirrel Girl,0.03584933443526819,0.04267797911324242
opposing,Ultron,Black Widow,-0.05837899249956463,-0.059457967227213186
opposing,Ultron,Iron Man,0.0005088629407706669,0.005810224515066908
opposing,Ultron,Venom,0.0375641156091668,0.04239954545554782
opposing,Ultron,Spider-man,-0.02345002176221634,-0.02477762852931576
opposing,Ultron,Magneto,0.002069176139641823,0.006346158954713264
opposing,Ultron,Scarlet Witch,0.02236507895603151,0.023639774397474427
opposing,Ultron,Thor,-0.010738466717244547,-0.014482909165375164
opposing,Ultron,Mister Fantastic,0.017755489558171435,0.021416755571708083
opposing,Ultron,Winter Soldier,-0.040755090752111076,-0.04032661723448724
opposing,Ultron,Peni Parker,0.004347659619612131,0.010511299835081535
opposing,Ultron,Star-lord,-0.014723436094244757,-0.011169965387957843
opposing,Ultron,Blade,-0.011782934649069054,-0.009784529722215395
opposing,Ultron,Namor,-0.02320919211568078,-0.024422899721605325
opposing,Ultron,Adam Warlock,-0.016005635098826843,-0.02126162699594695
opposing,Ultron,Jeff The Land Shark,0.02233993801385876,0.023584495729126128
opposing,Ultron,Psylocke,0.0021040279872712618,0.0039406593029971924
opposing,Ultron,Wolverine,0.012980180337845001,0.009666141560630292
opposing,Ultron,Invisible Woman,0.009806797484965485,0.005246545035269375
opposing,Ultron,The Thing,0.013182474742065839,0.011890260836229193
opposing,Ultron,Iron Fist,-0.025104265837375298,-0.027438932272997433
opposing,Ultron,Emma Frost,-0.01131842466978994,-0.01096893887378798
opposing,Ultron,Phoenix,-0.007162306799436219,-0.0058925111896157
opposing,Ultron,Daredevil,-0.04286346602692697,-0.045916088671313346
opposing,Ultron,Angela,-0.007410800480039224,-0.008774151583123432
opposing,Ultron,Gambit,0.006219789966511334,-0.0031059127629200598
opposing,Ultron,Elsa Bloodstone,0.00549430155884512,0.006882459535884912
opposing,Ultron,White Fox,0.048288595162937625,0.04662145698778429
opposing,Ultron,Black Cat,0.009433328513507103,0.010351636595989115
opposing,Ultron,Devil Dinosaur,-0.02428435771830259,-0.026812636865458473
opposing,Ultron,Cyclops,0.015910891691401214,0.012316684244527898
opposing,Ultron,Jubilee,-0.0021507067608225886,-0.010073538775591764
opposing,Ultron,Rogue,-0.018814629659587925,-0.020285820453749877
opposing,Ultron,The Hood,-0.010600271342827068,-0.011565474752715577
opposing,Ultron,Deadpool (Vanguard),-0.008591184307456241,-0.007250987315409726
opposing,Ultron,Deadpool (Duelist),-0.010236516612681146,-0.003317017031551563
opposing,Ultron,Deadpool (Strategist),-0.005713407339395245,-0.011524406597348057
opposing,Magik,Moon Knight,0.0345869019326502,0.04255592992962307
opposing,Magik,Luna Snow,-0.03508216653311481,-0.03869138393108576
opposing,Magik,Squirrel Girl,-0.020833504034194466,-0.016585622785821447
opposing,Magik,Black Widow,0.014998351100550577,0.022318116669612247
opposing,Magik,Iron Man,-0.045108759897960995,-0.04571889257521302
opposing,Magik,Venom,-0.022336601538614262,-0.03343626407410804
opposing,Magik,Spider-man,4.6355263372774096e-05,0.0058935659671372894
opposing,Magik,Magneto,0.02764725910555987,0.03233120377661997
opposing,Magik,Scarlet Witch,0.02003312080114397,0.028790251876356594
opposing,Magik,Thor,-0.011438958397987028,-0.017423954448312375
opposing,Magik,Mister Fantastic,0.021165257517399592,0.02801073475771234
opposing,Magik,Winter Soldier,-0.016284100899142857,-0.011991705946653768
opposing,Magik,Peni Parker,-0.03271670715273898,-0.04996448511016437
opposing,Magik,Star-lord,-0.012829782262407935,-0.009186546087954304
opposing,Magik,Blade,0.016666794121637376,0.020307081198120053
opposing,Magik,Namor,-0.012017544740917745,-0.004199709723972449
opposing,Magik,Adam Warlock,0.013812909924368203,0.014039560375240347
opposing,Magik,Jeff The Land Shark,-0.0001557304433695071,-0.0029912244470359957
opposing,Magik,Psylocke,0.007309104224339409,0.014028604443939337
opposing,Magik,Wolverine,-0.00525907268306554,-4.684763215923567e-05
opposing,Magik,Invisible Woman,0.017693906832613574,0.021442173322636034
opposing,Magik,The Thing,-0.08535590960533318,-0.10691497124584157
opposing,Magik,Iron Fist,0.0051394267650395975,0.007036392218290947
opposing,Magik,Emma Frost,0.018888521452282717,0.01296711289041923
opposing,Magik,Phoenix,0.028825285906974134,0.03782868160237383
opposing,Magik,Daredevil,-0.010589059939029125,-0.008072385006871179
opposing,Magik,Angela,0.006279630430784557,0.0012713864106632788
opposing,Magik,Gambit,-0.034863022989513597,-0.040229661543662275
opposing,Magik,Elsa Bloodstone,-0.04164913941226739,-0.03734772767006863
opposing,Magik,White Fox,-0.009254627413229492,-0.014220905183339672
opposing,Magik,Black Cat,-0.029562520808454833,-0.02594290805197509
opposing,Magik,Devil Dinosaur,0.06545650974637507,0.06209518697902791
opposing,Magik,Cyclops,0.0013190328403059693,0.009978196766961411
opposing,Magik,Jubilee,0.00944514086799671,0.0030024172224690686
opposing,Magik,Rogue,0.015381500156131314,0.00924647833871302
opposing,Magik,The Hood,0.06546365963384146,0.06543913732769907
opposing,Magik,Deadpool (Vanguard),-0.01618233986792177,-0.026647565610891353
opposing,Magik,Deadpool (Duelist),-0.014600156476468258,-0.01138756172613656
opposing,Magik,Deadpool (Strategist),0.024674441343375746,0.023458949974726924
opposing,Moon Knight,Luna Snow,0.004929837287051753,0.010356276201757405
opposing,Moon Knight,Squirrel Girl,-0.0005591531820839797,0.00010860029209702593
opposing,Moon Knight,Black Widow,0.0035433444178867555,0.004744633609974471
opposing,Moon Knight,Iron Man,-0.02140154738308333,-0.02531717890150599
opposing,Moon Knight,Venom,-0.003965574224599569,-0.006807113977402211
opposing,Moon Knight,Spider-man,-0.011231208063803648,-0.011488278268574098
opposing,Moon Knight,Magneto,-0.024469030259701402,-0.019466468256088387
opposing,Moon Knight,Scarlet Witch,0.0003040683424303711,0.0022807993785850596
opposing,Moon Knight,Thor,0.013305061981522667,0.016296025844892016
opposing,Moon Knight,Mister Fantastic,0.024883139044247108,0.026823970964346806
opposing,Moon Knight,Winter Soldier,0.016399644552220916,0.018104663298458255
opposing,Moon Knight,Peni Parker,0.03794650776383089,0.034846906687186645
opposing,Moon Knight,Star-lord,0.021874921450528637,0.023092458079656344
opposing,Moon Knight,Blade,-0.03248253325788097,-0.03797626821412061
opposing,Moon Knight,Namor,0.018008507004469876,0.023026350318685326
opposing,Moon Knight,Adam Warlock,0.004241068951933902,0.007305395116407543
opposing,Moon Knight,Jeff The Land Shark,-0.001449576982417392,-0.0004126459683090808
opposing,Moon Knight,Psylocke,-0.04606975312815989,-0.04882263733912076
opposing,Moon Knight,Wolverine,0.008212873193791704,0.009300778072485734
opposing,Moon Knight,Invisible Woman,-0.0030084258572169085,0.0021862048817325266
opposing,Moon Knight,The Thing,0.0438894938510191,0.043077152305937685
opposing,Moon Knight,Iron Fist,0.017474604713530136,0.015156308560299874
opposing,Moon Knight,Emma Frost,-0.004451007575956362,-0.006812460415657294
opposing,Moon Knight,Phoenix,0.016085075753988737,0.018867178794788744
opposing,Moon Knight,Daredevil,0.03626492461722771,0.037327842471525347
opposing,Moon Knight,Angela,-0.009845522089079427,-0.010481202044061833
opposing,Moon Knight,Gambit,0.00971957443573362,0.013959916394896636
opposing,Moon Knight,Elsa Bloodstone,0.011979104148896646,0.01536869953362768
opposing,Moon Knight,White Fox,0.016078312823063195,0.018312808417645387
opposing,Moon Knight,Black Cat,0.0183175350194601,0.02056547639981218
opposing,Moon Knight,Devil Dinosaur,0.019829794417537395,0.017518057486845817
opposing,Moon Knight,Cyclops,-0.015005776945150864,-0.012854673643692823
opposing,Moon Knight,Jubilee,0.03385324968660667,0.03449569547856106
opposing,Moon Knight,Rogue,-0.010967328653017631,-0.01388135433898025
opposing,Moon Knight,The Hood,-0.022168356731575602,-0.025874659526611197
opposing,Moon Knight,Deadpool (Vanguard),-0.016080006399162353,-0.020344846852999775
opposing,Moon Knight,Deadpool (Duelist),0.008500154746838759,0.008358698552674166
opposing,Moon Knight,Deadpool (Strategist),-0.01853381463879716,-0.021116182170061813
opposing,Luna Snow,Squirrel Girl,-0.03259714530772127,-0.040447350443844406
opposing,Luna Snow,Black Widow,0.02914605224869981,0.03288466826836063
opposing,Luna Snow,Iron Man,-0.011227321671588193,-0.013516023020060483
opposing,Luna Snow,Venom,-0.00735182300028892,-0.013583069942498706
opposing,Luna Snow,Spider-man,0.027623143871930867,0.026556642962876176
opposing,Luna Snow,Magneto,-0.01077957813287893,-0.012415617480819454
opposing,Luna Snow,Scarlet Witch,0.016981900801014905,0.011460659126857066
opposing,Luna Snow,Thor,0.00910994451581733,0.004707381503786241
opposing,Luna Snow,Mister Fantastic,-0.017234971624566633,-0.024070553105095923
opposing,Luna Snow,Winter Soldier,-0.009300200466765388,-0.011062905509697015
opposing,Luna Snow,Peni Parker,-0.013637700591856032,-0.014212608493872283
opposing,Luna Snow,Star-lord,-0.002655914566615206,-0.0037170435155982726
opposing,Luna Snow,Blade,0.003188330075935618,0.0009351032471911846
opposing,Luna Snow,Namor,0.01350475548809744,0.010757251486421497
opposing,Luna Snow,Adam Warlock,-0.0278388183369935,-0.017366159703642272
opposing,Luna Snow,Jeff The Land Shark,-0.017188753157298193,-0.005251091808466819
opposing,Luna Snow,Psylocke,-0.012278952121052842,-0.0183632331650911
opposing,Luna Snow,Wolverine,-0.008455466897499191,-0.0205720014253556
opposing,Luna Snow,Invisible Woman,-0.010653219037111281,-0.001053336098865164
opposing,Luna Snow,The Thing,0.032448065840381034,0.030404063848988205
opposing,Luna Snow,Iron Fist,-0.006175588682824041,-0.01226721032035094
opposing,Luna Snow,Emma Frost,0.024604705347681034,0.02687950752727684
opposing,Luna Snow,Phoenix,0.018016050115966926,0.016310100493989163
opposing,Luna Snow,Daredevil,0.003511936545014734,0.0001331993758974035
opposing,Luna Snow,Angela,-0.005304944376589,-0.010177898117975552
opposing,Luna Snow,Gambit,0.0023714184622673456,0.010226150214929593
opposing,Luna Snow,Elsa Bloodstone,0.0014450769070392703,-0.003795958043620345
opposing,Luna Snow,White Fox,-0.019176015692886794,-0.015229308358961111
opposing,Luna Snow,Black Cat,0.018898483541167962,0.014876896155883905
opposing,Luna Snow,Devil Dinosaur,0.0054516631970653985,0.0038543436135225254
opposing,Luna Snow,Cyclops,0.0007909854105880532,-0.010816250167610585
opposing,Luna Snow,Jubilee,-0.02590022890590547,-0.020261017464188076
opposing,Luna Snow,Rogue,0.016237476025323765,0.016551615561308634
opposing,Luna Snow,The Hood,-0.007130946344490482,-0.011386623463146023
opposing,Luna Snow,Deadpool (Vanguard),-0.022110858125799313,-0.02679150965234335
opposing,Luna Snow,Deadpool (Duelist),0.020733319501093434,0.025401008750221162
opposing,Luna Snow,Deadpool (Strategist),-0.004370256558830576,0.007943091808002734
opposing,Squirrel Girl,Black Widow,-0.005349078754317538,-0.00557166914475389
opposing,Squirrel Girl,Iron Man,-0.019311044873654554,-0.023771921920070636
opposing,Squirrel Girl,Venom,-0.0511501285504288,-0.057098341129413935
opposing,Squirrel Girl,Spider-man,-0.000749565832215062,-0.0008805903872061488
opposing,Squirrel Girl,Magneto,-0.013085307475341127,-0.0045924420300046415
opposing,Squirrel Girl,Scarlet Witch,0.012765424094822416,0.015026577862420745
opposing,Squirrel Girl,Thor,0.00943358762764864,0.014196549760577708
opposing,Squirrel Girl,Mister Fantastic,0.009125231743965288,0.009092945351294717
opposing,Squirrel Girl,Winter Soldier,0.004225614268026604,0.004244224862780675
opposing,Squirrel Girl,Peni Parker,0.026883658811457795,0.02474603853586101
opposing,Squirrel Girl,Star-lord,-0.025950321365716393,-0.029271289890636015
opposing,Squirrel Girl,Blade,0.02610338461890684,0.02458403736406249
opposing,Squirrel Girl,Namor,0.01952149063777006,0.023947886913901803
opposing,Squirrel Girl,Adam Warlock,-0.0068090404209653265,-0.0061606252092703
opposing,Squirrel Girl,Jeff The Land Shark,0.0032552062432477952,0.0038455878793980454
opposing,Squirrel Girl,Psylocke,-0.025570194299722657,-0.027395599533156276
opposing,Squirrel Girl,Wolverine,-0.01907030270152952,-0.02087753762320891
opposing,Squirrel Girl,Invisible Woman,-0.0051500851765576994,-0.0012578091336920717
opposing,Squirrel Girl,The Thing,0.027615034005954237,0.02717765115587533
opposing,Squirrel Girl,Iron Fist,0.015355594843751142,0.01215529217219084
opposing,Squirrel Girl,Emma Frost,0.01518985217062404,0.01724876490300654
opposing,Squirrel Girl,Phoenix,0.0028528078189017938,0.0038638436961471213
opposing,Squirrel Girl,Daredevil,0.0009091827208365541,-0.0015688445053248224
opposing,Squirrel Girl,Angela,-0.009756862937527241,-0.008174485629206868
opposing,Squirrel Girl,Gambit,-0.016533137099601653,-0.016609031363521758
opposing,Squirrel Girl,Elsa Bloodstone,0.029565214964731284,0.033649213485981364
opposing,Squirrel Girl,White Fox,0.011277776855755144,0.011877558173257618
opposing,Squirrel Girl,Black Cat,-0.013828405904711726,-0.014864625527041115
opposing,Squirrel Girl,Devil Dinosaur,0.00496943338597019,0.003191935511142121
opposing,Squirrel Girl,Cyclops,0.011392415418828997,0.014942888380657705
opposing,Squirrel Girl,Jubilee,0.03383343921561591,0.033438761417530244
opposing,Squirrel Girl,Rogue,-0.010983346715815929,-0.01169110570382843
opposing,Squirrel Girl,The Hood,-0.022787767520144383,-0.024355768182495217
opposing,Squirrel Girl,Deadpool (Vanguard),-0.009746961120404699,-0.011090393126281578
opposing,Squirrel Girl,Deadpool (Duelist),0.008135135892779947,0.007251992461542928
opposing,Squirrel Girl,Deadpool (Strategist),-0.0011048625567836846,-0.0025432583589628586
opposing,Black Widow,Iron Man,0.06338300766966656,0.06533231891680712
opposing,Black Widow,Venom,-0.009684500434291827,-0.007263427332358288
opposing,Black Widow,Spider-man,0.017403628142654063,0.018519523195743452
opposing,Black Widow,Magneto,-0.03732954268050174,-0.02786877725801911
opposing,Black Widow,Scarlet Witch,0.012999465218313844,0.015074006365882435
opposing,Black Widow,Thor,-0.0014624558329739009,0.005771911391183892
opposing,Black Widow,Mister Fantastic,-0.04781002405467478,-0.0526024668211456
opposing,Black Widow,Winter Soldier,0.012364519263246802,0.012828906347709437
opposing,Black Widow,Peni Parker,1.8004303026164205e-05,-0.001446985752111598
opposing,Black Widow,Star-lord,0.0331689644504733,0.0343722028809398
opposing,Black Widow,Blade,-0.02059142486895139,-0.026051692792733443
opposing,Black Widow,Namor,0.015058508555041495,0.018922530354645906
opposing,Black Widow,Adam Warlock,0.01747382907741647,0.0172866815151779
opposing,Black Widow,Jeff The Land Shark,-0.015710106917510697,-0.021361310887686582
opposing,Black Widow,Psylocke,-0.00202480791759125,-0.002171918150363404
opposing,Black Widow,Wolverine,-0.03111473065696858,-0.034090855724992146
opposing,Black Widow,Invisible Woman,-0.040007828314629276,-0.04434369162525392
opposing,Black Widow,The Thing,0.03782727310518983,0.04223887662368631
opposing,Black Widow,Iron Fist,-0.04214752757118006,-0.05015341594584391
opposing,Black Widow,Emma Frost,-0.046456368298696774,-0.04764241656672464
opposing,Black Widow,Phoenix,-0.0018725857558917285,-0.001444917274538934
opposing,Black Widow,Daredevil,0.00946309098099825,0.007464040505740758
opposing,Black Widow,Angela,-0.014317123308749404,-0.009549695011767846
opposing,Black Widow,Gambit,0.007333820967161633,0.0063703750003556185
opposing,Black Widow,Elsa Bloodstone,-0.010994649749722717,-0.010360776315538008
opposing,Black Widow,White Fox,-0.024320872746134523,-0.03204184409009958
opposing,Black Widow,Black Cat,-0.01142273970659235,-0.012471841942981239
opposing,Black Widow,Devil Dinosaur,-0.0035901821359006748,-0.0026331058384867793
opposing,Black Widow,Cyclops,0.0067260901551805434,0.009697921186008322
opposing,Black Widow,Jubilee,-0.003434469741189514,-0.012358557620107184
opposing,Black Widow,Rogue,-0.0038324968401557006,-3.6096267742791155e-05
opposing,Black Widow,The Hood,-0.003606396036185706,0.0006848490869994115
opposing,Black Widow,Deadpool (Vanguard),0.021995016948909332,0.02792562432746832
opposing,Black Widow,Deadpool (Duelist),-0.026131484709111086,-0.02996129369840844
opposing,Black Widow,Deadpool (Strategist),0.014923935032659163,0.01161821746792902
opposing,Iron Man,Venom,0.014059071882659245,0.012525825497468
opposing,Iron Man,Spider-man,-0.06511611068525046,-0.06748046537196066
opposing,Iron Man,Magneto,-0.017786799199219917,-0.012753523544802843
opposing,Iron Man,Scarlet Witch,0.0019288675652013977,0.006239090266953762
opposing,Iron Man,Thor,-0.003468542593787127,-0.0030888685440847137
opposing,Iron Man,Mister Fantastic,-0.004343067161554585,-0.0025368240101430258
opposing,Iron Man,Winter Soldier,-0.020807627290762083,-0.01987568256418739
opposing,Iron Man,Peni Parker,0.014754455514927623,0.008320607606436957
opposing,Iron Man,Star-lord,-0.017944548015670726,-0.017709061216062975
opposing,Iron Man,Blade,0.039586824434499214,0.04206214582142598
opposing,Iron Man,Namor,0.02270485427396152,0.0303019130975123
opposing,Iron Man,Adam Warlock,-0.0012426645550746877,-0.002788728193277537
opposing,Iron Man,Jeff The Land Shark,0.0068722911521006385,0.005024532568723287
opposing,Iron Man,Psylocke,-0.025703774713721504,-0.024623872923751306
opposing,Iron Man,Wolverine,0.009357354249975355,0.012740325340940073
opposing,Iron Man,Invisible Woman,-0.006901330885552384,-0.0061182363894453
opposing,Iron Man,The Thing,0.04092760965657117,0.0390596940550078
opposing,Iron Man,Iron Fist,-0.01881476454509183,-0.02183270251123585
opposing,Iron Man,Emma Frost,0.024007041619525906,0.02412907315462638
opposing,Iron Man,Phoenix,-0.017741524877233236,-0.015462042159154992
opposing,Iron Man,Daredevil,-0.003680744837844626,-0.0036099728121767767
opposing,Iron Man,Angela,-0.0015510049483699034,-0.0019743676006544345
opposing,Iron Man,Gambit,0.03699509615305098,0.04071995521257825
opposing,Iron Man,Elsa Bloodstone,0.0032447426546937377,0.008139096847664536
opposing,Iron Man,White Fox,0.011675445430946693,0.009434659487213904
opposing,Iron Man,Black Cat,-0.0016900362097335133,0.0011608072000590768
opposing,Iron Man,Devil Dinosaur,-0.023099333323343303,-0.030968449215472166
opposing,Iron Man,Cyclops,0.010334594401585663,0.016716435138558625
opposing,Iron Man,Jubilee,0.0027258813468999375,-0.0044475170179094315
opposing,Iron Man,Rogue,0.00013279690665026302,-0.0022528951437098274
opposing,Iron Man,The Hood,-0.0053624741528128066,-0.007897761889765403
opposing,Iron Man,Deadpool (Vanguard),-0.004245019408933722,-0.00789875337372633
opposing,Iron Man,Deadpool (Duelist),0.009489201101577863,0.011630376343568396
opposing,Iron Man,Deadpool (Strategist),-0.008866553629270836,-0.01416543664864511
opposing,Venom,Spider-man,-0.0024520404225089523,-0.0017720925387161221
opposing,Venom,Magneto,0.009055342677804864,-0.012938394352233554
opposing,Venom,Scarlet Witch,0.00010027202481552656,0.0013148477591548805
opposing,Venom,Thor,0.004861005660376441,-0.0009433853106976608
opposing,Venom,Mister Fantastic,0.009514104068093061,0.01296242933539893
opposing,Venom,Winter Soldier,-7.918374104600866e-05,-0.0020306963412215946
opposing,Venom,Peni Parker,-0.029394993005980537,-0.030366807162392075
opposing,Venom,Star-lord,-0.0013077713563355757,-0.0015708809396851756
opposing,Venom,Blade,-0.011646290483131693,-0.007044601821384516
opposing,Venom,Namor,0.0015502305693378975,-0.002834857489272198
opposing,Venom,Adam Warlock,-0.0047870702002286575,-0.009502444476722683
opposing,Venom,Jeff The Land Shark,-0.015901698901184425,-0.019558005160375525
opposing,Venom,Psylocke,-0.03806015635919545,-0.04190541197626071
opposing,Venom,Wolverine,-0.02484410021118852,-0.020689997315598625
opposing,Venom,Invisible Woman,0.035798153694298396,0.03536878076635122
opposing,Venom,The Thing,0.00752443596804505,0.016859320939799055
opposing,Venom,Iron Fist,-0.012821697618303205,-0.004542924026250165
opposing,Venom,Emma Frost,0.029963790713676587,0.030671838562740663
opposing,Venom,Phoenix,-0.0023048910346084917,-0.003673014985282548
opposing,Venom,Daredevil,-0.022693262845479113,-0.020296310200826995
opposing,Venom,Angela,-0.0036601180235881587,-0.010463922661825557
opposing,Venom,Gambit,0.004249657369835603,0.006978129111413885
opposing,Venom,Elsa Bloodstone,-0.0021062556457306764,-0.003933052894437326
opposing,Venom,White Fox,-0.005615299935998488,0.0007207623975016372
opposing,Venom,Black Cat,-0.010663412575366966,-0.009571903493895124
opposing,Venom,Devil Dinosaur,-0.016481755920234938,-0.017222763404621252
opposing,Venom,Cyclops,-0.023027457692813426,-0.02353069911561105
opposing,Venom,Jubilee,0.017268542389881382,0.03188405822304892
opposing,Venom,Rogue,0.004209253833424289,0.0011470831075917837
opposing,Venom,The Hood,-0.0025508326763747976,-0.006827742298708249
opposing,Venom,Deadpool (Vanguard),0.01506061355190778,0.014107865676811323
opposing,Venom,Deadpool (Duelist),0.017567595048949225,0.0175620723534287
opposing,Venom,Deadpool (Strategist),-0.006168920567137002,-0.003841425870597658
opposing,Spider-man,Magneto,0.01597985983725508,0.026977206823734407
opposing,Spider-man,Scarlet Witch,-0.003201814006114494,-0.002146979998177237
opposing,Spider-man,Thor,-0.01510569198754343,-0.01387611184105207
opposing,Spider-man,Mister Fantastic,0.003883912044298923,0.003503379364068925
opposing,Spider-man,Winter Soldier,0.01732415853001517,0.01846171195414221
opposing,Spider-man,Peni Parker,-0.012550569108097782,-0.019899299063755635
opposing,Spider-man,Star-lord,-0.011266055545965938,-0.013341223516891642
opposing,Spider-man,Blade,-0.014590179985833687,-0.019293953120643394
opposing,Spider-man,Namor,-0.05999559521101881,-0.06185950651437629
opposing,Spider-man,Adam Warlock,-0.004620385784131863,-0.002954556822444574
opposing,Spider-man,Jeff The Land Shark,-0.011740293551898474,-0.012280517469753428
opposing,Spider-man,Psylocke,-0.003973841998435532,-0.004000479759352294
opposing,Spider-man,Wolverine,0.010986017713092456,0.011654347712996704
opposing,Spider-man,Invisible Woman,0.03341819554058239,0.042875338593478605
opposing,Spider-man,The Thing,0.0034014229288327922,-0.0005326594624615805
opposing,Spider-man,Iron Fist,-0.020768538815324953,-0.02678771289119746
opposing,Spider-man,Emma Frost,0.018436909803923547,0.02009222029489074
opposing,Spider-man,Phoenix,-0.02696885577931119,-0.028272493701509017
opposing,Spider-man,Daredevil,-0.028052487585837452,-0.03277638914811887
opposing,Spider-man,Angela,0.005338204262426776,0.00785150787942205
opposing,Spider-man,Gambit,-0.03901951813826827,-0.04116237811163361
opposing,Spider-man,Elsa Bloodstone,-0.034951763977988395,-0.035958064483742
opposing,Spider-man,White Fox,-0.016827690646955547,-0.01899726084690383
opposing,Spider-man,Black Cat,0.010456079463873334,0.011433677959444635
opposing,Spider-man,Devil Dinosaur,-0.017466240383514495,-0.022540175630291252
opposing,Spider-man,Cyclops,0.01331818789344567,0.01709378194165759
opposing,Spider-man,Jubilee,0.003754030056568456,0.00034325803398993704
opposing,Spider-man,Rogue,0.015917524822361,0.017470466807493562
opposing,Spider-man,The Hood,0.030264720004653474,0.03390306936888578
opposing,Spider-man,Deadpool (Vanguard),0.016578756687114865,0.017431241855050763
opposing,Spider-man,Deadpool (Duelist),0.0030965605117001123,0.0018813903383905883
opposing,Spider-man,Deadpool (Strategist),-0.01493410908560773,-0.017357328783501828
opposing,Magneto,Scarlet Witch,0.041708140512577825,0.03745575984918031
opposing,Magneto,Thor,-0.012907479998045755,0.001941382525438972
opposing,Magneto,Mister Fantastic,-0.03843234089891331,-0.05053813370968912
opposing,Magneto,Winter Soldier,0.014158633512802409,0.0036572741286524037
opposing,Magneto,Peni Parker,0.002808550847218676,0.030177994725615415
opposing,Magneto,Star-lord,0.0177690289164776,0.009501122834256755
opposing,Magneto,Blade,-0.01888418489081102,-0.0252513105353532
opposing,Magneto,Namor,0.031202576383759652,0.020003893384536422
opposing,Magneto,Adam Warlock,-0.006627040959207292,-0.01678422163397268
opposing,Magneto,Jeff The Land Shark,0.023061409116446493,0.020520934119510562
opposing,Magneto,Psylocke,0.009942568686852971,0.0013506564492204351
opposing,Magneto,Wolverine,-0.020923826857064013,-0.02648171167920865
opposing,Magneto,Invisible Woman,-0.0020081092421458113,-0.013659585525457027
opposing,Magneto,The Thing,-0.02396212684361812,0.003915538214503795
opposing,Magneto,Iron Fist,-0.013873836706340535,-0.01586713025545234
opposing,Magneto,Emma Frost,-0.02914762521258844,-0.014146774679402896
opposing,Magneto,Phoenix,0.0387673176578483,0.0318719020028233
opposing,Magneto,Daredevil,-0.03296073239659606,-0.04187383741230182
opposing,Magneto,Angela,-0.039548202570925034,-0.028486384312898166
opposing,Magneto,Gambit,0.013787463694098494,0.012902700354354944
opposing,Magneto,Elsa Bloodstone,0.04701688197667989,0.04056962842507313
opposing,Magneto,White Fox,-0.0023379324445019787,-0.000621247147589711
opposing,Magneto,Black Cat,-0.028160626025862688,-0.03919351389011832
opposing,Magneto,Devil Dinosaur,-0.03979228564921836,-0.020732661803747575
opposing,Magneto,Cyclops,0.008661565169261629,0.0015741347370425843
opposing,Magneto,Jubilee,0.024300711404474797,0.034900300445837903
opposing,Magneto,Rogue,-0.022614821697473066,-0.0064169066014352245
opposing,Magneto,The Hood,-0.02650373880381582,-0.01107884423451641
opposing,Magneto,Deadpool (Vanguard),0.005089455216108074,0.025989549654435444
opposing,Magneto,Deadpool (Duelist),-0.00590078177293159,-0.018703277508209222
opposing,Magneto,Deadpool (Strategist),0.0038080686116213494,0.002592911185597061
opposing,Scarlet Witch,Thor,0.011518332397340908,0.015499630325485089
opposing,Scarlet Witch,Mister Fantastic,0.007338464039825625,0.0059233163908113465
opposing,Scarlet Witch,Winter Soldier,-0.015023053795792983,-0.017784256486157016
opposing,Scarlet Witch,Peni Parker,0.010479407458463175,0.00547757121700963
opposing,Scarlet Witch,Star-lord,0.019173573530217133,0.01822259675695966
opposing,Scarlet Witch,Blade,0.016979505665353375,0.013490328254212218
opposing,Scarlet Witch,Namor,-0.015597214339443532,-0.01522023430150141
opposing,Scarlet Witch,Adam Warlock,0.009433958952966353,0.015981166388029572
opposing,Scarlet Witch,Jeff The Land Shark,-0.005003840410249082,-0.0015774223041592117
opposing,Scarlet Witch,Psylocke,0.006937156577106937,0.0064724195738071555
opposing,Scarlet Witch,Wolverine,0.006708845364897178,0.005724022448519389
opposing,Scarlet Witch,Invisible Woman,-0.034736566507010895,-0.03067418332882519
opposing,Scarlet Witch,The Thing,0.005350666458832393,0.0013889996100417364
opposing,Scarlet Witch,Iron Fist,0.026017394849098936,0.02243011633795392
opposing,Scarlet Witch,Emma Frost,0.0065353838758819985,0.006602995767101021
opposing,Scarlet Witch,Phoenix,0.012064806933309245,0.012572882899694635
opposing,Scarlet Witch,Daredevil,0.014224066719353647,0.011571310373061104
opposing,Scarlet Witch,Angela,-0.024349563571999563,-0.025427353934317783
opposing,Scarlet Witch,Gambit,0.018264113274469897,0.026406292608935466
opposing,Scarlet Witch,Elsa Bloodstone,0.009004730201553424,0.010203970101736742
opposing,Scarlet Witch,White Fox,0.031200627812297384,0.03815918280099437
opposing,Scarlet Witch,Black Cat,0.015526006478382752,0.015598220006688389
opposing,Scarlet Witch,Devil Dinosaur,0.007982259499044995,0.005527634054263587
opposing,Scarlet Witch,Cyclops,-0.018539715863892324,-0.01862373324469386
opposing,Scarlet Witch,Jubilee,0.03961373611510652,0.04381001273108391
opposing,Scarlet Witch,Rogue,0.008058798087485249,0.008479411711660292
opposing,Scarlet Witch,The Hood,0.024246166774921547,0.02695946006861088
opposing,Scarlet Witch,Deadpool (Vanguard),0.016921417075319127,0.01756535649780927
opposing,Scarlet Witch,Deadpool (Duelist),0.011271499243765417,0.009399345040594701
opposing,Scarlet Witch,Deadpool (Strategist),-0.021385924048953436,-0.0214910352360271
opposing,Thor,Mister Fantastic,-0.013141104523701177,-0.016131786905019364
opposing,Thor,Winter Soldier,-0.02303107757584202,-0.03145501566794681
opposing,Thor,Peni Parker,-0.042521026314644786,-0.03895999221510343
opposing,Thor,Star-lord,0.00595071101258662,0.0026179930371771766
opposing,Thor,Blade,0.023473615505450636,0.02814393305097881
opposing,Thor,Namor,-0.004410379756114189,-0.013354039944337278
opposing,Thor,Adam Warlock,-0.021548553309782194,-0.028140780093973226
opposing,Thor,Jeff The Land Shark,0.019530497369166212,0.022385608502619843
opposing,Thor,Psylocke,0.009804713170115045,0.007463645516967746
opposing,Thor,Wolverine,0.024459671193122774,0.03028003616492467
opposing,Thor,Invisible Woman,0.013652863887380967,0.01048138380394616
opposing,Thor,The Thing,-0.03163447273699628,-0.021771797262578156
opposing,Thor,Iron Fist,-0.027195073311002682,-0.024422463552016323
opposing,Thor,Emma Frost,-0.0026829824109154262,-0.0004452770468104183
opposing,Thor,Phoenix,-0.019776324724358505,-0.0269995695901846
opposing,Thor,Daredevil,-0.002356886011602103,-0.001556482217627558
opposing,Thor,Angela,0.0184410420877403,0.021589653923916218
opposing,Thor,Gambit,-0.011999278416300461,-0.011065285505441379
opposing,Thor,Elsa Bloodstone,0.0029401890795710487,-0.0022053746474274194
opposing,Thor,White Fox,-0.01562212381876743,-0.010077343760088219
opposing,Thor,Black Cat,0.02446651114595004,0.02562777748219772
opposing,Thor,Devil Dinosaur,0.01436022689683818,0.024916377841595127
opposing,Thor,Cyclops,-0.005655841605875111,-0.00808957471073626
opposing,Thor,Jubilee,-0.020038108641380423,-0.010601347303327294
opposing,Thor,Rogue,0.014634323976271055,0.0197282481912393
opposing,Thor,The Hood,0.001592838322679061,0.004505654542101296
opposing,Thor,Deadpool (Vanguard),-0.009000328653735325,-0.007102521949337168
opposing,Thor,Deadpool (Duelist),0.006424637777173329,0.0012768170597341059
opposing,Thor,Deadpool (Strategist),0.002070122508320038,0.006538706405467645
opposing,Mister Fantastic,Winter Soldier,0.009090358817526258,0.010260453908428094
opposing,Mister Fantastic,Peni Parker,-0.0047364578860888415,-0.01262556938949861
opposing,Mister Fantastic,Star-lord,0.038959773796970965,0.04159391781725413
opposing,Mister Fantastic,Blade,0.008583659273211145,0.006425038922898937
opposing,Mister Fantastic,Namor,-0.00626891394080012,-0.003143445098766197
opposing,Mister Fantastic,Adam Warlock,-0.0008458649900814433,0.001453595205274554
opposing,Mister Fantastic,Jeff The Land Shark,-0.025299257326494566,-0.027372535581761625
opposing,Mister Fantastic,Psylocke,0.015443809450809066,0.01766182944960578
opposing,Mister Fantastic,Wolverine,-0.012997478496554747,-0.013556582549648363
opposing,Mister Fantastic,Invisible Woman,0.01637960378023206,0.02386873899749689
opposing,Mister Fantastic,The Thing,-0.03711612895637391,-0.04703454395969448
opposing,Mister Fantastic,Iron Fist,-0.01759598965868856,-0.022670114158256247
opposing,Mister Fantastic,Emma Frost,-0.007299452837800918,-0.009963560785830335
opposing,Mister Fantastic,Phoenix,-0.0040359723837616246,-0.0028137339905415764
opposing,Mister Fantastic,Daredevil,0.006307870767514999,0.005024043517275692
opposing,Mister Fantastic,Angela,0.0038593474210050567,0.0047855340765103485
opposing,Mister Fantastic,Gambit,-0.009538329258067451,-0.007834224486995294
opposing,Mister Fantastic,Elsa Bloodstone,-0.007293694400270853,-0.005396103696033149
opposing,Mister Fantastic,White Fox,0.00915138365141495,0.010391013873175385
opposing,Mister Fantastic,Black Cat,0.04727298930963442,0.051887186236640515
opposing,Mister Fantastic,Devil Dinosaur,-0.03343979528835532,-0.04173349205871048
opposing,Mister Fantastic,Cyclops,-0.02928078031475051,-0.028221858079420372
opposing,Mister Fantastic,Jubilee,0.003921534331719946,0.0006935164779477694
opposing,Mister Fantastic,Rogue,-0.006212395020801361,-0.008572651269332866
opposing,Mister Fantastic,The Hood,0.03232697148456099,0.034777064989431054
opposing,Mister Fantastic,Deadpool (Vanguard),0.014910524533855924,0.014154562004627868
opposing,Mister Fantastic,Deadpool (Duelist),0.03145671447540541,0.03320160226296622
opposing,Mister Fantastic,Deadpool (Strategist),0.02247362229660708,0.024888185155902236
opposing,Winter Soldier,Peni Parker,0.03462933629787072,0.03549355925910625
opposing,Winter Soldier,Star-lord,0.004068464358463712,0.0034684372381665564
opposing,Winter Soldier,Blade,0.010179456007892685,0.007705633010855266
opposing,Winter Soldier,Namor,-0.004825520761791674,-0.00202744685093681
opposing,Winter Soldier,Adam Warlock,0.030811240516135596,0.03298680885689622
opposing,Winter Soldier,Jeff The Land Shark,-0.011693737102908892,-0.016147355373100247
opposing,Winter Soldier,Psylocke,-0.017087540179216598,-0.01791489453632167
opposing,Winter Soldier,Wolverine,-0.012511429851011476,-0.013474516397961364
opposing,Winter Soldier,Invisible Woman,-0.04895522512604728,-0.05371397356493987
opposing,Winter Soldier,The Thing,0.0011200269719331079,-0.0001722930405931399
opposing,Winter Soldier,Iron Fist,-0.0074311701898715846,-0.012134975517433649
opposing,Winter Soldier,Emma Frost,-0.020484960013771966,-0.020314973485499915
opposing,Winter Soldier,Phoenix,-0.00832922724913619,-0.007893315630645843
opposing,Winter Soldier,Daredevil,-0.0009024987640910691,-0.003206021962358597
opposing,Winter Soldier,Angela,0.024113668425139838,0.031640523610200276
opposing,Winter Soldier,Gambit,0.01869674641002766,0.019849205596739205
opposing,Winter Soldier,Elsa Bloodstone,-0.016580044805474384,-0.015868228519152698
opposing,Winter Soldier,White Fox,0.01353603312848357,0.011242714492005078
opposing,Winter Soldier,Black Cat,0.00108963134734302,0.001566293251866072
opposing,Winter Soldier,Devil Dinosaur,-0.0068872388426626675,-0.007870850454056435
opposing,Winter Soldier,Cyclops,0.018872007212271946,0.023340286064264148
opposing,Winter Soldier,Jubilee,0.004229648802193181,-0.0030408847856423474
opposing,Winter Soldier,Rogue,0.008018450703367047,0.011580394614943925
opposing,Winter Soldier,The Hood,-0.041090484383032734,-0.04259066424899453
opposing,Winter Soldier,Deadpool (Vanguard),-0.011697971169534183,-0.01113176924890083
opposing,Winter Soldier,Deadpool (Duelist),-0.005961590695927154,-0.007653033707572683
opposing,Winter Soldier,Deadpool (Strategist),-0.031316790536846065,-0.039707059324605054
opposing,Peni Parker,Star-lord,-0.00915059581641009,-0.0053181727609109605
opposing,Peni Parker,Blade,0.028295187787479723,0.042374706923125414
opposing,Peni Parker,Namor,-0.0041278034855507595,-0.004173522623409325
opposing,Peni Parker,Adam Warlock,0.009487390264462875,0.000399556338098887
opposing,Peni Parker,Jeff The Land Shark,-0.004623467046461677,-0.013133769696410584
opposing,Peni Parker,Psylocke,0.00976793368886948,0.016288835696459867
opposing,Peni Parker,Wolverine,-0.02020629231661605,-0.010550871269703459
opposing,Peni Parker,Invisible Woman,-0.025552438950468163,-0.042508297920876785
opposing,Peni Parker,The Thing,0.03192626377582409,0.04146478364272786
opposing,Peni Parker,Iron Fist,-0.009563613905770896,0.00406106934457285
opposing,Peni Parker,Emma Frost,0.00243960774368558,-0.0046373265548344325
opposing,Peni Parker,Phoenix,-0.009228469988302478,-0.006397519910672856
opposing,Peni Parker,Daredevil,0.01563144610016592,0.027324120585959347
opposing,Peni Parker,Angela,0.00202099475534691,-0.007459284992178253
opposing,Peni Parker,Gambit,0.026707055789406454,0.02637818290957752
opposing,Peni Parker,Elsa Bloodstone,-0.0005863142018367976,0.0027370184467193034
opposing,Peni Parker,White Fox,0.01285393936779567,0.01549170293628161
opposing,Peni Parker,Black Cat,0.012437917055610377,0.021110426681791188
opposing,Peni Parker,Devil Dinosaur,-0.010893007459826244,-0.014324699948658232
opposing,Peni Parker,Cyclops,-0.025901800308890156,-0.021749872401619522
opposing,Peni Parker,Jubilee,-0.04123942654201969,-0.04269354651174593
opposing,Peni Parker,Rogue,-0.0023206339789866633,-0.00993789528969863
opposing,Peni Parker,The Hood,-0.024217054777886653,-0.035377721798807396
opposing,Peni Parker,Deadpool (Vanguard),0.007011809568749764,0.0012702916978896805
opposing,Peni Parker,Deadpool (Duelist),0.002977607935505182,0.00630763527227253
opposing,Peni Parker,Deadpool (Strategist),-0.00040469869197116634,-0.00381738056147556
opposing,Star-lord,Blade,0.02543019488470938,0.02510193526679155
opposing,Star-lord,Namor,-0.030184546036976977,-0.028489689879162682
opposing,Star-lord,Adam Warlock,0.017512060073622892,0.01815419050263964
opposing,Star-lord,Jeff The Land Shark,0.018737151056759493,0.0182163534500969
opposing,Star-lord,Psylocke,-0.0029571605369272886,-0.0017285802536749638
opposing,Star-lord,Wolverine,0.00987587502796048,0.0116292771403026
opposing,Star-lord,Invisible Woman,-0.018052794307649268,-0.018819779250671898
opposing,Star-lord,The Thing,0.0043187313751694555,0.0015599171048991394
opposing,Star-lord,Iron Fist,-0.020814421911895826,-0.02566338310824558
opposing,Star-lord,Emma Frost,-0.006093815890705689,-0.006129636728658399
opposing,Star-lord,Phoenix,-0.029331479623849657,-0.029650243926362133
opposing,Star-lord,Daredevil,-0.01201765782985645,-0.014284889484410956
opposing,Star-lord,Angela,-0.03142435749859217,-0.0319799469652475
opposing,Star-lord,Gambit,0.008042109284458792,0.007991698474044436
opposing,Star-lord,Elsa Bloodstone,-0.014667273635244981,-0.01287693138633069
opposing,Star-lord,White Fox,0.012095701866986755,0.009751301466391372
opposing,Star-lord,Black Cat,0.00851963639763106,0.010516202975151406
opposing,Star-lord,Devil Dinosaur,0.00026344805793891094,-0.0017415169255066876
opposing,Star-lord,Cyclops,0.0009500246557746391,0.004910049172221307
opposing,Star-lord,Jubilee,-0.026212728449067964,-0.03715959954974093
opposing,Star-lord,Rogue,-0.01514701624725761,-0.016021157322843208
opposing,Star-lord,The Hood,0.014680353732299055,0.017635266098142404
opposing,Star-lord,Deadpool (Vanguard),-0.007788739120703887,-0.008608999497733964
opposing,Star-lord,Deadpool (Duelist),0.0167287917433385,0.017778083595808476
opposing,Star-lord,Deadpool (Strategist),-0.013263171577600985,-0.019267778351884132
opposing,Blade,Namor,-0.008540040702746186,-0.0027509489094988495
opposing,Blade,Adam Warlock,0.00428114041939227,0.005192034351710408
opposing,Blade,Jeff The Land Shark,0.018204935570900506,0.019540239488585756
opposing,Blade,Psylocke,0.02342855220240099,0.029130664713494157
opposing,Blade,Wolverine,0.013098204386369027,0.017472068056078413
opposing,Blade,Invisible Woman,-0.016747030391864575,-0.015428166385333897
opposing,Blade,The Thing,0.0023491258538769445,-0.006660841360862769
opposing,Blade,Iron Fist,0.0036773293910571502,0.003150383507638219
opposing,Blade,Emma Frost,0.035619288827171115,0.034252620318941156
opposing,Blade,Phoenix,-0.020145593341190045,-0.017366811532395172
opposing,Blade,Daredevil,0.0066054707142796844,0.00819076455195065
opposing,Blade,Angela,0.005138662221744255,0.0026721330933304694
opposing,Blade,Gambit,-0.023786454513596185,-0.025892807338687193
opposing,Blade,Elsa Bloodstone,0.001393016690198706,0.006830857373843074
opposing,Blade,White Fox,-0.012198919971309298,-0.015657519641611467
opposing,Blade,Black Cat,-0.012429462777242562,-0.009746148925017524
opposing,Blade,Devil Dinosaur,0.007570803873097371,0.000359618403408998
opposing,Blade,Cyclops,0.008795171956156112,0.015745483465327878
opposing,Blade,Jubilee,-0.012855666414342475,-0.020210276300594528
opposing,Blade,Rogue,0.005124728941306323,0.0005046420067021913
opposing,Blade,The Hood,0.016900510892118494,0.014076194131969344
opposing,Blade,Deadpool (Vanguard),0.001277356458045424,-0.004551024596691098
opposing,Blade,Deadpool (Duelist),0.005332715349869167,0.007832996299556177
opposing,Blade,Deadpool (Strategist),-0.013430365367651064,-0.017533242905610247
opposing,Namor,Adam Warlock,-0.009015473750607676,-0.007982826240087795
opposing,Namor,Jeff The Land Shark,0.005593768765396843,0.007136507181845871
opposing,Namor,Psylocke,-0.01179898273131725,-0.015387368064388571
opposing,Namor,Wolverine,-0.009814636052485465,-0.013746094667351471
opposing,Namor,Invisible Woman,-0.026902668695810483,-0.025069429127821306
opposing,Namor,The Thing,0.009482409724576528,0.011749114839671934
opposing,Namor,Iron Fist,0.015932694179335273,0.00991388242951156
opposing,Namor,Emma Frost,-0.021882013985299743,-0.019252279542842903
opposing,Namor,Phoenix,0.005689164710018164,0.004062432113442663
opposing,Namor,Daredevil,0.03043482655460468,0.027454173810034614
opposing,Namor,Angela,-0.0012601431425104408,0.006025781216512196
opposing,Namor,Gambit,0.04492112543047684,0.053187050447846704
opposing,Namor,Elsa Bloodstone,0.00820455222918937,0.0077150207064859595
opposing,Namor,White Fox,0.01896397058401099,0.021184562582575592
opposing,Namor,Black Cat,0.03197564951366535,0.03173907729969599
opposing,Namor,Devil Dinosaur,-0.019096944130091664,-0.01883871635464117
opposing,Namor,Cyclops,0.021747768489935704,0.02326199267234281
opposing,Namor,Jubilee,-0.007871749208360805,-0.01281953909441341
opposing,Namor,Rogue,0.022743300853339744,0.030580921440039655
opposing,Namor,The Hood,-0.03476837934747964,-0.03293934558692061
opposing,Namor,Deadpool (Vanguard),0.027063804164966652,0.034613138619419885
opposing,Namor,Deadpool (Duelist),0.002392676417673424,-0.0018145407966822567
opposing,Namor,Deadpool (Strategist),0.016503536810023294,0.017926227393725142
opposing,Adam Warlock,Jeff The Land Shark,0.028887109400701955,0.03366793833818331
opposing,Adam Warlock,Psylocke,-0.001224400437567934,-0.0036508458128282975
opposing,Adam Warlock,Wolverine,0.004739696523258832,-0.0034514258686605434
opposing,Adam Warlock,Invisible Woman,0.01953509803165735,0.019089503924147714
opposing,Adam Warlock,The Thing,-0.0019722343183922247,-0.0005523425952529921
opposing,Adam Warlock,Iron Fist,0.012679450426808318,0.011220725386327743
opposing,Adam Warlock,Emma Frost,-0.0021702096431748382,0.0047972088672254744
opposing,Adam Warlock,Phoenix,0.011009260363953608,0.01070347873131646
opposing,Adam Warlock,Daredevil,0.0026132951463846968,0.0013982445107808947
opposing,Adam Warlock,Angela,0.007188850550228424,0.013319555804986725
opposing,Adam Warlock,Gambit,0.00957442804825844,0.003204535940114472
opposing,Adam Warlock,Elsa Bloodstone,-0.0006304778338812552,-0.003854940418813655
opposing,Adam Warlock,White Fox,-0.01838249531037038,-0.029825773510609947
opposing,Adam Warlock,Black Cat,0.018757609299075207,0.016994429341871838
opposing,Adam Warlock,Devil Dinosaur,-0.010084956927765882,-0.005183505648464586
opposing,Adam Warlock,Cyclops,-0.03094852507036396,-0.044247182750339314
opposing,Adam Warlock,Jubilee,-0.03447564782844497,-0.04592986543090299
opposing,Adam Warlock,Rogue,-0.024832353712036452,-0.022122994858078136
opposing,Adam Warlock,The Hood,-0.012492707373228749,-0.008614368417168032
opposing,Adam Warlock,Deadpool (Vanguard),-0.013879377476543078,-0.008241384801550308
opposing,Adam Warlock,Deadpool (Duelist),0.011559668911890744,0.017356668545710417
opposing,Adam Warlock,Deadpool (Strategist),-0.013866844869331638,-0.01881441088993948
opposing,Jeff The Land Shark,Psylocke,-0.013559750399358998,-0.016212050111271827
opposing,Jeff The Land Shark,Wolverine,0.004960076596741139,-0.0018874338774215313
opposing,Jeff The Land Shark,Invisible Woman,0.011922211786895372,0.010563829315711652
opposing,Jeff The Land Shark,The Thing,-0.007650017060427796,-0.009987973765072235
opposing,Jeff The Land Shark,Iron Fist,-0.005211444486382734,-0.0075904669824407725
opposing,Jeff The Land Shark,Emma Frost,0.003567620938149794,0.008611843162020752
opposing,Jeff The Land Shark,Phoenix,0.00033083351684528824,6.312936891017122e-06
opposing,Jeff The Land Shark,Daredevil,0.014619576512333317,0.016221375456044507
opposing,Jeff The Land Shark,Angela,0.010373991443498957,0.014171246711862066
opposing,Jeff The Land Shark,Gambit,-0.03298977545465311,-0.04662724088249836
opposing,Jeff The Land Shark,Elsa Bloodstone,0.003236502641758553,0.0018114770248525466
opposing,Jeff The Land Shark,White Fox,0.020473310930574952,0.01656609754588081
opposing,Jeff The Land Shark,Black Cat,-0.012550171045793281,-0.016910759137533798
opposing,Jeff The Land Shark,Devil Dinosaur,-0.011264350399199008,-0.009397792129191706
opposing,Jeff The Land Shark,Cyclops,0.012852801277243676,0.0063453737992906906
opposing,Jeff The Land Shark,Jubilee,0.04081334176874085,0.04351940413750835
opposing,Jeff The Land Shark,Rogue,-0.0013859285923656654,0.002246258097297501
opposing,Jeff The Land Shark,The Hood,-0.00635448611535242,-0.004334994944232392
opposing,Jeff The Land Shark,Deadpool (Vanguard),0.003381903772208548,0.008948683303651301
opposing,Jeff The Land Shark,Deadpool (Duelist),-0.0036871730469089626,0.0015200357506321648
opposing,Jeff The Land Shark,Deadpool (Strategist),-0.029422255223925966,-0.03672670490090468
opposing,Psylocke,Wolverine,0.025488650238196332,0.027025921241150812
opposing,Psylocke,Invisible Woman,0.00731282169533452,0.013536811153435352
opposing,Psylocke,The Thing,0.02581612073145604,0.024921170018226916
opposing,Psylocke,Iron Fist,-0.01324769757235459,-0.01895647394774755
opposing,Psylocke,Emma Frost,0.008129905167184696,0.00913866107244284
opposing,Psylocke,Phoenix,0.00015185317071496985,0.0007266023655611546
opposing,Psylocke,Daredevil,0.012245938980653452,0.01045464194473323
opposing,Psylocke,Angela,-0.00794066168814228,-0.006408655277369898
opposing,Psylocke,Gambit,0.012008462800200247,0.016274118580004063
opposing,Psylocke,Elsa Bloodstone,-0.03108031382859954,-0.03206816792136012
opposing,Psylocke,White Fox,-0.005731006628218735,-0.006483473189964317
opposing,Psylocke,Black Cat,-0.04309128984745349,-0.04668875049574641
opposing,Psylocke,Devil Dinosaur,-0.002543919651724289,-0.005422644813579078
opposing,Psylocke,Cyclops,-0.0055598339943321445,-0.0035857512961005276
opposing,Psylocke,Jubilee,-0.021445375578270847,-0.027976055169343678
opposing,Psylocke,Rogue,0.007583755848820056,0.008712403309208165
opposing,Psylocke,The Hood,-0.013113694300330117,-0.013846975885537731
opposing,Psylocke,Deadpool (Vanguard),-0.01036164020819575,-0.01202925106168715
opposing,Psylocke,Deadpool (Duelist),-0.012047857163426972,-0.014765850349704741
opposing,Psylocke,Deadpool (Strategist),0.014962471106040367,0.016306342067962876
opposing,Wolverine,Invisible Woman,-0.008408865675914002,0.0023601019975431265
opposing,Wolverine,The Thing,-0.01808939592558013,-0.030440485043964953
opposing,Wolverine,Iron Fist,0.01754198238644445,0.01479820142385664
opposing,Wolverine,Emma Frost,0.025154784509702547,0.02157044111964487
opposing,Wolverine,Phoenix,0.00794557707410318,0.009645645197321648
opposing,Wolverine,Daredevil,0.007982789927830029,0.006352261983785158
opposing,Wolverine,Angela,0.008543981714290102,0.005422038078253519
opposing,Wolverine,Gambit,-0.030943179619469414,-0.02553629000536195
opposing,Wolverine,Elsa Bloodstone,0.014224328028757663,0.017362666300686884
opposing,Wolverine,White Fox,-0.03374944165549599,-0.03149402345888887
opposing,Wolverine,Black Cat,0.014228642035147072,0.015718596953563417
opposing,Wolverine,Devil Dinosaur,0.02537420705279911,0.01912936924904121
opposing,Wolverine,Cyclops,0.02491260182820383,0.029826300408339553
opposing,Wolverine,Jubilee,-0.024852693112742994,-0.025299098258862486
opposing,Wolverine,Rogue,-0.02157079103742014,-0.030236771650861808
opposing,Wolverine,The Hood,0.033709124788013765,0.031739105252487215
opposing,Wolverine,Deadpool (Vanguard),-0.021871977004566986,-0.03134681864154578
opposing,Wolverine,Deadpool (Duelist),-0.016424112395486832,-0.018990384984228167
opposing,Wolverine,Deadpool (Strategist),-0.01127051317143818,-0.006695576107438132
opposing,Invisible Woman,The Thing,-0.0038192404092238256,-0.0004595650304661055
opposing,Invisible Woman,Iron Fist,-0.03648503928558629,-0.04712581696573584
opposing,Invisible Woman,Emma Frost,0.002887059981101536,0.012903877887048403
opposing,Invisible Woman,Phoenix,-0.0017247195894167658,-0.006658740141844858
opposing,Invisible Woman,Daredevil,-0.04383645542057585,-0.053894216302669364
opposing,Invisible Woman,Angela,0.008977265475535883,0.017632018477792163
opposing,Invisible Woman,Gambit,-0.0013571040442806367,-0.005717117328711646
opposing,Invisible Woman,Elsa Bloodstone,0.03093088092972879,0.028615096764628003
opposing,Invisible Woman,White Fox,0.013672241192875292,0.012054527015582276
opposing,Invisible Woman,Black Cat,-0.02667852462256793,-0.03715771274559634
opposing,Invisible Woman,Devil Dinosaur,0.00177707576477239,0.010821549075590905
opposing,Invisible Woman,Cyclops,0.028915941035192728,0.02006385019279231
opposing,Invisible Woman,Jubilee,0.011537737440940892,0.01244702000072764
opposing,Invisible Woman,Rogue,-0.013565972513196824,-0.0068093213320657145
opposing,Invisible Woman,The Hood,-0.01174051086106275,-0.005504659259616072
opposing,Invisible Woman,Deadpool (Vanguard),-0.01440148346015811,-0.00661077675517276
opposing,Invisible Woman,Deadpool (Duelist),-0.05381817806533098,-0.05922990072928367
opposing,Invisible Woman,Deadpool (Strategist),-0.012451480621287841,-0.013144277574440383
opposing,The Thing,Iron Fist,0.008928627394065719,0.023018370681165367
opposing,The Thing,Emma Frost,-0.0021032002533605577,-0.01450581506820312
opposing,The Thing,Phoenix,-0.025295652296965437,-0.02589232451210871
opposing,The Thing,Daredevil,-0.004184444395569475,0.003658363193962131
opposing,The Thing,Angela,0.029135677431261484,0.019200100347869266
opposing,The Thing,Gambit,0.021209918391519915,0.028873312124445327
opposing,The Thing,Elsa Bloodstone,-0.004791551871220746,-0.003559743355518752
opposing,The Thing,White Fox,-0.005068693140686788,0.003564382469207725
opposing,The Thing,Black Cat,0.03502113758604462,0.04461950436012008
opposing,The Thing,Devil Dinosaur,-0.03278236098940288,-0.044208433307254415
opposing,The Thing,Cyclops,-0.022083460136930928,-0.019119301715549923
opposing,The Thing,Jubilee,-2.3442538302467092e-05,0.014022170044269103
opposing,The Thing,Rogue,0.05337831484076744,0.04970333560093296
opposing,The Thing,The Hood,0.02229962140664336,0.013668579128104087
opposing,The Thing,Deadpool (Vanguard),0.018590612760016025,0.01000366224795838
opposing,The Thing,Deadpool (Duelist),0.05476293722424941,0.06230807022289686
opposing,The Thing,Deadpool (Strategist),0.011899981582703672,0.019340572737615275
opposing,Iron Fist,Emma Frost,-0.013237549731689426,-0.023916803372025564
opposing,Iron Fist,Phoenix,0.0027982618812282794,0.008233684342520121
opposing,Iron Fist,Daredevil,0.006051107993206264,0.008413185047894858
opposing,Iron Fist,Angela,0.02270196654533142,0.018404242005087158
opposing,Iron Fist,Gambit,-0.038069673139419724,-0.039293523328801164
opposing,Iron Fist,Elsa Bloodstone,0.0026075627230754466,0.008963699324053456
opposing,Iron Fist,White Fox,-0.02758381829942503,-0.030297625296804156
opposing,Iron Fist,Black Cat,-0.012161126079348048,-0.008635213056587945
opposing,Iron Fist,Devil Dinosaur,0.028550827198448488,0.019893296534161296
opposing,Iron Fist,Cyclops,-0.010371505513141694,-0.004133395966810248
opposing,Iron Fist,Jubilee,-0.0409248201063449,-0.04912016924015974
opposing,Iron Fist,Rogue,-0.00788584003207863,-0.017780882832293062
opposing,Iron Fist,The Hood,0.036336445184035414,0.03189186111288414
opposing,Iron Fist,Deadpool (Vanguard),0.011870638328467017,0.0034259769152522484
opposing,Iron Fist,Deadpool (Duelist),-0.02065938919903428,-0.019417344378556044
opposing,Iron Fist,Deadpool (Strategist),0.004929033736253737,0.00578898605022016
opposing,Emma Frost,Phoenix,0.024842617056254707,0.02599755197357719
opposing,Emma Frost,Daredevil,0.002358887385821778,0.007042883315387866
opposing,Emma Frost,Angela,-0.015113385942790764,-0.01977746569248085
opposing,Emma Frost,Gambit,-0.008133053054590462,-0.010764838268533932
opposing,Emma Frost,Elsa Bloodstone,-0.004460068564464053,-0.007086757938013338
opposing,Emma Frost,White Fox,-0.01636081429857356,-0.015121888124940563
opposing,Emma Frost,Black Cat,0.009425848152390552,0.01224539373403659
opposing,Emma Frost,Devil Dinosaur,-0.016446151484696993,-0.01327991525672976
opposing,Emma Frost,Cyclops,0.008917109146527817,0.011477254637571785
opposing,Emma Frost,Jubilee,0.01361011438438948,0.02426749007936397
opposing,Emma Frost,Rogue,-0.023057109620799706,-0.02641233938654973
opposing,Emma Frost,The Hood,0.012665264603405849,0.014631059131001746
opposing,Emma Frost,Deadpool (Vanguard),0.0006497526357950197,0.0013817153420289255
opposing,Emma Frost,Deadpool (Duelist),-0.027454428575829415,-0.0330658781185768
opposing,Emma Frost,Deadpool (Strategist),-0.007046628392623504,-0.008230372376776339
opposing,Phoenix,Daredevil,0.020509648835715946,0.018816847647011737
opposing,Phoenix,Angela,0.00126381875368132,0.005382840686037314
opposing,Phoenix,Gambit,-0.0064930603034998894,-0.005131551054091615
opposing,Phoenix,Elsa Bloodstone,0.06474491459554348,0.07086047783552535
opposing,Phoenix,White Fox,0.00026809675589752296,-0.000325938025266549
opposing,Phoenix,Black Cat,-0.01956555478909258,-0.021843557573905617
opposing,Phoenix,Devil Dinosaur,0.009492996990627974,0.009520325493822937
opposing,Phoenix,Cyclops,-0.01959134580953222,-0.019302384997705594
opposing,Phoenix,Jubilee,-0.0007994078321787833,-0.00534079759742313
opposing,Phoenix,Rogue,-0.018048997488602853,-0.0182573086411067
opposing,Phoenix,The Hood,-0.015518731533555687,-0.014972663049589071
opposing,Phoenix,Deadpool (Vanguard),0.0043094386909387945,0.005844586591859986
opposing,Phoenix,Deadpool (Duelist),0.0027438038210943925,0.0006465425723893438
opposing,Phoenix,Deadpool (Strategist),0.01966230989792555,0.021002204566400687
opposing,Daredevil,Angela,0.0013204884733269855,-0.0006156754911273225
opposing,Daredevil,Gambit,-0.04659849368709253,-0.0503903902598628
opposing,Daredevil,Elsa Bloodstone,-0.02147240930602547,-0.018920658882607626
opposing,Daredevil,White Fox,-0.02347313624928295,-0.027175051805324042
opposing,Daredevil,Black Cat,0.0504662454593242,0.05712435978994599
opposing,Daredevil,Devil Dinosaur,0.018591455375112975,0.013582041210229542
opposing,Daredevil,Cyclops,-0.015260285329454185,-0.011291266583659832
opposing,Daredevil,Jubilee,0.00027070209831417933,-0.0042771505748480055
opposing,Daredevil,Rogue,-0.0152689782854437,-0.021225724431395063
opposing,Daredevil,The Hood,0.027990792764446704,0.02737609029037397
opposing,Daredevil,Deadpool (Vanguard),-0.01603362061870588,-0.022851430290971097
opposing,Daredevil,Deadpool (Duelist),0.02314467473618434,0.026013056256247974
opposing,Daredevil,Deadpool (Strategist),-0.01080980590707775,-0.013419152363457486
opposing,Angela,Gambit,-0.06402225058112326,-0.07329538032510624
opposing,Angela,Elsa Bloodstone,-0.0016210620222638233,-0.006261369958575138
opposing,Angela,White Fox,0.02857744282727543,0.03937943682571598
opposing,Angela,Black Cat,-0.004657460660268944,-0.0057576186126740815
opposing,Angela,Devil Dinosaur,-0.0064482787661324465,0.0005950351770285311
opposing,Angela,Cyclops,-0.02516848793836667,-0.028781050979070674
opposing,Angela,Jubilee,0.010643220918396744,0.023164622378775653
opposing,Angela,Rogue,-0.03664834441052263,-0.039755589923892366
opposing,Angela,The Hood,0.02105214740669037,0.02664717504712924
opposing,Angela,Deadpool (Vanguard),-0.00420065635997308,-0.0018759669715196809
opposing,Angela,Deadpool (Duelist),0.0017682513142471168,-0.0028850294086718324
opposing,Angela,Deadpool (Strategist),-0.017878601469439835,-0.018462350339927762
opposing,Gambit,Elsa Bloodstone,-0.0010464727956910902,-0.00481413736006413
opposing,Gambit,White Fox,-0.014619793538888592,-0.017268246936485966
opposing,Gambit,Black Cat,0.009038804305004481,0.005569571114327861
opposing,Gambit,Devil Dinosaur,-0.04099013298345777,-0.04704709980027608
opposing,Gambit,Cyclops,-0.02223535090806999,-0.034936064426973015
opposing,Gambit,Jubilee,0.012264074459502314,0.017418685389952938
opposing,Gambit,Rogue,0.016484361979171053,0.01984239248204717
opposing,Gambit,The Hood,-0.015670803898366118,-0.018294745256728744
opposing,Gambit,Deadpool (Vanguard),-0.0179810190457619,-0.01899373356727699
opposing,Gambit,Deadpool (Duelist),0.034664449837095275,0.04285834447735111
opposing,Gambit,Deadpool (Strategist),-0.006836570545542123,-0.0023952076630881875
opposing,Elsa Bloodstone,White Fox,0.013309785083934683,0.01580967502134115
opposing,Elsa Bloodstone,Black Cat,0.009802508176407189,0.008937980356495737
opposing,Elsa Bloodstone,Devil Dinosaur,-0.006665610362503548,-0.007977297711095777
opposing,Elsa Bloodstone,Cyclops,-0.012707814910381369,-0.012804141698961071
opposing,Elsa Bloodstone,Jubilee,0.003873958376500608,0.0013804530649070786
opposing,Elsa Bloodstone,Rogue,0.008874504856912,0.01217983306593003
opposing,Elsa Bloodstone,The Hood,-0.015790512369042952,-0.014794009497238766
opposing,Elsa Bloodstone,Deadpool (Vanguard),0.0033646613508546957,0.00527443908827151
opposing,Elsa Bloodstone,Deadpool (Duelist),-0.005593390218159371,-0.009293597062343116
opposing,Elsa Bloodstone,Deadpool (Strategist),0.023506153085517515,0.02679024183000754
opposing,White Fox,Black Cat,0.0021784213122714403,0.000652328910500212
opposing,White Fox,Devil Dinosaur,0.01940986752464031,0.017867013487692585
opposing,White Fox,Cyclops,-0.0029661167825249645,-0.010457487372737839
opposing,White Fox,Jubilee,-0.0050965226629899815,-0.0031080748188294155
opposing,White Fox,Rogue,-0.004093074859624902,-0.0092351625790576
opposing,White Fox,The Hood,-0.010018386411928934,-0.01692693369033076
opposing,White Fox,Deadpool (Vanguard),0.010037677283868774,0.008334937370684862
opposing,White Fox,Deadpool (Duelist),0.01376033468003458,0.022141903588654848
opposing,White Fox,Deadpool (Strategist),0.013534587587668298,0.021670106521232666
opposing,Black Cat,Devil Dinosaur,0.016009705631396958,0.013369944154919735
opposing,Black Cat,Cyclops,-0.00612694130931065,-0.004048069735780668
opposing,Black Cat,Jubilee,-0.03254437843053088,-0.03862794757911282
opposing,Black Cat,Rogue,-0.0022860577795861085,-0.004119987829899071
opposing,Black Cat,The Hood,0.035180704815615756,0.038036309243109356
opposing,Black Cat,Deadpool (Vanguard),-0.008257543966284036,-0.011539022702226419
opposing,Black Cat,Deadpool (Duelist),0.0035199018341580605,0.002197486828183739
opposing,Black Cat,Deadpool (Strategist),-0.02742328855301623,-0.0295431517494524
opposing,Devil Dinosaur,Cyclops,0.009276882447819141,0.014562761444925701
opposing,Devil Dinosaur,Jubilee,-0.010493257704361904,-0.002915683963289863
opposing,Devil Dinosaur,Rogue,-0.031729732935844704,-0.042115625821829955
opposing,Devil Dinosaur,The Hood,-0.02966934612157416,-0.039912982008049644
opposing,Devil Dinosaur,Deadpool (Vanguard),-9.08987489738568e-05,-0.005169295789086547
opposing,Devil Dinosaur,Deadpool (Duelist),0.0344887577211408,0.03853963490649676
opposing,Devil Dinosaur,Deadpool (Strategist),-0.002839349831029265,-0.0025529697717075724
opposing,Cyclops,Jubilee,0.015862867266293275,0.02115241475640645
opposing,Cyclops,Rogue,-0.023359881274699172,-0.02736541415347602
opposing,Cyclops,The Hood,-0.03371996174468074,-0.03842304961178432
opposing,Cyclops,Deadpool (Vanguard),0.027113361157138752,0.02801806495910603
opposing,Cyclops,Deadpool (Duelist),0.027374821276327618,0.025391772947452023
opposing,Cyclops,Deadpool (Strategist),0.01630644596913863,0.024975010514563915
opposing,Jubilee,Rogue,0.0378352232482536,0.03482991888457894
opposing,Jubilee,The Hood,0.00862154012200031,0.00010700219640039088
opposing,Jubilee,Deadpool (Vanguard),0.015055949959000742,0.009558025028454894
opposing,Jubilee,Deadpool (Duelist),0.0014473264620422617,0.012103686253984225
opposing,Jubilee,Deadpool (Strategist),0.002523126811685702,0.005741473639458129
opposing,Rogue,The Hood,0.011078800902310297,0.01260850622305695
opposing,Rogue,Deadpool (Vanguard),-0.009684562031593643,-0.01073451175779254
opposing,Rogue,Deadpool (Duelist),-0.005116163922668832,-0.008392898622945538
opposing,Rogue,Deadpool (Strategist),-0.0039586060703450734,-0.004030131393042499
opposing,The Hood,Deadpool (Vanguard),-0.011513966572417123,-0.012670637563749313
opposing,The Hood,Deadpool (Duelist),-0.03666151587799719,-0.04396081297851229
opposing,The Hood,Deadpool (Strategist),-0.030002251978721667,-0.03344518590577364
opposing,Deadpool (Vanguard),Deadpool (Duelist),-0.002929134690551557,-0.005184591955577434
opposing,Deadpool (Vanguard),Deadpool (Strategist),0.010297471053861668,0.011348766914367309
opposing,Deadpool (Duelist),Deadpool (Strategist),0.04207413153673922,0.04018152371210139
