kind,hero_a,hero_b,coef,did
allied,Hulk,The Punisher,-0.002790431255568952,-0.005659735485540125
allied,Hulk,Storm,-0.026338721708249205,-0.027849105610877056
allied,Hulk,Loki,-0.004426765071925173,-0.0051618412461910115
allied,Hulk,Human Torch,0.009744333316366108,0.005616204491392747
allied,Hulk,Doctor Strange,0.06896220315708229,0.09014514385831844
allied,Hulk,Mantis,-0.024456579804262718,-0.0167162204647364
allied,Hulk,Hawkeye,-0.004188024816292615,-0.005277738307423464
allied,Hulk,Captain America,0.036072209105392626,0.037571800619633916
allied,Hulk,Rocket Raccoon,0.01831162893584323,0.020992231430362066
allied,Hulk,Hela,0.007043820819024369,0.005592607459964757
allied,Hulk,Cloak & Dagger,0.00034463542270772596,0.0050804373525371385
allied,Hulk,Black Panther,0.0051609475588378665,0.012044805130666658
allied,Hulk,Groot,-0.01732220858084012,-0.01838136706680447
allied,Hulk,Ultron,-0.016382181754034917,-0.0018082362443018819
allied,Hulk,Magik,0.0001857355896433382,-0.006211446392459642
allied,Hulk,Moon Knight,0.009726735294358267,0.01034906241464019
allied,Hulk,Luna Snow,-0.01095505417484128,-0.0063533986556068315
allied,Hulk,Squirrel Girl,-0.01086131725788595,-0.011878028788206135
allied,Hulk,Black Widow,0.033887690550268176,0.036870796792350904
allied,Hulk,Iron Man,-0.029839618271222078,-0.027698356551951124
allied,Hulk,Venom,0.03814002652979717,0.03665659721010391
allied,Hulk,Spider-man,-0.008597741490847861,-0.011176161325571482
allied,Hulk,Magneto,-0.030766412799347248,-0.022905900797228998
allied,Hulk,Scarlet Witch,0.012370018298089721,0.007612099201246893
allied,Hulk,Thor,0.010015623528135434,0.002881840922157609
allied,Hulk,Mister Fantastic,0.0204527028459844,0.02873965902683795
allied,Hulk,Winter Soldier,0.008280919672504477,0.003960121989070354
allied,Hulk,Peni Parker,-0.0049710390589506786,-0.011473484674094585
allied,Hulk,Star-lord,0.008433060188259902,0.007332778020805145
allied,Hulk,Blade,-0.011015737534877185,-0.0065924627209532774
allied,Hulk,Namor,0.021536182654064907,0.01015641828220041
allied,Hulk,Adam Warlock,-0.01969577883586694,-0.008154383640371165
allied,Hulk,Jeff The Land Shark,0.007725331852014592,0.009818305647824451
allied,Hulk,Psylocke,0.0006001857954705084,0.0021110471895113337
allied,Hulk,Wolverine,-0.022415233524809404,-0.019264127104922514
allied,Hulk,Invisible Woman,-0.02068313423297995,-0.027995950736125073
allied,Hulk,The Thing,0.008812118582047635,0.005634721092648497
allied,Hulk,Iron Fist,-0.022589419433714338,-0.029056830006111367
allied,Hulk,Emma Frost,-0.011440881215262058,-0.014180798910619545
allied,Hulk,Phoenix,0.001667619911876696,-0.0022664081713674815
allied,Hulk,Daredevil,-0.002971845060688355,-0.0028785057122924992
allied,Hulk,Angela,-0.023110551900856067,-0.028817721305785787
allied,Hulk,Gambit,-0.023696629492646094,-0.030077654371193516
allied,Hulk,Elsa Bloodstone,0.012053873938503537,0.015516265525914277
allied,Hulk,White Fox,-0.005713848479569434,0.008270456956282594
allied,Hulk,Black Cat,0.005272770898972187,0.008445037301711518
allied,Hulk,Devil Dinosaur,-0.003015454511584975,-0.00864869612213557
allied,Hulk,Cyclops,0.0010461933721991775,-8.006756327449792e-05
allied,Hulk,Jubilee,0.006499908742360977,0.0029018271898988
allied,Hulk,Rogue,-0.010565101808451794,-0.0217305692723096
allied,Hulk,The Hood,-0.012641200746205877,-0.028281610661630718
allied,Hulk,Deadpool (Vanguard),-0.007539548936431675,-0.017989129077524993
allied,Hulk,Deadpool (Duelist),-0.0013288217778876085,0.0015420709146375137
allied,Hulk,Deadpool (Strategist),0.03797280697629532,0.04920442678162083
allied,The Punisher,Storm,0.015006655507669893,0.018083873382087178
allied,The Punisher,Loki,-0.03952102135228462,-0.04241737585738595
allied,The Punisher,Human Torch,-0.006395251835879898,-0.0009863116478134465
allied,The Punisher,Doctor Strange,0.001535173362735765,-0.004043332339736355
allied,The Punisher,Mantis,-0.006744157058475828,-0.007082349300413871
allied,The Punisher,Hawkeye,-0.03288560764101778,-0.03190222775494637
allied,The Punisher,Captain America,-0.008494733930180942,-0.013058154722866382
allied,The Punisher,Rocket Raccoon,0.12247193753868282,0.12888949205485817
allied,The Punisher,Hela,0.012193341371409075,0.011789921235682406
allied,The Punisher,Cloak & Dagger,-0.019850670458993545,-0.031350734162083324
allied,The Punisher,Black Panther,0.01336297977294723,0.010471016431742346
allied,The Punisher,Groot,0.006333543260639835,0.0023029784440133415
allied,The Punisher,Ultron,-0.02279257644174623,-0.02241273988490037
allied,The Punisher,Magik,0.01758130573950287,0.027954060463517092
allied,The Punisher,Moon Knight,-0.025402573328531478,-0.02573624826365797
allied,The Punisher,Luna Snow,-0.007689444062428729,-0.008314096106457846
allied,The Punisher,Squirrel Girl,-0.011463993566406164,-0.010671759469008911
allied,The Punisher,Black Widow,-0.0001252081468126956,0.0006388511638388595
allied,The Punisher,Iron Man,-0.027476797377573768,-0.02891840979584223
allied,The Punisher,Venom,-0.03640714799450276,-0.042818205858619805
allied,The Punisher,Spider-man,0.005397420238053723,0.009047350112866087
allied,The Punisher,Magneto,0.018144187106001086,0.014467590215522701
allied,The Punisher,Scarlet Witch,-0.010015587909498016,-0.005932493582770969
allied,The Punisher,Thor,-0.004374383119606898,-0.0065537715407270915
allied,The Punisher,Mister Fantastic,0.013830865964019324,0.012174333734702761
allied,The Punisher,Winter Soldier,-0.004966247547969418,-0.0017743438153328896
allied,The Punisher,Peni Parker,0.019557160338701494,0.019934101218127852
allied,The Punisher,Star-lord,-0.006669689966072595,-0.006451187721581515
allied,The Punisher,Blade,-0.013208188508207992,-0.015556435476456644
allied,The Punisher,Namor,0.007068686283120054,0.01276511335405028
allied,The Punisher,Adam Warlock,0.02433691130954356,0.03684089946974306
allied,The Punisher,Jeff The Land Shark,0.02822766795121486,0.03131058905379787
allied,The Punisher,Psylocke,-0.007460052903544145,-0.010345960524337196
allied,The Punisher,Wolverine,-0.0010216902407237305,-0.0030933816880378564
allied,The Punisher,Invisible Woman,0.045842424941053665,0.051395413033705296
allied,The Punisher,The Thing,0.0006977079485495314,0.004402469552143723
allied,The Punisher,Iron Fist,0.018079318345522982,0.02616639481076906
allied,The Punisher,Emma Frost,0.007652870174688404,0.007762621596878069
allied,The Punisher,Phoenix,-0.013831375425174326,-0.015767306208645155
allied,The Punisher,Daredevil,0.03166174710683616,0.03644622517597255
allied,The Punisher,Angela,0.021623734834599662,0.02180864844167533
allied,The Punisher,Gambit,-0.02851076829918575,-0.032940857572614154
allied,The Punisher,Elsa Bloodstone,-0.013824460730066407,-0.016712542078185105
allied,The Punisher,White Fox,-0.027412848020976648,-0.03240561169203771
allied,The Punisher,Black Cat,-0.015221216325475425,-0.015333285745592461
allied,The Punisher,Devil Dinosaur,-0.0035424601107521513,-0.004629892232602908
allied,The Punisher,Cyclops,0.0098888523172649,0.007664100416941343
allied,The Punisher,Jubilee,-0.030778566935536992,-0.033809793309758834
allied,The Punisher,Rogue,-0.008489774849633924,-0.009976148356772642
allied,The Punisher,The Hood,0.0043769167171579925,0.00616618074141188
allied,The Punisher,Deadpool (Vanguard),0.01055285528181922,0.009894650327092405
allied,The Punisher,Deadpool (Duelist),0.016906529097920907,0.01588788472297097
allied,The Punisher,Deadpool (Strategist),-0.03496386716682704,-0.03770283572645232
allied,Storm,Loki,-0.02812774713195566,-0.0329254841818099
allied,Storm,Human Torch,-0.02754500954839401,-0.02457182177666012
allied,Storm,Doctor Strange,-0.005740850936111349,-0.008127571167539158
allied,Storm,Mantis,-0.0033160980347411322,-0.006551324721006373
allied,Storm,Hawkeye,0.005830935374167272,0.00935943906445069
allied,Storm,Captain America,-0.02859141159259803,-0.03140713149639952
allied,Storm,Rocket Raccoon,-0.011093261191458273,-0.024696898338844617
allied,Storm,Hela,-0.014878659905241785,-0.018210563121837192
allied,Storm,Cloak & Dagger,0.020964179551614358,0.011240430277556529
allied,Storm,Black Panther,0.03391777719714701,0.03205988042698416
allied,Storm,Groot,0.002178243771552851,0.0016909746380590332
allied,Storm,Ultron,0.01541000495881796,0.017239622368440306
allied,Storm,Magik,-0.003434981961551678,0.004513125051083418
allied,Storm,Moon Knight,0.02927960762815872,0.03281939757397746
allied,Storm,Luna Snow,0.0002180517250808938,-0.0027437051678035574
allied,Storm,Squirrel Girl,0.006182826257025102,0.0077671831890804505
allied,Storm,Black Widow,-0.032194483617022054,-0.0347746806001433
allied,Storm,Iron Man,0.005343501644678976,0.005956445530410557
allied,Storm,Venom,0.006461495857972567,0.008890386635790547
allied,Storm,Spider-man,-0.020450730027598285,-0.019627458829539552
allied,Storm,Magneto,0.023605186434840664,0.024555039764678994
allied,Storm,Scarlet Witch,0.004597210298094305,0.009219996861041647
allied,Storm,Thor,-0.026704515071430162,-0.027387773004396217
allied,Storm,Mister Fantastic,-0.0017560999733040002,-0.005385560343257248
allied,Storm,Winter Soldier,0.031177802058892604,0.03670079814416867
allied,Storm,Peni Parker,-0.023806082722240954,-0.024302125518050256
allied,Storm,Star-lord,0.013521767625873524,0.014744106567363136
allied,Storm,Blade,-0.001314836430262017,-0.003349649080276951
allied,Storm,Namor,-0.002708060999365225,0.001498848123010842
allied,Storm,Adam Warlock,0.03999366405895892,0.05112920449054131
allied,Storm,Jeff The Land Shark,0.09070692491417122,0.09827421131482975
allied,Storm,Psylocke,0.0013205800370394082,-0.0015108714977484776
allied,Storm,Wolverine,-0.01119453463167867,-0.014788699306971635
allied,Storm,Invisible Woman,-0.014943670766543715,-0.020314486459635787
allied,Storm,The Thing,0.02235837668002635,0.03251427654104749
allied,Storm,Iron Fist,0.00816213305155324,0.014748007125689647
allied,Storm,Emma Frost,0.012126326585841502,0.016751293998608464
allied,Storm,Phoenix,-0.021197449811530225,-0.024422330558597247
allied,Storm,Daredevil,0.0071396888645765405,0.009207839113305544
allied,Storm,Angela,0.006090827482480909,0.008537493029875236
allied,Storm,Gambit,-0.028793485581273502,-0.03658445633725691
allied,Storm,Elsa Bloodstone,-0.01663989792938069,-0.020438316227133723
allied,Storm,White Fox,-0.011571845197884284,-0.01791002533835284
allied,Storm,Black Cat,0.017287310318830025,0.01920385774086782
allied,Storm,Devil Dinosaur,0.04049524364296527,0.04837943998709055
allied,Storm,Cyclops,-0.02626660564905886,-0.03217558422683194
allied,Storm,Jubilee,-0.0022149345087062893,-0.005001248651868329
allied,Storm,Rogue,-0.0019480609024317736,0.0013137446551222244
allied,Storm,The Hood,-0.014921023016484711,-0.011294090369611293
allied,Storm,Deadpool (Vanguard),-0.012968591101222128,-0.01226485208339904
allied,Storm,Deadpool (Duelist),-0.012526394008112658,-0.016669950160135973
allied,Storm,Deadpool (Strategist),-0.026188277572198784,-0.031155839254789562
allied,Loki,Human Torch,-0.002106256561795067,-0.004093490688303391
allied,Loki,Doctor Strange,0.007795084861210255,-0.001120822604191606
allied,Loki,Mantis,0.08399930564263487,0.09042526177146161
allied,Loki,Hawkeye,0.031242052649050243,0.03249793032108371
allied,Loki,Captain America,-0.0022258236664394818,-0.00308051361555356
allied,Loki,Rocket Raccoon,-0.01455037386925028,0.013125360593598675
allied,Loki,Hela,0.007161121178154498,0.017595815061338983
allied,Loki,Cloak & Dagger,0.019134661754439865,0.046957286279132295
allied,Loki,Black Panther,-0.013648622786886087,-0.010606822932046938
allied,Loki,Groot,-0.011317603989850525,-0.017494277417379293
allied,Loki,Ultron,-0.020675726589217167,-0.04972206669155696
allied,Loki,Magik,0.008187705168573813,0.002930901358849115
allied,Loki,Moon Knight,0.01446615902920168,0.017341714836832292
allied,Loki,Luna Snow,-0.014279880281778751,-0.019542748642904596
allied,Loki,Squirrel Girl,-0.01022387801757155,-0.011160176467453202
allied,Loki,Black Widow,-0.0029144866288730417,0.00022315081443063822
allied,Loki,Iron Man,0.004084236483198606,0.0005642589796068164
allied,Loki,Venom,-0.0022663039146355495,-0.002590831009696802
allied,Loki,Spider-man,0.012682885570859314,0.013815067461194592
allied,Loki,Magneto,0.0001474837194792591,-0.013284621790849285
allied,Loki,Scarlet Witch,-0.0007035499768978722,0.0006169033566295176
allied,Loki,Thor,0.008552903734751201,0.009612666583076178
allied,Loki,Mister Fantastic,-0.03088963354418487,-0.0320272558349903
allied,Loki,Winter Soldier,0.0066029373527911,0.010416171416556194
allied,Loki,Peni Parker,0.03047540159234156,0.03222727369457901
allied,Loki,Star-lord,-0.006615194964783768,-0.0025190766789237613
allied,Loki,Blade,0.011117493997972511,0.012482252525654092
allied,Loki,Namor,-0.008906613229634517,-6.598603477607224e-05
allied,Loki,Adam Warlock,-0.010697270996394547,-0.05036510706679963
allied,Loki,Jeff The Land Shark,-0.042296285073342224,-0.04344808083899674
allied,Loki,Psylocke,0.03482780988745065,0.04611569219831849
allied,Loki,Wolverine,0.014828476838748881,0.018120379597063876
allied,Loki,Invisible Woman,-0.005993732200512767,0.006083563575814528
allied,Loki,The Thing,0.0025934315867227765,-0.012996257031563239
allied,Loki,Iron Fist,-0.01676191016048464,-0.0233866869820067
allied,Loki,Emma Frost,0.018645304853095748,0.011306377282293667
allied,Loki,Phoenix,-0.03712574848414986,-0.03130430368109992
allied,Loki,Daredevil,-0.016220407217692332,-0.01897423376340929
allied,Loki,Angela,0.027218488935349484,0.02554406818418896
allied,Loki,Gambit,0.02854690491004597,0.047285486038089325
allied,Loki,Elsa Bloodstone,0.02346118647335635,0.031500207511555564
allied,Loki,White Fox,-0.013771234121112424,-0.025884739268294675
allied,Loki,Black Cat,-0.010627021311526097,-0.013195367282856089
allied,Loki,Devil Dinosaur,0.034288966255760965,0.0336406863966863
allied,Loki,Cyclops,0.008917584073304197,0.02166899451887098
allied,Loki,Jubilee,-0.025227175355349206,-0.01861830698909732
allied,Loki,Rogue,-0.025644762546234663,-0.03196137498153892
allied,Loki,The Hood,-0.006448547612283993,-0.009481620761362395
allied,Loki,Deadpool (Vanguard),-0.013440717269014866,-0.015158911682497998
allied,Loki,Deadpool (Duelist),-0.007669312690599823,-0.0032131795729233564
allied,Loki,Deadpool (Strategist),0.00634602006816769,0.003547648493906064
allied,Human Torch,Doctor Strange,-0.0009190370660007021,-0.009444685976188008
allied,Human Torch,Mantis,0.0024343840663153212,-0.0005242157552420203
allied,Human Torch,Hawkeye,0.0006045812523015465,0.007810613284278249
allied,Human Torch,Captain America,0.010189370906713083,0.0050597709884301735
allied,Human Torch,Rocket Raccoon,-0.002865412977894748,-0.015882752496509812
allied,Human Torch,Hela,-0.0016030998655762797,0.00028188451776099677
allied,Human Torch,Cloak & Dagger,-0.02648753089385745,-0.042584927371523404
allied,Human Torch,Black Panther,-0.017832504774785624,-0.019883664000380753
allied,Human Torch,Groot,0.03962178522566516,0.03667001277314829
allied,Human Torch,Ultron,0.04148999103941456,0.04613742331118732
allied,Human Torch,Magik,-0.006116064859805381,0.005721337060327519
allied,Human Torch,Moon Knight,-0.014100254844491306,-0.01005730845176453
allied,Human Torch,Luna Snow,-0.01912030666986827,-0.024941541760045524
allied,Human Torch,Squirrel Girl,-0.004254267813040666,0.0005740838970177232
allied,Human Torch,Black Widow,-0.01304229574515496,-0.009916669692704353
allied,Human Torch,Iron Man,-0.013420506551784084,-0.010256367143365716
allied,Human Torch,Venom,0.010514341422991697,0.0067176889602129485
allied,Human Torch,Spider-man,-0.007211761970430194,-0.0011746476253825648
allied,Human Torch,Magneto,0.006223963984188888,-0.001466002818444531
allied,Human Torch,Scarlet Witch,-0.0008401777088438605,0.00744257917655874
allied,Human Torch,Thor,0.015713837716329056,0.013126426092580403
allied,Human Torch,Mister Fantastic,0.003508638988943088,0.004429565905281311
allied,Human Torch,Winter Soldier,0.008086350206128235,0.015800498501886816
allied,Human Torch,Peni Parker,-0.0054579045526082625,-0.010569302026406721
allied,Human Torch,Star-lord,-0.03571120237861641,-0.03447268553686786
allied,Human Torch,Blade,0.01314188275892687,0.016422230150084965
allied,Human Torch,Namor,0.01753336040038088,0.027536716787848334
allied,Human Torch,Adam Warlock,-0.004843064334627402,0.00024570164983253985
allied,Human Torch,Jeff The Land Shark,-0.03445004722632223,-0.042969565741149546
allied,Human Torch,Psylocke,0.023701666456790622,0.026844682316758548
allied,Human Torch,Wolverine,0.01399511365233898,0.016609088718908798
allied,Human Torch,Invisible Woman,0.02690195687436154,0.026319661238458466
allied,Human Torch,The Thing,-0.01043202071321334,-0.010651589810614781
allied,Human Torch,Iron Fist,-0.002847757063486857,0.0069344551577107255
allied,Human Torch,Emma Frost,0.007228843734571779,0.004620126519192995
allied,Human Torch,Phoenix,-0.0004721521187967233,0.0021396729068041908
allied,Human Torch,Daredevil,-0.03433832388951038,-0.031608783297288896
allied,Human Torch,Angela,-0.028609265773222863,-0.036753172289638564
allied,Human Torch,Gambit,-0.0024821592394197144,-0.007426397600595559
allied,Human Torch,Elsa Bloodstone,-0.001909233791547448,-0.00036969982840023884
allied,Human Torch,White Fox,-0.04531841646932392,-0.05631710141664659
allied,Human Torch,Black Cat,-0.00018342881743578726,0.004391914113097204
allied,Human Torch,Devil Dinosaur,-0.014770732153987384,-0.01979359464342819
allied,Human Torch,Cyclops,-0.011867624888750322,-0.012466247262633219
allied,Human Torch,Jubilee,0.09738893543549162,0.10661092163743016
allied,Human Torch,Rogue,0.012361581202152425,0.010553142030434332
allied,Human Torch,The Hood,0.01181885308891132,0.011775649781329365
allied,Human Torch,Deadpool (Vanguard),-0.0008476399805009565,-0.0054606740720004685
allied,Human Torch,Deadpool (Duelist),0.010585834347825677,0.012477576599648942
allied,Human Torch,Deadpool (Strategist),0.0156111070018644,0.015426284993107359
allied,Doctor Strange,Mantis,0.00017829128254599256,0.0017327691592052068
allied,Doctor Strange,Hawkeye,0.0006619250627490631,-0.003077929033601919
allied,Doctor Strange,Captain America,0.0059347981364268184,0.01941084659336222
allied,Doctor Strange,Rocket Raccoon,-0.011327490406621827,-0.023555374979674807
allied,Doctor Strange,Hela,-0.023134220852679886,-0.031181035403719477
allied,Doctor Strange,Cloak & Dagger,0.00033199688018873297,-0.005079289557562337
allied,Doctor Strange,Black Panther,-0.030759774566563997,-0.031118358567488822
allied,Doctor Strange,Groot,-0.004212792459100253,0.013869660781888428
allied,Doctor Strange,Ultron,0.005199478576942749,0.013096848038050118
allied,Doctor Strange,Magik,0.04577692651887038,0.041318589874013205
allied,Doctor Strange,Moon Knight,0.02108972303994012,0.019795520963046268
allied,Doctor Strange,Luna Snow,-0.001509749457912225,-0.005535155710989825
allied,Doctor Strange,Squirrel Girl,0.007810293286860306,0.005700276555973522
allied,Doctor Strange,Black Widow,0.0077788240590550865,0.004624670269597777
allied,Doctor Strange,Iron Man,-0.008934692060625646,-0.0076351807553832205
allied,Doctor Strange,Venom,0.005307665423850512,0.015354192432440336
allied,Doctor Strange,Spider-man,0.025977658264221513,0.02409729410152264
allied,Doctor Strange,Magneto,-0.07157529537254977,-0.05350638089471153
allied,Doctor Strange,Scarlet Witch,0.04067816268883309,0.03591237214880246
allied,Doctor Strange,Thor,-0.0021823145974264897,0.005632580092043098
allied,Doctor Strange,Mister Fantastic,-0.0522561730059364,-0.05535537900988942
allied,Doctor Strange,Winter Soldier,0.019938751437359237,0.013734635009469642
allied,Doctor Strange,Peni Parker,0.018693072277300243,0.033080945288554986
allied,Doctor Strange,Star-lord,0.016060524568132444,0.012622953703518172
allied,Doctor Strange,Blade,-0.007325200801075541,-0.005682659831258695
allied,Doctor Strange,Namor,0.018036720115612147,0.003066359344249297
allied,Doctor Strange,Adam Warlock,-0.006511870555555707,-0.002996690131114132
allied,Doctor Strange,Jeff The Land Shark,-0.0025229653241418282,-0.012222096462032754
allied,Doctor Strange,Psylocke,0.026974220342964934,0.028259357262023433
allied,Doctor Strange,Wolverine,-0.02620972033207165,-0.02668244106723583
allied,Doctor Strange,Invisible Woman,0.09194732097252034,0.09259077045415498
allied,Doctor Strange,The Thing,-0.02362424272287337,-0.015206074449499968
allied,Doctor Strange,Iron Fist,0.00992472056188863,0.003923190798499527
allied,Doctor Strange,Emma Frost,-0.0408120334654124,-0.031448540110816416
allied,Doctor Strange,Phoenix,-0.003353424159275732,-0.011049435572899271
allied,Doctor Strange,Daredevil,-0.0045206443348008545,-0.007798183820414479
allied,Doctor Strange,Angela,-0.03725511446104371,-0.02833612422833383
allied,Doctor Strange,Gambit,-0.018962284587161555,-0.03472748977914603
allied,Doctor Strange,Elsa Bloodstone,-0.01688434316404663,-0.01987790219901335
allied,Doctor Strange,White Fox,-0.02250097356837557,-0.02135965612361446
allied,Doctor Strange,Black Cat,0.00830514979594972,0.008622549191643009
allied,Doctor Strange,Devil Dinosaur,-0.02212582811532139,-0.013955648012607331
allied,Doctor Strange,Cyclops,0.026482898108055233,0.02502533433969491
allied,Doctor Strange,Jubilee,0.017157341919175718,0.005127004954025979
allied,Doctor Strange,Rogue,-0.014773483723701599,-0.009666560437149035
allied,Doctor Strange,The Hood,-0.02650247741635093,-0.027469792753774088
allied,Doctor Strange,Deadpool (Vanguard),-0.006395624012778403,0.0003139593272444823
allied,Doctor Strange,Deadpool (Duelist),-0.004901103005603334,-0.005629008817685856
allied,Doctor Strange,Deadpool (Strategist),-0.0008052001693525141,-0.005950817257110336
allied,Mantis,Hawkeye,-0.0029005591191452102,-0.007451453691698993
allied,Mantis,Captain America,-0.00877874040637057,0.001007935192801401
allied,Mantis,Rocket Raccoon,-0.016703291346463128,-0.0017234007033803166
allied,Mantis,Hela,-0.017128160960526093,-0.011268573118239497
allied,Mantis,Cloak & Dagger,-0.029675226975652953,-0.023802721560554106
allied,Mantis,Black Panther,0.006593288671114654,0.010626381684641079
allied,Mantis,Groot,0.05585340458741065,0.07216658470557383
allied,Mantis,Ultron,0.013508175196556619,-0.02102670573123793
allied,Mantis,Magik,-0.013143315117141105,-0.02260544223614298
allied,Mantis,Moon Knight,-0.016290771834267224,-0.01879877815813304
allied,Mantis,Luna Snow,0.009455814625635809,-0.003367966173181325
allied,Mantis,Squirrel Girl,0.009191485810256344,0.009143162065290363
allied,Mantis,Black Widow,0.008793748307419878,0.011855969344197357
allied,Mantis,Iron Man,0.009644404277950649,0.005280501975140049
allied,Mantis,Venom,-0.003155179096570906,0.008071951749903205
allied,Mantis,Spider-man,-0.014549162332577636,-0.018359932203734795
allied,Mantis,Magneto,-0.010161417953192428,-0.013555798350853947
allied,Mantis,Scarlet Witch,-0.018348168303922028,-0.02077223803483547
allied,Mantis,Thor,-0.012877043482592623,-0.0035668664127086426
allied,Mantis,Mister Fantastic,-0.0019879368161955283,-0.001051792789565097
allied,Mantis,Winter Soldier,-0.009656310172403194,-0.009414427822850199
allied,Mantis,Peni Parker,-0.044969738161575616,-0.04364846492401417
allied,Mantis,Star-lord,0.11570823096859122,0.13355583172256028
allied,Mantis,Blade,0.005684223234017224,0.00483087714264158
allied,Mantis,Namor,-0.0019305543787331019,0.006243134398925203
allied,Mantis,Adam Warlock,0.06722906839970498,0.030748877476141172
allied,Mantis,Jeff The Land Shark,-0.00014789284116112488,-0.005208495790007783
allied,Mantis,Psylocke,0.0060906113703618255,0.01224739809303075
allied,Mantis,Wolverine,-0.0004729542929902383,-0.0006326761997054494
allied,Mantis,Invisible Woman,0.014239421627063674,0.018061086073830956
allied,Mantis,The Thing,0.010220533333797964,0.007551141806352582
allied,Mantis,Iron Fist,-0.011522509169246204,-0.019031306640426272
allied,Mantis,Emma Frost,0.04230026400007869,0.05045753917367384
allied,Mantis,Phoenix,-0.009343275548121567,-0.0015879674016309076
allied,Mantis,Daredevil,-0.020275293052884162,-0.02507492610156291
allied,Mantis,Angela,0.028913061580981336,0.039205495743643765
allied,Mantis,Gambit,0.03264202178565931,0.039924038634992956
allied,Mantis,Elsa Bloodstone,0.0332209345201843,0.040940978290674196
allied,Mantis,White Fox,-0.0034931962365927437,-0.025836901164850393
allied,Mantis,Black Cat,-0.017906163534066502,-0.022923348056776864
allied,Mantis,Devil Dinosaur,-0.04485389322413019,-0.04652704833241239
allied,Mantis,Cyclops,-0.03505101846909579,-0.029334629114891823
allied,Mantis,Jubilee,-0.022245859343092728,-0.027314474435059355
allied,Mantis,Rogue,-0.0313730156598451,-0.026915727321204633
allied,Mantis,The Hood,-0.01663852215547363,-0.009614756903218245
allied,Mantis,Deadpool (Vanguard),-0.027383972917873527,-0.019648534822005397
allied,Mantis,Deadpool (Duelist),-0.01434195982282926,-0.012258853370244287
allied,Mantis,Deadpool (Strategist),-0.04407873566606958,-0.06914753054909394
allied,Hawkeye,Captain America,-0.010794184360121074,-0.013679597193191123
allied,Hawkeye,Rocket Raccoon,-0.007306180263107244,-0.02180404254518774
allied,Hawkeye,Hela,-0.0008296136771362883,-0.0011018379419283763
allied,Hawkeye,Cloak & Dagger,0.039152153399467926,0.030334290605653763
allied,Hawkeye,Black Panther,-0.008364107406228614,-0.011849058669767373
allied,Hawkeye,Groot,-0.013861082199628763,-0.01822930437599005
allied,Hawkeye,Ultron,0.01098288321844121,0.01089150015977843
allied,Hawkeye,Magik,0.019353155667692436,0.031088034036705584
allied,Hawkeye,Moon Knight,-0.019873940962325788,-0.01853292795361041
allied,Hawkeye,Luna Snow,0.006495623483817374,0.002950952810036949
allied,Hawkeye,Squirrel Girl,-0.022472207691239036,-0.021381151278054324
allied,Hawkeye,Black Widow,-0.022638040329370227,-0.022532342925333904
allied,Hawkeye,Iron Man,-0.008581957045249711,-0.007236813016895257
allied,Hawkeye,Venom,-0.018698880294123046,-0.021178313596033727
allied,Hawkeye,Spider-man,0.0038754469369910384,0.008613454364128541
allied,Hawkeye,Magneto,-0.0024430054276555965,-0.006501477397673471
allied,Hawkeye,Scarlet Witch,-0.022873074869011797,-0.01864501772634274
allied,Hawkeye,Thor,0.010035948929847998,0.011416714297066264
allied,Hawkeye,Mister Fantastic,0.011770596408126523,0.011157355482733233
allied,Hawkeye,Winter Soldier,-0.02133695098709671,-0.018292384049622017
allied,Hawkeye,Peni Parker,0.015259191506728133,0.01708903250378262
allied,Hawkeye,Star-lord,-0.009758227310074067,-0.008581985641630353
allied,Hawkeye,Blade,0.0016662293861499171,0.001770239717685396
allied,Hawkeye,Namor,-0.02458919581586919,-0.020311998804601314
allied,Hawkeye,Adam Warlock,-0.008850339403392138,-0.005187909655341664
allied,Hawkeye,Jeff The Land Shark,-0.01778504389537452,-0.025146863846647254
allied,Hawkeye,Psylocke,0.04491847914190891,0.04760517111827111
allied,Hawkeye,Wolverine,0.01106244116152783,0.01121085517785459
allied,Hawkeye,Invisible Woman,-0.0065675906127613615,-0.012259006537368673
allied,Hawkeye,The Thing,-0.001324141707337611,0.004089896074927393
allied,Hawkeye,Iron Fist,0.0015818127793315508,0.009511002512444052
allied,Hawkeye,Emma Frost,0.01056501324687043,0.012939792775892543
allied,Hawkeye,Phoenix,-0.0007912845848681989,-0.0004275740794520055
allied,Hawkeye,Daredevil,0.011783757191216517,0.016129092230346906
allied,Hawkeye,Angela,0.033435567579785254,0.03688794686675147
allied,Hawkeye,Gambit,0.007487301621812482,0.0028638190154767857
allied,Hawkeye,Elsa Bloodstone,0.022821614169411447,0.024197191983902862
allied,Hawkeye,White Fox,0.01227990533759112,0.007555583763318961
allied,Hawkeye,Black Cat,0.019756481543663978,0.023769262317232896
allied,Hawkeye,Devil Dinosaur,0.006763620595605455,0.008774050215205827
allied,Hawkeye,Cyclops,-0.02939500533257425,-0.03367346845839087
allied,Hawkeye,Jubilee,0.011036736879371034,0.008539271408980626
allied,Hawkeye,Rogue,-0.024727263402841582,-0.02610557280490878
allied,Hawkeye,The Hood,0.0006497936446781176,0.003956256347382208
allied,Hawkeye,Deadpool (Vanguard),-0.0010730518872297118,-0.0011037563721858067
allied,Hawkeye,Deadpool (Duelist),0.01225525471390554,0.012064330041179077
allied,Hawkeye,Deadpool (Strategist),-0.018419941841138602,-0.023784071808084895
allied,Captain America,Rocket Raccoon,-0.019164120391325232,-0.02297974268225977
allied,Captain America,Hela,0.045201892203253345,0.04699710441448078
allied,Captain America,Cloak & Dagger,0.002268531228264737,0.006840194197543086
allied,Captain America,Black Panther,-0.03136454214379144,-0.029646418354865683
allied,Captain America,Groot,-0.019782348731815176,-0.018513586347577014
allied,Captain America,Ultron,-0.005206704393243495,0.010689963477315432
allied,Captain America,Magik,0.005379530627136241,-0.0014842349336252367
allied,Captain America,Moon Knight,-0.004010092840320696,-0.005986644765892455
allied,Captain America,Luna Snow,0.004797756797288539,0.011457777579171121
allied,Captain America,Squirrel Girl,-0.017657358522626534,-0.020491157171142502
allied,Captain America,Black Widow,-0.01499027664815255,-0.01856425467613617
allied,Captain America,Iron Man,0.0011353611902138216,0.005713963950006669
allied,Captain America,Venom,-0.011038792379638415,-0.017934673641181786
allied,Captain America,Spider-man,-0.018740124499912972,-0.023512554561396403
allied,Captain America,Magneto,0.0015648908858992665,0.017517586642327748
allied,Captain America,Scarlet Witch,0.00876814627132822,0.0025529228550729634
allied,Captain America,Thor,0.003049108448180956,-0.0025033716190228984
allied,Captain America,Mister Fantastic,0.01627515511832205,0.02303996438707929
allied,Captain America,Winter Soldier,0.02533428739680825,0.021882737124164105
allied,Captain America,Peni Parker,-0.013263863784499093,-0.01840475047078991
allied,Captain America,Star-lord,-0.006965716717498749,-0.010852075457220008
allied,Captain America,Blade,0.023119422903190964,0.03033599320830139
allied,Captain America,Namor,0.029426365699817544,0.01788373178319194
allied,Captain America,Adam Warlock,-0.02117720172518596,-0.010347228851917759
allied,Captain America,Jeff The Land Shark,-0.003819917828833638,-0.004055767089604258
allied,Captain America,Psylocke,-0.0011436890177906349,-0.0008808520372459882
allied,Captain America,Wolverine,0.009198682139648383,0.014859097688859086
allied,Captain America,Invisible Woman,-0.022202114817134286,-0.030232389700605516
allied,Captain America,The Thing,0.02180282587848555,0.023513252978386932
allied,Captain America,Iron Fist,0.016064372063385776,0.0128992236673959
allied,Captain America,Emma Frost,-0.0023622791776352556,-0.0008625317348561893
allied,Captain America,Phoenix,-0.003854916954355861,-0.0094625879790408
allied,Captain America,Daredevil,0.024980376350990936,0.027170581245293247
allied,Captain America,Angela,-0.01527476842184021,-0.016948183455740517
allied,Captain America,Gambit,0.023563636794402418,0.02430467535411507
allied,Captain America,Elsa Bloodstone,-0.027814042367602425,-0.029893866680519285
allied,Captain America,White Fox,0.019868412048279525,0.03749081571109169
allied,Captain America,Black Cat,-0.006367446648415575,-0.005557902604499875
allied,Captain America,Devil Dinosaur,0.001187324711829284,-0.0010140803925252993
allied,Captain America,Cyclops,0.003589915528629612,0.0016985737943777655
allied,Captain America,Jubilee,-0.007132267996832543,-0.013394571597394973
allied,Captain America,Rogue,-0.0006583904652532283,-0.007446991249222947
allied,Captain America,The Hood,0.018108761606774014,0.010298538065165522
allied,Captain America,Deadpool (Vanguard),-0.015529864553884254,-0.024567765913895593
allied,Captain America,Deadpool (Duelist),0.002170337694236155,0.004383767527388126
allied,Captain America,Deadpool (Strategist),-0.010645736751600124,-0.0077011479747019634
allied,Rocket Raccoon,Hela,-0.02018383774658976,-0.024102474569092584
allied,Rocket Raccoon,Cloak & Dagger,-0.0480825619139166,-0.005064275935316882
allied,Rocket Raccoon,Black Panther,-0.02072655630907094,-0.029504708984599178
allied,Rocket Raccoon,Groot,-0.010146332132648485,-0.016373471522733603
allied,Rocket Raccoon,Ultron,-0.023998277562648305,-0.02517563270134356
allied,Rocket Raccoon,Magik,0.018104422756087927,0.0031519978047082125
allied,Rocket Raccoon,Moon Knight,-0.004979020205286573,-0.015469322642061271
allied,Rocket Raccoon,Luna Snow,-0.005430361667297717,0.019590049729517615
allied,Rocket Raccoon,Squirrel Girl,0.00852808237574885,-0.0009994318650620286
allied,Rocket Raccoon,Black Widow,-0.0004241509856895585,-0.007910432427082222
allied,Rocket Raccoon,Iron Man,-0.007866831596693222,-0.02381590345036577
allied,Rocket Raccoon,Venom,-0.00726847386433085,-0.008635627212342668
allied,Rocket Raccoon,Spider-man,-0.016798320523672527,-0.030286500235248006
allied,Rocket Raccoon,Magneto,0.009706935826271025,-0.0024275352493583757
allied,Rocket Raccoon,Scarlet Witch,0.04299308192096185,0.03884040340162742
allied,Rocket Raccoon,Thor,-0.0045058498841635125,-0.005783521378485075
allied,Rocket Raccoon,Mister Fantastic,0.04307604367374936,0.040248920195091444
allied,Rocket Raccoon,Winter Soldier,-0.007258965313147802,-0.016113679922719348
allied,Rocket Raccoon,Peni Parker,0.0740600431491544,0.08257788370484438
allied,Rocket Raccoon,Star-lord,-0.023202487265188025,-0.03211499135697283
allied,Rocket Raccoon,Blade,0.010978066064410461,0.0013901852603025095
allied,Rocket Raccoon,Namor,-0.0035436030105154177,-0.0049678103783613635
allied,Rocket Raccoon,Adam Warlock,0.019406252702177607,0.014237366819616074
allied,Rocket Raccoon,Jeff The Land Shark,-0.05023819358228986,-0.024437240589691538
allied,Rocket Raccoon,Psylocke,-0.02719293501321333,-0.03459285665502277
allied,Rocket Raccoon,Wolverine,0.023806646551959257,0.017285609684331276
allied,Rocket Raccoon,Invisible Woman,-0.04962864189766589,-0.01767820090454799
allied,Rocket Raccoon,The Thing,0.018376804447521496,0.005085023242257174
allied,Rocket Raccoon,Iron Fist,0.02373223910400114,0.011234020100445528
allied,Rocket Raccoon,Emma Frost,0.00951950745814375,0.00047522779497484967
allied,Rocket Raccoon,Phoenix,0.002922301490986972,0.002814541700834738
allied,Rocket Raccoon,Daredevil,0.01321805493666408,0.003208825320147396
allied,Rocket Raccoon,Angela,-0.003148677128161187,-0.009942241364849745
allied,Rocket Raccoon,Gambit,-0.04289950390858669,-0.009804107968013143
allied,Rocket Raccoon,Elsa Bloodstone,0.03622043782040681,0.034919154436893064
allied,Rocket Raccoon,White Fox,-0.014196476180818842,0.002133676478035134
allied,Rocket Raccoon,Black Cat,0.012687059784233077,0.0020977631097787055
allied,Rocket Raccoon,Devil Dinosaur,0.009227306383526075,0.004312553676806976
allied,Rocket Raccoon,Cyclops,0.0048339618707662225,0.006139708700921486
allied,Rocket Raccoon,Jubilee,-0.043111863342160175,-0.011522367766983704
allied,Rocket Raccoon,Rogue,0.005437524453623571,0.0038775734894041358
allied,Rocket Raccoon,The Hood,-0.007852801096041988,-0.01135026392318817
allied,Rocket Raccoon,Deadpool (Vanguard),-0.014194647216777184,-0.016272715025757365
allied,Rocket Raccoon,Deadpool (Duelist),-0.002167468681526729,-0.0079588159028104
allied,Rocket Raccoon,Deadpool (Strategist),0.014438629229301904,0.041773406612317626
allied,Hela,Cloak & Dagger,-0.014880484888929608,-0.018263494823780473
allied,Hela,Black Panther,0.03698269390765163,0.03213322793379572
allied,Hela,Groot,-0.02211563433123772,-0.0290402528272969
allied,Hela,Ultron,-0.049163369167709345,-0.044584101129627955
allied,Hela,Magik,-0.0034058136912360937,0.0012981498474822092
allied,Hela,Moon Knight,-0.007150157644968408,-0.00988789444388089
allied,Hela,Luna Snow,0.003484855253305467,0.011752771195724043
allied,Hela,Squirrel Girl,-0.028188017469767967,-0.03270988500978885
allied,Hela,Black Widow,0.02119561288661485,0.01981090165858914
allied,Hela,Iron Man,-0.05726436289614066,-0.06510696361421232
allied,Hela,Venom,0.03988938948636762,0.04238255903617685
allied,Hela,Spider-man,0.03180827084323155,0.03373292063973627
allied,Hela,Magneto,-0.0038406596569203226,-0.009683185051042376
allied,Hela,Scarlet Witch,-0.014037533054511761,-0.014211727412508294
allied,Hela,Thor,0.03597325767509168,0.03864890775544435
allied,Hela,Mister Fantastic,0.016740633057638635,0.011403530601852762
allied,Hela,Winter Soldier,-0.01858845438651071,-0.020452581111499255
allied,Hela,Peni Parker,-0.02459297800033988,-0.028878605609779496
allied,Hela,Star-lord,-0.024349293740607132,-0.029524397378815764
allied,Hela,Blade,-0.008488458923793143,-0.014366687239276917
allied,Hela,Namor,0.008571920640457592,0.010470753961259866
allied,Hela,Adam Warlock,-0.024042890815296227,-0.010090597348720776
allied,Hela,Jeff The Land Shark,-0.016477039461489904,-0.011486426213514069
allied,Hela,Psylocke,-0.015752538727365716,-0.023251044017359158
allied,Hela,Wolverine,0.011263007778231289,0.0062907403574357845
allied,Hela,Invisible Woman,-0.002033648903144745,0.005030610530963007
allied,Hela,The Thing,-0.02833992064349912,-0.027595494288038206
allied,Hela,Iron Fist,0.010917230669573702,0.014485758591522362
allied,Hela,Emma Frost,-0.003301825352081847,-0.004115595288804541
allied,Hela,Phoenix,0.03980914159542422,0.03841343897940876
allied,Hela,Daredevil,0.022652244432823057,0.022764469030823117
allied,Hela,Angela,0.03363291307437606,0.03548089549954051
allied,Hela,Gambit,0.016419624023993645,0.025101614362943583
allied,Hela,Elsa Bloodstone,0.016145804578507787,0.01182858645540403
allied,Hela,White Fox,0.00673456376367709,0.013506007137678666
allied,Hela,Black Cat,0.02390095110600704,0.02312118316753091
allied,Hela,Devil Dinosaur,-0.010674555136800244,-0.012254940978745752
allied,Hela,Cyclops,0.023271233648583065,0.018237233026366748
allied,Hela,Jubilee,0.010506609260925429,0.020131810483242307
allied,Hela,Rogue,7.114596145572308e-05,-0.0001405613500561883
allied,Hela,The Hood,-0.005662499470132097,-0.004693662153915055
allied,Hela,Deadpool (Vanguard),-0.017959379935433353,-0.021518741214209273
allied,Hela,Deadpool (Duelist),-0.01910394148600195,-0.027041319862192704
allied,Hela,Deadpool (Strategist),0.015599771575889534,0.026677038431084748
allied,Cloak & Dagger,Black Panther,-0.0007124551156476348,-0.0071161373615535204
allied,Cloak & Dagger,Groot,-0.0017469704163736023,-0.0016814604235643308
allied,Cloak & Dagger,Ultron,0.011885257153064283,0.01129085801182026
allied,Cloak & Dagger,Magik,0.025982620017229167,0.011887677503936551
allied,Cloak & Dagger,Moon Knight,0.05573013826997011,0.05270118842304694
allied,Cloak & Dagger,Luna Snow,-0.0016551357735577381,0.017579641441144007
allied,Cloak & Dagger,Squirrel Girl,-0.012191532315126262,-0.024436290611852093
allied,Cloak & Dagger,Black Widow,-0.003082377494194617,-0.01102822946870597
allied,Cloak & Dagger,Iron Man,0.017388865710435474,0.0044694638005984555
allied,Cloak & Dagger,Venom,-0.03445813080056653,-0.03525229847769458
allied,Cloak & Dagger,Spider-man,-0.020336012324170552,-0.03439369573036385
allied,Cloak & Dagger,Magneto,0.015968091544589856,0.009782629602183335
allied,Cloak & Dagger,Scarlet Witch,0.004156004955306606,-0.004978600404290284
allied,Cloak & Dagger,Thor,-0.0023746339793271464,0.0016329633324073467
allied,Cloak & Dagger,Mister Fantastic,0.003280483772877669,-0.004648376912944774
allied,Cloak & Dagger,Winter Soldier,0.024224049442737792,0.01917741945809638
allied,Cloak & Dagger,Peni Parker,-0.04040064613986685,-0.04533552154141936
allied,Cloak & Dagger,Star-lord,-0.008226666558158152,-0.015394485281119781
allied,Cloak & Dagger,Blade,0.031994816131176225,0.024906736865858432
allied,Cloak & Dagger,Namor,-0.005980319925143095,-0.007836409126873061
allied,Cloak & Dagger,Adam Warlock,0.03389987002250433,0.025071311893681128
allied,Cloak & Dagger,Jeff The Land Shark,-0.04034265083985719,-0.019113384885830097
allied,Cloak & Dagger,Psylocke,0.0018516592823519965,-0.002044980292067332
allied,Cloak & Dagger,Wolverine,0.027874254929215046,0.021734376889188476
allied,Cloak & Dagger,Invisible Woman,-0.06166167439485094,-0.03863238990931937
allied,Cloak & Dagger,The Thing,0.005510207468822657,-0.004906667715239482
allied,Cloak & Dagger,Iron Fist,-0.019341092640391605,-0.03735077033155187
allied,Cloak & Dagger,Emma Frost,0.003260550203713796,-0.0018468813397097062
allied,Cloak & Dagger,Phoenix,0.024744325841840657,0.02723702687598957
allied,Cloak & Dagger,Daredevil,0.028516568463856924,0.020292360818683783
allied,Cloak & Dagger,Angela,0.026465017771917686,0.029373549322663443
allied,Cloak & Dagger,Gambit,-0.0595195191620279,-0.036255094490612136
allied,Cloak & Dagger,Elsa Bloodstone,0.010354280787001766,0.00569243555475682
allied,Cloak & Dagger,White Fox,-0.010528060535254666,-4.7275622846770955e-06
allied,Cloak & Dagger,Black Cat,0.008537581118108772,-0.0026976926091667004
allied,Cloak & Dagger,Devil Dinosaur,-0.020196996814036895,-0.024897903427585542
allied,Cloak & Dagger,Cyclops,0.017123087368141717,0.019837682665913355
allied,Cloak & Dagger,Jubilee,-0.019704504768578823,0.00999333335436995
allied,Cloak & Dagger,Rogue,-0.030046710932656928,-0.032366733476892666
allied,Cloak & Dagger,The Hood,0.0795313629665442,0.09502053561366386
allied,Cloak & Dagger,Deadpool (Vanguard),-0.0013005097150493574,0.0036364465386697882
allied,Cloak & Dagger,Deadpool (Duelist),0.00023239164821847952,-0.005386265251402603
allied,Cloak & Dagger,Deadpool (Strategist),-0.007924567330121703,0.008440095384202529
allied,Black Panther,Groot,-0.03263172564676175,-0.032193696124759
allied,Black Panther,Ultron,0.012709141730995657,0.020230797598699907
allied,Black Panther,Magik,-0.04872545372729631,-0.050377941360064404
allied,Black Panther,Moon Knight,0.014032946530496025,0.010471786878495992
allied,Black Panther,Luna Snow,-0.006993676264808562,-0.004827252794869504
allied,Black Panther,Squirrel Girl,-0.011243904564760522,-0.01694187903157098
allied,Black Panther,Black Widow,0.02328824347245086,0.01949178198868052
allied,Black Panther,Iron Man,-0.01497074632311638,-0.021880375262798613
allied,Black Panther,Venom,-0.00702946474177941,-0.0012739583810992968
allied,Black Panther,Spider-man,-0.026728939038607617,-0.0322604422247581
allied,Black Panther,Magneto,-0.005427680545092082,-0.002901810977411983
allied,Black Panther,Scarlet Witch,0.012006181018674506,0.01141296655108088
allied,Black Panther,Thor,0.012187493560893131,0.020731130712204282
allied,Black Panther,Mister Fantastic,0.005553329941369694,-0.0033004132541759428
allied,Black Panther,Winter Soldier,0.013644765372881564,0.011876585411388271
allied,Black Panther,Peni Parker,0.0031722756815822243,0.01056120582892786
allied,Black Panther,Star-lord,0.031068833194468615,0.027918660596772102
allied,Black Panther,Blade,-0.004509077008964912,-0.012642077869621167
allied,Black Panther,Namor,0.03956536984790357,0.04145700102227916
allied,Black Panther,Adam Warlock,-0.02425694131278255,-0.01512308019110815
allied,Black Panther,Jeff The Land Shark,0.012286668558840957,0.016081069276642882
allied,Black Panther,Psylocke,0.008379520417998877,0.00030294532841357877
allied,Black Panther,Wolverine,-0.03167443426656531,-0.04280495398597409
allied,Black Panther,Invisible Woman,-0.00022992978434265948,0.0022681185069000896
allied,Black Panther,The Thing,-0.034440168023259984,-0.025835704634994593
allied,Black Panther,Iron Fist,-0.019563506603320676,-0.02111683314296302
allied,Black Panther,Emma Frost,-0.02390601937331101,-0.01849343857475725
allied,Black Panther,Phoenix,0.013525388043830806,0.007357020011836578
allied,Black Panther,Daredevil,-0.004899497100787337,-0.00966543451886985
allied,Black Panther,Angela,0.009094043469248783,0.01672518514908578
allied,Black Panther,Gambit,0.026585289143364128,0.03174631158952011
allied,Black Panther,Elsa Bloodstone,0.04153233035656448,0.036741414057708845
allied,Black Panther,White Fox,-0.01120905289258242,-0.011472237633328549
allied,Black Panther,Black Cat,1.5074141233213233e-05,-0.005337855881198288
allied,Black Panther,Devil Dinosaur,-0.014340570008073006,-0.007786733287411808
allied,Black Panther,Cyclops,0.013974115464276494,0.005580737488639678
allied,Black Panther,Jubilee,-0.008849153878171014,-0.006435099080956454
allied,Black Panther,Rogue,0.004890510737094449,0.013768796772594113
allied,Black Panther,The Hood,0.0023644447558063774,0.012784568708766559
allied,Black Panther,Deadpool (Vanguard),0.049992692810391016,0.06263442660054319
allied,Black Panther,Deadpool (Duelist),0.00933256689679242,0.001175248897563966
allied,Black Panther,Deadpool (Strategist),-0.00018040804749825214,0.004132660322058223
allied,Groot,Ultron,-0.033348676865098265,-0.025835630496811052
allied,Groot,Magik,-0.004938987518717661,-0.014102365808924757
allied,Groot,Moon Knight,0.006919687544453373,0.00503687519645728
allied,Groot,Luna Snow,-0.0035705957877806196,-0.0021162933120792093
allied,Groot,Squirrel Girl,0.00038322670015354736,-0.0015558900676047632
allied,Groot,Black Widow,-0.007199773865201955,-0.011033612265265851
allied,Groot,Iron Man,0.0018056813558456318,0.005322425152047025
allied,Groot,Venom,-0.04060450165381339,-0.0461111812259907
allied,Groot,Spider-man,0.031525307027401916,0.03127728054581331
allied,Groot,Magneto,-0.0367636383432012,-0.020873569055619167
allied,Groot,Scarlet Witch,-0.013582632653484037,-0.023452750919891758
allied,Groot,Thor,0.03117891178051051,0.036574653242803644
allied,Groot,Mister Fantastic,0.006466948622693314,0.010989625320409417
allied,Groot,Winter Soldier,-0.012952688087142446,-0.021854144360831024
allied,Groot,Peni Parker,-0.009938621379770592,-0.008240917932853361
allied,Groot,Star-lord,0.03272675199780636,0.03217388619157223
allied,Groot,Blade,-0.026247006701246967,-0.025728302888774313
allied,Groot,Namor,0.036486718644612275,0.02460198220380642
allied,Groot,Adam Warlock,-0.013232068571585199,-0.004986003796497648
allied,Groot,Jeff The Land Shark,0.004957766528338422,0.002271812041389682
allied,Groot,Psylocke,0.01636182245289123,0.017459072017940717
allied,Groot,Wolverine,-0.0017310236899711305,0.0015609365610181568
allied,Groot,Invisible Woman,0.028287028635039915,0.024510275879944483
allied,Groot,The Thing,0.006787591172751035,0.012297949476316305
allied,Groot,Iron Fist,0.0199044800842439,0.0160345092687952
allied,Groot,Emma Frost,0.04658713078266105,0.06248450203649372
allied,Groot,Phoenix,-0.008085836120997798,-0.015307428781316017
allied,Groot,Daredevil,-0.00027778250487913087,-0.002069952068348436
allied,Groot,Angela,0.014264019529974206,0.023772267264302104
allied,Groot,Gambit,0.01488483696183876,0.010370263907737192
allied,Groot,Elsa Bloodstone,-0.015888611646988512,-0.0177625489543917
allied,Groot,White Fox,-0.02449372556065257,-0.01786175565428526
allied,Groot,Black Cat,-0.017403780101304417,-0.018974701609879477
allied,Groot,Devil Dinosaur,-0.005333850411958428,-0.0023280245002555715
allied,Groot,Cyclops,0.0302602094029865,0.030235577172334757
allied,Groot,Jubilee,0.01527100132615839,0.008748418654638726
allied,Groot,Rogue,0.002691502599100214,0.00274557608129416
allied,Groot,The Hood,-0.02101379624645469,-0.02901820129522674
allied,Groot,Deadpool (Vanguard),-0.0075687831449378195,-0.009000026371042275
allied,Groot,Deadpool (Duelist),0.01358682479613627,0.015948815567858873
allied,Groot,Deadpool (Strategist),-0.02801134544742233,-0.03171846256593351
allied,Ultron,Magik,0.014759053842942882,0.011508804065644201
allied,Ultron,Moon Knight,-0.004327496082792467,-0.0026160117160312383
allied,Ultron,Luna Snow,0.0033669475209080943,-0.025374848822703803
allied,Ultron,Squirrel Girl,-0.0035526236999443,-0.0024698799119926593
allied,Ultron,Black Widow,0.004584718304063847,0.009844891812114523
allied,Ultron,Iron Man,0.02249171270082222,0.02245780517256327
allied,Ultron,Venom,-0.017425862431188772,-0.0029563192085009975
allied,Ultron,Spider-man,0.006741576377403973,0.008316230066687216
allied,Ultron,Magneto,0.009096966587156958,0.01433359875990027
allied,Ultron,Scarlet Witch,-0.0049386385292054,-0.002962435816586567
allied,Ultron,Thor,-0.023495880927016485,-0.01035638767713766
allied,Ultron,Mister Fantastic,-0.018479972882694547,-0.01688125214268379
allied,Ultron,Winter Soldier,-0.010499066277818934,-0.007638447219750209
allied,Ultron,Peni Parker,0.019694062319425665,0.036943647117853855
allied,Ultron,Star-lord,0.017104436720067073,0.02535064441466332
allied,Ultron,Blade,-0.0008113897154148236,0.000247393796223225
allied,Ultron,Namor,-0.01590241668658163,-0.006751129475711692
allied,Ultron,Adam Warlock,0.1568025035465709,0.12337863802067721
allied,Ultron,Jeff The Land Shark,-0.0019385779970179364,-0.02206466453385851
allied,Ultron,Psylocke,-0.030975784469298297,-0.026728216004894192
allied,Ultron,Wolverine,-0.010704771639078466,-0.009419389492362002
allied,Ultron,Invisible Woman,0.03217412355119717,0.024842777880381833
allied,Ultron,The Thing,-0.00045380552965036854,0.0006971992519844436
allied,Ultron,Iron Fist,0.010693999904650564,0.00868634728940029
allied,Ultron,Emma Frost,-0.006070159932176525,-0.00015078783555942633
allied,Ultron,Phoenix,0.005371829653446037,0.017690607171825346
allied,Ultron,Daredevil,-0.03087954144155537,-0.03428062431712532
allied,Ultron,Angela,-0.012117662913171501,-0.0028835372749349596
allied,Ultron,Gambit,0.026359154783258117,0.01768467676925019
allied,Ultron,Elsa Bloodstone,-0.0004822261503798712,0.005749003757982201
allied,Ultron,White Fox,0.01910218460265476,-0.013470098261675294
allied,Ultron,Black Cat,-0.00043965930470733165,-0.0005494495770550943
allied,Ultron,Devil Dinosaur,-0.06635065754703051,-0.06594273472364444
allied,Ultron,Cyclops,-0.01907547290151776,-0.008638059129673834
allied,Ultron,Jubilee,0.0048871537867582705,-0.009510013001822215
allied,Ultron,Rogue,0.009787377024420727,0.02639564352802402
allied,Ultron,The Hood,-0.012744873793602889,0.0004405714289446843
allied,Ultron,Deadpool (Vanguard),-0.00890502259408027,0.007336161858817597
allied,Ultron,Deadpool (Duelist),-0.0222393491723964,-0.018419335166814623
allied,Ultron,Deadpool (Strategist),0.020175692292038284,-0.0068587290324084865
allied,Magik,Moon Knight,-0.01741376233862739,-0.010677534823736814
allied,Magik,Luna Snow,0.0028447068473427574,-0.004787216452695601
allied,Magik,Squirrel Girl,-0.009920225991793112,-0.0025943170565310035
allied,Magik,Black Widow,-0.00761927439897875,-0.0010734880248503616
allied,Magik,Iron Man,0.012238670425972358,0.020506618304615983
allied,Magik,Venom,0.005290867635925915,-0.0002865410567133977
allied,Magik,Spider-man,-0.024275387019838456,-0.016689001333225675
allied,Magik,Magneto,-0.004242773435812311,-0.014304083855532538
allied,Magik,Scarlet Witch,0.01068520787110086,0.02289584178243078
allied,Magik,Thor,-0.002155063406403649,-0.0079475788445248
allied,Magik,Mister Fantastic,0.0026588546294458,0.0064780444327497706
allied,Magik,Winter Soldier,-0.007788797321255101,0.001573503645901109
allied,Magik,Peni Parker,0.025164313706434623,0.022309724216760366
allied,Magik,Star-lord,0.03626850580822808,0.04646469931679803
allied,Magik,Blade,-0.022516312987351475,-0.01923376253660782
allied,Magik,Namor,0.009120839187979367,0.02139323875625094
allied,Magik,Adam Warlock,0.02329698092313542,0.027346937665303234
allied,Magik,Jeff The Land Shark,-0.02192100668781759,-0.03343071003484431
allied,Magik,Psylocke,-0.010782857849322956,-0.007539989465947755
allied,Magik,Wolverine,-0.033809597178540804,-0.032204009107424256
allied,Magik,Invisible Woman,0.0010677940939428404,-0.007300086789025054
allied,Magik,The Thing,-0.04438681511961468,-0.04962336062652713
allied,Magik,Iron Fist,-0.012629524235091947,-0.0006921900968959865
allied,Magik,Emma Frost,-0.017443894844177958,-0.024024082180788303
allied,Magik,Phoenix,-0.002834619387781806,0.0025496133067154717
allied,Magik,Daredevil,-0.03330300567984069,-0.027518361666898767
allied,Magik,Angela,-0.026511777542706977,-0.03561182643535453
allied,Magik,Gambit,-0.01787818585551484,-0.029303242443215066
allied,Magik,Elsa Bloodstone,0.006375684317135147,0.01157348841260067
allied,Magik,White Fox,0.016099068393363954,0.008221254154364789
allied,Magik,Black Cat,-0.03161434239253255,-0.02668508652577169
allied,Magik,Devil Dinosaur,0.010827883078937514,0.007495983177821908
allied,Magik,Cyclops,0.02222534201418282,0.027432219432299884
allied,Magik,Jubilee,-0.003203113463133503,-0.011111448273035588
allied,Magik,Rogue,-0.017279968718452537,-0.02361955181639138
allied,Magik,The Hood,0.103480998946503,0.11256998008332136
allied,Magik,Deadpool (Vanguard),-0.0006913746999667077,-0.006479205401075131
allied,Magik,Deadpool (Duelist),-0.03757707545225442,-0.0367235223501219
allied,Magik,Deadpool (Strategist),0.04460719907524895,0.0434905736761525
allied,Moon Knight,Luna Snow,-0.003667746295566003,-0.0047661733536911305
allied,Moon Knight,Squirrel Girl,-0.030364309881100147,-0.031869519646108645
allied,Moon Knight,Black Widow,0.0042548674764469495,0.0046584115339305
allied,Moon Knight,Iron Man,-0.01804569300836929,-0.019427575088143145
allied,Moon Knight,Venom,-0.00766584454009291,-0.00875782706196843
allied,Moon Knight,Spider-man,-0.0035590202323577368,-0.0013792037497068138
allied,Moon Knight,Magneto,-0.0015710171504304121,-0.005386551929833467
allied,Moon Knight,Scarlet Witch,-0.020413211313958814,-0.017920136799506114
allied,Moon Knight,Thor,-0.013224716864167542,-0.014319252814358823
allied,Moon Knight,Mister Fantastic,-0.027117140292283837,-0.03290548418714803
allied,Moon Knight,Winter Soldier,-0.006047608976204677,-0.00367061205942053
allied,Moon Knight,Peni Parker,0.0086855261859789,0.009919645589260982
allied,Moon Knight,Star-lord,0.013863791393101465,0.01506574174165262
allied,Moon Knight,Blade,0.15906989280301098,0.17033024465483254
allied,Moon Knight,Namor,-0.001736145970884015,0.0025027815114898664
allied,Moon Knight,Adam Warlock,-0.005570477554384821,0.0022185997628697864
allied,Moon Knight,Jeff The Land Shark,0.004554748919882033,0.0037020679085945896
allied,Moon Knight,Psylocke,-0.015244128665664016,-0.019502608934888647
allied,Moon Knight,Wolverine,-0.0027935122374963097,-0.005737556819965121
allied,Moon Knight,Invisible Woman,-0.021702772727051657,-0.025569421577867037
allied,Moon Knight,The Thing,-0.017397375716540018,-0.013649065891307257
allied,Moon Knight,Iron Fist,0.0010213114771550446,0.006964224225929699
allied,Moon Knight,Emma Frost,-0.004460602357266303,-0.003633549811079474
allied,Moon Knight,Phoenix,0.0008797085641855866,-0.0005571975763937068
allied,Moon Knight,Daredevil,-0.0028358549502587897,-0.0016465149172959085
allied,Moon Knight,Angela,0.012204935115426498,0.013410670685301648
allied,Moon Knight,Gambit,-0.011665372205794953,-0.014966274202503358
allied,Moon Knight,Elsa Bloodstone,-0.001978891986729674,-0.00460635956042596
allied,Moon Knight,White Fox,0.00038713122786082974,-0.002107122272049398
allied,Moon Knight,Black Cat,-0.00028971938418640965,0.00011557419618859449
allied,Moon Knight,Devil Dinosaur,-0.024207435491516355,-0.02554078521684574
allied,Moon Knight,Cyclops,-0.025882820128935186,-0.0318087127218058
allied,Moon Knight,Jubilee,0.008286037891808819,0.009161399886051353
allied,Moon Knight,Rogue,-0.013347955106188351,-0.013299810502265589
allied,Moon Knight,The Hood,-0.0046324173787486,-0.00177621026379982
allied,Moon Knight,Deadpool (Vanguard),0.030201253846609148,0.03383792340864469
allied,Moon Knight,Deadpool (Duelist),0.005637342256483796,0.002956163991303083
allied,Moon Knight,Deadpool (Strategist),-0.0013216839967402005,-0.0008318668950584747
allied,Luna Snow,Squirrel Girl,-0.004252363307160796,-0.0061494671184008825
allied,Luna Snow,Black Widow,0.006941690782961538,0.009604105702584761
allied,Luna Snow,Iron Man,-0.007607943673783139,-0.014296688397157425
allied,Luna Snow,Venom,0.030476531274707282,0.04180016656297364
allied,Luna Snow,Spider-man,0.020416046934138142,0.020807629294723493
allied,Luna Snow,Magneto,-0.004733433399778255,-0.012564051004947096
allied,Luna Snow,Scarlet Witch,-0.017177561730867263,-0.019623604566745827
allied,Luna Snow,Thor,0.010178955441594075,0.017885969042130603
allied,Luna Snow,Mister Fantastic,-0.027379719146771755,-0.029785846838060313
allied,Luna Snow,Winter Soldier,0.0012780107672416853,0.0027183843076533255
allied,Luna Snow,Peni Parker,-0.011377652262706312,-0.009966242802132607
allied,Luna Snow,Star-lord,-0.02322851701407811,-0.022916308684539678
allied,Luna Snow,Blade,-0.013992897916160572,-0.0174741830779054
allied,Luna Snow,Namor,0.004292882560999121,0.01307620202952699
allied,Luna Snow,Adam Warlock,0.012566180609119227,-0.026951668232398245
allied,Luna Snow,Jeff The Land Shark,0.007700751685498099,0.012001472435341415
allied,Luna Snow,Psylocke,0.03359152882703349,0.043017631305189416
allied,Luna Snow,Wolverine,-0.014591248342215576,-0.016684055931680916
allied,Luna Snow,Invisible Woman,-0.024179204225862137,-0.02017319532924819
allied,Luna Snow,The Thing,0.022039749010827298,0.015961282420741314
allied,Luna Snow,Iron Fist,-0.015724804785712677,-0.02392718813554802
allied,Luna Snow,Emma Frost,0.018889559917385494,0.017975808638384636
allied,Luna Snow,Phoenix,0.008608772465818447,0.018439787687454644
allied,Luna Snow,Daredevil,0.05171919504461572,0.0557505740815275
allied,Luna Snow,Angela,0.012959563463807791,0.01537945070404701
allied,Luna Snow,Gambit,-0.03282402245778881,-0.030722438360034424
allied,Luna Snow,Elsa Bloodstone,0.002661566172262475,0.006393389972665176
allied,Luna Snow,White Fox,0.09993923659416193,0.1059156232926793
allied,Luna Snow,Black Cat,0.027553402147940043,0.028050364408883543
allied,Luna Snow,Devil Dinosaur,-0.009920476321905458,-0.011287924153064718
allied,Luna Snow,Cyclops,-0.002400857319855513,0.007228503251406528
allied,Luna Snow,Jubilee,-0.017971192301164132,-0.014387371790585702
allied,Luna Snow,Rogue,-0.036538099840283125,-0.03821950618423337
allied,Luna Snow,The Hood,-0.027736410271912433,-0.027804826049105034
allied,Luna Snow,Deadpool (Vanguard),-0.011579851403762451,-0.006613057075289643
allied,Luna Snow,Deadpool (Duelist),-0.019787129036103464,-0.018552967661774732
allied,Luna Snow,Deadpool (Strategist),-0.004602044759778973,-0.014036184430798036
allied,Squirrel Girl,Black Widow,0.004309599239110628,0.004683916175562716
allied,Squirrel Girl,Iron Man,0.13630735160740984,0.1477338620359837
allied,Squirrel Girl,Venom,0.008868700767646207,0.010319071112364504
allied,Squirrel Girl,Spider-man,0.03048366466352475,0.03546205172582802
allied,Squirrel Girl,Magneto,-0.001984597175319928,-0.005166771227243928
allied,Squirrel Girl,Scarlet Witch,0.009281911683668367,0.01421183962783857
allied,Squirrel Girl,Thor,0.0038428428204042055,0.0053506970704609675
allied,Squirrel Girl,Mister Fantastic,-0.003953744673165229,-0.007848674856203832
allied,Squirrel Girl,Winter Soldier,-0.03104398634555581,-0.030780468829586752
allied,Squirrel Girl,Peni Parker,0.008005484993465706,0.00984295164106044
allied,Squirrel Girl,Star-lord,-0.01586490682128626,-0.017170164967857244
allied,Squirrel Girl,Blade,0.0214293869211497,0.02120426787991532
allied,Squirrel Girl,Namor,-0.015902411986922896,-0.01287589864076853
allied,Squirrel Girl,Adam Warlock,-0.006815744816231478,9.207446662668883e-05
allied,Squirrel Girl,Jeff The Land Shark,0.0016350656627569687,-0.00030817538233671686
allied,Squirrel Girl,Psylocke,-0.007739249525735395,-0.011407104654203044
allied,Squirrel Girl,Wolverine,0.01614110254195186,0.014738637105448055
allied,Squirrel Girl,Invisible Woman,-0.002684565900305066,-0.004899538524442732
allied,Squirrel Girl,The Thing,0.006896085251685655,0.01406069174043517
allied,Squirrel Girl,Iron Fist,-0.019217522979566064,-0.014992262061275687
allied,Squirrel Girl,Emma Frost,0.014492425883732979,0.018134242835699522
allied,Squirrel Girl,Phoenix,0.0012293968942309575,-0.00021219598097364044
allied,Squirrel Girl,Daredevil,-0.0034696645823246667,-0.002366838314434746
allied,Squirrel Girl,Angela,-0.01237349534591406,-0.013256264070248021
allied,Squirrel Girl,Gambit,0.001377462114977486,-0.001018685218299974
allied,Squirrel Girl,Elsa Bloodstone,0.01557352466395494,0.014372637351910534
allied,Squirrel Girl,White Fox,-0.009133686418538681,-0.013543641750914456
allied,Squirrel Girl,Black Cat,-0.005861485217535588,-0.005953543358180315
allied,Squirrel Girl,Devil Dinosaur,0.015861790656375475,0.019721678177986778
allied,Squirrel Girl,Cyclops,-0.035108956621927874,-0.04183624457470056
allied,Squirrel Girl,Jubilee,0.022708637738182446,0.024661225086556073
allied,Squirrel Girl,Rogue,-0.021974221067747737,-0.02221777102042137
allied,Squirrel Girl,The Hood,0.0015250432401270192,0.0057547557704514755
allied,Squirrel Girl,Deadpool (Vanguard),-0.013691170494752354,-0.014318482559565648
allied,Squirrel Girl,Deadpool (Duelist),0.003702776290032282,0.0008268613327577241
allied,Squirrel Girl,Deadpool (Strategist),0.02769724200682042,0.031088825232281615
allied,Black Widow,Iron Man,-0.0004246673705044718,-0.0013458226545489287
allied,Black Widow,Venom,-0.013464571596478236,-0.015570354597663125
allied,Black Widow,Spider-man,-0.019814783192728145,-0.01999278872572099
allied,Black Widow,Magneto,0.0066546146556777114,0.0034049461919164734
allied,Black Widow,Scarlet Witch,-0.023149807594559358,-0.021889760427993576
allied,Black Widow,Thor,0.008532352428899471,0.0095278282255734
allied,Black Widow,Mister Fantastic,0.019797343634078365,0.016906942264546556
allied,Black Widow,Winter Soldier,-0.011365660853735087,-0.010436468390502425
allied,Black Widow,Peni Parker,-0.006712587168683635,-0.0075735178002861005
allied,Black Widow,Star-lord,-0.005773613465168545,-0.0072108377381664085
allied,Black Widow,Blade,-0.003831517283852466,-0.007129905288598901
allied,Black Widow,Namor,-0.04303030603298616,-0.04323239520512013
allied,Black Widow,Adam Warlock,-0.015832289203454617,-0.006891275999401324
allied,Black Widow,Jeff The Land Shark,-0.026185111641433674,-0.02844561287995317
allied,Black Widow,Psylocke,-0.010611236936905789,-0.01548960315163869
allied,Black Widow,Wolverine,0.026137501855203277,0.02459517510790612
allied,Black Widow,Invisible Woman,0.03178592847135866,0.03704002961327697
allied,Black Widow,The Thing,-0.011181904144040562,-0.00709414715035817
allied,Black Widow,Iron Fist,-0.009186998088348828,-0.005098759232765051
allied,Black Widow,Emma Frost,0.016958359292643273,0.01983734003248252
allied,Black Widow,Phoenix,0.034666635513740246,0.03503545915802294
allied,Black Widow,Daredevil,0.03158315148152286,0.03463081031226902
allied,Black Widow,Angela,0.010544550503099711,0.011202617572254504
allied,Black Widow,Gambit,0.031753971233677715,0.0363151495098358
allied,Black Widow,Elsa Bloodstone,-0.013512294910818122,-0.01810468414513952
allied,Black Widow,White Fox,-0.023936875753435966,-0.027036967783075887
allied,Black Widow,Black Cat,0.02075330124139469,0.02190403160047709
allied,Black Widow,Devil Dinosaur,0.010942584773772126,0.013207793470750474
allied,Black Widow,Cyclops,0.026297270986476384,0.023707419437067064
allied,Black Widow,Jubilee,-0.016891824080840275,-0.016729032490246466
allied,Black Widow,Rogue,-0.013761336595583954,-0.014120401349414025
allied,Black Widow,The Hood,-0.01035452632934609,-0.008503489632340468
allied,Black Widow,Deadpool (Vanguard),-0.014461538365662647,-0.016216215083462153
allied,Black Widow,Deadpool (Duelist),0.015099200155575409,0.012199905930258163
allied,Black Widow,Deadpool (Strategist),-0.00882794283749482,-0.006841745747975012
allied,Iron Man,Venom,-0.007774263806242399,-0.0029028740745226634
allied,Iron Man,Spider-man,0.039156604871662705,0.043954999320706484
allied,Iron Man,Magneto,-0.015828185916315494,-0.015274026270390215
allied,Iron Man,Scarlet Witch,-0.013665227815333678,-0.011546083116057015
allied,Iron Man,Thor,0.039500244534457184,0.05032009349515715
allied,Iron Man,Mister Fantastic,0.019066349138669524,0.016185109522199002
allied,Iron Man,Winter Soldier,-0.01804776987761404,-0.017604548390088796
allied,Iron Man,Peni Parker,0.00491193104613674,0.011696586958999243
allied,Iron Man,Star-lord,-0.001785234654907283,-0.0028206453158121053
allied,Iron Man,Blade,0.021303403741899197,0.020166221661574602
allied,Iron Man,Namor,-0.00731169551802574,-0.0044720158002357
allied,Iron Man,Adam Warlock,0.012449377383709426,0.017393143575253803
allied,Iron Man,Jeff The Land Shark,0.013945845171558825,0.009169258198758962
allied,Iron Man,Psylocke,0.02611779043948878,0.024365259797551213
allied,Iron Man,Wolverine,-0.002486186538598472,-0.006340023665180632
allied,Iron Man,Invisible Woman,0.0076176382134579305,0.0023182477372342323
allied,Iron Man,The Thing,0.01360978265945155,0.026826241340828418
allied,Iron Man,Iron Fist,-0.0368003634033909,-0.03493957604693932
allied,Iron Man,Emma Frost,-0.006284232950791825,0.00031299496870889113
allied,Iron Man,Phoenix,-0.008904985126441464,-0.012091339824342576
allied,Iron Man,Daredevil,-0.009991586045833254,-0.010332964882283817
allied,Iron Man,Angela,-0.0030978000677108954,0.0023598600837910918
allied,Iron Man,Gambit,0.0021423907207266525,-0.004530333903138569
allied,Iron Man,Elsa Bloodstone,0.005383510471569749,0.0024332327401423255
allied,Iron Man,White Fox,-0.020209377381882866,-0.030375987450983074
allied,Iron Man,Black Cat,0.0073483749884403005,0.007453795978356199
allied,Iron Man,Devil Dinosaur,-0.01762493178883084,-0.012241261343745646
allied,Iron Man,Cyclops,-0.030960389703774325,-0.038244098127533196
allied,Iron Man,Jubilee,0.006485043338225627,0.002037488020298245
allied,Iron Man,Rogue,0.004459699480009449,0.01248923564507208
allied,Iron Man,The Hood,-0.04679987263300792,-0.0427177121532345
allied,Iron Man,Deadpool (Vanguard),-0.011488428457309258,-0.006571990445383204
allied,Iron Man,Deadpool (Duelist),0.007315233034958462,0.0038382932402851932
allied,Iron Man,Deadpool (Strategist),0.012241343230123354,0.009328745742191008
allied,Venom,Spider-man,-0.006123140246422668,-0.008178082843540182
allied,Venom,Magneto,0.0038226150269396663,0.0168237537841425
allied,Venom,Scarlet Witch,-0.0009668753753857916,-0.006982282321528911
allied,Venom,Thor,0.020321616260765688,0.014305235660627554
allied,Venom,Mister Fantastic,-0.02331754811163142,-0.019716012880764296
allied,Venom,Winter Soldier,-0.009192152117635095,-0.015236325844828924
allied,Venom,Peni Parker,-0.015792494400297827,-0.024677943607657467
allied,Venom,Star-lord,0.0006049492537727291,-0.0011323260039204468
allied,Venom,Blade,-0.009699803513980183,-0.0048835606826827405
allied,Venom,Namor,-0.014000640753533251,-0.029138434510684385
allied,Venom,Adam Warlock,-0.021095431003290418,-0.009715647798633239
allied,Venom,Jeff The Land Shark,0.03528806056257045,0.041874090722931266
allied,Venom,Psylocke,0.0017191000599769376,0.003600737685644008
allied,Venom,Wolverine,-0.01481781489741898,-0.010566210600635945
allied,Venom,Invisible Woman,-0.025744890014908556,-0.03380787087550917
allied,Venom,The Thing,0.014108897955681913,0.011218973631578756
allied,Venom,Iron Fist,0.006611151920208626,0.0036775613724765194
allied,Venom,Emma Frost,0.012547398485832393,0.013191770578071981
allied,Venom,Phoenix,0.03929054711480872,0.03983901100625521
allied,Venom,Daredevil,0.0187836277322061,0.0215721908387774
allied,Venom,Angela,5.97313058539177e-05,-0.0023986743578856195
allied,Venom,Gambit,0.0018012582372830587,-0.0004185597200284233
allied,Venom,Elsa Bloodstone,0.04016784853100808,0.047041668749627265
allied,Venom,White Fox,-0.0034102706162977984,0.011007584797934495
allied,Venom,Black Cat,-0.01809881078140258,-0.01731431301994945
allied,Venom,Devil Dinosaur,-0.007020141376799221,-0.013906981151567199
allied,Venom,Cyclops,0.00881584828256413,0.008809485464651313
allied,Venom,Jubilee,-0.026625914617271908,-0.035484457102177756
allied,Venom,Rogue,0.02271918859492915,0.016478178372301682
allied,Venom,The Hood,0.015655132536575855,0.00411277276547734
allied,Venom,Deadpool (Vanguard),-0.010948103796703497,-0.02255251466924267
allied,Venom,Deadpool (Duelist),0.00882583171308019,0.01308526247317913
allied,Venom,Deadpool (Strategist),0.018019626763625805,0.02610781757084104
allied,Spider-man,Magneto,0.004738130531900199,0.0004965152897141471
allied,Spider-man,Scarlet Witch,0.004066801405221685,0.010017658323109174
allied,Spider-man,Thor,-0.013689678305475378,-0.015973312504353982
allied,Spider-man,Mister Fantastic,0.006779379473871256,0.005232271368750137
allied,Spider-man,Winter Soldier,-0.011692396035985679,-0.008364000057376341
allied,Spider-man,Peni Parker,0.045327373270282634,0.04955200747309188
allied,Spider-man,Star-lord,-0.01441611486507588,-0.01414600737200611
allied,Spider-man,Blade,0.0019479692070723678,0.001556822360910801
allied,Spider-man,Namor,-0.011983225758654393,-0.0071758099694240384
allied,Spider-man,Adam Warlock,0.013284691727285181,0.021910200469746
allied,Spider-man,Jeff The Land Shark,0.011291851862025686,0.009760843983503659
allied,Spider-man,Psylocke,-0.013679965795922499,-0.016387262369185664
allied,Spider-man,Wolverine,0.015243869169930438,0.0152215800657585
allied,Spider-man,Invisible Woman,-0.016953383809279896,-0.021746823780376345
allied,Spider-man,The Thing,0.0172277978956666,0.02373946973922877
allied,Spider-man,Iron Fist,-0.029993779725037,-0.02521027721908576
allied,Spider-man,Emma Frost,-0.005484333894777155,-0.0059093179872345865
allied,Spider-man,Phoenix,0.02456442134543417,0.026519128653453728
allied,Spider-man,Daredevil,-0.027044250833859675,-0.02644800399321342
allied,Spider-man,Angela,-0.06225693936348828,-0.07057511917016276
allied,Spider-man,Gambit,0.007504247613344373,0.005079083359025844
allied,Spider-man,Elsa Bloodstone,0.016604994609301465,0.016944751745593938
allied,Spider-man,White Fox,-0.007713965820348085,-0.012741321186286967
allied,Spider-man,Black Cat,-0.054045806194141954,-0.05669197369115628
allied,Spider-man,Devil Dinosaur,0.03303760336600742,0.037015457623452507
allied,Spider-man,Cyclops,0.007083615854037275,0.005321576080148943
allied,Spider-man,Jubilee,0.008847178891795895,0.008272218776034273
allied,Spider-man,Rogue,-0.006842291944513812,-0.007198092818063328
allied,Spider-man,The Hood,-0.0201713985154391,-0.020202187472009213
allied,Spider-man,Deadpool (Vanguard),-0.0022930650527906845,-0.0034531960904912954
allied,Spider-man,Deadpool (Duelist),0.03277985587766834,0.03377798009096915
allied,Spider-man,Deadpool (Strategist),0.027051054985620597,0.029566999725094883
allied,Magneto,Scarlet Witch,-0.005519143786862371,-0.015457363781320671
allied,Magneto,Thor,0.018272817033459173,0.032677383215792076
allied,Magneto,Mister Fantastic,-0.004149712156222342,-0.001799219976301405
allied,Magneto,Winter Soldier,0.010402948642145112,0.0031558578447172265
allied,Magneto,Peni Parker,-0.008271328066785863,0.004849725932603151
allied,Magneto,Star-lord,0.005586176488908887,0.0009999159892497694
allied,Magneto,Blade,-0.010679332122014789,-0.009383478350183291
allied,Magneto,Namor,-0.004334520331034846,-0.021793605317289688
allied,Magneto,Adam Warlock,0.022827118087550304,0.027770373825342573
allied,Magneto,Jeff The Land Shark,0.012500383109650876,0.001928599394328145
allied,Magneto,Psylocke,-0.01799494909257935,-0.021743907510788633
allied,Magneto,Wolverine,0.0336076056943917,0.039903664110812254
allied,Magneto,Invisible Woman,0.0026015338698072254,-0.01440128029435695
allied,Magneto,The Thing,0.014355183160175757,0.03226645629363482
allied,Magneto,Iron Fist,0.016744765705836585,0.011542541148474153
allied,Magneto,Emma Frost,-0.026163199584375168,-0.011172024896654063
allied,Magneto,Phoenix,0.0038261616960271402,-0.0030300467940819493
allied,Magneto,Daredevil,0.024976150618794865,0.025052165630953954
allied,Magneto,Angela,-0.019591594967945474,-0.0045454488628341
allied,Magneto,Gambit,0.02886227712438532,0.017496042917465246
allied,Magneto,Elsa Bloodstone,0.015056586107234388,0.01569188241351592
allied,Magneto,White Fox,-0.007276395312452463,-0.006975389937995058
allied,Magneto,Black Cat,0.03049164521129707,0.03333918624468565
allied,Magneto,Devil Dinosaur,-0.020844630290242205,-0.009261525124029212
allied,Magneto,Cyclops,-0.023253665255226104,-0.030282311039527887
allied,Magneto,Jubilee,0.027620336785557528,0.013984433276784947
allied,Magneto,Rogue,0.026618085674489467,0.04178343937393227
allied,Magneto,The Hood,-0.027062708093164765,-0.02492218711296476
allied,Magneto,Deadpool (Vanguard),-0.010216971390523572,-0.0009398550916117116
allied,Magneto,Deadpool (Duelist),-0.007451410170111892,-0.008435462547175207
allied,Magneto,Deadpool (Strategist),-0.011875163517499582,-0.022087001147643816
allied,Scarlet Witch,Thor,0.010991400849441859,0.006946525888458235
allied,Scarlet Witch,Mister Fantastic,-0.0051705863235690245,-0.005996404853246186
allied,Scarlet Witch,Winter Soldier,0.01639492894636943,0.023775717093301698
allied,Scarlet Witch,Peni Parker,0.009546710355291248,0.005199852628780496
allied,Scarlet Witch,Star-lord,-0.006186547602322196,-0.003516213383200334
allied,Scarlet Witch,Blade,-8.533856664470902e-06,0.0011530649720620453
allied,Scarlet Witch,Namor,-0.00016637611323539028,0.007339728296284814
allied,Scarlet Witch,Adam Warlock,0.00948943080307495,0.019502107816671253
allied,Scarlet Witch,Jeff The Land Shark,-0.014496453167450093,-0.01738942328799483
allied,Scarlet Witch,Psylocke,-0.003369108373938449,-0.003503014879901556
allied,Scarlet Witch,Wolverine,0.01631208346040062,0.01809419651498679
allied,Scarlet Witch,Invisible Woman,-0.01307836056215067,-0.015525846740694205
allied,Scarlet Witch,The Thing,0.011353907917000472,0.012662707859784775
allied,Scarlet Witch,Iron Fist,0.024194948869000827,0.03520248032376701
allied,Scarlet Witch,Emma Frost,-0.005804054268888227,-0.010806303246225842
allied,Scarlet Witch,Phoenix,-0.024791347406830252,-0.025227513329208105
allied,Scarlet Witch,Daredevil,0.02037896101112689,0.026636345807067016
allied,Scarlet Witch,Angela,0.014658950297240455,0.010463121021697951
allied,Scarlet Witch,Gambit,-0.02642450612362868,-0.03122918870840708
allied,Scarlet Witch,Elsa Bloodstone,-0.03451169967647275,-0.036709324774965704
allied,Scarlet Witch,White Fox,-0.01115167440688639,-0.014747167459480797
allied,Scarlet Witch,Black Cat,0.024622918806556777,0.030237515959391573
allied,Scarlet Witch,Devil Dinosaur,0.019503697680536062,0.01741587607022797
allied,Scarlet Witch,Cyclops,-0.025716243908264276,-0.028491705284585108
allied,Scarlet Witch,Jubilee,0.061617147383184336,0.06950000921550803
allied,Scarlet Witch,Rogue,-0.0011459277648267529,-0.0054013576257132545
allied,Scarlet Witch,The Hood,-0.0352568648943602,-0.04152809342316547
allied,Scarlet Witch,Deadpool (Vanguard),0.009262471900370942,0.00486267364377416
allied,Scarlet Witch,Deadpool (Duelist),-0.022441202930746834,-0.024321944080515176
allied,Scarlet Witch,Deadpool (Strategist),-0.001979606688297454,-0.0012309187714011614
allied,Thor,Mister Fantastic,-0.014502846512752049,-0.009284863251845975
allied,Thor,Winter Soldier,-0.0013779036162845097,-0.0059183177117874105
allied,Thor,Peni Parker,0.0028391372099231043,-0.003950103336190253
allied,Thor,Star-lord,-0.0011983222052135587,-0.002515129914660346
allied,Thor,Blade,0.010198409610792169,0.017879517979165954
allied,Thor,Namor,0.013087466492563779,0.0016243889839568822
allied,Thor,Adam Warlock,0.012978306677843098,0.0294797150095601
allied,Thor,Jeff The Land Shark,-0.0015981848536805086,-0.0012948125640538232
allied,Thor,Psylocke,-0.0015029257422674277,0.0006393746841911379
allied,Thor,Wolverine,0.004883554673141799,0.011977852568202626
allied,Thor,Invisible Woman,0.012989664863446188,0.010797369036601664
allied,Thor,The Thing,-0.02695176667277846,-0.037635330233168326
allied,Thor,Iron Fist,-0.008350596138634082,-0.012345855238653078
allied,Thor,Emma Frost,-0.008635900838944265,-0.012491876690073378
allied,Thor,Phoenix,-0.0004673094061599481,-0.003773482327844208
allied,Thor,Daredevil,-0.0031467980897347705,-0.002204837019755372
allied,Thor,Angela,-0.007166568752124294,-0.011812920113845809
allied,Thor,Gambit,-0.021406705702892978,-0.027710886293712253
allied,Thor,Elsa Bloodstone,-0.012719561238726244,-0.011179256083785581
allied,Thor,White Fox,-0.023518263940971378,-0.012686561597041124
allied,Thor,Black Cat,-0.034223142336079544,-0.034631263465729804
allied,Thor,Devil Dinosaur,0.005434041163532162,-0.000380072636125079
allied,Thor,Cyclops,-0.016313325546294995,-0.018526588940040507
allied,Thor,Jubilee,-0.007203266579065436,-0.013294823343810462
allied,Thor,Rogue,-0.008048307094922942,-0.020377579451582493
allied,Thor,The Hood,0.020528784152260067,0.00880320440425974
allied,Thor,Deadpool (Vanguard),-0.0002151816852257819,-0.011032045825304534
allied,Thor,Deadpool (Duelist),-0.017541268510072313,-0.015628175089998454
allied,Thor,Deadpool (Strategist),0.00038554551417119737,0.005285176263173157
allied,Mister Fantastic,Winter Soldier,-0.0075326957400365805,-0.009866337485333542
allied,Mister Fantastic,Peni Parker,-0.011796716962767339,-0.006413179044834688
allied,Mister Fantastic,Star-lord,-0.015214872478652754,-0.021019346407561843
allied,Mister Fantastic,Blade,-0.004412454805328018,-0.01134091371785056
allied,Mister Fantastic,Namor,0.0075882345695333555,0.008015871069539668
allied,Mister Fantastic,Adam Warlock,0.008249265836324154,0.019422107050654676
allied,Mister Fantastic,Jeff The Land Shark,0.0003333843419731056,0.0006093287316843317
allied,Mister Fantastic,Psylocke,0.014952075669133806,0.008618840157234058
allied,Mister Fantastic,Wolverine,0.00045317941395847644,-0.006807819866439592
allied,Mister Fantastic,Invisible Woman,-0.004961115400295185,-0.005078761112028722
allied,Mister Fantastic,The Thing,-0.0024721162878523746,0.009413819759928726
allied,Mister Fantastic,Iron Fist,0.019069834034651838,0.02192730441687993
allied,Mister Fantastic,Emma Frost,0.00024936759416377646,0.00806342309760345
allied,Mister Fantastic,Phoenix,-0.01188825738531191,-0.01897453773621969
allied,Mister Fantastic,Daredevil,0.007974192100528164,0.005475848604786223
allied,Mister Fantastic,Angela,0.008583591314984441,0.015837912633797167
allied,Mister Fantastic,Gambit,0.019655049064447754,0.02192549569975697
allied,Mister Fantastic,Elsa Bloodstone,-0.001223194840833557,-0.00837486785532158
allied,Mister Fantastic,White Fox,0.002054524800050909,0.0014249914699017258
allied,Mister Fantastic,Black Cat,0.0029825731798064966,-0.0009269579418245831
allied,Mister Fantastic,Devil Dinosaur,-0.017198361229190762,-0.011285742951259843
allied,Mister Fantastic,Cyclops,-0.002442058620478955,-0.011004759299176301
allied,Mister Fantastic,Jubilee,0.005128572788515398,0.007265547618083538
allied,Mister Fantastic,Rogue,0.042593546384337815,0.05539927854195007
allied,Mister Fantastic,The Hood,-0.03783568314999931,-0.0322629199586491
allied,Mister Fantastic,Deadpool (Vanguard),-0.019824725268986914,-0.015366365694061366
allied,Mister Fantastic,Deadpool (Duelist),0.02195814143238942,0.01604777421531376
allied,Mister Fantastic,Deadpool (Strategist),-0.003319492186143316,-0.0014231051348996932
allied,Winter Soldier,Peni Parker,0.00505065974146127,0.0010950854296833052
allied,Winter Soldier,Star-lord,-0.015089164875322488,-0.014470824125483946
allied,Winter Soldier,Blade,-0.009884497136718542,-0.01085587416506222
allied,Winter Soldier,Namor,-0.017231623212059115,-0.012456643073330742
allied,Winter Soldier,Adam Warlock,-0.025292644903631308,-0.018048257539346708
allied,Winter Soldier,Jeff The Land Shark,-0.0041687523327348245,-0.00419129003491357
allied,Winter Soldier,Psylocke,0.004124668520270063,0.0033029485397354057
allied,Winter Soldier,Wolverine,-0.0009434412975233713,-0.001908283614966174
allied,Winter Soldier,Invisible Woman,0.034712738918685135,0.03981860998927266
allied,Winter Soldier,The Thing,0.01754649864476055,0.02045052237317103
allied,Winter Soldier,Iron Fist,-0.011844598522194548,-0.00514685312254552
allied,Winter Soldier,Emma Frost,0.0008601194778488182,-0.0024937878463404924
allied,Winter Soldier,Phoenix,-0.03218520082299796,-0.03454783106177066
allied,Winter Soldier,Daredevil,0.013341124841049802,0.017701665955469816
allied,Winter Soldier,Angela,-0.015217769085042448,-0.02188112653790318
allied,Winter Soldier,Gambit,-0.009691676715540757,-0.010825285810281584
allied,Winter Soldier,Elsa Bloodstone,0.06556407440500941,0.07038145799792607
allied,Winter Soldier,White Fox,-0.01013920580269941,-0.012028670465743862
allied,Winter Soldier,Black Cat,0.017265390940211386,0.020956546062396546
allied,Winter Soldier,Devil Dinosaur,-0.026520038399359444,-0.03289414556226631
allied,Winter Soldier,Cyclops,-0.013388022562364932,-0.016449071634876637
allied,Winter Soldier,Jubilee,0.0014447473899454374,0.003385529037140854
allied,Winter Soldier,Rogue,0.0170992464102766,0.01579661154749175
allied,Winter Soldier,The Hood,0.015049799871236278,0.015342688082868426
allied,Winter Soldier,Deadpool (Vanguard),0.008452871298359747,0.004859588463321496
allied,Winter Soldier,Deadpool (Duelist),0.0149169655341212,0.014833128288460177
allied,Winter Soldier,Deadpool (Strategist),0.00014963203548976946,0.0027439446068860487
allied,Peni Parker,Star-lord,-0.019612562143353593,-0.0231427579128428
allied,Peni Parker,Blade,-0.0024815055359006136,0.003632113993445417
allied,Peni Parker,Namor,-0.005272752341324342,-0.018943133115263962
allied,Peni Parker,Adam Warlock,0.013813878322347907,0.02761842562373149
allied,Peni Parker,Jeff The Land Shark,-0.021514830300938415,-0.027243496788535583
allied,Peni Parker,Psylocke,-0.030366775049662915,-0.03161487912319038
allied,Peni Parker,Wolverine,-0.0026456846461715075,0.0034612829508575997
allied,Peni Parker,Invisible Woman,0.01593144557852528,0.011380786607689633
allied,Peni Parker,The Thing,-0.005516966206853894,-0.009534867536857778
allied,Peni Parker,Iron Fist,0.02971415959137364,0.029867157547779417
allied,Peni Parker,Emma Frost,0.013293979362528713,0.016185690786728515
allied,Peni Parker,Phoenix,-0.012630401030829845,-0.017445849153072252
allied,Peni Parker,Daredevil,0.018620610580714774,0.021875138516344535
allied,Peni Parker,Angela,-0.0038634984140942363,-0.004848261176086844
allied,Peni Parker,Gambit,-0.03486086441914011,-0.04615846984827078
allied,Peni Parker,Elsa Bloodstone,-0.008637761228543792,-0.0067769495240817546
allied,Peni Parker,White Fox,-0.007663127306056629,0.0028855726667132357
allied,Peni Parker,Black Cat,0.0135962627794746,0.018435136686489238
allied,Peni Parker,Devil Dinosaur,0.015798609098748147,0.014816036163442334
allied,Peni Parker,Cyclops,-0.018447597438063148,-0.021040516227287212
allied,Peni Parker,Jubilee,-0.007166010514289055,-0.016082729027538135
allied,Peni Parker,Rogue,-0.007785047106482868,-0.01695636808109706
allied,Peni Parker,The Hood,0.033798907596782383,0.027386262525326246
allied,Peni Parker,Deadpool (Vanguard),0.008330985881841078,0.0020443891723375684
allied,Peni Parker,Deadpool (Duelist),-0.03731660334846361,-0.03777020812829564
allied,Peni Parker,Deadpool (Strategist),-0.0062075424752832155,-0.005198664483500976
allied,Star-lord,Blade,-0.005066789966625728,-0.00846900883737695
allied,Star-lord,Namor,-0.013397302995529577,-0.01113498249374521
allied,Star-lord,Adam Warlock,0.013676136432137314,0.027726772225184763
allied,Star-lord,Jeff The Land Shark,0.013018568501655416,0.017079596665567222
allied,Star-lord,Psylocke,0.015573386518464002,0.012872524796419817
allied,Star-lord,Wolverine,0.020853995831095484,0.0188710252037945
allied,Star-lord,Invisible Woman,-0.05387106833412186,-0.05790302240834344
allied,Star-lord,The Thing,0.002486673216893086,0.006897776736863866
allied,Star-lord,Iron Fist,0.008465060735537724,0.014020894706470811
allied,Star-lord,Emma Frost,-0.03201138405505256,-0.03586447203357824
allied,Star-lord,Phoenix,-0.003979626516280421,-0.006827228051693491
allied,Star-lord,Daredevil,0.016114756164998967,0.017874388326612287
allied,Star-lord,Angela,0.018112123347972717,0.01840633588528819
allied,Star-lord,Gambit,0.006801736006156491,0.00966495426341959
allied,Star-lord,Elsa Bloodstone,-0.002557315723661938,-0.006239306868409994
allied,Star-lord,White Fox,-0.037153166692322645,-0.040484225704778234
allied,Star-lord,Black Cat,0.012121611195235846,0.012553128763679776
allied,Star-lord,Devil Dinosaur,0.01650078362057956,0.018175807198024387
allied,Star-lord,Cyclops,0.007113137033435021,0.0029261093603346064
allied,Star-lord,Jubilee,-0.02527571615579648,-0.024739841690027034
allied,Star-lord,Rogue,0.014704868981685701,0.01633591656972033
allied,Star-lord,The Hood,-0.015510293344717162,-0.015456234625347585
allied,Star-lord,Deadpool (Vanguard),-0.02034837400978739,-0.023982374347472663
allied,Star-lord,Deadpool (Duelist),0.011942046418721632,0.008779020823700101
allied,Star-lord,Deadpool (Strategist),-0.019392539391504232,-0.017305847486690434
allied,Blade,Namor,-0.019440004235901264,-0.019703182611349894
allied,Blade,Adam Warlock,0.0029701944053038497,0.010734641566474157
allied,Blade,Jeff The Land Shark,-0.021203333932881846,-0.026367989451810157
allied,Blade,Psylocke,-0.009238790774303429,-0.016026771781139933
allied,Blade,Wolverine,-0.01805706162824909,-0.02530017837020161
allied,Blade,Invisible Woman,0.013773918154502638,0.01324964151283616
allied,Blade,The Thing,-0.024667672631933847,-0.01560094474913738
allied,Blade,Iron Fist,-0.02083408992280776,-0.019738691420683085
allied,Blade,Emma Frost,-0.025042446343133615,-0.02039635329402432
allied,Blade,Phoenix,-0.004250711721455814,-0.009143613679973545
allied,Blade,Daredevil,-0.0017879377643390806,-0.003540555871680753
allied,Blade,Angela,-0.008149444911015007,-0.003099047897732617
allied,Blade,Gambit,-0.002723924492679248,-0.005999359676293576
allied,Blade,Elsa Bloodstone,-0.006525810748447389,-0.012560726813291663
allied,Blade,White Fox,0.0012735701864055285,-0.002202092594731997
allied,Blade,Black Cat,-0.0217715862960116,-0.026182728892873524
allied,Blade,Devil Dinosaur,-0.004255337049817704,0.0027959901001111
allied,Blade,Cyclops,0.019914217990575637,0.014769494119075256
allied,Blade,Jubilee,-0.015654234414148194,-0.01886362060919567
allied,Blade,Rogue,0.004721259132585375,0.012941997500997315
allied,Blade,The Hood,-0.006723531728167268,0.0020344629091940685
allied,Blade,Deadpool (Vanguard),0.013818095753113897,0.02174673472353139
allied,Blade,Deadpool (Duelist),-0.005416507073828838,-0.012046510453464635
allied,Blade,Deadpool (Strategist),0.003113514035304696,0.0030655167399466507
allied,Namor,Adam Warlock,-0.01049419046002505,0.005566090663606885
allied,Namor,Jeff The Land Shark,-0.01683115738766226,-0.011470408767810383
allied,Namor,Psylocke,0.021049575242218867,0.023139224344497406
allied,Namor,Wolverine,-0.009878239227879169,-0.010083239889580521
allied,Namor,Invisible Woman,0.02937435319709559,0.04077901300638097
allied,Namor,The Thing,0.010157740788791987,0.0036775097674020666
allied,Namor,Iron Fist,-0.03075739491236508,-0.02412997732883119
allied,Namor,Emma Frost,0.023528891054562687,0.014176329823265232
allied,Namor,Phoenix,-0.006993755890473631,-0.005757241067313258
allied,Namor,Daredevil,0.014355836867875834,0.02030401886647483
allied,Namor,Angela,0.004059635175585756,-0.008984370854601563
allied,Namor,Gambit,-0.05377197521890755,-0.05344953467267268
allied,Namor,Elsa Bloodstone,-0.020134332561793696,-0.020943839584967996
allied,Namor,White Fox,0.0063330725531645276,0.013468729638499616
allied,Namor,Black Cat,0.017721607825422123,0.022953937036003874
allied,Namor,Devil Dinosaur,0.0022660741600981503,-0.009417645755267153
allied,Namor,Cyclops,0.006503062771571996,0.0066001688423908975
allied,Namor,Jubilee,-0.013506621330261414,-0.006468673819195303
allied,Namor,Rogue,-0.002278912122774402,-0.014316256207228826
allied,Namor,The Hood,0.015846970102675162,0.007677644915011594
allied,Namor,Deadpool (Vanguard),0.029503302941380087,0.01972908065725173
allied,Namor,Deadpool (Duelist),-0.013076154273949024,-0.013985802244094436
allied,Namor,Deadpool (Strategist),0.0020756329045371323,0.01187678253846088
allied,Adam Warlock,Jeff The Land Shark,-0.002181643415982767,-0.03495663504719357
allied,Adam Warlock,Psylocke,-0.025729200171959742,-0.014592843035945893
allied,Adam Warlock,Wolverine,0.00576253000419532,0.01533929049076343
allied,Adam Warlock,Invisible Woman,0.03570760690377362,0.01647642366352186
allied,Adam Warlock,The Thing,0.003022346486848029,0.0022320106307629696
allied,Adam Warlock,Iron Fist,-0.03167181478778209,-0.03274222860514402
allied,Adam Warlock,Emma Frost,-0.01812766518419323,-0.016646114357735935
allied,Adam Warlock,Phoenix,-0.033500895122383745,-0.019808242566540735
allied,Adam Warlock,Daredevil,-0.015704919282621573,-0.010976208753882376
allied,Adam Warlock,Angela,-0.007339031238608088,0.0001630808498118844
allied,Adam Warlock,Gambit,0.012226073450680275,-0.011852354136431043
allied,Adam Warlock,Elsa Bloodstone,-0.04407367629658401,-0.03705841202205503
allied,Adam Warlock,White Fox,0.002669842861546466,-0.04576244122716574
allied,Adam Warlock,Black Cat,-0.028432384257020646,-0.025808299513965148
allied,Adam Warlock,Devil Dinosaur,-0.02412970866457789,-0.019436284125454773
allied,Adam Warlock,Cyclops,-0.0436165576624086,-0.030013813851233605
allied,Adam Warlock,Jubilee,0.040341123310426934,0.020375455052461376
allied,Adam Warlock,Rogue,-0.001918333733450433,0.010308649900837878
allied,Adam Warlock,The Hood,-0.027781494920739683,-0.019512657448281928
allied,Adam Warlock,Deadpool (Vanguard),-0.018048874576776345,-0.005777245690040322
allied,Adam Warlock,Deadpool (Duelist),-0.037297333837475466,-0.029126602280586146
allied,Adam Warlock,Deadpool (Strategist),-0.009037616620493067,-0.05446710703803401
allied,Jeff The Land Shark,Psylocke,0.013882152317777735,0.020062516877183367
allied,Jeff The Land Shark,Wolverine,0.00604063890078617,0.005744751361602728
allied,Jeff The Land Shark,Invisible Woman,0.02333067804165261,0.046428180107439355
allied,Jeff The Land Shark,The Thing,0.0071477587662807495,-0.006834950019419496
allied,Jeff The Land Shark,Iron Fist,0.027907405567506594,0.024376982656730342
allied,Jeff The Land Shark,Emma Frost,0.02454086467348822,0.019024472181120303
allied,Jeff The Land Shark,Phoenix,-0.029891816023796258,-0.02565544021845522
allied,Jeff The Land Shark,Daredevil,-0.0028422404340221006,-0.00641310668703338
allied,Jeff The Land Shark,Angela,-0.007476408137699763,-0.013851760096872112
allied,Jeff The Land Shark,Gambit,-0.0207248844014288,-0.006555425821011648
allied,Jeff The Land Shark,Elsa Bloodstone,-0.030335338665399576,-0.03151019382479795
allied,Jeff The Land Shark,White Fox,0.022086016243916595,0.02228848732791882
allied,Jeff The Land Shark,Black Cat,-0.012510113773096082,-0.01780315685737542
allied,Jeff The Land Shark,Devil Dinosaur,0.026377152120561024,0.025332365097057455
allied,Jeff The Land Shark,Cyclops,-0.0027246041953583,0.006082222161372576
allied,Jeff The Land Shark,Jubilee,0.0049061128715561005,0.022695626135810894
allied,Jeff The Land Shark,Rogue,-0.03461683460619071,-0.04150035280097396
allied,Jeff The Land Shark,The Hood,-0.0022410203559544133,-0.003722849374394467
allied,Jeff The Land Shark,Deadpool (Vanguard),0.007891248491604753,0.010476440111235151
allied,Jeff The Land Shark,Deadpool (Duelist),0.03325283412410612,0.04033492503836774
allied,Jeff The Land Shark,Deadpool (Strategist),0.04194646664197031,0.05141313500972428
allied,Psylocke,Wolverine,0.01157069950346351,0.005776706952817053
allied,Psylocke,Invisible Woman,-0.005552051649942156,-0.001532740220162741
allied,Psylocke,The Thing,-0.0003816157886504442,0.007199829097423282
allied,Psylocke,Iron Fist,0.0003169924528794729,0.0021562554738088968
allied,Psylocke,Emma Frost,-0.01713729202372718,-0.015821583629249847
allied,Psylocke,Phoenix,-0.014579427183732474,-0.021347583803564052
allied,Psylocke,Daredevil,-0.018209519771261916,-0.022344319036431998
allied,Psylocke,Angela,0.02036397604029307,0.024405249200888463
allied,Psylocke,Gambit,-0.021969448529581253,-0.020691239920806837
allied,Psylocke,Elsa Bloodstone,0.01680333413158439,0.011693497385906328
allied,Psylocke,White Fox,0.006340039653131754,0.010457019852336501
allied,Psylocke,Black Cat,0.00032984778180360425,-0.0032583610346365254
allied,Psylocke,Devil Dinosaur,-0.01688378667815436,-0.015475695176971437
allied,Psylocke,Cyclops,0.013039771987190633,0.006307188673356188
allied,Psylocke,Jubilee,-0.010803262913618997,-0.006446943374098834
allied,Psylocke,Rogue,0.006871426958972335,0.011113554172164954
allied,Psylocke,The Hood,-0.01713327843773816,-0.01376861060387711
allied,Psylocke,Deadpool (Vanguard),0.0021263909799173492,0.004517306771536064
allied,Psylocke,Deadpool (Duelist),0.0058946357684212,-0.000810186061591825
allied,Psylocke,Deadpool (Strategist),-0.02826007695136914,-0.025270438823059918
allied,Wolverine,Invisible Woman,-0.016289040937227908,-0.019107916089824338
allied,Wolverine,The Thing,-0.05041542478950708,-0.04423701503391598
allied,Wolverine,Iron Fist,-0.003441103442205047,-0.001635969599814389
allied,Wolverine,Emma Frost,-0.005879958896842813,0.0009363869694523855
allied,Wolverine,Phoenix,-0.004481070132021323,-0.010130499045218268
allied,Wolverine,Daredevil,-0.017440482940672873,-0.02123275394160568
allied,Wolverine,Angela,-0.004823376427167587,0.0006135009377507684
allied,Wolverine,Gambit,0.04508370025323098,0.0492474895383918
allied,Wolverine,Elsa Bloodstone,0.02152640414883204,0.017088071228521254
allied,Wolverine,White Fox,-0.038933653836697585,-0.045971948245186633
allied,Wolverine,Black Cat,-0.0015582541020977864,-0.005025008595346244
allied,Wolverine,Devil Dinosaur,-0.03570168615304425,-0.032180552061012536
allied,Wolverine,Cyclops,0.026438534102802395,0.02109927219691912
allied,Wolverine,Jubilee,-0.02216650387398634,-0.024726652375977216
allied,Wolverine,Rogue,0.011421107583022873,0.020408339980626248
allied,Wolverine,The Hood,-0.0013090735740228752,0.008070632119595788
allied,Wolverine,Deadpool (Vanguard),0.022248584250388607,0.031138651980547886
allied,Wolverine,Deadpool (Duelist),0.02276003577000597,0.017736959620057065
allied,Wolverine,Deadpool (Strategist),-0.010626972490995782,-0.01092925922660502
allied,Invisible Woman,The Thing,0.05083979619342318,0.03903887803036139
allied,Invisible Woman,Iron Fist,-0.024090896361820383,-0.03385288464742373
allied,Invisible Woman,Emma Frost,0.010903975694785899,-0.001644203633025747
allied,Invisible Woman,Phoenix,0.011272542209169135,0.020922685159969624
allied,Invisible Woman,Daredevil,0.005041803088456964,0.0027246646420943433
allied,Invisible Woman,Angela,-0.011903298789334351,-0.023830259281385973
allied,Invisible Woman,Gambit,-0.04523121441983538,-0.02989393032545018
allied,Invisible Woman,Elsa Bloodstone,-0.006091464656241794,-0.003967613198156673
allied,Invisible Woman,White Fox,-0.0025386457954613053,-0.001191820011567987
allied,Invisible Woman,Black Cat,0.00415007074775754,0.0012077730949236777
allied,Invisible Woman,Devil Dinosaur,0.023765423464029,0.01746075037114478
allied,Invisible Woman,Cyclops,0.002540639938284395,0.012273844178059382
allied,Invisible Woman,Jubilee,-0.011551825839249696,0.009001888074365036
allied,Invisible Woman,Rogue,-0.030180909022104973,-0.04119165456902674
allied,Invisible Woman,The Hood,-0.022939481125475707,-0.03258799244574112
allied,Invisible Woman,Deadpool (Vanguard),0.01157559619124481,0.009912771155879355
allied,Invisible Woman,Deadpool (Duelist),-0.026207887265611136,-0.026290164158725413
allied,Invisible Woman,Deadpool (Strategist),-0.018679209988419158,-0.015208884029735064
allied,The Thing,Iron Fist,0.018233281501068392,0.02254520333080056
allied,The Thing,Emma Frost,-0.007184974082369161,-0.006644777315886679
allied,The Thing,Phoenix,0.014928965685505939,0.018669831648326966
allied,The Thing,Daredevil,-0.00438515102665469,0.0017301682982365373
allied,The Thing,Angela,-0.019424085871515923,-0.021945486086200214
allied,The Thing,Gambit,-0.00526107981288071,-0.024662106828483
allied,The Thing,Elsa Bloodstone,-0.01981311807497542,-0.01375896939004738
allied,The Thing,White Fox,-0.029105021823867684,-0.03486287043965218
allied,The Thing,Black Cat,0.015748932410843866,0.026282377049944936
allied,The Thing,Devil Dinosaur,-0.0019133171297041644,-0.004788962343671229
allied,The Thing,Cyclops,-0.0033048179368356722,0.0012600057221370995
allied,The Thing,Jubilee,0.02455921074966764,0.007880658684219723
allied,The Thing,Rogue,0.0016455774049922703,-0.004921825193147264
allied,The Thing,The Hood,0.0027261084168475717,-0.007793244688545022
allied,The Thing,Deadpool (Vanguard),0.025995235170974317,0.02367670768868172
allied,The Thing,Deadpool (Duelist),-0.033774026493878055,-0.028376505057689946
allied,The Thing,Deadpool (Strategist),0.014362422564174587,0.005816657967677812
allied,Iron Fist,Emma Frost,-0.0016654565013348712,-0.003973297351277086
allied,Iron Fist,Phoenix,0.016785391436919456,0.02147489612444286
allied,Iron Fist,Daredevil,-0.04714024995114605,-0.04483397756916576
allied,Iron Fist,Angela,-0.011534392958113523,-0.016452323946752938
allied,Iron Fist,Gambit,-0.015872309136289176,-0.025295902229751244
allied,Iron Fist,Elsa Bloodstone,0.004985536600841711,0.007740567498722601
allied,Iron Fist,White Fox,0.18884173675741134,0.20430748496825304
allied,Iron Fist,Black Cat,-0.006475318310879675,-0.0017816085481143133
allied,Iron Fist,Devil Dinosaur,-0.015809798596680413,-0.019646991903317184
allied,Iron Fist,Cyclops,0.023950153394594702,0.026973422211973016
allied,Iron Fist,Jubilee,-0.03430909268127433,-0.044354945989109065
allied,Iron Fist,Rogue,0.0016489015659471602,-6.34787002581112e-05
allied,Iron Fist,The Hood,-0.006294697912225663,-0.007075456946059084
allied,Iron Fist,Deadpool (Vanguard),-0.007783579861230241,-0.011875153041792435
allied,Iron Fist,Deadpool (Duelist),-0.010188693157242558,-0.009383539555754068
allied,Iron Fist,Deadpool (Strategist),-0.0033076667330672414,-0.008662921453868275
allied,Emma Frost,Phoenix,0.018732700024140705,0.018523587279766905
allied,Emma Frost,Daredevil,-0.0054611027858978214,-0.0038453971407645875
allied,Emma Frost,Angela,-0.018171019013062385,-0.01669180412979159
allied,Emma Frost,Gambit,-0.03447151614231578,-0.05289608186690329
allied,Emma Frost,Elsa Bloodstone,0.0020893564844017684,0.006232120827658173
allied,Emma Frost,White Fox,-0.013416217842433019,-0.010981655831527246
allied,Emma Frost,Black Cat,-0.004002919353910057,-7.269251606682292e-05
allied,Emma Frost,Devil Dinosaur,-0.0023689356859814942,-0.0015270616103512514
allied,Emma Frost,Cyclops,-0.014905663382903396,-0.01602594967061117
allied,Emma Frost,Jubilee,0.007274940799239484,-0.006510444664281823
allied,Emma Frost,Rogue,-0.01208915897028513,-0.01713913280505222
allied,Emma Frost,The Hood,0.005132829450310253,-0.0011947705873032563
allied,Emma Frost,Deadpool (Vanguard),0.02055069037334196,0.02112311451935708
allied,Emma Frost,Deadpool (Duelist),0.029086064819944354,0.037185559845593394
allied,Emma Frost,Deadpool (Strategist),-0.002912206909473591,-0.00856325554170412
allied,Phoenix,Daredevil,-6.693107314523016e-06,-0.0011469463229223293
allied,Phoenix,Angela,-0.005794873971189362,-0.01026518712645983
allied,Phoenix,Gambit,-0.007898840363670763,-0.0013340484455253794
allied,Phoenix,Elsa Bloodstone,-0.014632176077740058,-0.020877376401712056
allied,Phoenix,White Fox,-0.005384156255488916,0.0007950567437704074
allied,Phoenix,Black Cat,0.0006407780000360143,-0.0014414905511253256
allied,Phoenix,Devil Dinosaur,-0.019502313539929726,-0.023954288439398407
allied,Phoenix,Cyclops,0.06762047603328392,0.06690907816720629
allied,Phoenix,Jubilee,-0.009738080890545578,-0.0017208563095090761
allied,Phoenix,Rogue,0.012544533164186657,0.011860541657350135
allied,Phoenix,The Hood,-0.015141613075419632,-0.017117731748836976
allied,Phoenix,Deadpool (Vanguard),0.025339066591320344,0.02477947450261798
allied,Phoenix,Deadpool (Duelist),0.013264043038137769,0.008652426764087015
allied,Phoenix,Deadpool (Strategist),-0.014701112669284986,-0.0064888467170830895
allied,Daredevil,Angela,-0.01434370647152546,-0.015226993043064175
allied,Daredevil,Gambit,0.011236826622370376,0.009005137906696816
allied,Daredevil,Elsa Bloodstone,-0.0076672574204473005,-0.010397595454188599
allied,Daredevil,White Fox,0.011781345685191215,0.008917807419961468
allied,Daredevil,Black Cat,-0.023714852627005685,-0.024888128588392948
allied,Daredevil,Devil Dinosaur,-0.012291838688924509,-0.01138170018761475
allied,Daredevil,Cyclops,0.026656857476162275,0.02547266760407607
allied,Daredevil,Jubilee,0.010478073520711902,0.009833878396081502
allied,Daredevil,Rogue,-0.05052601789802494,-0.0537641654063959
allied,Daredevil,The Hood,0.01654281007816289,0.02268548579564946
allied,Daredevil,Deadpool (Vanguard),-0.01981977549566552,-0.020915995926604918
allied,Daredevil,Deadpool (Duelist),0.00742347129180288,0.0052613005064010105
allied,Daredevil,Deadpool (Strategist),-0.011444991103082622,-0.014014148962179517
allied,Angela,Gambit,-0.011898950032571057,-0.02240910825452739
allied,Angela,Elsa Bloodstone,0.03169107922342664,0.03766962438135932
allied,Angela,White Fox,-0.01476790942505689,-0.008263909897793461
allied,Angela,Black Cat,-0.036253163875662846,-0.03745399868932983
allied,Angela,Devil Dinosaur,0.037961368202504044,0.04445137097136813
allied,Angela,Cyclops,0.005170636143656006,0.004813212121967682
allied,Angela,Jubilee,-0.019727822168476745,-0.03356626373110167
allied,Angela,Rogue,0.024581461963468797,0.02457327881760132
allied,Angela,The Hood,0.05203432225719796,0.05244356860344113
allied,Angela,Deadpool (Vanguard),-0.004512404387097891,-0.009126260791457869
allied,Angela,Deadpool (Duelist),0.006841688563754241,0.010937156550222921
allied,Angela,Deadpool (Strategist),0.005150084638433499,0.005081435097110246
allied,Gambit,Elsa Bloodstone,0.002759248352271361,0.005300510725370512
allied,Gambit,White Fox,-0.01564302962160967,-0.017085170572619886
allied,Gambit,Black Cat,0.012025112611499392,0.009378266980583147
allied,Gambit,Devil Dinosaur,-0.005180852978119239,-0.014721502850733235
allied,Gambit,Cyclops,-0.034798541756062285,-0.030421663439130747
allied,Gambit,Jubilee,-0.007658824987603553,0.013477304275959449
allied,Gambit,Rogue,0.18735340154606075,0.2127196307032097
allied,Gambit,The Hood,-0.01703821283791051,-0.024322202677773175
allied,Gambit,Deadpool (Vanguard),0.013199230114597879,0.013213449608243933
allied,Gambit,Deadpool (Duelist),0.08700787237816422,0.10038863722947175
allied,Gambit,Deadpool (Strategist),0.012480661013818225,0.02194170714570835
allied,Elsa Bloodstone,White Fox,-0.02275353572512159,-0.02410128579410535
allied,Elsa Bloodstone,Black Cat,-0.0009780998781239929,-0.00414778493602909
allied,Elsa Bloodstone,Devil Dinosaur,0.03269579592629713,0.040349817821174576
allied,Elsa Bloodstone,Cyclops,-0.022409844078966158,-0.03156449044566384
allied,Elsa Bloodstone,Jubilee,-0.018181956033102756,-0.016576006479424903
allied,Elsa Bloodstone,Rogue,-0.022659767389433073,-0.021082539054708384
allied,Elsa Bloodstone,The Hood,-0.018994012649304743,-0.01517751604113582
allied,Elsa Bloodstone,Deadpool (Vanguard),-0.026787392263271655,-0.026991831791566275
allied,Elsa Bloodstone,Deadpool (Duelist),-0.005593214810821438,-0.012726480805186442
allied,Elsa Bloodstone,Deadpool (Strategist),-0.019534474073494342,-0.017282168931357617
allied,White Fox,Black Cat,0.04601195415112685,0.04691354928025524
allied,White Fox,Devil Dinosaur,0.008059656169481266,0.018122185775743767
allied,White Fox,Cyclops,0.001150606332473239,0.009321213728062923
allied,White Fox,Jubilee,-0.012141705004836908,-0.01435314783191933
allied,White Fox,Rogue,0.015006044755776167,0.03014883208035576
allied,White Fox,The Hood,-0.0170401641011224,-0.006849227028131992
allied,White Fox,Deadpool (Vanguard),-0.0029745275672922937,0.011915578521919252
allied,White Fox,Deadpool (Duelist),0.01489052645304068,0.018556708631298973
allied,White Fox,Deadpool (Strategist),0.02530481514371836,0.014851089346377973
allied,Black Cat,Devil Dinosaur,0.005598316450412334,0.010673830100479655
allied,Black Cat,Cyclops,0.01447635088031581,0.01128285792777008
allied,Black Cat,Jubilee,0.00017181070673988178,-0.002274359933520834
allied,Black Cat,Rogue,0.001484654616376912,0.0062551273457131405
allied,Black Cat,The Hood,0.017282862342223926,0.025659170851637533
allied,Black Cat,Deadpool (Vanguard),-0.02426131445784808,-0.02370754286684941
allied,Black Cat,Deadpool (Duelist),-0.015238958300458062,-0.02028252815962114
allied,Black Cat,Deadpool (Strategist),-0.0006611701409891408,-0.002396043043708164
allied,Devil Dinosaur,Cyclops,0.004726135875218073,0.0058809526129370284
allied,Devil Dinosaur,Jubilee,0.041747218434533925,0.03767850829155544
allied,Devil Dinosaur,Rogue,-0.0023150470593800796,-0.01003489400577588
allied,Devil Dinosaur,The Hood,-0.005643542006321128,-0.01804582896793625
allied,Devil Dinosaur,Deadpool (Vanguard),0.027408629123399413,0.024828027208059593
allied,Devil Dinosaur,Deadpool (Duelist),0.0033345517427471375,0.008597293184624918
allied,Devil Dinosaur,Deadpool (Strategist),0.04072740046469727,0.04626634800390042
allied,Cyclops,Jubilee,-0.02411469556327094,-0.016719998743490016
allied,Cyclops,Rogue,0.009388764492175582,0.01122707851930276
allied,Cyclops,The Hood,0.00159083353695305,0.00437717651469648
allied,Cyclops,Deadpool (Vanguard),-0.006143967768785053,-0.007371962821358514
allied,Cyclops,Deadpool (Duelist),0.01451890288606546,0.00774934688633862
allied,Cyclops,Deadpool (Strategist),0.018979147524546824,0.032575995073812786
allied,Jubilee,Rogue,-0.03202224820879009,-0.04398289165249738
allied,Jubilee,The Hood,0.07811580843029875,0.08405435740400026
allied,Jubilee,Deadpool (Vanguard),0.005271004098576597,0.001940972663678338
allied,Jubilee,Deadpool (Duelist),-0.0334292417500274,-0.03342077843599336
allied,Jubilee,Deadpool (Strategist),0.010856787019973693,0.018531962956330333
allied,Rogue,The Hood,0.028311608955137027,0.01725363076289576
allied,Rogue,Deadpool (Vanguard),0.01511340640885718,0.0062143294585834535
allied,Rogue,Deadpool (Duelist),0.006108804966708674,0.011842342074058319
allied,Rogue,Deadpool (Strategist),-0.026078282477356576,-0.027312088715463808
allied,The Hood,Deadpool (Vanguard),0.028555865179623083,0.01775296776499273
allied,The Hood,Deadpool (Duelist),-0.012719833486682678,-0.007280737229334698
allied,The Hood,Deadpool (Strategist),-0.03224294549797514,-0.034269067835412274
allied,Deadpool (Vanguard),Deadpool (Duelist),-0.0037126971912496832,-0.00040217126738338854
allied,Deadpool (Vanguard),Deadpool (Strategist),-0.00047880522783015915,0.005038643837147305
allied,Deadpool (Duelist),Deadpool (Strategist),-0.008582975977030092,-0.004653309097863561
opposing,Hulk,The Punisher,-0.004154424995518706,-0.00863280657337163
opposing,Hulk,Storm,0.011704967225912704,0.007404311495551021
opposing,Hulk,Loki,-0.011133300999151384,-0.010627947088474764
opposing,Hulk,Human Torch,0.011233804421160148,0.011962821521511825
opposing,Hulk,Doctor Strange,-0.010438664268305644,-0.008137935897814743
opposing,Hulk,Mantis,-0.014053341893801115,-0.008798209581367056
opposing,Hulk,Hawkeye,-0.002137264557451402,-0.002440217446390622
opposing,Hulk,Captain America,-0.017618143863020113,-0.017253053059976944
opposing,Hulk,Rocket Raccoon,0.02555496863107141,0.026609633497109594
opposing,Hulk,Hela,-0.025662423835895683,-0.034489659053977585
opposing,Hulk,Cloak & Dagger,-0.0035249174753180425,-0.0049523784337408725
opposing,Hulk,Black Panther,0.010971433217375511,-0.000403889109044268
opposing,Hulk,Groot,-0.02367326541352055,-0.024403392674813028
opposing,Hulk,Ultron,0.004778019456496323,0.006941802002379654
opposing,Hulk,Magik,0.0010265366412721335,0.007396712713659737
opposing,Hulk,Moon Knight,0.008092751393275694,0.007878572083878928
opposing,Hulk,Luna Snow,-0.0063311511178931155,-0.002580714534714751
opposing,Hulk,Squirrel Girl,0.0059778865990546175,0.002809268238190615
opposing,Hulk,Black Widow,-0.010736804770149409,-0.018917118694027363
opposing,Hulk,Iron Man,-0.015606709283359693,-0.01792282444284685
opposing,Hulk,Venom,0.015806918263412864,0.02513508101609954
opposing,Hulk,Spider-man,0.003721162181707991,0.002753941076823782
opposing,Hulk,Magneto,0.019640548461894183,0.0040968004598623394
opposing,Hulk,Scarlet Witch,0.012774268541700246,0.01193576133303571
opposing,Hulk,Thor,-0.0002580677873810632,-0.0002522255540124887
opposing,Hulk,Mister Fantastic,-0.014031497162809247,-0.01670125929464681
opposing,Hulk,Winter Soldier,-0.033104783348236605,-0.04222327947519477
opposing,Hulk,Peni Parker,-0.040989491593081816,-0.037881015060788135
opposing,Hulk,Star-lord,-0.024994010580597005,-0.031401972339574945
opposing,Hulk,Blade,0.022206998633718635,0.02675393001428607
opposing,Hulk,Namor,0.010538685554241997,0.0034894236052475844
opposing,Hulk,Adam Warlock,0.012651998416318772,0.011126620895040669
opposing,Hulk,Jeff The Land Shark,0.0033333678115319127,0.0027671718526781214
opposing,Hulk,Psylocke,-0.005758837474562145,-0.009550110143447352
opposing,Hulk,Wolverine,0.042987290293964565,0.05061835844256762
opposing,Hulk,Invisible Woman,0.010001229540601453,0.006382441089950243
opposing,Hulk,The Thing,-0.0017955943263583832,0.013186401159906755
opposing,Hulk,Iron Fist,0.02063124809847999,0.02826761932447508
opposing,Hulk,Emma Frost,0.02531614499972331,0.030564834675806472
opposing,Hulk,Phoenix,-0.02226627009716354,-0.02912352602054797
opposing,Hulk,Daredevil,0.009981537212214968,0.01311521506098615
opposing,Hulk,Angela,-0.002256590395906637,-0.001999918395681013
opposing,Hulk,Gambit,-0.014269444795273502,-0.014256915410756523
opposing,Hulk,Elsa Bloodstone,-0.009930527817257959,-0.01595794055119963
opposing,Hulk,White Fox,-0.0117267492416197,-0.005622418209063732
opposing,Hulk,Black Cat,0.008299285978922185,0.00830597670254577
opposing,Hulk,Devil Dinosaur,5.530974237604315e-05,0.007493818474764984
opposing,Hulk,Cyclops,0.02370935236784652,0.024255202703873276
opposing,Hulk,Jubilee,-0.025774586404648428,-0.016950691313984443
opposing,Hulk,Rogue,0.030830568312382532,0.03780422294803702
opposing,Hulk,The Hood,-0.020784899546309105,-0.022555173856954307
opposing,Hulk,Deadpool (Vanguard),-0.006770147778290434,-0.005798444234436446
opposing,Hulk,Deadpool (Duelist),0.023682484566605776,0.020817488827636635
opposing,Hulk,Deadpool (Strategist),0.004273144259618062,0.009961605234943868
opposing,The Punisher,Storm,0.014737502079774088,0.01724369978189263
opposing,The Punisher,Loki,0.002415360449397857,0.001489683260802478
opposing,The Punisher,Human Torch,-0.0027196677328840116,-0.004687830344424295
opposing,The Punisher,Doctor Strange,0.01322108561386201,0.015338047985754891
opposing,The Punisher,Mantis,-0.021723681267708773,-0.027324332666318715
opposing,The Punisher,Hawkeye,-0.00429260506016504,-0.007339300283584138
opposing,The Punisher,Captain America,-0.012045127997721913,-0.011359863374528786
opposing,The Punisher,Rocket Raccoon,0.000795304628415204,-0.0006213760097462599
opposing,The Punisher,Hela,0.007912712448992328,0.010679861164484081
opposing,The Punisher,Cloak & Dagger,-0.0012014935171991681,-0.00016412503194176227
opposing,The Punisher,Black Panther,-0.0060225997873505875,-0.003454414156206918
opposing,The Punisher,Groot,0.013692260379583644,0.01559878456871243
opposing,The Punisher,Ultron,0.017919653863618094,0.017115927755276993
opposing,The Punisher,Magik,0.0035322549762743525,-0.002880913823768635
opposing,The Punisher,Moon Knight,-0.015140376779042352,-0.017261041164710573
opposing,The Punisher,Luna Snow,-0.003141028073352709,2.5027134251677134e-05
opposing,The Punisher,Squirrel Girl,-0.005072488221229666,-0.005143282040306708
opposing,The Punisher,Black Widow,-0.003922148596511027,-0.0041830839124674035
opposing,The Punisher,Iron Man,0.025008232067991843,0.024113467491290404
opposing,The Punisher,Venom,0.020370914520731302,0.022943758054294404
opposing,The Punisher,Spider-man,-0.018830835557884677,-0.02073335570221527
opposing,The Punisher,Magneto,-0.038024850817971814,-0.03134556774199998
opposing,The Punisher,Scarlet Witch,-0.012819788800360563,-0.013043831004683377
opposing,The Punisher,Thor,-0.009200120671709406,-0.005750473833273409
opposing,The Punisher,Mister Fantastic,0.0283833728754814,0.02981926702287689
opposing,The Punisher,Winter Soldier,0.006695664790965194,0.00662630119288327
opposing,The Punisher,Peni Parker,0.0016552324992243905,-0.002916771082345242
opposing,The Punisher,Star-lord,-0.019911237934763643,-0.022984526001737057
opposing,The Punisher,Blade,0.008080635846419675,0.004861386414386857
opposing,The Punisher,Namor,-0.007584549233669963,-0.00505650717141504
opposing,The Punisher,Adam Warlock,-0.02239991025497171,-0.023770521061246053
opposing,The Punisher,Jeff The Land Shark,-0.008414614770758009,-0.009659310624441864
opposing,The Punisher,Psylocke,-0.003791166180209994,-0.004214512473291859
opposing,The Punisher,Wolverine,0.024581767430092476,0.026661846688107733
opposing,The Punisher,Invisible Woman,-0.020645202200537466,-0.019379627559156443
opposing,The Punisher,The Thing,0.05472716140659922,0.05708703308514439
opposing,The Punisher,Iron Fist,-0.009068597845825442,-0.013562830789370902
opposing,The Punisher,Emma Frost,-0.02530192053095994,-0.026729517458352326
opposing,The Punisher,Phoenix,0.022525615070523784,0.025135754822737368
opposing,The Punisher,Daredevil,-0.022381338494575482,-0.02695866720819208
opposing,The Punisher,Angela,-0.011362298509619059,-0.009312707855610731
opposing,The Punisher,Gambit,0.012422075316513561,0.01555934411846568
opposing,The Punisher,Elsa Bloodstone,0.020396381340372523,0.02300706247090387
opposing,The Punisher,White Fox,0.01587755229412368,0.01604148051006803
opposing,The Punisher,Black Cat,-0.02080840016728285,-0.02270116748921274
opposing,The Punisher,Devil Dinosaur,0.013390598503323524,0.013588086398345776
opposing,The Punisher,Cyclops,0.01609459687435107,0.020300429116489112
opposing,The Punisher,Jubilee,0.01585585281540781,0.013106729411616237
opposing,The Punisher,Rogue,-0.004804342179721719,-0.00416502522968415
opposing,The Punisher,The Hood,-0.04603181640610837,-0.0490192894417484
opposing,The Punisher,Deadpool (Vanguard),0.005958562235171336,0.007410699351919496
opposing,The Punisher,Deadpool (Duelist),-0.011765882375745853,-0.01424381260046522
opposing,The Punisher,Deadpool (Strategist),0.018023314643112198,0.017581100762370006
opposing,Storm,Loki,0.0019029282394015163,0.0019077978708076971
opposing,Storm,Human Torch,0.01852171998819928,0.01692567085860904
opposing,Storm,Doctor Strange,-0.00047084465613494455,0.0017125290660931034
opposing,Storm,Mantis,0.0024328186902638897,0.0008463306326516312
opposing,Storm,Hawkeye,-0.04271366124929786,-0.0501612385035842
opposing,Storm,Captain America,-0.010072185153288619,-0.007556059186101973
opposing,Storm,Rocket Raccoon,-0.0342434726765633,-0.039045399631595985
opposing,Storm,Hela,-0.016080947917628225,-0.016560489567202734
opposing,Storm,Cloak & Dagger,-0.02168392613640267,-0.0222122608822946
opposing,Storm,Black Panther,0.013542215191754149,0.016348388485489578
opposing,Storm,Groot,0.013761733974181628,0.01728471775114116
opposing,Storm,Ultron,-0.028808554664509115,-0.03445870599261501
opposing,Storm,Magik,0.027982868099193627,0.02219855081324756
opposing,Storm,Moon Knight,0.02224215087259151,0.02178489116331738
opposing,Storm,Luna Snow,-0.0007653101391143665,0.0036923106565209143
opposing,Storm,Squirrel Girl,-0.020157568127523593,-0.02276236587484077
opposing,Storm,Black Widow,-0.03559803785634057,-0.03972024184881993
opposing,Storm,Iron Man,-0.017124844558503924,-0.022717452801061643
opposing,Storm,Venom,-0.029128213183849817,-0.030522186582418447
opposing,Storm,Spider-man,-0.007581261371387475,-0.009911013116534913
opposing,Storm,Magneto,-0.012471071167815095,-0.0013048434812709992
opposing,Storm,Scarlet Witch,0.013977887787678452,0.014570462174662135
opposing,Storm,Thor,-0.025582820102934056,-0.02236984305594953
opposing,Storm,Mister Fantastic,0.022028499442290562,0.021628806179294163
opposing,Storm,Winter Soldier,-0.0028557811912654617,-0.005016458003662457
opposing,Storm,Peni Parker,0.03083712109496594,0.03116072274696026
opposing,Storm,Star-lord,-0.009144393308874168,-0.012683531341513043
opposing,Storm,Blade,0.020064188190581277,0.016476425410344768
opposing,Storm,Namor,0.006058409852103609,0.0083506911054838
opposing,Storm,Adam Warlock,-0.010436125799823465,-0.009316662702953175
opposing,Storm,Jeff The Land Shark,0.0032854820991638587,0.0044978992004713406
opposing,Storm,Psylocke,-0.0037792467400146116,-0.005528837013617465
opposing,Storm,Wolverine,0.020012468477374323,0.020399806283435507
opposing,Storm,Invisible Woman,-0.008985165629728578,-0.00526748557074534
opposing,Storm,The Thing,0.04088284881293519,0.043291967898765105
opposing,Storm,Iron Fist,0.05801853720529932,0.05756407753010723
opposing,Storm,Emma Frost,-0.007939105332046748,-0.005802366282111341
opposing,Storm,Phoenix,-0.0140116300250183,-0.015651667416184702
opposing,Storm,Daredevil,0.0022552152514708434,-0.001678386698198669
opposing,Storm,Angela,-0.003579175950996531,0.0009557193664606941
opposing,Storm,Gambit,0.03129744812145056,0.037788739370270906
opposing,Storm,Elsa Bloodstone,0.024706517158226398,0.026334811618449434
opposing,Storm,White Fox,0.029441922232856344,0.03229599753739337
opposing,Storm,Black Cat,-0.010803192727689087,-0.013222740990188098
opposing,Storm,Devil Dinosaur,-0.033803521607421505,-0.03731322066830219
opposing,Storm,Cyclops,0.004488212544628585,0.006438336504652208
opposing,Storm,Jubilee,0.03693036084212561,0.037810151787924864
opposing,Storm,Rogue,0.03096950375446271,0.03724692662728445
opposing,Storm,The Hood,-0.04312872854207776,-0.044180571151846544
opposing,Storm,Deadpool (Vanguard),0.02014241526717587,0.024800818446847273
opposing,Storm,Deadpool (Duelist),-0.012313831480921494,-0.016162795169791532
opposing,Storm,Deadpool (Strategist),-0.006078386587516898,-0.008538712275836628
opposing,Loki,Human Torch,-0.003776441917826101,-0.003286694808837719
opposing,Loki,Doctor Strange,0.011227249041678251,0.013531563661804368
opposing,Loki,Mantis,0.024011627177442756,0.025862450656604325
opposing,Loki,Hawkeye,0.008871530954388161,0.01245026872792841
opposing,Loki,Captain America,0.01515348162161129,0.015989322669837616
opposing,Loki,Rocket Raccoon,-0.001494774339102563,0.005144706821351293
opposing,Loki,Hela,0.01396617328697985,0.014569721237098541
opposing,Loki,Cloak & Dagger,-0.005180079372600836,-0.007684067942354435
opposing,Loki,Black Panther,-0.021029046704862654,-0.018994500395418026
opposing,Loki,Groot,0.0014147507821303577,0.0038676310257936
opposing,Loki,Ultron,0.007209734363183286,0.0135388353502167
opposing,Loki,Magik,-0.018946508231577466,-0.0175770477491882
opposing,Loki,Moon Knight,-0.00832073978273384,-0.009531207060548136
opposing,Loki,Luna Snow,0.004817285314332546,-0.007655344643816217
opposing,Loki,Squirrel Girl,-0.007403936460160775,-0.008023169643666728
opposing,Loki,Black Widow,-0.019722483474076742,-0.017620577698014266
opposing,Loki,Iron Man,-0.018387961476885224,-0.01722231458064112
opposing,Loki,Venom,-0.01931180314149775,-0.024628526587970993
opposing,Loki,Spider-man,-0.0016735856671325079,-0.002859761504462109
opposing,Loki,Magneto,-0.01790289988712209,-0.016588066674850768
opposing,Loki,Scarlet Witch,0.00499817938150435,0.003094530001974781
opposing,Loki,Thor,0.005760614190262075,0.0033087082547229077
opposing,Loki,Mister Fantastic,0.005064056312521888,0.0053226610725608785
opposing,Loki,Winter Soldier,-0.023309226241579353,-0.022077258780755726
opposing,Loki,Peni Parker,-0.016794000079438355,-0.013716029555769152
opposing,Loki,Star-lord,-0.029134932046693093,-0.028833794981890672
opposing,Loki,Blade,0.014851699182958747,0.01923368239695297
opposing,Loki,Namor,0.015088379190692105,0.016350177478514867
opposing,Loki,Adam Warlock,-0.001755703226390244,-0.0009952737708282568
opposing,Loki,Jeff The Land Shark,-0.01991454612692209,-0.021802608878033224
opposing,Loki,Psylocke,0.028265151785179975,0.032273159732565164
opposing,Loki,Wolverine,0.0160732321220983,0.011131562127334339
opposing,Loki,Invisible Woman,-0.005996517467197601,-0.00932136870615459
opposing,Loki,The Thing,-0.001404910304819095,-0.004703531231075058
opposing,Loki,Iron Fist,0.026438955608408702,0.02824817079612694
opposing,Loki,Emma Frost,-0.0021920254451893136,-0.0008029028172829253
opposing,Loki,Phoenix,-0.0006715266212080609,-0.0008808718269410499
opposing,Loki,Daredevil,0.01702281330246739,0.01938431805046272
opposing,Loki,Angela,-0.008864560716665686,-0.01180918120876776
opposing,Loki,Gambit,0.018822141154547563,0.016095686879613682
opposing,Loki,Elsa Bloodstone,-0.001048865568011733,-0.0010221779474595834
opposing,Loki,White Fox,0.00571447147061067,0.00135778332334782
opposing,Loki,Black Cat,-0.0011387969518485985,-0.003156112898226156
opposing,Loki,Devil Dinosaur,0.009614083871729429,0.011769799255013577
opposing,Loki,Cyclops,0.00041917816738996623,-0.006814398076475321
opposing,Loki,Jubilee,-0.007125238609110054,-0.013313989704267781
opposing,Loki,Rogue,-0.009741478465649992,-0.010059062017938852
opposing,Loki,The Hood,0.010113128343196668,0.011715197196332435
opposing,Loki,Deadpool (Vanguard),0.007867079978998569,0.011497130941676247
opposing,Loki,Deadpool (Duelist),-0.006301116216868869,-0.0007608825373846354
opposing,Loki,Deadpool (Strategist),-0.0010563043714942003,-0.0012268093856793237
opposing,Human Torch,Doctor Strange,0.013166867399289206,0.011803613673434488
opposing,Human Torch,Mantis,0.00632067725133384,0.004491365563657691
opposing,Human Torch,Hawkeye,0.031108002653719054,0.032643945240320243
opposing,Human Torch,Captain America,0.00025466043146610983,-0.0011487683167306882
opposing,Human Torch,Rocket Raccoon,-0.013819360743892816,-0.016797079657539318
opposing,Human Torch,Hela,0.004703593336473479,0.008964601715873289
opposing,Human Torch,Cloak & Dagger,-0.013554914021230905,-0.013795928202924
opposing,Human Torch,Black Panther,-0.021992709409199406,-0.01895154335489408
opposing,Human Torch,Groot,0.006280274204035253,0.003877822717394462
opposing,Human Torch,Ultron,-0.02355873157647581,-0.029281460968775184
opposing,Human Torch,Magik,0.03552617769056427,0.03342311190057404
opposing,Human Torch,Moon Knight,0.01925638719436799,0.021638053119482158
opposing,Human Torch,Luna Snow,0.006544338537203269,0.01118685946718062
opposing,Human Torch,Squirrel Girl,0.035983831840501794,0.04094813281927283
opposing,Human Torch,Black Widow,0.026125219644022556,0.03001866298021843
opposing,Human Torch,Iron Man,-0.024809085698485497,-0.027938646503595562
opposing,Human Torch,Venom,-0.033921583106158074,-0.04093821241733428
opposing,Human Torch,Spider-man,-0.0468564390802285,-0.04925041831343704
opposing,Human Torch,Magneto,0.00853771362594772,0.016987572057463676
opposing,Human Torch,Scarlet Witch,0.004201147133428398,0.00708936899671826
opposing,Human Torch,Thor,-0.008712410639490815,-0.008681938530345146
opposing,Human Torch,Mister Fantastic,0.017391868376753324,0.01969903135716013
opposing,Human Torch,Winter Soldier,-0.01797001193801071,-0.01826204048150114
opposing,Human Torch,Peni Parker,0.005715117996269854,-0.0018736998913541113
opposing,Human Torch,Star-lord,-0.03419517423038788,-0.036660588008101666
opposing,Human Torch,Blade,0.008750792818252567,0.007335745136875943
opposing,Human Torch,Namor,0.032391198211212245,0.039867889261967306
opposing,Human Torch,Adam Warlock,-0.025296340320201928,-0.02676320998857658
opposing,Human Torch,Jeff The Land Shark,-0.0003787942144844096,-0.000353217602580598
opposing,Human Torch,Psylocke,0.010424823451585427,0.012889345521956759
opposing,Human Torch,Wolverine,-0.0009529843446357553,0.0008349039643108049
opposing,Human Torch,Invisible Woman,0.020664612424102682,0.027359708789617188
opposing,Human Torch,The Thing,-0.018498469696469236,-0.027860649083881354
opposing,Human Torch,Iron Fist,0.020330121299555203,0.01993837508054976
opposing,Human Torch,Emma Frost,0.022320991577955893,0.022783404770571496
opposing,Human Torch,Phoenix,0.0020842034923402235,0.004809619511208687
opposing,Human Torch,Daredevil,-0.002184814836170947,-0.0033958324642056207
opposing,Human Torch,Angela,0.008162962970040405,0.008937718480871248
opposing,Human Torch,Gambit,-0.036587003318596156,-0.03931007444997929
opposing,Human Torch,Elsa Bloodstone,-0.03335513232226452,-0.03329398309183458
opposing,Human Torch,White Fox,0.024295209744164954,0.025777140037417934
opposing,Human Torch,Black Cat,-0.03769753277909252,-0.03919084151705762
opposing,Human Torch,Devil Dinosaur,0.021527877999840708,0.019167818495342527
opposing,Human Torch,Cyclops,-0.025083753855628742,-0.022421600478979523
opposing,Human Torch,Jubilee,0.03676288235918218,0.03689293254441587
opposing,Human Torch,Rogue,0.027705330596560798,0.028532342247271282
opposing,Human Torch,The Hood,-0.015471669952328458,-0.018491037790654377
opposing,Human Torch,Deadpool (Vanguard),0.001402041564870912,-0.0011331648905374087
opposing,Human Torch,Deadpool (Duelist),-0.017325353182358276,-0.018497451878697075
opposing,Human Torch,Deadpool (Strategist),0.017542758199400623,0.017306269659247947
opposing,Doctor Strange,Mantis,0.01112251833439407,0.017629201302391432
opposing,Doctor Strange,Hawkeye,-0.0305816706354714,-0.030705862460886687
opposing,Doctor Strange,Captain America,-0.008215524023334966,-0.010310553041339697
opposing,Doctor Strange,Rocket Raccoon,0.0011899752889096228,-0.004465732084724831
opposing,Doctor Strange,Hela,-0.00928458356204817,-0.01288439810004964
opposing,Doctor Strange,Cloak & Dagger,0.029023122692499497,0.03003202702279357
opposing,Doctor Strange,Black Panther,-0.009948578946070192,-0.020297612322983768
opposing,Doctor Strange,Groot,0.02742297580457286,0.030647132011218367
opposing,Doctor Strange,Ultron,0.004152216306696001,0.0034208536081076473
opposing,Doctor Strange,Magik,-0.021789794584586412,-0.014606925940601746
opposing,Doctor Strange,Moon Knight,0.016375312145125248,0.02047672258063882
opposing,Doctor Strange,Luna Snow,0.0035277469992328267,0.006068079612981227
opposing,Doctor Strange,Squirrel Girl,-0.006678007382303031,-0.007889488317106959
opposing,Doctor Strange,Black Widow,0.006996485404849229,0.004196266463104446
opposing,Doctor Strange,Iron Man,0.028509377312471287,0.03454504574295831
opposing,Doctor Strange,Venom,-0.03070102155101847,-0.03243460318155146
opposing,Doctor Strange,Spider-man,-0.012140619310733325,-0.01151180570371798
opposing,Doctor Strange,Magneto,0.02245264552902899,0.0034348511255568905
opposing,Doctor Strange,Scarlet Witch,0.0051734064597719264,0.006861422138366925
opposing,Doctor Strange,Thor,0.011485642894033237,0.009391533128158398
opposing,Doctor Strange,Mister Fantastic,-0.010828100475426471,-0.009754376506977705
opposing,Doctor Strange,Winter Soldier,0.032683722539084935,0.03435813415306555
opposing,Doctor Strange,Peni Parker,0.028697272559524707,0.038620113011219925
opposing,Doctor Strange,Star-lord,0.017338553972406124,0.01908148458429263
opposing,Doctor Strange,Blade,-0.020993275893783435,-0.0179296455552656
opposing,Doctor Strange,Namor,0.00545873555518926,0.0012199453819101466
opposing,Doctor Strange,Adam Warlock,0.008321611551141788,0.003305709259706462
opposing,Doctor Strange,Jeff The Land Shark,-0.03492756362659845,-0.04443740759054839
opposing,Doctor Strange,Psylocke,0.019849986725992773,0.022325888421240208
opposing,Doctor Strange,Wolverine,-0.013555853459600305,-0.008910991952685786
opposing,Doctor Strange,Invisible Woman,-0.008030060893349684,-0.017341305044853962
opposing,Doctor Strange,The Thing,-0.025322446221626313,-0.01786664313101724
opposing,Doctor Strange,Iron Fist,-0.0018817837592284437,0.0066014428792817124
opposing,Doctor Strange,Emma Frost,-0.008010880959158475,-0.011796102765441201
opposing,Doctor Strange,Phoenix,0.014971848237917465,0.015691659699312844
opposing,Doctor Strange,Daredevil,0.012602497106468262,0.019414056911244707
opposing,Doctor Strange,Angela,-0.013754748399820887,-0.01917370050427384
opposing,Doctor Strange,Gambit,0.005398315428384355,0.0057771651105925715
opposing,Doctor Strange,Elsa Bloodstone,-0.013919574814035544,-0.01701363933519246
opposing,Doctor Strange,White Fox,-0.03446736476882882,-0.03481234525568524
opposing,Doctor Strange,Black Cat,-0.0017924525194398452,0.0004601953412405753
opposing,Doctor Strange,Devil Dinosaur,-0.013123187973536956,-0.011618817147672551
opposing,Doctor Strange,Cyclops,0.020453585384173183,0.024015378659735447
opposing,Doctor Strange,Jubilee,0.016005364230303472,0.02874932450618809
opposing,Doctor Strange,Rogue,0.0031641088958046844,0.001974708440216967
opposing,Doctor Strange,The Hood,0.0041816523426626735,0.0023457092954752086
opposing,Doctor Strange,Deadpool (Vanguard),0.009136268995171446,0.008648436861635493
opposing,Doctor Strange,Deadpool (Duelist),-0.02403194656068995,-0.028888706035641493
opposing,Doctor Strange,Deadpool (Strategist),0.01498978475526852,0.019605993214855802
opposing,Mantis,Hawkeye,0.0023093800009073512,0.006725442900638733
opposing,Mantis,Captain America,-0.027277245336939173,-0.03847969895259174
opposing,Mantis,Rocket Raccoon,-0.004282301876061662,0.0043652830125912884
opposing,Mantis,Hela,0.04138611074377778,0.04707474487137244
opposing,Mantis,Cloak & Dagger,-0.006805029239768809,-0.007089536323179472
opposing,Mantis,Black Panther,-0.05510447126225285,-0.05567175902710575
opposing,Mantis,Groot,-0.00654286530810638,-0.010587958338771615
opposing,Mantis,Ultron,0.00561092710545663,0.014164262780549584
opposing,Mantis,Magik,-0.033303749201017474,-0.03207134984443197
opposing,Mantis,Moon Knight,0.018836083797543337,0.022677813462639928
opposing,Mantis,Luna Snow,0.011932086120618697,0.003267983225804528
opposing,Mantis,Squirrel Girl,-0.006922677074565089,-0.005824158839495346
opposing,Mantis,Black Widow,0.007871458468292005,0.015080200982526808
opposing,Mantis,Iron Man,0.006250586693909338,0.012153646106879
opposing,Mantis,Venom,-0.021627448597841242,-0.032535400038195834
opposing,Mantis,Spider-man,-0.021237078109625745,-0.023211096506890763
opposing,Mantis,Magneto,0.02438415610222777,0.02727605262438989
opposing,Mantis,Scarlet Witch,0.002406324937062671,0.0018362877473541285
opposing,Mantis,Thor,0.015255076124360958,0.009109995168404396
opposing,Mantis,Mister Fantastic,-0.009364812500063099,-0.009252222346220997
opposing,Mantis,Winter Soldier,0.006578263284645733,0.01320376093162373
opposing,Mantis,Peni Parker,-0.014145670542751638,-0.01586114631765536
opposing,Mantis,Star-lord,0.02478366974374622,0.03348222602772979
opposing,Mantis,Blade,-0.011802556482391166,-0.009094761231189448
opposing,Mantis,Namor,0.028600218126904848,0.03320859027713044
opposing,Mantis,Adam Warlock,-0.006918432267786136,-0.004581753903013562
opposing,Mantis,Jeff The Land Shark,-0.01461482148912219,-0.013024371025714411
opposing,Mantis,Psylocke,0.01994351080531887,0.024568907625597654
opposing,Mantis,Wolverine,-0.009514235962559753,-0.015996745472529734
opposing,Mantis,Invisible Woman,-0.004735635594662503,-0.005316308667330543
opposing,Mantis,The Thing,0.026575844764768857,0.022555060214870526
opposing,Mantis,Iron Fist,-0.018339349114823832,-0.020469828022133426
opposing,Mantis,Emma Frost,0.00028945210837813177,-0.0031416870595754286
opposing,Mantis,Phoenix,2.5066050071167122e-05,0.0015603889236243168
opposing,Mantis,Daredevil,-0.019749886076467306,-0.02032737475546258
opposing,Mantis,Angela,-0.02563610522582171,-0.03649522320243572
opposing,Mantis,Gambit,0.007286232814922689,0.004977267576794129
opposing,Mantis,Elsa Bloodstone,0.0051661611590747445,0.007627321115888939
opposing,Mantis,White Fox,0.009152226046563992,0.007935511102575222
opposing,Mantis,Black Cat,-0.04684517765268913,-0.052918197191295514
opposing,Mantis,Devil Dinosaur,0.04243684121787859,0.04464857191482486
opposing,Mantis,Cyclops,0.03449422798495429,0.03317762696366078
opposing,Mantis,Jubilee,0.005039279118881938,0.0035771854364598666
opposing,Mantis,Rogue,0.015994742758500543,0.014594266928838303
opposing,Mantis,The Hood,0.021411228808555918,0.019609993119512562
opposing,Mantis,Deadpool (Vanguard),0.009469632328895937,0.008138165659409547
opposing,Mantis,Deadpool (Duelist),-0.03334361633056855,-0.029526101169920545
opposing,Mantis,Deadpool (Strategist),0.012734996321591115,0.017586927441067705
opposing,Hawkeye,Captain America,-0.019417845764894755,-0.02351124568361897
opposing,Hawkeye,Rocket Raccoon,-0.011293837708963837,-0.015463860298769297
opposing,Hawkeye,Hela,-0.008144197831291085,-0.00395831511961611
opposing,Hawkeye,Cloak & Dagger,0.02649325857636485,0.02975027191384614
opposing,Hawkeye,Black Panther,-0.037142738794138236,-0.03436087746493168
opposing,Hawkeye,Groot,-0.0018828892560696473,-0.005678929901736504
opposing,Hawkeye,Ultron,-0.001407908233893007,-0.005869778763894611
opposing,Hawkeye,Magik,0.0048844792969941295,0.0012827752612146197
opposing,Hawkeye,Moon Knight,0.006558569881542194,0.00887710804732663
opposing,Hawkeye,Luna Snow,-0.006500194562468013,-0.004996234325474656
opposing,Hawkeye,Squirrel Girl,0.00367704591591304,0.007009501646413308
opposing,Hawkeye,Black Widow,0.0028428135159976743,0.005826361987647887
opposing,Hawkeye,Iron Man,-0.01826959794530948,-0.01992330210446913
opposing,Hawkeye,Venom,0.009909068158677316,0.007355295852547994
opposing,Hawkeye,Spider-man,-0.0031172989791261214,-0.001059449378550138
opposing,Hawkeye,Magneto,-0.014080965929243423,-0.008652927865265992
opposing,Hawkeye,Scarlet Witch,-0.0014406830599776653,0.0019488900135360438
opposing,Hawkeye,Thor,0.017704578580244233,0.020236478727818336
opposing,Hawkeye,Mister Fantastic,-0.015090604530108654,-0.014429341756554474
opposing,Hawkeye,Winter Soldier,-0.003321949273713816,-0.0014894351783641666
opposing,Hawkeye,Peni Parker,0.031667638895119796,0.02652793255923116
opposing,Hawkeye,Star-lord,0.010076536753414963,0.012105557480101732
opposing,Hawkeye,Blade,-0.014305279170568399,-0.01661211498535437
opposing,Hawkeye,Namor,-0.00792774810699624,-0.002723875136001525
opposing,Hawkeye,Adam Warlock,0.013674969236973379,0.015571519207720553
opposing,Hawkeye,Jeff The Land Shark,-0.010915206148583738,-0.013714675083967424
opposing,Hawkeye,Psylocke,0.0027642903179520483,0.005568667363329042
opposing,Hawkeye,Wolverine,0.005318210279214356,0.008560491783765256
opposing,Hawkeye,Invisible Woman,-0.026078100269757834,-0.026733837046500973
opposing,Hawkeye,The Thing,0.015665212633126965,0.00967702836519907
opposing,Hawkeye,Iron Fist,0.0428337629039392,0.04519500563898081
opposing,Hawkeye,Emma Frost,-0.01291266121629791,-0.016892985706609763
opposing,Hawkeye,Phoenix,0.010593425357395523,0.014952276751164742
opposing,Hawkeye,Daredevil,-0.013466441794537454,-0.014627291953545118
opposing,Hawkeye,Angela,-0.011752421212643855,-0.013694994008162575
opposing,Hawkeye,Gambit,0.029620481966767753,0.033665352440530025
opposing,Hawkeye,Elsa Bloodstone,-0.023194475211573213,-0.02136777578659163
opposing,Hawkeye,White Fox,-0.005666277428999807,-0.009437527087917508
opposing,Hawkeye,Black Cat,-0.008845384429257728,-0.007077823673539717
opposing,Hawkeye,Devil Dinosaur,0.009493581936828052,0.005303899106492768
opposing,Hawkeye,Cyclops,-0.005455291821630965,-0.00027016385656559143
opposing,Hawkeye,Jubilee,0.008955585121332817,0.004101729096310252
opposing,Hawkeye,Rogue,0.006180267089024588,0.004108640399542293
opposing,Hawkeye,The Hood,-0.009854807158874332,-0.012715618341951807
opposing,Hawkeye,Deadpool (Vanguard),-0.019810059840909444,-0.025208653410763317
opposing,Hawkeye,Deadpool (Duelist),0.0005091756387123073,0.0017165368737554869
opposing,Hawkeye,Deadpool (Strategist),0.0144356257309222,0.012302751576684638
opposing,Captain America,Rocket Raccoon,0.006754947002275775,0.004093085319107052
opposing,Captain America,Hela,0.01612234218971971,0.013970074844779374
opposing,Captain America,Cloak & Dagger,-0.007019394621022141,-0.009703562479583589
opposing,Captain America,Black Panther,0.012669798890166383,0.0034542180235205763
opposing,Captain America,Groot,-0.0005183563575464487,-0.0007617643921968673
opposing,Captain America,Ultron,0.0028588651760401845,0.004019117710842604
opposing,Captain America,Magik,-0.003758498424032788,0.004041145948068548
opposing,Captain America,Moon Knight,-0.005971629554509398,-0.005801541611394866
opposing,Captain America,Luna Snow,-0.01472267244805514,-0.01301596772323185
opposing,Captain America,Squirrel Girl,-0.0039880459629838255,-0.006310758654260672
opposing,Captain America,Black Widow,0.004380829161305244,-0.00012823231761957798
opposing,Captain America,Iron Man,0.008583959649718814,0.010961059668884185
opposing,Captain America,Venom,0.00467849691513931,0.009219020370737636
opposing,Captain America,Spider-man,0.04595180318970871,0.05170977214004795
opposing,Captain America,Magneto,0.01180812058993584,-0.008016190789751245
opposing,Captain America,Scarlet Witch,-0.016644380840437945,-0.018828085098262823
opposing,Captain America,Thor,-0.012104222604237243,-0.016996440201585115
opposing,Captain America,Mister Fantastic,-0.010990766094994643,-0.011349586269267102
opposing,Captain America,Winter Soldier,0.01887937844708219,0.017584683233259662
opposing,Captain America,Peni Parker,-0.014434307799922996,-0.010315992850651148
opposing,Captain America,Star-lord,-0.026613054641185505,-0.031234939223544842
opposing,Captain America,Blade,-0.013777464547523552,-0.011315286166015537
opposing,Captain America,Namor,-0.012792132265749117,-0.02050087397256313
opposing,Captain America,Adam Warlock,0.004477854846097502,0.0009436811778833744
opposing,Captain America,Jeff The Land Shark,0.012335872570363792,0.012521413231743236
opposing,Captain America,Psylocke,-0.014747936242457724,-0.017583275259448475
opposing,Captain America,Wolverine,-0.012269780865157107,-0.008894281449385609
opposing,Captain America,Invisible Woman,0.04560869015200526,0.04701743479789349
opposing,Captain America,The Thing,-0.01944797910858356,-0.010257309601553175
opposing,Captain America,Iron Fist,0.004223997177929865,0.011980740961701725
opposing,Captain America,Emma Frost,-0.015686699797950954,-0.019821714565017787
opposing,Captain America,Phoenix,0.005637566203133474,0.003891766837676179
opposing,Captain America,Daredevil,-0.015165473219773589,-0.012895846274678864
opposing,Captain America,Angela,0.004212964874744932,0.0023893785961783807
opposing,Captain America,Gambit,-0.020785572890459555,-0.02251537288010508
opposing,Captain America,Elsa Bloodstone,-0.02003614807465574,-0.02523338919260842
opposing,Captain America,White Fox,-0.016156928455587777,-0.011459685012712852
opposing,Captain America,Black Cat,-0.012275261270621705,-0.012617591257047565
opposing,Captain America,Devil Dinosaur,0.006386660006066312,0.011723648150899801
opposing,Captain America,Cyclops,0.006525594367670696,0.007104353551955948
opposing,Captain America,Jubilee,-0.02582292454375747,-0.017701892584315048
opposing,Captain America,Rogue,0.0014393725981615907,0.0008157303419665959
opposing,Captain America,The Hood,0.03196097098688975,0.035229871514767336
opposing,Captain America,Deadpool (Vanguard),-0.017081595215835004,-0.02077184267511106
opposing,Captain America,Deadpool (Duelist),0.016163416662773954,0.01441993497522293
opposing,Captain America,Deadpool (Strategist),-0.01808820589601051,-0.01668862784027547
opposing,Rocket Raccoon,Hela,-0.023125829440720388,-0.026870285359620973
opposing,Rocket Raccoon,Cloak & Dagger,-0.0037873428027923586,-0.012949364854689647
opposing,Rocket Raccoon,Black Panther,0.005352726819961207,0.010973491291952072
opposing,Rocket Raccoon,Groot,-0.006178484600835642,0.0004010723343465975
opposing,Rocket Raccoon,Ultron,0.010722103966358927,0.010778559295497227
opposing,Rocket Raccoon,Magik,-0.01724907306920596,-0.015378936719577
opposing,Rocket Raccoon,Moon Knight,0.020344669527799657,0.023005874885745303
opposing,Rocket Raccoon,Luna Snow,0.020700300036479685,0.00420423262388517
opposing,Rocket Raccoon,Squirrel Girl,0.04955912947188646,0.056348776001829665
opposing,Rocket Raccoon,Black Widow,-0.03207601037431045,-0.031229798988833938
opposing,Rocket Raccoon,Iron Man,0.027972835005609476,0.03522207793410868
opposing,Rocket Raccoon,Venom,-0.0035615741734187677,-0.000999992729097925
opposing,Rocket Raccoon,Spider-man,-0.040900197197016305,-0.04670120300363813
opposing,Rocket Raccoon,Magneto,0.027720120855991237,0.04171424335147288
opposing,Rocket Raccoon,Scarlet Witch,0.015633119286541035,0.015347333867084305
opposing,Rocket Raccoon,Thor,-0.027256775899980032,-0.029668030007669578
opposing,Rocket Raccoon,Mister Fantastic,0.03327650106905588,0.03735015789560487
opposing,Rocket Raccoon,Winter Soldier,-0.0074338197077724755,-0.003928929958279738
opposing,Rocket Raccoon,Peni Parker,-0.010797755055709209,-0.0014090842037307208
opposing,Rocket Raccoon,Star-lord,-0.03674723514742892,-0.037109139498275226
opposing,Rocket Raccoon,Blade,-0.024743522246527507,-0.025022445239275812
opposing,Rocket Raccoon,Namor,0.038815699274191165,0.043331909044394566
opposing,Rocket Raccoon,Adam Warlock,0.007719507510843365,0.0032914442419753227
opposing,Rocket Raccoon,Jeff The Land Shark,-0.010142396869065037,-0.017164963522674666
opposing,Rocket Raccoon,Psylocke,-0.019828869625116693,-0.021544117882075334
opposing,Rocket Raccoon,Wolverine,0.002771835997701641,-0.003544012040668645
opposing,Rocket Raccoon,Invisible Woman,0.015000053955315335,0.008581502843797285
opposing,Rocket Raccoon,The Thing,0.017199277824136567,0.02223763379667272
opposing,Rocket Raccoon,Iron Fist,-0.05308597951449115,-0.06092888474519214
opposing,Rocket Raccoon,Emma Frost,-0.012643442614335712,-0.007586993939117891
opposing,Rocket Raccoon,Phoenix,-0.0018732773035383143,-0.0019443448726193307
opposing,Rocket Raccoon,Daredevil,-0.037929738804152534,-0.04214880659754144
opposing,Rocket Raccoon,Angela,-0.0071318186605791156,-0.004450944658457317
opposing,Rocket Raccoon,Gambit,0.020495646756131133,0.011162207913921765
opposing,Rocket Raccoon,Elsa Bloodstone,0.0021884095023953845,0.0029082529786916772
opposing,Rocket Raccoon,White Fox,-0.0014336052027440831,-0.014001201967271209
opposing,Rocket Raccoon,Black Cat,-0.0007943056803736785,-0.002480063745873618
opposing,Rocket Raccoon,Devil Dinosaur,0.016058163045436762,0.024596552102562407
opposing,Rocket Raccoon,Cyclops,0.033533675470648006,0.030727907861633225
opposing,Rocket Raccoon,Jubilee,0.008629169453903416,-0.0016064021246334562
opposing,Rocket Raccoon,Rogue,-0.008354729012979678,-0.0031024240251651338
opposing,Rocket Raccoon,The Hood,-0.00991027185383842,-0.006179231368587619
opposing,Rocket Raccoon,Deadpool (Vanguard),-0.014670734259814938,-0.009315813921736613
opposing,Rocket Raccoon,Deadpool (Duelist),-0.01327013189845331,-0.008312528707223876
opposing,Rocket Raccoon,Deadpool (Strategist),0.02039542439090216,0.017213975384134782
opposing,Hela,Cloak & Dagger,0.0018597123348905312,0.00564955250718305
opposing,Hela,Black Panther,0.005291218565271081,0.006630377945052116
opposing,Hela,Groot,-0.010950689388186208,-0.00989363269326256
opposing,Hela,Ultron,0.043671432236965714,0.04845649938081697
opposing,Hela,Magik,-0.001346410652647373,-0.010284004422576466
opposing,Hela,Moon Knight,-0.0115890447290186,-0.015559734270257291
opposing,Hela,Luna Snow,0.01182516733799543,0.01923181792754224
opposing,Hela,Squirrel Girl,0.015099889183682127,0.01450875383742566
opposing,Hela,Black Widow,-0.042537768292049305,-0.048022084903221116
opposing,Hela,Iron Man,0.03830057845882644,0.036335069873819396
opposing,Hela,Venom,-1.091941453508678e-05,0.0021924174740883787
opposing,Hela,Spider-man,0.0003993711229651364,-0.00209886420646984
opposing,Hela,Magneto,-0.056651109619206316,-0.05014358983516503
opposing,Hela,Scarlet Witch,0.01000933405470866,0.009477489959219014
opposing,Hela,Thor,0.003937410179161038,0.010793083219447535
opposing,Hela,Mister Fantastic,0.0080257448471741,0.005698897032732637
opposing,Hela,Winter Soldier,-0.03102784746767731,-0.036249223766023006
opposing,Hela,Peni Parker,0.012175083502698211,0.010714257568739349
opposing,Hela,Star-lord,0.004513541402968808,0.001260103963441623
opposing,Hela,Blade,0.012157525798028394,0.007130295842551907
opposing,Hela,Namor,0.03539320706301473,0.039225337909432056
opposing,Hela,Adam Warlock,-0.025675154546496177,-0.02508534993368718
opposing,Hela,Jeff The Land Shark,-0.003484132580599596,-0.0017426972049897481
opposing,Hela,Psylocke,-0.0024783972726490403,-0.0049308537726983955
opposing,Hela,Wolverine,0.0017079865367714787,-0.0001759683962513128
opposing,Hela,Invisible Woman,-0.043461752957058945,-0.04267842620471921
opposing,Hela,The Thing,0.027805343022131272,0.029059061455689365
opposing,Hela,Iron Fist,-0.02355030470969145,-0.031337205921918555
opposing,Hela,Emma Frost,-0.007103661861536667,-0.004555205552571227
opposing,Hela,Phoenix,-0.0016684255478790857,-0.003127940764710097
opposing,Hela,Daredevil,0.029187775239219706,0.026601843904734353
opposing,Hela,Angela,-0.03212622888314397,-0.030489183209153843
opposing,Hela,Gambit,0.01798306547663105,0.024185279004121756
opposing,Hela,Elsa Bloodstone,0.007459741541952421,0.006901359769037791
opposing,Hela,White Fox,-0.0038909176072371757,-0.0038282271734390296
opposing,Hela,Black Cat,0.00500353257268356,0.003041588150378612
opposing,Hela,Devil Dinosaur,0.009634801599476554,0.011335495811889376
opposing,Hela,Cyclops,-0.006946278904951139,-0.006717848444729642
opposing,Hela,Jubilee,0.018303847176567897,0.018230544023445233
opposing,Hela,Rogue,-0.009011623774783364,-0.006919954552244788
opposing,Hela,The Hood,-0.02028075744908899,-0.01844144974344965
opposing,Hela,Deadpool (Vanguard),0.018188754637958177,0.022944717746745225
opposing,Hela,Deadpool (Duelist),0.004156537248889945,0.000818268874569073
opposing,Hela,Deadpool (Strategist),-0.006506226063837107,-0.007644811577424064
opposing,Cloak & Dagger,Black Panther,-0.00932806631213572,-0.008246049873277634
opposing,Cloak & Dagger,Groot,-0.009845106393533476,-0.006046255260529255
opposing,Cloak & Dagger,Ultron,-0.009923963758775915,-0.005147924655545272
opposing,Cloak & Dagger,Magik,-0.033885151933364686,-0.03679817433337624
opposing,Cloak & Dagger,Moon Knight,0.00485777813682185,0.0028794731792746034
opposing,Cloak & Dagger,Luna Snow,-0.024023889543131678,-0.0401782135188114
opposing,Cloak & Dagger,Squirrel Girl,-0.013462507364236114,-0.0172542143304289
opposing,Cloak & Dagger,Black Widow,-0.007013849740112218,-0.005738517166981592
opposing,Cloak & Dagger,Iron Man,0.009176509073257351,0.011372562368591865
opposing,Cloak & Dagger,Venom,0.06033373828507548,0.07097278193187419
opposing,Cloak & Dagger,Spider-man,0.018617952275773012,0.01755306626162919
opposing,Cloak & Dagger,Magneto,-0.013657832163383999,-0.008505165131510672
opposing,Cloak & Dagger,Scarlet Witch,0.016141194378921,0.0132152694543911
opposing,Cloak & Dagger,Thor,0.008979368363835628,0.010200352998764876
opposing,Cloak & Dagger,Mister Fantastic,-0.0017181028084567564,-0.00472242035821751
opposing,Cloak & Dagger,Winter Soldier,0.012676411044577694,0.015991430746493535
opposing,Cloak & Dagger,Peni Parker,-0.025740899769412615,-0.020945233046202324
opposing,Cloak & Dagger,Star-lord,0.017965299746788625,0.021738813366098845
opposing,Cloak & Dagger,Blade,-0.03998844138918167,-0.044876628166382417
opposing,Cloak & Dagger,Namor,-0.011870641668489125,-0.016393873407741427
opposing,Cloak & Dagger,Adam Warlock,-0.0006598861407735446,0.001861938741454017
opposing,Cloak & Dagger,Jeff The Land Shark,-0.015157774556356482,-0.014618813792629514
opposing,Cloak & Dagger,Psylocke,0.008505252417607747,0.007628120524368994
opposing,Cloak & Dagger,Wolverine,-0.049349168129711206,-0.06488379057562876
opposing,Cloak & Dagger,Invisible Woman,-0.020510728416422114,-0.024912371144139207
opposing,Cloak & Dagger,The Thing,-0.0015341412252838523,-0.0016979406140418425
opposing,Cloak & Dagger,Iron Fist,0.01696384604428952,0.015173520116815447
opposing,Cloak & Dagger,Emma Frost,-0.036452992163079234,-0.03741450553654677
opposing,Cloak & Dagger,Phoenix,-0.0026233319692451464,-0.005491805263160182
opposing,Cloak & Dagger,Daredevil,0.03335449229417622,0.035342304496457734
opposing,Cloak & Dagger,Angela,-0.007539968777887678,-0.007116117630113479
opposing,Cloak & Dagger,Gambit,0.013756843330322536,0.011671581771173918
opposing,Cloak & Dagger,Elsa Bloodstone,0.008880633614030298,0.007733356212660289
opposing,Cloak & Dagger,White Fox,0.006111605694584714,0.0033892797264160474
opposing,Cloak & Dagger,Black Cat,0.003743445182746712,-7.874291648384568e-05
opposing,Cloak & Dagger,Devil Dinosaur,-0.028419417589971113,-0.029220638434744744
opposing,Cloak & Dagger,Cyclops,0.0497660844401539,0.04628571906070669
opposing,Cloak & Dagger,Jubilee,0.020568643149614152,0.020977299239868817
opposing,Cloak & Dagger,Rogue,-0.013380204852273949,-0.011126992924126137
opposing,Cloak & Dagger,The Hood,0.0154041642399255,0.02101216894046535
opposing,Cloak & Dagger,Deadpool (Vanguard),0.025624170880354534,0.03526363081617995
opposing,Cloak & Dagger,Deadpool (Duelist),0.004342551218794306,0.008798090908059022
opposing,Cloak & Dagger,Deadpool (Strategist),0.014935079270987651,0.019234254511989037
opposing,Black Panther,Groot,-0.0018749526148771649,0.006878799284235425
opposing,Black Panther,Ultron,-0.008953061994302349,-0.016551457487665854
opposing,Black Panther,Magik,0.013553778723093405,0.004892338208664226
opposing,Black Panther,Moon Knight,0.03470713598216957,0.033524279003266585
opposing,Black Panther,Luna Snow,-0.009022003617010258,-0.010026650255145417
opposing,Black Panther,Squirrel Girl,0.009645530539817058,0.007702184607492037
opposing,Black Panther,Black Widow,-0.006866827433174918,-0.010413330670196123
opposing,Black Panther,Iron Man,0.0027879736882293125,-0.0029344051729848462
opposing,Black Panther,Venom,0.007763640033674155,0.017517110944263784
opposing,Black Panther,Spider-man,-0.020865221815025647,-0.025980486474059233
opposing,Black Panther,Magneto,-0.007098221731597287,0.011665232805221679
opposing,Black Panther,Scarlet Witch,0.0020251143600906506,-6.13292055277851e-05
opposing,Black Panther,Thor,-0.05040326839736505,-0.0429939579258106
opposing,Black Panther,Mister Fantastic,0.011789607192882075,0.008848006471537903
opposing,Black Panther,Winter Soldier,0.0059054895127328725,0.002722918278260646
opposing,Black Panther,Peni Parker,-0.009617970639501325,-0.006859080565798312
opposing,Black Panther,Star-lord,-0.022627458756656067,-0.02896803810351259
opposing,Black Panther,Blade,-0.008262943410009936,-0.01583967279668884
opposing,Black Panther,Namor,0.011299972432712196,0.012288782614145975
opposing,Black Panther,Adam Warlock,-0.010421945361325638,-0.013730890458676571
opposing,Black Panther,Jeff The Land Shark,0.0258318871849053,0.025432424172897008
opposing,Black Panther,Psylocke,-0.0013861554239558615,-0.004667094470669112
opposing,Black Panther,Wolverine,0.02401526851309191,0.0230000342436154
opposing,Black Panther,Invisible Woman,-0.00041192826389011613,-5.277428321052359e-05
opposing,Black Panther,The Thing,-0.029212558276301516,-0.02770675771806386
opposing,Black Panther,Iron Fist,0.01205472050376315,0.006200359414053063
opposing,Black Panther,Emma Frost,0.011518642635724158,0.02283909435954344
opposing,Black Panther,Phoenix,0.0201519967002819,0.019522253368744417
opposing,Black Panther,Daredevil,-0.0004890924838957053,-0.006365035130789639
opposing,Black Panther,Angela,-0.00032235987814365955,0.011571417872286341
opposing,Black Panther,Gambit,0.002860271337514148,0.0013667347393089891
opposing,Black Panther,Elsa Bloodstone,-0.026998028865859686,-0.031228894165958632
opposing,Black Panther,White Fox,-0.010127007838348337,-0.016649229541745338
opposing,Black Panther,Black Cat,-0.006411317659575532,-0.010202311995020558
opposing,Black Panther,Devil Dinosaur,0.005138030868121452,0.013006648835022037
opposing,Black Panther,Cyclops,-0.020125156713319745,-0.021866898372327085
opposing,Black Panther,Jubilee,0.008503229687189627,0.0013994484895884294
opposing,Black Panther,Rogue,-0.010440543692456646,-0.001835396090812303
opposing,Black Panther,The Hood,-0.016284995856756145,-0.00732118795357628
opposing,Black Panther,Deadpool (Vanguard),-0.02102290103429173,-0.01400920725501881
opposing,Black Panther,Deadpool (Duelist),0.009837893565976495,0.006038271802463198
opposing,Black Panther,Deadpool (Strategist),-0.032885080235810216,-0.04312642337920006
opposing,Groot,Ultron,-0.031010519249576714,-0.03911861014924479
opposing,Groot,Magik,-0.05128926607987386,-0.047165630038598166
opposing,Groot,Moon Knight,-0.021855326900705265,-0.02179660475353876
opposing,Groot,Luna Snow,-0.0048863572125182235,-0.005423865619479995
opposing,Groot,Squirrel Girl,-0.012766438666193107,-0.014400194377696966
opposing,Groot,Black Widow,0.01143843110543179,0.009402051278095258
opposing,Groot,Iron Man,-0.006483919896340982,-0.0041262941077236945
opposing,Groot,Venom,-0.013048337711287175,-0.01107135868011119
opposing,Groot,Spider-man,0.023692790008532822,0.028621294401291655
opposing,Groot,Magneto,0.017344273050577952,-0.0014646616632132215
opposing,Groot,Scarlet Witch,0.005353771583692195,0.0073256131798735925
opposing,Groot,Thor,0.006578746586396929,0.004724492844174512
opposing,Groot,Mister Fantastic,0.01236000767821957,0.01630908905936121
opposing,Groot,Winter Soldier,0.021196079677019374,0.02184006356181326
opposing,Groot,Peni Parker,0.011487176332402902,0.01975707282013739
opposing,Groot,Star-lord,-0.006471048586319993,-0.007146458746375938
opposing,Groot,Blade,-0.00992565072194985,-0.005351882207701532
opposing,Groot,Namor,0.02187419048771318,0.019747903930242307
opposing,Groot,Adam Warlock,0.014907374230231269,0.009224323811256574
opposing,Groot,Jeff The Land Shark,0.028570182137498287,0.02753975875609942
opposing,Groot,Psylocke,0.024443140306178737,0.02769991277260294
opposing,Groot,Wolverine,-0.01885414678310957,-0.014542560996918023
opposing,Groot,Invisible Woman,-0.0014916566930962204,-0.011477660156238518
opposing,Groot,The Thing,-0.005126625466140782,0.006430990119370225
opposing,Groot,Iron Fist,-0.00726835956094826,0.0008716474513261962
opposing,Groot,Emma Frost,-0.029129186203368913,-0.035168614899318315
opposing,Groot,Phoenix,0.007856116478593427,0.008037940747099888
opposing,Groot,Daredevil,0.0021779592293516663,0.008078836646652666
opposing,Groot,Angela,0.01482099407187171,0.014793073187891014
opposing,Groot,Gambit,-0.008954794707054375,-0.012608269140434707
opposing,Groot,Elsa Bloodstone,0.03343128292371096,0.03593420420246703
opposing,Groot,White Fox,0.006382113665696452,0.010876653654852844
opposing,Groot,Black Cat,-0.002382797797350929,6.686519389642451e-05
opposing,Groot,Devil Dinosaur,-0.013292289847083603,-0.010819171546168366
opposing,Groot,Cyclops,-0.01402127815732642,-0.014079132522645383
opposing,Groot,Jubilee,-0.026587902036961774,-0.022414862397852106
opposing,Groot,Rogue,0.011440450553408775,0.012519096577664313
opposing,Groot,The Hood,0.0007435083648716469,-0.0006266167617641203
opposing,Groot,Deadpool (Vanguard),0.00633214553971048,0.006407672945546233
opposing,Groot,Deadpool (Duelist),-0.022804149374688974,-0.027259102947039534
opposing,Groot,Deadpool (Strategist),0.02632470345261313,0.03103702100188061
opposing,Ultron,Magik,0.05190184117509234,0.06394343092983859
opposing,Ultron,Moon Knight,0.02798558631278478,0.033129495393433565
opposing,Ultron,Luna Snow,0.014363506741443717,-0.0013916867873212866
opposing,Ultron,Squirrel Girl,0.032722392673530554,0.038935036228259265
opposing,Ultron,Black Widow,-0.06527678417402236,-0.06705308038892983
opposing,Ultron,Iron Man,0.0003829132148067684,0.005711005044035623
opposing,Ultron,Venom,0.03205431343886116,0.03589160659511084
opposing,Ultron,Spider-man,-0.016864401744523208,-0.0181333439950034
opposing,Ultron,Magneto,8.586533115850846e-05,0.0051904979629616
opposing,Ultron,Scarlet Witch,0.014723005401064637,0.015851044870503355
opposing,Ultron,Thor,-0.0016419862554605405,-0.004384847967468458
opposing,Ultron,Mister Fantastic,0.016255122297488083,0.019728695902171096
opposing,Ultron,Winter Soldier,-0.03869674613351486,-0.037572133062659926
opposing,Ultron,Peni Parker,-0.00016762619566664053,0.0064811879973453975
opposing,Ultron,Star-lord,-0.01689746788408175,-0.013250562202429664
opposing,Ultron,Blade,-0.015761288099438973,-0.013389842699221213
opposing,Ultron,Namor,-0.017911131813269997,-0.018958186804419245
opposing,Ultron,Adam Warlock,-0.010415115145672388,-0.016247364414616338
opposing,Ultron,Jeff The Land Shark,0.025126296931817907,0.026409238179477594
opposing,Ultron,Psylocke,-0.0018863268780088464,0.00016883183300098946
opposing,Ultron,Wolverine,0.01875791127770345,0.015967911773913386
opposing,Ultron,Invisible Woman,0.008971841280947069,0.003350269620652656
opposing,Ultron,The Thing,0.017706745660382578,0.018378388737984985
opposing,Ultron,Iron Fist,-0.020138491787555772,-0.022335371927809843
opposing,Ultron,Emma Frost,-0.011932351836174648,-0.011209890940225658
opposing,Ultron,Phoenix,-0.006715669551003135,-0.005864447026437259
opposing,Ultron,Daredevil,-0.03969352957109148,-0.042605482085767754
opposing,Ultron,Angela,-0.006964816711183077,-0.008705373335810203
opposing,Ultron,Gambit,0.004299172124412902,-0.006086062167909185
opposing,Ultron,Elsa Bloodstone,0.0015105906352724486,0.0036732958777583712
opposing,Ultron,White Fox,0.05148248146054171,0.050429009481357145
opposing,Ultron,Black Cat,0.002734163627351966,0.003017053349897728
opposing,Ultron,Devil Dinosaur,-0.021954283353914392,-0.023973307693872042
opposing,Ultron,Cyclops,0.021065449571480044,0.01822874284964927
opposing,Ultron,Jubilee,-0.0015918716576113594,-0.011792796228042142
opposing,Ultron,Rogue,-0.028074305196448907,-0.030439488035308063
opposing,Ultron,The Hood,-0.005933847846299717,-0.006012009442739198
opposing,Ultron,Deadpool (Vanguard),-0.007941702371665922,-0.00595360070589408
opposing,Ultron,Deadpool (Duelist),-0.007044469990894112,0.00021893006336021594
opposing,Ultron,Deadpool (Strategist),-0.005364771961356405,-0.0113368749128802
opposing,Magik,Moon Knight,0.036793631577273375,0.045523437058255345
opposing,Magik,Luna Snow,-0.035508717087480185,-0.03889879977320808
opposing,Magik,Squirrel Girl,-0.027424457269965414,-0.02258765941479638
opposing,Magik,Black Widow,0.015302498358137167,0.02327528399669758
opposing,Magik,Iron Man,-0.04274434696920077,-0.04236356867073268
opposing,Magik,Venom,-0.020569208417582856,-0.032872740153387904
opposing,Magik,Spider-man,-0.0007964912863099903,0.005439485309230325
opposing,Magik,Magneto,0.028631962889584042,0.032554305867837925
opposing,Magik,Scarlet Witch,0.013379743468638476,0.02194741304398052
opposing,Magik,Thor,-0.014002668237250666,-0.02135895548608478
opposing,Magik,Mister Fantastic,0.022629740036696877,0.03030109275513454
opposing,Magik,Winter Soldier,-0.019107223372919577,-0.014545068825967348
opposing,Magik,Peni Parker,-0.02894796267184451,-0.04723201724130687
opposing,Magik,Star-lord,-0.012411393391839425,-0.008188944697233965
opposing,Magik,Blade,0.015497938802501185,0.019567822805099826
opposing,Magik,Namor,-0.018525200734295214,-0.010176661593945376
opposing,Magik,Adam Warlock,0.012642477289628161,0.013141988159862464
opposing,Magik,Jeff The Land Shark,-0.0007738732859415075,-0.0035736532205896403
opposing,Magik,Psylocke,0.009084678981999435,0.01638714950003926
opposing,Magik,Wolverine,-0.004860570586455517,0.0015598708283808352
opposing,Magik,Invisible Woman,0.020749102644574215,0.02467878862502786
opposing,Magik,The Thing,-0.08084057015056148,-0.10401567800889192
opposing,Magik,Iron Fist,0.008348062924588773,0.01194291204082139
opposing,Magik,Emma Frost,0.01687209242857967,0.009929877297236728
opposing,Magik,Phoenix,0.02653547631173361,0.03616215416138892
opposing,Magik,Daredevil,-0.012378311468383793,-0.009459648821760123
opposing,Magik,Angela,0.0056513225222024855,-0.000647705217400298
opposing,Magik,Gambit,-0.03920060528129834,-0.04502634832063905
opposing,Magik,Elsa Bloodstone,-0.041602329994920056,-0.03725579657306718
opposing,Magik,White Fox,-0.01033515039932051,-0.015957986786623024
opposing,Magik,Black Cat,-0.029010647869832713,-0.02486384580982166
opposing,Magik,Devil Dinosaur,0.06480940151144243,0.060533579971722234
opposing,Magik,Cyclops,0.0009468952481289949,0.010636660558314207
opposing,Magik,Jubilee,0.008757767587304885,0.002611206763434104
opposing,Magik,Rogue,0.01956365492223822,0.012682731003048401
opposing,Magik,The Hood,0.06398223884794622,0.06312147105361694
opposing,Magik,Deadpool (Vanguard),-0.012174280178471534,-0.02302956640386207
opposing,Magik,Deadpool (Duelist),-0.009101221551988822,-0.004670229712662692
opposing,Magik,Deadpool (Strategist),0.02697602827884276,0.025142726836000544
opposing,Moon Knight,Luna Snow,0.008790669726774595,0.014846159209137568
opposing,Moon Knight,Squirrel Girl,0.0006470389320567698,0.0019432415285874757
opposing,Moon Knight,Black Widow,0.0020013995932790457,0.003123782375850708
opposing,Moon Knight,Iron Man,-0.017329910234470048,-0.020702291952023607
opposing,Moon Knight,Venom,0.0022618155229711103,-8.981471458018302e-05
opposing,Moon Knight,Spider-man,-0.009315971198016238,-0.009547867950212525
opposing,Moon Knight,Magneto,-0.020199893821871182,-0.01439756722100194
opposing,Moon Knight,Scarlet Witch,0.004667897252880801,0.006752304176162127
opposing,Moon Knight,Thor,0.01401521781620027,0.017195066534380292
opposing,Moon Knight,Mister Fantastic,0.026916575624501157,0.029144560235163063
opposing,Moon Knight,Winter Soldier,0.01768778816714857,0.01940722868250615
opposing,Moon Knight,Peni Parker,0.031313326002833236,0.027197219234094624
opposing,Moon Knight,Star-lord,0.02409612533242668,0.025452860570173326
opposing,Moon Knight,Blade,-0.039475144569684886,-0.04558942219166123
opposing,Moon Knight,Namor,0.015240267891264593,0.020503729566859114
opposing,Moon Knight,Adam Warlock,-0.0009159035843803204,0.001796958492911937
opposing,Moon Knight,Jeff The Land Shark,-0.003463548663515266,-0.0026913892040511026
opposing,Moon Knight,Psylocke,-0.04772829433731337,-0.05075717663961867
opposing,Moon Knight,Wolverine,0.009894532272657762,0.011709066961423072
opposing,Moon Knight,Invisible Woman,0.0023974159441818178,0.007941289903395429
opposing,Moon Knight,The Thing,0.03934406411901731,0.037086511669627495
opposing,Moon Knight,Iron Fist,0.016833228807096357,0.015320576239129476
opposing,Moon Knight,Emma Frost,-0.01105437679230066,-0.013761880589177773
opposing,Moon Knight,Phoenix,0.020383419678138025,0.023731618042305582
opposing,Moon Knight,Daredevil,0.03810174981733027,0.03927250241201097
opposing,Moon Knight,Angela,-0.006470607251689366,-0.006754742015819376
opposing,Moon Knight,Gambit,0.012953247217686386,0.01755488455702778
opposing,Moon Knight,Elsa Bloodstone,0.014638719411466057,0.017698221831029717
opposing,Moon Knight,White Fox,0.017931121592991917,0.019749718021037473
opposing,Moon Knight,Black Cat,0.015742979663606556,0.01768375697149265
opposing,Moon Knight,Devil Dinosaur,0.022251490802547496,0.020562333616500273
opposing,Moon Knight,Cyclops,-0.01419312091043325,-0.011500871847733119
opposing,Moon Knight,Jubilee,0.03329173845177353,0.03412007280227035
opposing,Moon Knight,Rogue,-0.01868071323287454,-0.022489106741509328
opposing,Moon Knight,The Hood,-0.020582659450671288,-0.02358831918577436
opposing,Moon Knight,Deadpool (Vanguard),-0.01626659382123821,-0.020202552287155607
opposing,Moon Knight,Deadpool (Duelist),0.005100369756065566,0.004881173945235945
opposing,Moon Knight,Deadpool (Strategist),-0.017652522453151666,-0.02115624392118417
opposing,Luna Snow,Squirrel Girl,-0.0299660123330766,-0.03819178596224062
opposing,Luna Snow,Black Widow,0.028002008181999508,0.031283194453527924
opposing,Luna Snow,Iron Man,-0.01048996323389974,-0.013123347518826035
opposing,Luna Snow,Venom,-0.009289689130467335,-0.015469024266753067
opposing,Luna Snow,Spider-man,0.030129242941010024,0.028132139718154654
opposing,Luna Snow,Magneto,-0.012453856773989485,-0.012736593074407086
opposing,Luna Snow,Scarlet Witch,0.016803783475138823,0.011589553645769978
opposing,Luna Snow,Thor,0.0022465235643772206,-0.003243455520478678
opposing,Luna Snow,Mister Fantastic,-0.019646895236060818,-0.027263440381138253
opposing,Luna Snow,Winter Soldier,-0.011639597812307717,-0.013735207759368723
opposing,Luna Snow,Peni Parker,-0.016204873281883532,-0.015505530250192544
opposing,Luna Snow,Star-lord,0.001343968764825358,0.0006686874695239992
opposing,Luna Snow,Blade,0.00800753425819266,0.006747715895047535
opposing,Luna Snow,Namor,0.015804786715023163,0.012369854981843727
opposing,Luna Snow,Adam Warlock,-0.02353584982723806,-0.013386947011075541
opposing,Luna Snow,Jeff The Land Shark,-0.021162363014295717,-0.009928801547811013
opposing,Luna Snow,Psylocke,-0.012164019719560444,-0.017995939171811394
opposing,Luna Snow,Wolverine,-0.004780507567961137,-0.01711517598552611
opposing,Luna Snow,Invisible Woman,-0.010813585980716097,-0.0016657678431944952
opposing,Luna Snow,The Thing,0.030485544772035446,0.029838866970117294
opposing,Luna Snow,Iron Fist,-0.0045481473207406925,-0.011398600960709715
opposing,Luna Snow,Emma Frost,0.023778041366528602,0.02686761614759013
opposing,Luna Snow,Phoenix,0.018416149521359247,0.015806482871903588
opposing,Luna Snow,Daredevil,0.0036938154993878306,-0.0003970854395453693
opposing,Luna Snow,Angela,0.0006115903044528006,-0.0032833859294118975
opposing,Luna Snow,Gambit,0.0014599896101196697,0.008925280524226314
opposing,Luna Snow,Elsa Bloodstone,-0.00025540025300795316,-0.004915810429623917
opposing,Luna Snow,White Fox,-0.020154451327935263,-0.01586607996872451
opposing,Luna Snow,Black Cat,0.017858892225146233,0.013430006464349442
opposing,Luna Snow,Devil Dinosaur,0.0027660842575622274,0.0013479196898414118
opposing,Luna Snow,Cyclops,0.0014074227357577644,-0.010488903898605134
opposing,Luna Snow,Jubilee,-0.02269701603006107,-0.01836849936827339
opposing,Luna Snow,Rogue,0.012342104522329759,0.013100359651523836
opposing,Luna Snow,The Hood,-0.008086609724221807,-0.011882807359220674
opposing,Luna Snow,Deadpool (Vanguard),-0.02057252577632645,-0.0239864343230541
opposing,Luna Snow,Deadpool (Duelist),0.02499249760269337,0.0296581520480793
opposing,Luna Snow,Deadpool (Strategist),-0.0040888389611327585,0.008537786114593424
opposing,Squirrel Girl,Black Widow,-0.0028327706840486117,-0.0033415610056293263
opposing,Squirrel Girl,Iron Man,-0.016602704888692497,-0.021161349660550013
opposing,Squirrel Girl,Venom,-0.054516989086275155,-0.06054780787000251
opposing,Squirrel Girl,Spider-man,-0.0025844470181060433,-0.0035222613178756777
opposing,Squirrel Girl,Magneto,-0.015271768631643565,-0.006198124747888767
opposing,Squirrel Girl,Scarlet Witch,0.014671881506443985,0.0163121676880442
opposing,Squirrel Girl,Thor,0.011380221750112864,0.016979497719560543
opposing,Squirrel Girl,Mister Fantastic,0.010883962833723088,0.010584898939156583
opposing,Squirrel Girl,Winter Soldier,0.001995446983319404,0.0012150607220044857
opposing,Squirrel Girl,Peni Parker,0.03206715549645499,0.03075218435246775
opposing,Squirrel Girl,Star-lord,-0.027220562257609833,-0.031213601509032272
opposing,Squirrel Girl,Blade,0.025540169577925327,0.023382677605791633
opposing,Squirrel Girl,Namor,0.024410638743221587,0.029163290605006505
opposing,Squirrel Girl,Adam Warlock,-0.003363645900691428,-0.0014333852919247655
opposing,Squirrel Girl,Jeff The Land Shark,0.005276207835981141,0.00666420317889565
opposing,Squirrel Girl,Psylocke,-0.02321834388150374,-0.025530869629310435
opposing,Squirrel Girl,Wolverine,-0.018492119739903116,-0.020192956694108838
opposing,Squirrel Girl,Invisible Woman,-0.007947499109513803,-0.004173373210998853
opposing,Squirrel Girl,The Thing,0.031568947193296795,0.03115185233790827
opposing,Squirrel Girl,Iron Fist,0.013577499462366832,0.010559949064855427
opposing,Squirrel Girl,Emma Frost,0.017201497516539745,0.020392887139534792
opposing,Squirrel Girl,Phoenix,-0.002100213742664787,-0.0017951455341276184
opposing,Squirrel Girl,Daredevil,-0.0012004643751397722,-0.004418328397822845
opposing,Squirrel Girl,Angela,-0.010923471330143287,-0.008992938701541428
opposing,Squirrel Girl,Gambit,-0.013231479541338768,-0.012379566725862223
opposing,Squirrel Girl,Elsa Bloodstone,0.030080135384905657,0.033130511600378325
opposing,Squirrel Girl,White Fox,0.009064801317772835,0.0092984740324293
opposing,Squirrel Girl,Black Cat,-0.013668858832267306,-0.015325468086017287
opposing,Squirrel Girl,Devil Dinosaur,-0.002339612403992928,-0.004082420340856489
opposing,Squirrel Girl,Cyclops,0.012170218417952119,0.015727095144956914
opposing,Squirrel Girl,Jubilee,0.033885356187713836,0.03431125907621649
opposing,Squirrel Girl,Rogue,-0.010223296345260065,-0.010362842462237697
opposing,Squirrel Girl,The Hood,-0.024997929057148344,-0.025784686857346334
opposing,Squirrel Girl,Deadpool (Vanguard),-0.008728151710962211,-0.009098773680472119
opposing,Squirrel Girl,Deadpool (Duelist),0.00918153930260067,0.00804439757352769
opposing,Squirrel Girl,Deadpool (Strategist),-0.004020744679220447,-0.006297127604498253
opposing,Black Widow,Iron Man,0.05991896035432524,0.061764217468765974
opposing,Black Widow,Venom,-0.016824240226027378,-0.015480450377694644
opposing,Black Widow,Spider-man,0.019111059958998033,0.02019105488425355
opposing,Black Widow,Magneto,-0.03650540688146915,-0.02669446719948121
opposing,Black Widow,Scarlet Witch,0.014403608138293543,0.016304601117298548
opposing,Black Widow,Thor,0.002998737146372551,0.010782941604958584
opposing,Black Widow,Mister Fantastic,-0.04626533658044652,-0.05085417576128977
opposing,Black Widow,Winter Soldier,0.00935011355398361,0.009440269285178653
opposing,Black Widow,Peni Parker,0.0005300077844962511,-0.0012082276929816249
opposing,Black Widow,Star-lord,0.033145527299264226,0.03426394387924853
opposing,Black Widow,Blade,-0.0197292393877146,-0.025226115410242663
opposing,Black Widow,Namor,0.012311787196068825,0.016378699600938344
opposing,Black Widow,Adam Warlock,0.008990238594887548,0.00820377742929366
opposing,Black Widow,Jeff The Land Shark,-0.015294319999169557,-0.02073859797195681
opposing,Black Widow,Psylocke,0.001205162715643646,0.0011286861624655677
opposing,Black Widow,Wolverine,-0.03629620684906907,-0.03913920210515124
opposing,Black Widow,Invisible Woman,-0.03772144483514863,-0.041930019488645956
opposing,Black Widow,The Thing,0.040815826012464834,0.044569272009784014
opposing,Black Widow,Iron Fist,-0.04671851683281752,-0.054277579867086846
opposing,Black Widow,Emma Frost,-0.03896439139749191,-0.03897038256206714
opposing,Black Widow,Phoenix,0.006496463534782422,0.0077714345923721945
opposing,Black Widow,Daredevil,0.007787877612668977,0.00557124961586743
opposing,Black Widow,Angela,-0.01631165763376995,-0.011859039289918032
opposing,Black Widow,Gambit,0.009791312183395155,0.009260116628155518
opposing,Black Widow,Elsa Bloodstone,-0.010278054138407884,-0.010174164417943476
opposing,Black Widow,White Fox,-0.022985055556023593,-0.031018572286899602
opposing,Black Widow,Black Cat,-0.0076966441321085766,-0.008593307542989034
opposing,Black Widow,Devil Dinosaur,-0.00013525569564254452,0.0014992261033237879
opposing,Black Widow,Cyclops,-0.00015382548994662983,0.0026992963912830918
opposing,Black Widow,Jubilee,0.0013829974399019135,-0.006514851851379852
opposing,Black Widow,Rogue,-7.655577018541557e-05,0.004055797020468203
opposing,Black Widow,The Hood,-0.002437771225194538,0.0024455844633707174
opposing,Black Widow,Deadpool (Vanguard),0.019477345043150716,0.025412712649790108
opposing,Black Widow,Deadpool (Duelist),-0.0269403913763555,-0.030685118892888146
opposing,Black Widow,Deadpool (Strategist),0.011994947476810059,0.007459568734728144
opposing,Iron Man,Venom,0.010829485422816717,0.008875386030277843
opposing,Iron Man,Spider-man,-0.06684224459293982,-0.06969025431793403
opposing,Iron Man,Magneto,-0.018621871485187385,-0.013209309506584938
opposing,Iron Man,Scarlet Witch,0.00786976563292392,0.01219631092540465
opposing,Iron Man,Thor,-0.0034056464831011823,-0.00275554687091157
opposing,Iron Man,Mister Fantastic,-0.0007504899740543286,0.00125011828751909
opposing,Iron Man,Winter Soldier,-0.021269943670930127,-0.020681132803822888
opposing,Iron Man,Peni Parker,0.01840437494900315,0.012266729082692608
opposing,Iron Man,Star-lord,-0.016603974084330363,-0.016517257901128325
opposing,Iron Man,Blade,0.04007192278782531,0.04230739945324573
opposing,Iron Man,Namor,0.02302264817858103,0.03089468917595682
opposing,Iron Man,Adam Warlock,0.002192941963239067,0.0016598928481564243
opposing,Iron Man,Jeff The Land Shark,0.004760120254424414,0.0029257214428037148
opposing,Iron Man,Psylocke,-0.025353564753218014,-0.024606479789999733
opposing,Iron Man,Wolverine,0.00919581088205139,0.012940436758364147
opposing,Iron Man,Invisible Woman,-0.003613637215613822,-0.0024556617872019903
opposing,Iron Man,The Thing,0.0429160429317272,0.04049331985874386
opposing,Iron Man,Iron Fist,-0.017554971346785714,-0.019832691028267208
opposing,Iron Man,Emma Frost,0.023423495523454546,0.024031979437118132
opposing,Iron Man,Phoenix,-0.0165732746016957,-0.014195622881118886
opposing,Iron Man,Daredevil,0.004706455492166619,0.005191573439630176
opposing,Iron Man,Angela,-0.0009732464807864847,-0.0012056819226696012
opposing,Iron Man,Gambit,0.03372621701215166,0.03728995868997389
opposing,Iron Man,Elsa Bloodstone,0.0017132133259238629,0.0057246641574401035
opposing,Iron Man,White Fox,0.012140426022054339,0.009600668617905376
opposing,Iron Man,Black Cat,-0.004861632740438051,-0.002583235526079574
opposing,Iron Man,Devil Dinosaur,-0.015135067295900334,-0.02160285668069896
opposing,Iron Man,Cyclops,0.006898317591060475,0.013263870632676056
opposing,Iron Man,Jubilee,0.0045553757411267515,-0.0018428521330346032
opposing,Iron Man,Rogue,-0.0006987951299304434,-0.003049261704742265
opposing,Iron Man,The Hood,-0.006120148296225135,-0.008064297814231663
opposing,Iron Man,Deadpool (Vanguard),-0.008675092385526682,-0.012323473047721488
opposing,Iron Man,Deadpool (Duelist),0.0068986906287880345,0.008809349386572164
opposing,Iron Man,Deadpool (Strategist),-0.007228822468656826,-0.013064098324454796
opposing,Venom,Spider-man,-7.641084703330706e-05,0.00226074009334847
opposing,Venom,Magneto,0.013884087772294499,-0.009441598740298911
opposing,Venom,Scarlet Witch,0.0011912607905475033,0.002780194793031182
opposing,Venom,Thor,0.0037282222244148806,-0.002548989329486481
opposing,Venom,Mister Fantastic,0.0046331441388911465,0.0077978386334956904
opposing,Venom,Winter Soldier,-0.0022273289958867895,-0.004135749443994528
opposing,Venom,Peni Parker,-0.03128294008700522,-0.03357747711209214
opposing,Venom,Star-lord,0.0020412338861325124,0.0024105714177895207
opposing,Venom,Blade,-0.013764665111307386,-0.00953736640901153
opposing,Venom,Namor,0.000899153396429667,-0.0035037593762325863
opposing,Venom,Adam Warlock,-0.009612129377334357,-0.01479726392368585
opposing,Venom,Jeff The Land Shark,-0.0180709670639418,-0.022158739043161572
opposing,Venom,Psylocke,-0.03716219161549357,-0.040758534617134204
opposing,Venom,Wolverine,-0.030843700807708284,-0.027796640122054062
opposing,Venom,Invisible Woman,0.0366253020196685,0.03720378873063108
opposing,Venom,The Thing,0.008847089303766058,0.018570091559427182
opposing,Venom,Iron Fist,-0.014856799003672861,-0.0074855871527685835
opposing,Venom,Emma Frost,0.03167291703534334,0.03100324246628335
opposing,Venom,Phoenix,-0.0010092975315608543,-0.001740103471854842
opposing,Venom,Daredevil,-0.026474026828904533,-0.023714486911536336
opposing,Venom,Angela,-0.0029168087755771484,-0.009658038007462453
opposing,Venom,Gambit,0.0025244967893425113,0.005154458870293648
opposing,Venom,Elsa Bloodstone,-0.001856977360805483,-0.003242886008566486
opposing,Venom,White Fox,-0.004992619968340186,0.0021123882106137146
opposing,Venom,Black Cat,-0.008751673246133192,-0.006933436944410865
opposing,Venom,Devil Dinosaur,-0.0194553753379387,-0.021914839637759795
opposing,Venom,Cyclops,-0.02147205746402639,-0.022283201316053415
opposing,Venom,Jubilee,0.016293346195755898,0.03179656539610573
opposing,Venom,Rogue,0.010750175234329855,0.007738209453506928
opposing,Venom,The Hood,0.001289834586024576,-0.003980655954884754
opposing,Venom,Deadpool (Vanguard),0.01693575802631062,0.01465819482794161
opposing,Venom,Deadpool (Duelist),0.01448411791907888,0.014315163076007015
opposing,Venom,Deadpool (Strategist),-0.009476807074260086,-0.006079753335829546
opposing,Spider-man,Magneto,0.01998820354077648,0.030577848954150416
opposing,Spider-man,Scarlet Witch,-0.006187004376264371,-0.005484370526959672
opposing,Spider-man,Thor,-0.014936391718382236,-0.0147569384261218
opposing,Spider-man,Mister Fantastic,0.0005093156520538994,0.00011133852127500905
opposing,Spider-man,Winter Soldier,0.016081527534586415,0.017159086255694008
opposing,Spider-man,Peni Parker,-0.015075811119787362,-0.024156430432878424
opposing,Spider-man,Star-lord,-0.014958377174681455,-0.017239383081148474
opposing,Spider-man,Blade,-0.01317763655081834,-0.017701494474930378
opposing,Spider-man,Namor,-0.059773013366955556,-0.061023995135663665
opposing,Spider-man,Adam Warlock,-0.008006090701942371,-0.005372899190379897
opposing,Spider-man,Jeff The Land Shark,-0.011541888122422678,-0.010972918271356467
opposing,Spider-man,Psylocke,-0.004584189383753266,-0.004674924233418773
opposing,Spider-man,Wolverine,0.01081342132699779,0.012188086196465291
opposing,Spider-man,Invisible Woman,0.03693459312616892,0.04760221705709639
opposing,Spider-man,The Thing,0.0023866309181484087,-0.003773071820671271
opposing,Spider-man,Iron Fist,-0.01877783714804063,-0.023652755936063485
opposing,Spider-man,Emma Frost,0.02150977089369894,0.02273084432486891
opposing,Spider-man,Phoenix,-0.027129072013066947,-0.0280952539278408
opposing,Spider-man,Daredevil,-0.026909464091747336,-0.031452989553437866
opposing,Spider-man,Angela,0.0045105165256671825,0.005723904098775559
opposing,Spider-man,Gambit,-0.04058392097989318,-0.04186782684128376
opposing,Spider-man,Elsa Bloodstone,-0.03367308108622069,-0.03499190365011698
opposing,Spider-man,White Fox,-0.012382533251392887,-0.013546540854929956
opposing,Spider-man,Black Cat,0.007242088363220346,0.007989413423430528
opposing,Spider-man,Devil Dinosaur,-0.013314748808616382,-0.018749355907231088
opposing,Spider-man,Cyclops,0.014218996718595934,0.018670834247973386
opposing,Spider-man,Jubilee,0.0025857356688476496,0.00038242249544420486
opposing,Spider-man,Rogue,0.02073849197825898,0.021630811298029767
opposing,Spider-man,The Hood,0.03121574175874349,0.034305154840863376
opposing,Spider-man,Deadpool (Vanguard),0.019902504215889086,0.020301175078008427
opposing,Spider-man,Deadpool (Duelist),0.002940266320274957,0.0020348812909370736
opposing,Spider-man,Deadpool (Strategist),-0.018625866744336004,-0.021444653424801074
opposing,Magneto,Scarlet Witch,0.0425334252763015,0.038095047112829974
opposing,Magneto,Thor,-0.017097668941986752,-0.001117163736234255
opposing,Magneto,Mister Fantastic,-0.033977449573406884,-0.045845735063768905
opposing,Magneto,Winter Soldier,0.01684463422314311,0.006400444872993109
opposing,Magneto,Peni Parker,0.0017346079330013068,0.029981393696246413
opposing,Magneto,Star-lord,0.015146483086504027,0.006307976785445713
opposing,Magneto,Blade,-0.017549725095788168,-0.02443275010691902
opposing,Magneto,Namor,0.033199868955717575,0.021751239055602563
opposing,Magneto,Adam Warlock,-0.006419611979133417,-0.017496789150779662
opposing,Magneto,Jeff The Land Shark,0.023233870229931487,0.019379249894364306
opposing,Magneto,Psylocke,0.016744379058833584,0.008535945467423181
opposing,Magneto,Wolverine,-0.02293408571419803,-0.02968009138428471
opposing,Magneto,Invisible Woman,-0.001248280251982467,-0.013161745041826559
opposing,Magneto,The Thing,-0.024392093256350375,0.005678888621470018
opposing,Magneto,Iron Fist,-0.01571208329075844,-0.019121192945607234
opposing,Magneto,Emma Frost,-0.029643757822091783,-0.014285066968579993
opposing,Magneto,Phoenix,0.041617153860766934,0.03500369444454391
opposing,Magneto,Daredevil,-0.029620555433694813,-0.03789941673918379
opposing,Magneto,Angela,-0.04313309058357309,-0.030599740077588276
opposing,Magneto,Gambit,0.01297233081357211,0.010876283298411669
opposing,Magneto,Elsa Bloodstone,0.045152295760326144,0.03837740311707829
opposing,Magneto,White Fox,-0.00295124690669277,-0.0019232866928368677
opposing,Magneto,Black Cat,-0.025722726869383972,-0.036500049828312446
opposing,Magneto,Devil Dinosaur,-0.03473770603639705,-0.014086598119957636
opposing,Magneto,Cyclops,0.009472956658074683,0.0014633930441864905
opposing,Magneto,Jubilee,0.025069090586585043,0.035577571499741084
opposing,Magneto,Rogue,-0.022459564302789503,-0.005119020765607455
opposing,Magneto,The Hood,-0.02652240126593871,-0.010609997306511361
opposing,Magneto,Deadpool (Vanguard),0.007096153537270264,0.028766505048918388
opposing,Magneto,Deadpool (Duelist),-0.009107148349788817,-0.022617345746012287
opposing,Magneto,Deadpool (Strategist),0.003949894532843825,0.0030996852509818755
opposing,Scarlet Witch,Thor,0.008014180361282904,0.011669729691460897
opposing,Scarlet Witch,Mister Fantastic,0.009233982969751597,0.008336385024982674
opposing,Scarlet Witch,Winter Soldier,-0.01263154416229342,-0.015048625376342061
opposing,Scarlet Witch,Peni Parker,0.00897302909369849,0.0034922118445872108
opposing,Scarlet Witch,Star-lord,0.02141438226528743,0.020845602914612075
opposing,Scarlet Witch,Blade,0.011350359705027922,0.007591147281977737
opposing,Scarlet Witch,Namor,-0.013499846709990777,-0.012246569345547548
opposing,Scarlet Witch,Adam Warlock,0.011284228645329308,0.01788015424858032
opposing,Scarlet Witch,Jeff The Land Shark,-0.008164501763589582,-0.00562191444438966
opposing,Scarlet Witch,Psylocke,0.0074926542548011885,0.00717047269681419
opposing,Scarlet Witch,Wolverine,0.009035604435021855,0.009070449753725432
opposing,Scarlet Witch,Invisible Woman,-0.035599341966428305,-0.03244701574879592
opposing,Scarlet Witch,The Thing,0.004592940774086325,-0.0004272449135543029
opposing,Scarlet Witch,Iron Fist,0.024511085975551062,0.021901686838009696
opposing,Scarlet Witch,Emma Frost,0.0038921627079723277,0.004019839344969025
opposing,Scarlet Witch,Phoenix,0.012674936576208122,0.013695481149170427
opposing,Scarlet Witch,Daredevil,0.015775665987526007,0.013449356732771499
opposing,Scarlet Witch,Angela,-0.023537338147810886,-0.02459218282491372
opposing,Scarlet Witch,Gambit,0.014728344906559904,0.021909916454255534
opposing,Scarlet Witch,Elsa Bloodstone,0.007466805618591298,0.008241579791674117
opposing,Scarlet Witch,White Fox,0.031030606758087713,0.03684468582901529
opposing,Scarlet Witch,Black Cat,0.0136963843933134,0.013762458936525179
opposing,Scarlet Witch,Devil Dinosaur,0.004209824902364814,0.0016401436957444726
opposing,Scarlet Witch,Cyclops,-0.018558383250424308,-0.017926330317974325
opposing,Scarlet Witch,Jubilee,0.041237549890378755,0.04541715766794627
opposing,Scarlet Witch,Rogue,0.009541744195518622,0.010063895502771182
opposing,Scarlet Witch,The Hood,0.022942389280113572,0.02599091788671669
opposing,Scarlet Witch,Deadpool (Vanguard),0.01551694595709181,0.016312643231093105
opposing,Scarlet Witch,Deadpool (Duelist),0.010652390566501203,0.00916638127745557
opposing,Scarlet Witch,Deadpool (Strategist),-0.02143098244923617,-0.023048964419534187
opposing,Thor,Mister Fantastic,-0.018262650123017345,-0.021884484228967886
opposing,Thor,Winter Soldier,-0.022497922647305546,-0.03089717602280881
opposing,Thor,Peni Parker,-0.045131776031995675,-0.042706118998654403
opposing,Thor,Star-lord,0.007242741222956154,0.003990356103365817
opposing,Thor,Blade,0.02411136581000587,0.028397314023043598
opposing,Thor,Namor,-0.006942071976844508,-0.016435806414803585
opposing,Thor,Adam Warlock,-0.021756941035341485,-0.027729242180773935
opposing,Thor,Jeff The Land Shark,0.022928634294529304,0.02659476209387686
opposing,Thor,Psylocke,0.011281133716424861,0.008933712398149204
opposing,Thor,Wolverine,0.026117316414496636,0.03137270913379536
opposing,Thor,Invisible Woman,0.011886988442643577,0.00965435288896876
opposing,Thor,The Thing,-0.026662862889124752,-0.015552145997789334
opposing,Thor,Iron Fist,-0.026687013442359978,-0.024855932464669914
opposing,Thor,Emma Frost,-0.006823018666449487,-0.006564360678127801
opposing,Thor,Phoenix,-0.027861971791969895,-0.035824998860122595
opposing,Thor,Daredevil,-0.001804792997549841,-0.0004741823625395052
opposing,Thor,Angela,0.022968195813975318,0.027060059184294043
opposing,Thor,Gambit,-0.013743965189927128,-0.012563899223974143
opposing,Thor,Elsa Bloodstone,-0.0018545787680003924,-0.007447823963999841
opposing,Thor,White Fox,-0.01493988898866787,-0.008268870913453592
opposing,Thor,Black Cat,0.027453858853853517,0.029142584084794667
opposing,Thor,Devil Dinosaur,0.012892864636469572,0.022260836844214933
opposing,Thor,Cyclops,0.0011076240534906069,-0.0013678107426177543
opposing,Thor,Jubilee,-0.019918743451705637,-0.009070646241599084
opposing,Thor,Rogue,0.017938628159335324,0.022883362416939966
opposing,Thor,The Hood,-0.00034212180218653603,0.0009871016471445354
opposing,Thor,Deadpool (Vanguard),-0.014850547432614986,-0.015167527267007359
opposing,Thor,Deadpool (Duelist),0.01109858207731865,0.006340682686510597
opposing,Thor,Deadpool (Strategist),0.0005354257813374209,0.006706266503230602
opposing,Mister Fantastic,Winter Soldier,0.006949298102909376,0.007735000852426009
opposing,Mister Fantastic,Peni Parker,-0.0044467102517091244,-0.012627167377225947
opposing,Mister Fantastic,Star-lord,0.03835960926897384,0.040782764660942446
opposing,Mister Fantastic,Blade,0.012345920163839135,0.010302669159842896
opposing,Mister Fantastic,Namor,-0.005472066424759595,-0.0019402500551488199
opposing,Mister Fantastic,Adam Warlock,0.0002997757343181299,0.0033686252005013743
opposing,Mister Fantastic,Jeff The Land Shark,-0.022636845709987013,-0.024057320907278138
opposing,Mister Fantastic,Psylocke,0.016539737306607755,0.018577638975114334
opposing,Mister Fantastic,Wolverine,-0.013771630527781608,-0.013925047423753256
opposing,Mister Fantastic,Invisible Woman,0.012651746062823299,0.019681438760920773
opposing,Mister Fantastic,The Thing,-0.03677042489371379,-0.04763774682923824
opposing,Mister Fantastic,Iron Fist,-0.01178742084944508,-0.015664383950637087
opposing,Mister Fantastic,Emma Frost,-0.009678940535716381,-0.01226795300542612
opposing,Mister Fantastic,Phoenix,-0.004506399826474587,-0.0032240455833778487
opposing,Mister Fantastic,Daredevil,0.007632250056946605,0.006290784110094796
opposing,Mister Fantastic,Angela,0.003731900211567947,0.004560514795137164
opposing,Mister Fantastic,Gambit,-0.0116412630903672,-0.00990991206547882
opposing,Mister Fantastic,Elsa Bloodstone,-0.006692582626455742,-0.005414242930627635
opposing,Mister Fantastic,White Fox,0.007357267874972893,0.008058160062319753
opposing,Mister Fantastic,Black Cat,0.04705179619207403,0.05142262026153571
opposing,Mister Fantastic,Devil Dinosaur,-0.03432829277986166,-0.042426881752474284
opposing,Mister Fantastic,Cyclops,-0.028423750817116823,-0.02694461070765319
opposing,Mister Fantastic,Jubilee,0.005114836925417516,0.002625086059173512
opposing,Mister Fantastic,Rogue,-0.006784130956427133,-0.009288958998294575
opposing,Mister Fantastic,The Hood,0.02863132807555554,0.031132567915024632
opposing,Mister Fantastic,Deadpool (Vanguard),0.008329109121240524,0.007127111581725866
opposing,Mister Fantastic,Deadpool (Duelist),0.030409139715043294,0.03213998694023008
opposing,Mister Fantastic,Deadpool (Strategist),0.019991540766165765,0.02139735467460162
opposing,Winter Soldier,Peni Parker,0.034095237913371636,0.03455641352244187
opposing,Winter Soldier,Star-lord,0.0012603218730334732,0.0004857753720429688
opposing,Winter Soldier,Blade,0.01000223577048756,0.007541731113739313
opposing,Winter Soldier,Namor,-0.009623926632197511,-0.006654017980465652
opposing,Winter Soldier,Adam Warlock,0.028934886069946434,0.031063101308035926
opposing,Winter Soldier,Jeff The Land Shark,-0.010876548847124683,-0.015347009956605305
opposing,Winter Soldier,Psylocke,-0.01781321469518031,-0.018753308088100662
opposing,Winter Soldier,Wolverine,-0.010482993456281287,-0.010603078287816791
opposing,Winter Soldier,Invisible Woman,-0.04978033342610744,-0.0550746736841736
opposing,Winter Soldier,The Thing,0.006268328929750602,0.004549148058466308
opposing,Winter Soldier,Iron Fist,-0.005569089241210915,-0.009178344715028071
opposing,Winter Soldier,Emma Frost,-0.018315601995538368,-0.017577055891707796
opposing,Winter Soldier,Phoenix,-0.006089797961253399,-0.005163874470222848
opposing,Winter Soldier,Daredevil,-0.006737770506714738,-0.009458596999943338
opposing,Winter Soldier,Angela,0.024826767395812185,0.03233182152656654
opposing,Winter Soldier,Gambit,0.020962219308869323,0.02224898261361498
opposing,Winter Soldier,Elsa Bloodstone,-0.016544978368485536,-0.016284589233303694
opposing,Winter Soldier,White Fox,0.014444763991694316,0.011511570173584063
opposing,Winter Soldier,Black Cat,0.0042147362360687385,0.0049288366077661116
opposing,Winter Soldier,Devil Dinosaur,-0.00898902588168384,-0.009933097317355076
opposing,Winter Soldier,Cyclops,0.019066496685231492,0.024115097693599107
opposing,Winter Soldier,Jubilee,0.005142039333591957,-0.0018643342516775335
opposing,Winter Soldier,Rogue,0.008579264379342286,0.012105298011617485
opposing,Winter Soldier,The Hood,-0.0405486275157678,-0.04153926607910882
opposing,Winter Soldier,Deadpool (Vanguard),-0.01233676337954978,-0.01156614095178704
opposing,Winter Soldier,Deadpool (Duelist),-0.006509358634903455,-0.007961750178996294
opposing,Winter Soldier,Deadpool (Strategist),-0.03114917544741621,-0.04065597408572539
opposing,Peni Parker,Star-lord,-0.010164582220319532,-0.006133313571459233
opposing,Peni Parker,Blade,0.029987581042565634,0.04417977941336513
opposing,Peni Parker,Namor,-0.004363330292549395,-0.004322233296589697
opposing,Peni Parker,Adam Warlock,0.007024916411922329,-0.003476454253467233
opposing,Peni Parker,Jeff The Land Shark,-0.0005881653987403123,-0.009856248445507025
opposing,Peni Parker,Psylocke,0.005028144200927807,0.011220771406704227
opposing,Peni Parker,Wolverine,-0.019599779822871893,-0.010249471479512107
opposing,Peni Parker,Invisible Woman,-0.024791738035915084,-0.04207389409762562
opposing,Peni Parker,The Thing,0.02930983074789246,0.03966272408358223
opposing,Peni Parker,Iron Fist,-0.0028473691656249927,0.010913315241286138
opposing,Peni Parker,Emma Frost,0.008066667862627361,0.0012470396633125745
opposing,Peni Parker,Phoenix,-0.009543603143439092,-0.006198928707525595
opposing,Peni Parker,Daredevil,0.019037012983333802,0.03195955844830723
opposing,Peni Parker,Angela,-0.0017018432419701104,-0.010774377687752823
opposing,Peni Parker,Gambit,0.02973636928421517,0.028749620966673654
opposing,Peni Parker,Elsa Bloodstone,-0.0021124921082146266,0.001509580789031945
opposing,Peni Parker,White Fox,0.00946638386129204,0.010905113463411078
opposing,Peni Parker,Black Cat,0.012266525722416257,0.02148895857561402
opposing,Peni Parker,Devil Dinosaur,-0.012845279590120268,-0.016806029070883178
opposing,Peni Parker,Cyclops,-0.02641947413570076,-0.022751119901222614
opposing,Peni Parker,Jubilee,-0.03996374802792155,-0.04149189459154564
opposing,Peni Parker,Rogue,-0.007935494349256163,-0.016340401515852355
opposing,Peni Parker,The Hood,-0.026529166894054164,-0.03859772680481256
opposing,Peni Parker,Deadpool (Vanguard),0.011169629691400717,0.005486746837824001
opposing,Peni Parker,Deadpool (Duelist),0.004440822777106438,0.008177379709324853
opposing,Peni Parker,Deadpool (Strategist),-0.0005532312256472101,-0.0037120784181439246
opposing,Star-lord,Blade,0.03164196778221565,0.03178801393723884
opposing,Star-lord,Namor,-0.03343801931222317,-0.03149786582406018
opposing,Star-lord,Adam Warlock,0.01882152729845077,0.01988818986048529
opposing,Star-lord,Jeff The Land Shark,0.01569120757816643,0.014744333192229184
opposing,Star-lord,Psylocke,-0.004525392742740352,-0.0035270881286323247
opposing,Star-lord,Wolverine,0.009889903382957805,0.012275022549394608
opposing,Star-lord,Invisible Woman,-0.017865728799130173,-0.018968126308442183
opposing,Star-lord,The Thing,0.004633273591488538,0.0009329660846539123
opposing,Star-lord,Iron Fist,-0.027904260961190048,-0.03242495792177236
opposing,Star-lord,Emma Frost,-0.004760792109490783,-0.004292426283527312
opposing,Star-lord,Phoenix,-0.032239870954633855,-0.032530581052240555
opposing,Star-lord,Daredevil,-0.009879223422188006,-0.011975993897821285
opposing,Star-lord,Angela,-0.03358159157474848,-0.03445245926889677
opposing,Star-lord,Gambit,0.012543255235189567,0.012980265201107238
opposing,Star-lord,Elsa Bloodstone,-0.011783265346107248,-0.010266566918301964
opposing,Star-lord,White Fox,0.012564789092413224,0.00959921558227482
opposing,Star-lord,Black Cat,0.00897234905469904,0.010942430702720019
opposing,Star-lord,Devil Dinosaur,-0.004180173486107286,-0.006379546785110765
opposing,Star-lord,Cyclops,0.0036675535749149343,0.008359611385290407
opposing,Star-lord,Jubilee,-0.03019683278298785,-0.04141794821244783
opposing,Star-lord,Rogue,-0.006022837768841718,-0.005938504725981685
opposing,Star-lord,The Hood,0.010531540658899323,0.013497479207343399
opposing,Star-lord,Deadpool (Vanguard),-0.007061642981098548,-0.00749380321854206
opposing,Star-lord,Deadpool (Duelist),0.01819905922945138,0.019598713365340113
opposing,Star-lord,Deadpool (Strategist),-0.013083701864399354,-0.02012969913444944
opposing,Blade,Namor,-0.008680855897531444,-0.0023748180686390488
opposing,Blade,Adam Warlock,0.0008892308812611051,0.001131839145661595
opposing,Blade,Jeff The Land Shark,0.020285448285670735,0.021330336742686203
opposing,Blade,Psylocke,0.022567659535264562,0.028118719599167053
opposing,Blade,Wolverine,0.0105538462364307,0.015377392098699405
opposing,Blade,Invisible Woman,-0.017465279336892688,-0.017100137908910334
opposing,Blade,The Thing,-0.0008183920446773715,-0.010771056738573481
opposing,Blade,Iron Fist,0.001594197519610296,0.0018186885050460884
opposing,Blade,Emma Frost,0.03192090313835751,0.03088270242628308
opposing,Blade,Phoenix,-0.0200791559605637,-0.01701169759109072
opposing,Blade,Daredevil,0.005363084034973419,0.006871009423467123
opposing,Blade,Angela,0.0029436990576642975,0.0005486478220911336
opposing,Blade,Gambit,-0.01692002118754711,-0.018748438019956844
opposing,Blade,Elsa Bloodstone,0.0009891545883477639,0.005912957878463519
opposing,Blade,White Fox,-0.011931617382100397,-0.016541758947038323
opposing,Blade,Black Cat,-0.011088106756317032,-0.008337550305623269
opposing,Blade,Devil Dinosaur,0.0075103933721892635,0.0009895187440170528
opposing,Blade,Cyclops,0.009442676537597415,0.016982055452541556
opposing,Blade,Jubilee,-0.014938639162646946,-0.022834997635049637
opposing,Blade,Rogue,0.008624243061072635,0.0047200887111274814
opposing,Blade,The Hood,0.014293973033323831,0.012045406093701505
opposing,Blade,Deadpool (Vanguard),-0.0021356129037801356,-0.00765121405286519
opposing,Blade,Deadpool (Duelist),0.007065459856573673,0.009959737310186255
opposing,Blade,Deadpool (Strategist),-0.008574285012422715,-0.013639122421461041
opposing,Namor,Adam Warlock,-0.012784610535462577,-0.011101462521014419
opposing,Namor,Jeff The Land Shark,0.011855687920026616,0.014996626258474697
opposing,Namor,Psylocke,-0.010037836331429633,-0.01409572223755759
opposing,Namor,Wolverine,-0.010532833413650668,-0.014396728224083383
opposing,Namor,Invisible Woman,-0.02423673989662338,-0.021568261111469235
opposing,Namor,The Thing,0.010726431131009774,0.012356050189600327
opposing,Namor,Iron Fist,0.014657364834085862,0.008926402903984788
opposing,Namor,Emma Frost,-0.023144754712118205,-0.020103500578499047
opposing,Namor,Phoenix,0.005297876415972892,0.0033949910748738875
opposing,Namor,Daredevil,0.028842581559152064,0.02522836044888515
opposing,Namor,Angela,-0.003372210147913762,0.003803236578802278
opposing,Namor,Gambit,0.04439207321779218,0.05337743811318798
opposing,Namor,Elsa Bloodstone,0.00875014715824461,0.007294323553257202
opposing,Namor,White Fox,0.02026583702523221,0.022830147188348988
opposing,Namor,Black Cat,0.025345907324327028,0.024010678600777408
opposing,Namor,Devil Dinosaur,-0.020467150134609077,-0.01985743615859657
opposing,Namor,Cyclops,0.022677675150818522,0.024275347654125444
opposing,Namor,Jubilee,-0.008661777113595979,-0.012623757902729169
opposing,Namor,Rogue,0.016907874159410988,0.02421867148730606
opposing,Namor,The Hood,-0.03259196820346989,-0.029839738590912473
opposing,Namor,Deadpool (Vanguard),0.0232436037829411,0.030868555985113028
opposing,Namor,Deadpool (Duelist),0.0027892235094892624,-0.001659104245359817
opposing,Namor,Deadpool (Strategist),0.02208090968913017,0.02399774154492408
opposing,Adam Warlock,Jeff The Land Shark,0.029539872544544665,0.035563874055158186
opposing,Adam Warlock,Psylocke,-0.004074642915709468,-0.006766084526302691
opposing,Adam Warlock,Wolverine,-0.00034771266989147814,-0.00999897598402139
opposing,Adam Warlock,Invisible Woman,0.023937159976726043,0.024975147321758595
opposing,Adam Warlock,The Thing,-0.005542215217121654,-0.0036523913091281
opposing,Adam Warlock,Iron Fist,0.01335903702328861,0.010876287167499605
opposing,Adam Warlock,Emma Frost,-0.01098267312720712,-0.005152964324469737
opposing,Adam Warlock,Phoenix,0.017852093465051646,0.017301225549733887
opposing,Adam Warlock,Daredevil,0.00497048425458893,0.003168472651232221
opposing,Adam Warlock,Angela,0.006276628355670602,0.01161878208820643
opposing,Adam Warlock,Gambit,0.011103610495493393,0.0058941387858258195
opposing,Adam Warlock,Elsa Bloodstone,-0.0034443997168541983,-0.00637412908527459
opposing,Adam Warlock,White Fox,-0.017770511785589034,-0.027476845112521135
opposing,Adam Warlock,Black Cat,0.019651000644994483,0.017575434177855075
opposing,Adam Warlock,Devil Dinosaur,-0.007415580509946168,-0.0021434066357045975
opposing,Adam Warlock,Cyclops,-0.03349492951991731,-0.04762474444506325
opposing,Adam Warlock,Jubilee,-0.03185521533856679,-0.04361997406307687
opposing,Adam Warlock,Rogue,-0.027348555709861208,-0.024642479266957302
opposing,Adam Warlock,The Hood,-0.011946600694234909,-0.008036476598388218
opposing,Adam Warlock,Deadpool (Vanguard),-0.01301745499779741,-0.006890478318378085
opposing,Adam Warlock,Deadpool (Duelist),0.013602916676325703,0.018974179247092025
opposing,Adam Warlock,Deadpool (Strategist),-0.020592168558363707,-0.025394297103248954
opposing,Jeff The Land Shark,Psylocke,-0.015198142424175186,-0.0176577744903904
opposing,Jeff The Land Shark,Wolverine,0.006212284690361409,-0.0009967319708006686
opposing,Jeff The Land Shark,Invisible Woman,0.013238175852703005,0.011677777763580515
opposing,Jeff The Land Shark,The Thing,-0.011281011921384556,-0.012770313250484028
opposing,Jeff The Land Shark,Iron Fist,-0.008233711498308321,-0.01179330793636072
opposing,Jeff The Land Shark,Emma Frost,0.004289366014001276,0.010116691054810664
opposing,Jeff The Land Shark,Phoenix,0.00206649237859232,0.0011646713104033707
opposing,Jeff The Land Shark,Daredevil,0.01388869972450106,0.014823712037819594
opposing,Jeff The Land Shark,Angela,0.00897465261517121,0.012293598765504577
opposing,Jeff The Land Shark,Gambit,-0.03297216950049534,-0.04684853498467536
opposing,Jeff The Land Shark,Elsa Bloodstone,0.005215121216429183,0.00499007894760544
opposing,Jeff The Land Shark,White Fox,0.01985474049595056,0.01633624653587481
opposing,Jeff The Land Shark,Black Cat,-0.013312413780139245,-0.01788616006748414
opposing,Jeff The Land Shark,Devil Dinosaur,-0.011645114530597984,-0.009509505819297657
opposing,Jeff The Land Shark,Cyclops,0.013512798277674449,0.006881196310163717
opposing,Jeff The Land Shark,Jubilee,0.04106564176092144,0.041906105097440194
opposing,Jeff The Land Shark,Rogue,0.0020608736087146208,0.007036646853910301
opposing,Jeff The Land Shark,The Hood,-0.010289181501389737,-0.008569505087743703
opposing,Jeff The Land Shark,Deadpool (Vanguard),0.006883777768469119,0.01375234823284479
opposing,Jeff The Land Shark,Deadpool (Duelist),-0.002399990590103984,0.0025931555552948524
opposing,Jeff The Land Shark,Deadpool (Strategist),-0.03039962322955765,-0.03763804094444719
opposing,Psylocke,Wolverine,0.022921032092772055,0.024988305522466742
opposing,Psylocke,Invisible Woman,0.004464035582355447,0.009620998217130505
opposing,Psylocke,The Thing,0.03093412623908689,0.029746187488035796
opposing,Psylocke,Iron Fist,-0.017681820951594925,-0.022745058744936878
opposing,Psylocke,Emma Frost,0.009666970831572513,0.011310351902418593
opposing,Psylocke,Phoenix,0.004829029978443484,0.00614349592195571
opposing,Psylocke,Daredevil,0.015538858880339628,0.014115198955381304
opposing,Psylocke,Angela,-0.007999735592095854,-0.006439220418545161
opposing,Psylocke,Gambit,0.012740375915627763,0.016670165563001573
opposing,Psylocke,Elsa Bloodstone,-0.027789928252845292,-0.028914098891106306
opposing,Psylocke,White Fox,-0.008079016882736854,-0.01015692654336765
opposing,Psylocke,Black Cat,-0.04408527945964671,-0.04772014412630064
opposing,Psylocke,Devil Dinosaur,-0.00423144051592541,-0.006886678319513697
opposing,Psylocke,Cyclops,-0.010777056535081053,-0.008600903567032515
opposing,Psylocke,Jubilee,-0.02280900993374766,-0.02963850791065125
opposing,Psylocke,Rogue,0.004320058744658398,0.005119298451274415
opposing,Psylocke,The Hood,-0.012833630525900846,-0.012949573158839003
opposing,Psylocke,Deadpool (Vanguard),-0.008079191372570568,-0.00907605549874122
opposing,Psylocke,Deadpool (Duelist),-0.006755902863390362,-0.008712981728456227
opposing,Psylocke,Deadpool (Strategist),0.014330461563945423,0.0141793743188398
opposing,Wolverine,Invisible Woman,-0.00958889627285183,0.001237137864286257
opposing,Wolverine,The Thing,-0.020608243163071638,-0.033533484014520075
opposing,Wolverine,Iron Fist,0.01806814980106858,0.01563131880566679
opposing,Wolverine,Emma Frost,0.02723811341844714,0.02492895610194631
opposing,Wolverine,Phoenix,0.01027390386546944,0.01179036885767082
opposing,Wolverine,Daredevil,0.012186153403483125,0.010260686178103356
opposing,Wolverine,Angela,0.0034657891140741155,0.00038604520492380634
opposing,Wolverine,Gambit,-0.029092288836258005,-0.022965894298605974
opposing,Wolverine,Elsa Bloodstone,0.013260567050845171,0.015186845174606469
opposing,Wolverine,White Fox,-0.036765624797332384,-0.03500367246302368
opposing,Wolverine,Black Cat,0.018634753661501986,0.019783900782267022
opposing,Wolverine,Devil Dinosaur,0.027598168244532775,0.02259642807864408
opposing,Wolverine,Cyclops,0.02419211340783027,0.028932209109038792
opposing,Wolverine,Jubilee,-0.021732202539819844,-0.02100141160821852
opposing,Wolverine,Rogue,-0.021510932883098258,-0.029552933494598057
opposing,Wolverine,The Hood,0.030200087874500136,0.028999644239804584
opposing,Wolverine,Deadpool (Vanguard),-0.023268205733026962,-0.03190762592467796
opposing,Wolverine,Deadpool (Duelist),-0.01740962861860766,-0.020452596406363835
opposing,Wolverine,Deadpool (Strategist),-0.011720365036471826,-0.007702117622365666
opposing,Invisible Woman,The Thing,-0.0051274802117139235,-0.0015036079606470202
opposing,Invisible Woman,Iron Fist,-0.035549633203505994,-0.046562813778495415
opposing,Invisible Woman,Emma Frost,0.0038196781705365566,0.013695730791901282
opposing,Invisible Woman,Phoenix,-3.366623663978254e-05,-0.005237101055520055
opposing,Invisible Woman,Daredevil,-0.04445530085005038,-0.05485238253233808
opposing,Invisible Woman,Angela,0.007516266673378576,0.014725042495607436
opposing,Invisible Woman,Gambit,-9.340712220229911e-05,-0.004024476657078725
opposing,Invisible Woman,Elsa Bloodstone,0.027076272109639185,0.025544779778679378
opposing,Invisible Woman,White Fox,0.01142384051932417,0.010339794807657565
opposing,Invisible Woman,Black Cat,-0.025388643076928334,-0.035511011950159176
opposing,Invisible Woman,Devil Dinosaur,0.0037022216748855965,0.012428579688893668
opposing,Invisible Woman,Cyclops,0.031607575354207246,0.0231987265974758
opposing,Invisible Woman,Jubilee,0.015177902233914305,0.01527884299150025
opposing,Invisible Woman,Rogue,-0.013038833705895782,-0.006365586009436037
opposing,Invisible Woman,The Hood,-0.011718336458411643,-0.006104132536031961
opposing,Invisible Woman,Deadpool (Vanguard),-0.01771243424893616,-0.010672613303388458
opposing,Invisible Woman,Deadpool (Duelist),-0.0511485233782339,-0.05628803775513862
opposing,Invisible Woman,Deadpool (Strategist),-0.01394580475117548,-0.014225279953108867
opposing,The Thing,Iron Fist,0.009179908438785096,0.023341320516853906
opposing,The Thing,Emma Frost,-9.458785750458072e-05,-0.014013482465161367
opposing,The Thing,Phoenix,-0.032195587917716366,-0.032356366463189644
opposing,The Thing,Daredevil,-0.005190475096618979,0.004049156849789938
opposing,The Thing,Angela,0.03337590294434481,0.02385625622967346
opposing,The Thing,Gambit,0.023613896604544396,0.030493017484330483
opposing,The Thing,Elsa Bloodstone,-0.0006856537220565331,0.002143141330006152
opposing,The Thing,White Fox,-0.003025583690296709,0.005255346290448829
opposing,The Thing,Black Cat,0.03237263508320673,0.04290577390979184
opposing,The Thing,Devil Dinosaur,-0.030029228778111188,-0.042477351354579015
opposing,The Thing,Cyclops,-0.02530039429865812,-0.02245998302066533
opposing,The Thing,Jubilee,-0.00033659425636839804,0.01335374691413896
opposing,The Thing,Rogue,0.05609776778546335,0.05170044311127153
opposing,The Thing,The Hood,0.019754571235879093,0.008962897816788728
opposing,The Thing,Deadpool (Vanguard),0.0217266482351816,0.011824233475403323
opposing,The Thing,Deadpool (Duelist),0.05785290626076291,0.06665166625163654
opposing,The Thing,Deadpool (Strategist),0.011889361443711942,0.019580054665351208
opposing,Iron Fist,Emma Frost,-0.01414700614052982,-0.02364110288588675
opposing,Iron Fist,Phoenix,-0.0003294115531579368,0.004221071185040533
opposing,Iron Fist,Daredevil,0.0058581423265501005,0.007308717194502971
opposing,Iron Fist,Angela,0.021929797721099296,0.018406362335856862
opposing,Iron Fist,Gambit,-0.039188230217426415,-0.03977899809911383
opposing,Iron Fist,Elsa Bloodstone,0.005646498866098103,0.010845934514566917
opposing,Iron Fist,White Fox,-0.03251327114554054,-0.035674944351451264
opposing,Iron Fist,Black Cat,-0.009786884501298094,-0.007029185454069785
opposing,Iron Fist,Devil Dinosaur,0.026373623358476424,0.01871052497689027
opposing,Iron Fist,Cyclops,-0.014806486860761855,-0.009303996201553423
opposing,Iron Fist,Jubilee,-0.044319472362986986,-0.05186725990597495
opposing,Iron Fist,Rogue,-0.007320847186292546,-0.016287942678606993
opposing,Iron Fist,The Hood,0.035135076769600156,0.03196706855939233
opposing,Iron Fist,Deadpool (Vanguard),0.008898176001069987,0.0013584635042332984
opposing,Iron Fist,Deadpool (Duelist),-0.014769521790355369,-0.013718998052364074
opposing,Iron Fist,Deadpool (Strategist),0.007201999794941362,0.008130373066280772
opposing,Emma Frost,Phoenix,0.022890120343021934,0.023707254577250887
opposing,Emma Frost,Daredevil,-2.9076939792846467e-05,0.004565125164723797
opposing,Emma Frost,Angela,-0.013002080219310612,-0.015752458637272867
opposing,Emma Frost,Gambit,-0.0038384638323269177,-0.0061855736530455705
opposing,Emma Frost,Elsa Bloodstone,-0.0035796154496274338,-0.006303584731930315
opposing,Emma Frost,White Fox,-0.017293016155929902,-0.016119310594597265
opposing,Emma Frost,Black Cat,0.006041874553425617,0.0083823898399017
opposing,Emma Frost,Devil Dinosaur,-0.015608281403903834,-0.011933454062452909
opposing,Emma Frost,Cyclops,0.010216307305828053,0.011830430064329841
opposing,Emma Frost,Jubilee,0.006617728285306948,0.016611484234004565
opposing,Emma Frost,Rogue,-0.021489580405381195,-0.023919077556277625
opposing,Emma Frost,The Hood,0.01250097904931372,0.014497711000330918
opposing,Emma Frost,Deadpool (Vanguard),-0.002068137832298587,-0.0017269462805715834
opposing,Emma Frost,Deadpool (Duelist),-0.026946443381705855,-0.032926054605722
opposing,Emma Frost,Deadpool (Strategist),-0.008530234803715996,-0.00893550660927807
opposing,Phoenix,Daredevil,0.018224310850697676,0.01608734353813125
opposing,Phoenix,Angela,0.0033603031434577216,0.0074070126996148905
opposing,Phoenix,Gambit,-0.005680158453610402,-0.003452667250071688
opposing,Phoenix,Elsa Bloodstone,0.06642941577316182,0.07191464911174462
opposing,Phoenix,White Fox,0.002218221713097383,0.00202773522926554
opposing,Phoenix,Black Cat,-0.014332798188664432,-0.016515607898876534
opposing,Phoenix,Devil Dinosaur,0.00981176804959474,0.009944949801768506
opposing,Phoenix,Cyclops,-0.020766424802697775,-0.02031756484129532
opposing,Phoenix,Jubilee,-0.002241396015413555,-0.005899673900205706
opposing,Phoenix,Rogue,-0.019912005085650452,-0.02063557156016521
opposing,Phoenix,The Hood,-0.015138665440555896,-0.014307611547092394
opposing,Phoenix,Deadpool (Vanguard),-0.002193141229728524,-0.001320386611482735
opposing,Phoenix,Deadpool (Duelist),0.0015839078604135016,-0.0006341296919848012
opposing,Phoenix,Deadpool (Strategist),0.0222941609958029,0.023738804531999134
opposing,Daredevil,Angela,0.0012883412773279466,-0.001256955292590283
opposing,Daredevil,Gambit,-0.04426566568876878,-0.047220420352893755
opposing,Daredevil,Elsa Bloodstone,-0.022668178989963463,-0.020715841051808435
opposing,Daredevil,White Fox,-0.01831696616353439,-0.02143340859521409
opposing,Daredevil,Black Cat,0.050353475034663815,0.056940479362940215
opposing,Daredevil,Devil Dinosaur,0.019103414256145108,0.01392455672559481
opposing,Daredevil,Cyclops,-0.013749145285415843,-0.009143990782008593
opposing,Daredevil,Jubilee,0.0014267741884011987,-0.0021320398841829973
opposing,Daredevil,Rogue,-0.011714996285251265,-0.017873899112963162
opposing,Daredevil,The Hood,0.02640360723038309,0.02555524734947399
opposing,Daredevil,Deadpool (Vanguard),-0.00800987961692095,-0.014150932875749374
opposing,Daredevil,Deadpool (Duelist),0.026043560462360876,0.029377207298740608
opposing,Daredevil,Deadpool (Strategist),-0.013444685591861422,-0.016826455342392115
opposing,Angela,Gambit,-0.06653711989247081,-0.07569942805719139
opposing,Angela,Elsa Bloodstone,-0.003433464221848966,-0.008048036736063842
opposing,Angela,White Fox,0.030958454224371608,0.04314823176248818
opposing,Angela,Black Cat,-0.010456957246529841,-0.011881892181353364
opposing,Angela,Devil Dinosaur,-0.007088965987452353,-0.0013534163515559639
opposing,Angela,Cyclops,-0.023309073932113022,-0.02737822701842021
opposing,Angela,Jubilee,0.011436444116265827,0.02546600791774588
opposing,Angela,Rogue,-0.037808533261823055,-0.041998580160257606
opposing,Angela,The Hood,0.023178959185426475,0.02756851569545241
opposing,Angela,Deadpool (Vanguard),-0.004754022245011212,-0.004075985295633219
opposing,Angela,Deadpool (Duelist),-0.0026115904208997825,-0.00775725330799789
opposing,Angela,Deadpool (Strategist),-0.02616030902719243,-0.0261376142387206
opposing,Gambit,Elsa Bloodstone,0.0027889334189238114,0.00048323928068487167
opposing,Gambit,White Fox,-0.014708555885806097,-0.01662985997665674
opposing,Gambit,Black Cat,0.010708074398499301,0.0073595107387571974
opposing,Gambit,Devil Dinosaur,-0.03957020455580137,-0.04533030553944466
opposing,Gambit,Cyclops,-0.019756901066430837,-0.03232459384668176
opposing,Gambit,Jubilee,0.012458314095133687,0.015978870703780984
opposing,Gambit,Rogue,0.01682590707148375,0.020766883325159972
opposing,Gambit,The Hood,-0.018444527441207052,-0.021443280423067586
opposing,Gambit,Deadpool (Vanguard),-0.016478396511978133,-0.016772209997853126
opposing,Gambit,Deadpool (Duelist),0.03925609628617022,0.0476788748963763
opposing,Gambit,Deadpool (Strategist),-0.003174881912143895,0.0024180789147681073
opposing,Elsa Bloodstone,White Fox,0.012507424798915675,0.013319888506175518
opposing,Elsa Bloodstone,Black Cat,0.007679930055428264,0.007087258528013717
opposing,Elsa Bloodstone,Devil Dinosaur,-0.006900699218773612,-0.008090343415732098
opposing,Elsa Bloodstone,Cyclops,-0.012801727541668036,-0.011886571876113064
opposing,Elsa Bloodstone,Jubilee,0.005861097812450627,0.0029324314615058996
opposing,Elsa Bloodstone,Rogue,0.00438035642300445,0.006952639768197974
opposing,Elsa Bloodstone,The Hood,-0.015160226582856925,-0.01377197899245765
opposing,Elsa Bloodstone,Deadpool (Vanguard),0.007142763020992256,0.009626711559014185
opposing,Elsa Bloodstone,Deadpool (Duelist),-0.009629621882451703,-0.012915621891009081
opposing,Elsa Bloodstone,Deadpool (Strategist),0.023129967595417054,0.024395886761929463
opposing,White Fox,Black Cat,0.0026283787342213302,0.0016751283246535106
opposing,White Fox,Devil Dinosaur,0.013939640069905085,0.011096181395619995
opposing,White Fox,Cyclops,-0.006200980075547879,-0.013668907523729401
opposing,White Fox,Jubilee,-0.0027436195049153796,-0.002740029621027468
opposing,White Fox,Rogue,-0.004861918603190493,-0.010089639909860119
opposing,White Fox,The Hood,-0.01077764577533304,-0.018227375494951306
opposing,White Fox,Deadpool (Vanguard),0.01261404705872709,0.011312650712656526
opposing,White Fox,Deadpool (Duelist),0.011358954766238261,0.019699865894661883
opposing,White Fox,Deadpool (Strategist),0.011115444396603275,0.01855366757308248
opposing,Black Cat,Devil Dinosaur,0.01569980953721288,0.013075081730598018
opposing,Black Cat,Cyclops,-0.006894959384730604,-0.00430019633477183
opposing,Black Cat,Jubilee,-0.03348763180365532,-0.039302127212663185
opposing,Black Cat,Rogue,0.004784426057754436,0.0034214774307347222
opposing,Black Cat,The Hood,0.03483636728829057,0.03787535404299391
opposing,Black Cat,Deadpool (Vanguard),-0.008314300164195845,-0.011552139767665892
opposing,Black Cat,Deadpool (Duelist),-0.00014911798709730438,-0.001469611752177523
opposing,Black Cat,Deadpool (Strategist),-0.026736412322117053,-0.02967102850134631
opposing,Devil Dinosaur,Cyclops,0.009707732365048728,0.013997709058920685
opposing,Devil Dinosaur,Jubilee,-0.010977523321610552,-0.0026807579963262136
opposing,Devil Dinosaur,Rogue,-0.036366337754805654,-0.04716066820920351
opposing,Devil Dinosaur,The Hood,-0.026196042263606407,-0.03622879961047459
opposing,Devil Dinosaur,Deadpool (Vanguard),-0.000628481707300621,-0.006141906001471596
opposing,Devil Dinosaur,Deadpool (Duelist),0.03304764279494108,0.0365587456871041
opposing,Devil Dinosaur,Deadpool (Strategist),-0.0031922399715699932,-0.0016088020799815673
opposing,Cyclops,Jubilee,0.011785486079073105,0.017041137592798836
opposing,Cyclops,Rogue,-0.019331582721063934,-0.022214305350557302
opposing,Cyclops,The Hood,-0.030763834943961618,-0.03391729233346487
opposing,Cyclops,Deadpool (Vanguard),0.026588482803025216,0.028478590245399144
opposing,Cyclops,Deadpool (Duelist),0.021902055915789538,0.019199296262203045
opposing,Cyclops,Deadpool (Strategist),0.0219722592991181,0.03053723425993579
opposing,Jubilee,Rogue,0.0359329566475393,0.032284302403999335
opposing,Jubilee,The Hood,0.010704351437788005,0.0017298333823979938
opposing,Jubilee,Deadpool (Vanguard),0.013384625165545415,0.007229819555904454
opposing,Jubilee,Deadpool (Duelist),0.0037432585745200346,0.01404254686387532
opposing,Jubilee,Deadpool (Strategist),0.0011522998108886243,0.006276612359729004
opposing,Rogue,The Hood,0.01066362530784464,0.01150109531024284
opposing,Rogue,Deadpool (Vanguard),-0.009001065396655612,-0.010603070227838058
opposing,Rogue,Deadpool (Duelist),0.006244146664593112,0.004244915256276201
opposing,Rogue,Deadpool (Strategist),-0.008186573699213998,-0.008043213025359897
opposing,The Hood,Deadpool (Vanguard),-0.010479672851336561,-0.011506068015199716
opposing,The Hood,Deadpool (Duelist),-0.038895425574826274,-0.04699602333015254
opposing,The Hood,Deadpool (Strategist),-0.03025546654212037,-0.03238762567202192
opposing,Deadpool (Vanguard),Deadpool (Duelist),-0.002497147741767962,-0.005081490497153127
opposing,Deadpool (Vanguard),Deadpool (Strategist),0.011425053620247505,0.01360259534836704
opposing,Deadpool (Duelist),Deadpool (Strategist),0.04850813287118685,0.04677624530713125
